"review_status","globe_id","canonical_record_id","year","date_text","country","region","location","rejected_latitude","rejected_longitude","rejection_reason","source_record_ids","source_labels","reviewed_latitude","reviewed_longitude","review_notes"
"pending","incident:sharks_happen:0863",,"2000","2000-09-25","AUSTRALIA",,"Black Point","24.0962598","-76.4022591","unreviewed location-only geocode cache match","sharks_happen:0863","Hal / Sharks Happen Stats","","",""
"pending","incident:sharks_happen:0513",,"2014","2014-09-09","AUSTRALIA",,"Byron Bay","-28.6483333","153.6177778","unreviewed location-only geocode cache match","sharks_happen:0513","Hal / Sharks Happen Stats","","",""
"pending","incident:sharks_happen:0845",,"2000","2000-09-25","AUSTRALIA",,"Cactus Beach","35.3670152","24.4932942","unreviewed location-only geocode cache match","sharks_happen:0845","Hal / Sharks Happen Stats","","",""
"pending","incident:sharks_happen:0230",,"2012","2012-07-07","AUSTRALIA",,"Point Lonsdale","-38.2725073","144.6136725","unreviewed location-only geocode cache match","sharks_happen:0230","Hal / Sharks Happen Stats","","",""
"pending","incident:sharks_happen:0025",,"2011","2011-09-04","AUSTRALIA","Bunker Bay","The Farm","35.4877251","-87.3366845","unreviewed location-only geocode cache match","sharks_happen:0025","Hal / Sharks Happen Stats","","",""
"pending","incident:sharks_happen:0532",,"2000","2000-09-25","AUSTRALIA","Elliston","Black Point","24.0962598","-76.4022591","unreviewed location-only geocode cache match","sharks_happen:0532","Hal / Sharks Happen Stats","","",""
"pending","incident:sharks_happen:0016",,"2012","2012-07-14","AUSTRALIA","Lancelin","Wedge Island","-43.1352285","147.6722074","unreviewed location-only geocode cache match","sharks_happen:0016","Hal / Sharks Happen Stats","","",""
"pending","incident:f359169b25a786ab6a239adf","f359169b25a786ab6a239adf","2011","11-Dec-11","AUSTRALIA","New South Wales","Angourie","-29.478884","153.3600421","unreviewed location-only geocode cache match","2011.12.11; 2011.12.11; 2011.12.11; 2011.12.11; 2011.12.11","AI1SAD local legacy incident file; Global Shark Attack File; N-Enzer SharkAttackAnalysis mirror; Ordovas shark-attack mirror; Ordovas cleaned shark-attack mirror","","",""
"pending","incident:0b897d92f2cf241ed037faa6","0b897d92f2cf241ed037faa6","2005","Reported 27-Sep-2005","AUSTRALIA","New South Wales","Arakoon's Little Bay","-30.8873714","153.0753893","unreviewed location-only geocode cache match","2005.09.27.R; 2005.09.27.R; 2005.09.27.R; 2005.09.27.R; 2005.09.27.R","AI1SAD local legacy incident file; Global Shark Attack File; N-Enzer SharkAttackAnalysis mirror; Ordovas shark-attack mirror; Ordovas cleaned shark-attack mirror","","",""
"pending","incident:bc71265be90875a9901ad17a","bc71265be90875a9901ad17a","2018","8-Jun-18","AUSTRALIA","New South Wales","Arrawarra Headland","-30.060426","153.2016851","unreviewed location-only geocode cache match","2018.06.08; 2018.06.08; 2018.06.08; 2018.06.08; 2018.06.08","AI1SAD local legacy incident file; Global Shark Attack File; N-Enzer SharkAttackAnalysis mirror; Ordovas shark-attack mirror; Ordovas cleaned shark-attack mirror","","",""
"pending","incident:db6d8896a41575c975f14cc1","db6d8896a41575c975f14cc1","2009","1-Mar-09","AUSTRALIA","New South Wales","Avalon","47.4885365","3.9070658","unreviewed location-only geocode cache match","2009.03.01.a; 2009.03.01.a; 2009.03.01.a; 2009.03.01.a; 2009.03.01.a","AI1SAD local legacy incident file; Global Shark Attack File; N-Enzer SharkAttackAnalysis mirror; Ordovas shark-attack mirror; Ordovas cleaned shark-attack mirror","","",""
"pending","incident:62af1485511042108ea061c1","62af1485511042108ea061c1","2017","13-Nov-17","AUSTRALIA","New South Wales","Avoca Beach","-33.465","151.4344444","unreviewed location-only geocode cache match","2017.11.13; 2017.11.13; 2017.11.13; 2017.11.13; 2017.11.13","AI1SAD local legacy incident file; Global Shark Attack File; N-Enzer SharkAttackAnalysis mirror; Ordovas shark-attack mirror; Ordovas cleaned shark-attack mirror","","",""
"pending","incident:915601ef0a4058fa7b15d6cd","915601ef0a4058fa7b15d6cd","2014","17-Oct-14","AUSTRALIA","New South Wales","Avoca Beach","-33.465","151.4344444","unreviewed location-only geocode cache match","2014.10.17; 2014.10.17; 2014.10.17; 2014.10.17; 2014.10.17","AI1SAD local legacy incident file; Global Shark Attack File; N-Enzer SharkAttackAnalysis mirror; Ordovas shark-attack mirror; Ordovas cleaned shark-attack mirror","","",""
"pending","incident:6f0561006ae044167db4e18a","6f0561006ae044167db4e18a","2009","26-Dec-09","AUSTRALIA","New South Wales","Avoca Beach","-33.465","151.4344444","unreviewed location-only geocode cache match","2009.12.26; 2009.12.26; 2009.12.26; 2009.12.26; 2009.12.26","AI1SAD local legacy incident file; Global Shark Attack File; N-Enzer SharkAttackAnalysis mirror; Ordovas shark-attack mirror; Ordovas cleaned shark-attack mirror","","",""
"pending","incident:59746f9df4960b2a79c7642a","59746f9df4960b2a79c7642a","2002","12-Apr-02","AUSTRALIA","New South Wales","Bar Beach, Newcastle","-32.938888","151.7683089","unreviewed location-only geocode cache match","2002.04.12; 2002.04.12; 2002.04.12; 2002.04.12; 2002.04.12","AI1SAD local legacy incident file; Global Shark Attack File; N-Enzer SharkAttackAnalysis mirror; Ordovas shark-attack mirror; Ordovas cleaned shark-attack mirror","","",""
"pending","incident:60b03e37773b3f5ff41e182d","60b03e37773b3f5ff41e182d","2009","19-Mar-09","AUSTRALIA","New South Wales","Bateman's Bay","-27.2976374","152.9932769","unreviewed location-only geocode cache match","2009.03.19.a; 2009.03.19.a; 2009.03.19.a; 2009.03.19.a; 2009.03.19.a","AI1SAD local legacy incident file; Global Shark Attack File; N-Enzer SharkAttackAnalysis mirror; Ordovas shark-attack mirror; Ordovas cleaned shark-attack mirror","","",""
"pending","incident:b398cd394bd9db7f4805beb0","b398cd394bd9db7f4805beb0","2015","24-Jun-15","AUSTRALIA","New South Wales","Belongil Beach, Byron Bay","-28.6155104","153.5837115","unreviewed location-only geocode cache match","2015.04.24.c; 2015.04.24.c; 2015.04.24.c; 2015.04.24.c; 2015.04.24.c","AI1SAD local legacy incident file; Global Shark Attack File; N-Enzer SharkAttackAnalysis mirror; Ordovas shark-attack mirror; Ordovas cleaned shark-attack mirror","","",""
"pending","incident:04931183bb0b2d9d65ac6b57","04931183bb0b2d9d65ac6b57","2005","25-Apr-05","AUSTRALIA","New South Wales","Bermagui","-36.4278621","150.0773955","unreviewed location-only geocode cache match","2005.04.25; 2005.04.25; 2005.04.25; 2005.04.25; 2005.04.25","AI1SAD local legacy incident file; Global Shark Attack File; N-Enzer SharkAttackAnalysis mirror; Ordovas shark-attack mirror; Ordovas cleaned shark-attack mirror","","",""
"pending","incident:5c3ea72e831a547d1a4c2181","5c3ea72e831a547d1a4c2181","2014","29-Dec-14","AUSTRALIA","New South Wales","Bherwerre Beach","-35.1736587","150.6087871","unreviewed location-only geocode cache match","2014.12.29.b; 2014.12.29.b; 2014.12.29.b; 2014.12.29.b; 2014.12.29.b; sharks_happen:0653","AI1SAD local legacy incident file; Global Shark Attack File; N-Enzer SharkAttackAnalysis mirror; Ordovas shark-attack mirror; Ordovas cleaned shark-attack mirror; Hal / Sharks Happen Stats","","",""
"pending","incident:df3f394cb3261c8c9aaabcc6","df3f394cb3261c8c9aaabcc6","2017","28-Oct-17","AUSTRALIA","New South Wales","Birubi Point","-32.7865966","152.0812101","unreviewed location-only geocode cache match","2017.10.28; 2017.10.28; 2017.10.28; 2017.10.28; 2017.10.28","AI1SAD local legacy incident file; Global Shark Attack File; N-Enzer SharkAttackAnalysis mirror; Ordovas shark-attack mirror; Ordovas cleaned shark-attack mirror","","",""
"pending","incident:55381d5465af79ea63fef500","55381d5465af79ea63fef500","2009","20-Mar-09","AUSTRALIA","New South Wales","Blue Bay","-33.3525","151.5011111","unreviewed location-only geocode cache match","2009.03.20; 2009.03.20; 2009.03.20; 2009.03.20; 2009.03.20","AI1SAD local legacy incident file; Global Shark Attack File; N-Enzer SharkAttackAnalysis mirror; Ordovas shark-attack mirror; Ordovas cleaned shark-attack mirror","","",""
"pending","incident:89fda4f054c0eeb6ff951abf","89fda4f054c0eeb6ff951abf","2016","30-Mar-16","AUSTRALIA","New South Wales","Bombo Beach","-34.6593009","150.8545167","unreviewed location-only geocode cache match","2016.03.30; 2016.03.30; 2016.03.30; 2016.03.30; 2016.03.30; sharks_happen:0403","AI1SAD local legacy incident file; Global Shark Attack File; N-Enzer SharkAttackAnalysis mirror; Ordovas shark-attack mirror; Ordovas cleaned shark-attack mirror; Hal / Sharks Happen Stats","","",""
"pending","incident:5c2b9f7bc3918628ce6fa477","5c2b9f7bc3918628ce6fa477","2015","21-Dec-15","AUSTRALIA","New South Wales","Bondi Beach","-33.8906977","151.2724119","unreviewed location-only geocode cache match","2015.12.21.b; 2015.12.21.b; 2015.12.21.b; 2015.12.21.b; 2015.12.21.b","AI1SAD local legacy incident file; Global Shark Attack File; N-Enzer SharkAttackAnalysis mirror; Ordovas shark-attack mirror; Ordovas cleaned shark-attack mirror","","",""
"pending","incident:a427a7e73bb2b681961b2dcb","a427a7e73bb2b681961b2dcb","2009","12-Feb-09","AUSTRALIA","New South Wales","Bondi Beach, Sydney","-33.8906977","151.2724119","unreviewed location-only geocode cache match","2009.02.12; 2009.02.12; 2009.02.12; 2009.02.12; 2009.02.12","AI1SAD local legacy incident file; Global Shark Attack File; N-Enzer SharkAttackAnalysis mirror; Ordovas shark-attack mirror; Ordovas cleaned shark-attack mirror","","",""
"pending","incident:f8e113a4864175046bbf7c8e","f8e113a4864175046bbf7c8e","2006","15-Mar-06","AUSTRALIA","New South Wales","Bondi, Sydney","-33.8930556","151.2633333","unreviewed location-only geocode cache match","2006.03.15; 2006.03.15; 2006.03.15; 2006.03.15; 2006.03.15","AI1SAD local legacy incident file; Global Shark Attack File; N-Enzer SharkAttackAnalysis mirror; Ordovas shark-attack mirror; Ordovas cleaned shark-attack mirror","","",""
"pending","incident:61c90b206cbe021942065e3d","61c90b206cbe021942065e3d","2017","01-Dec-2017","AUSTRALIA","New South Wales","Booti Booti National Park","-32.2444749","152.5283004","unreviewed location-only geocode cache match","","Global Shark Attack File","","",""
"pending","incident:9282ec6245ad23d2ee1028fe","9282ec6245ad23d2ee1028fe","2016","1-Dec-16","AUSTRALIA","New South Wales","Booti Booti National Park","-32.2444749","152.5283004","unreviewed location-only geocode cache match","2016.12.01; 2016.12.01; 2016.12.01; 2016.12.01; 2016.12.01","AI1SAD local legacy incident file; Global Shark Attack File; N-Enzer SharkAttackAnalysis mirror; Ordovas shark-attack mirror; Ordovas cleaned shark-attack mirror","","",""
"pending","incident:79993eefeb303e8e938116c4","79993eefeb303e8e938116c4","2011","2-Dec-11","AUSTRALIA","New South Wales","Broken Head","-28.715","153.5844444","unreviewed location-only geocode cache match","2011.12.02; 2011.12.02; 2011.12.02; 2011.12.02; 2011.12.02","AI1SAD local legacy incident file; Global Shark Attack File; N-Enzer SharkAttackAnalysis mirror; Ordovas shark-attack mirror; Ordovas cleaned shark-attack mirror","","",""
"pending","incident:146e237ec485bb89b04e7fee","146e237ec485bb89b04e7fee","2009","30-Jul-09","AUSTRALIA","New South Wales","Broken Head","-28.715","153.5844444","unreviewed location-only geocode cache match","2009.07.30; 2009.07.30; 2009.07.30; 2009.07.30; 2009.07.30","AI1SAD local legacy incident file; Global Shark Attack File; N-Enzer SharkAttackAnalysis mirror; Ordovas shark-attack mirror; Ordovas cleaned shark-attack mirror","","",""
"pending","incident:11e4616223d4d7b5e476023b","11e4616223d4d7b5e476023b","2016","24-Oct-16","AUSTRALIA","New South Wales","Broken Head Beach","-28.7017058","153.613847","unreviewed location-only geocode cache match","2016.10.24; 2016.10.24; 2016.10.24; 2016.10.24; 2016.10.24","AI1SAD local legacy incident file; Global Shark Attack File; N-Enzer SharkAttackAnalysis mirror; Ordovas shark-attack mirror; Ordovas cleaned shark-attack mirror","","",""
"pending","incident:8779a262053039171853cd13","8779a262053039171853cd13","2005","16-Apr-05","AUSTRALIA","New South Wales","Bronte Beach","-33.9036232","151.2682923","unreviewed location-only geocode cache match","2005.04.16.a; 2005.04.16.a; 2005.04.16.a; 2005.04.16.a; 2005.04.16.a","AI1SAD local legacy incident file; Global Shark Attack File; N-Enzer SharkAttackAnalysis mirror; Ordovas shark-attack mirror; Ordovas cleaned shark-attack mirror","","",""
"pending","incident:870fa1eba201013770d42770","870fa1eba201013770d42770","2001","8-Apr-01","AUSTRALIA","New South Wales","Bronte Beach","-33.9036232","151.2682923","unreviewed location-only geocode cache match","2001.04.08.a; 2001.04.08.a; 2001.04.08.a; 2001.04.08.a; 2001.04.08.a","AI1SAD local legacy incident file; Global Shark Attack File; N-Enzer SharkAttackAnalysis mirror; Ordovas shark-attack mirror; Ordovas cleaned shark-attack mirror","","",""
"pending","incident:edcab0a5bcbea97b249c0258","edcab0a5bcbea97b249c0258","2001","4-Feb-01","AUSTRALIA","New South Wales","Broome Head","-18.4054322","123.1763428","unreviewed location-only geocode cache match","2001.02.04; 2001.02.04; 2001.02.04; 2001.02.04; 2001.02.04","AI1SAD local legacy incident file; Global Shark Attack File; N-Enzer SharkAttackAnalysis mirror; Ordovas shark-attack mirror; Ordovas cleaned shark-attack mirror","","",""
"pending","incident:6487087627c7e289990d7862","6487087627c7e289990d7862","2012","25-Feb-12","AUSTRALIA","New South Wales","Broughton Island","67.5580224","-64.0168832","unreviewed location-only geocode cache match","2012.02.25; 2012.02.25; 2012.02.25; 2012.02.25; 2012.02.25","AI1SAD local legacy incident file; Global Shark Attack File; N-Enzer SharkAttackAnalysis mirror; Ordovas shark-attack mirror; Ordovas cleaned shark-attack mirror","","",""
"pending","incident:002896b75391315b97764a2e","002896b75391315b97764a2e","2007","15-Oct-07","AUSTRALIA","New South Wales","Byron Bay","-28.6483333","153.6177778","unreviewed location-only geocode cache match","2007.10.15; 2007.10.15; 2007.10.15; 2007.10.15; 2007.10.15","AI1SAD local legacy incident file; Global Shark Attack File; N-Enzer SharkAttackAnalysis mirror; Ordovas shark-attack mirror; Ordovas cleaned shark-attack mirror","","",""
"pending","incident:bc9240f3b0570bed698b1d3d","bc9240f3b0570bed698b1d3d","2004","3-Aug-04","AUSTRALIA","New South Wales","Byron Bay","-28.6483333","153.6177778","unreviewed location-only geocode cache match","2004.08.03; 2004.08.03; 2004.08.03; 2004.08.03; 2004.08.03","AI1SAD local legacy incident file; Global Shark Attack File; N-Enzer SharkAttackAnalysis mirror; Ordovas shark-attack mirror; Ordovas cleaned shark-attack mirror","","",""
"pending","incident:b0a45e3b836049fcfbf55c45","b0a45e3b836049fcfbf55c45","2007","23-Jan-07","AUSTRALIA","New South Wales","Cape Howe","-37.5045","149.977","unreviewed location-only geocode cache match","2007.01.23; 2007.01.23; 2007.01.23; 2007.01.23; 2007.01.23","AI1SAD local legacy incident file; Global Shark Attack File; N-Enzer SharkAttackAnalysis mirror; Ordovas shark-attack mirror; Ordovas cleaned shark-attack mirror","","",""
"pending","incident:d44a6d7e0ad49ce93150bcdb","d44a6d7e0ad49ce93150bcdb","2004","11-Feb-04","AUSTRALIA","New South Wales","Caves Beach","-33.1122864","151.6449973","unreviewed location-only geocode cache match","2004.02.11; 2004.02.11; 2004.02.11; 2004.02.11; 2004.02.11","AI1SAD local legacy incident file; Global Shark Attack File; N-Enzer SharkAttackAnalysis mirror; Ordovas shark-attack mirror; Ordovas cleaned shark-attack mirror","","",""
"pending","incident:2ccb807afadaf04b1a0d2e8e","2ccb807afadaf04b1a0d2e8e","2014","9-Sep-14","AUSTRALIA","New South Wales","Clarkes Beach, Byron Bay","-28.6397283","153.6273582","unreviewed location-only geocode cache match","2014.09.09; 2014.09.09; 2014.09.09; 2014.09.09; 2014.09.09","AI1SAD local legacy incident file; Global Shark Attack File; N-Enzer SharkAttackAnalysis mirror; Ordovas shark-attack mirror; Ordovas cleaned shark-attack mirror","","",""
"pending","incident:cbe4ce090693743d2fbaf660","cbe4ce090693743d2fbaf660","2009","13-Dec-09","AUSTRALIA","New South Wales","Coffee Head","50.0799963","14.4221842","unreviewed location-only geocode cache match","2009.12.13; 2009.12.13; 2009.12.13; 2009.12.13; 2009.12.13","AI1SAD local legacy incident file; Global Shark Attack File; N-Enzer SharkAttackAnalysis mirror; Ordovas shark-attack mirror; Ordovas cleaned shark-attack mirror","","",""
"pending","incident:8c2aa06a262fae06e7fbb11e","8c2aa06a262fae06e7fbb11e","2021","05-Jul-2021","AUSTRALIA","New South Wales","Crescent Head","-31.19","152.9761111","unreviewed location-only geocode cache match","2021.07.05","Global Shark Attack File","","",""
"pending","incident:a9c733b39674fe3ebd1464d5","a9c733b39674fe3ebd1464d5","2010","8-Aug-10","AUSTRALIA","New South Wales","Crescent Head","-31.19","152.9761111","unreviewed location-only geocode cache match","2010.08.08; 2010.08.08; 2010.08.08; 2010.08.08; 2010.08.08","AI1SAD local legacy incident file; Global Shark Attack File; N-Enzer SharkAttackAnalysis mirror; Ordovas shark-attack mirror; Ordovas cleaned shark-attack mirror","","",""
"pending","incident:3b5e772c0c44526e1af91c03","3b5e772c0c44526e1af91c03","2008","20-Apr-08","AUSTRALIA","New South Wales","Crescent Head","-31.19","152.9761111","unreviewed location-only geocode cache match","2008.04.20.a; 2008.04.20.a; 2008.04.20.a; 2008.04.20.a; 2008.04.20.a","AI1SAD local legacy incident file; Global Shark Attack File; N-Enzer SharkAttackAnalysis mirror; Ordovas shark-attack mirror; Ordovas cleaned shark-attack mirror","","",""
"pending","incident:0406066bc4a13c2e55d42e39","0406066bc4a13c2e55d42e39","2005","17-Apr-05","AUSTRALIA","New South Wales","Crookhaven","51.4684326","-9.7256677","unreviewed location-only geocode cache match","2005.04.17.R; 2005.04.17.R; 2005.04.17.R; 2005.04.17.R; 2005.04.17.R","AI1SAD local legacy incident file; Global Shark Attack File; N-Enzer SharkAttackAnalysis mirror; Ordovas shark-attack mirror; Ordovas cleaned shark-attack mirror","","",""
"pending","incident:1e6215bbf420c13bd3d77ded","1e6215bbf420c13bd3d77ded","2013","21-Apr-13","AUSTRALIA","New South Wales","Crowdy Head","-31.84016","152.7511891","unreviewed location-only geocode cache match","2013.04.21; 2013.04.21; 2013.04.21; 2013.04.21; 2013.04.21","AI1SAD local legacy incident file; Global Shark Attack File; N-Enzer SharkAttackAnalysis mirror; Ordovas shark-attack mirror; Ordovas cleaned shark-attack mirror","","",""
"pending","incident:39fe73577dd85ee73f6d8bc1","39fe73577dd85ee73f6d8bc1","2011","23-Mar-11","AUSTRALIA","New South Wales","Crowdy Head","-31.84016","152.7511891","unreviewed location-only geocode cache match","2011.03.23; 2011.03.23; 2011.03.23; 2011.03.23; 2011.03.23; sharks_happen:0640","AI1SAD local legacy incident file; Global Shark Attack File; N-Enzer SharkAttackAnalysis mirror; Ordovas shark-attack mirror; Ordovas cleaned shark-attack mirror; Hal / Sharks Happen Stats","","",""
"pending","incident:5def96ea6c35937040eeaff8","5def96ea6c35937040eeaff8","2015","2-Jul-15","AUSTRALIA","New South Wales","East Ballina","-28.8595562","153.5832729","unreviewed location-only geocode cache match","2015.07.02; 2015.07.02; 2015.07.02; 2015.07.02; 2015.07.02","AI1SAD local legacy incident file; Global Shark Attack File; N-Enzer SharkAttackAnalysis mirror; Ordovas shark-attack mirror; Ordovas cleaned shark-attack mirror","","",""
"pending","incident:c1ded97538901e241eef5cc8","c1ded97538901e241eef5cc8","2015","10-Nov-15","AUSTRALIA","New South Wales","East Ballina","-28.8595562","153.5832729","unreviewed location-only geocode cache match","2015.11.10; 2015.11.10; 2015.11.10; 2015.11.10; 2015.11.10","AI1SAD local legacy incident file; Global Shark Attack File; N-Enzer SharkAttackAnalysis mirror; Ordovas shark-attack mirror; Ordovas cleaned shark-attack mirror","","",""
"pending","incident:5d076b1e2664385a813dfc96","5d076b1e2664385a813dfc96","2021","05-Sep-2021","AUSTRALIA","New South Wales","Emerald Beach","36.5756225","-93.6718592","unreviewed location-only geocode cache match","2021.09.05; sharks_happen:0286","Global Shark Attack File; Hal / Sharks Happen Stats","","",""
"pending","incident:9ce0684a06815bcd6a418856","9ce0684a06815bcd6a418856","2013","28-Apr-13","AUSTRALIA","New South Wales","Emerald Beach","36.5756225","-93.6718592","unreviewed location-only geocode cache match","2013.04.28; 2013.04.28; 2013.04.28; 2013.04.28; 2013.04.28","AI1SAD local legacy incident file; Global Shark Attack File; N-Enzer SharkAttackAnalysis mirror; Ordovas shark-attack mirror; Ordovas cleaned shark-attack mirror","","",""
"pending","incident:aa7949e4b1f5ca9469c6579b","aa7949e4b1f5ca9469c6579b","2015","31-Jul-15","AUSTRALIA","New South Wales","Evans Head","-29.1174093","153.4312097","unreviewed location-only geocode cache match","2015.07.31; 2015.07.31; 2015.07.31; 2015.07.31; 2015.07.31","AI1SAD local legacy incident file; Global Shark Attack File; N-Enzer SharkAttackAnalysis mirror; Ordovas shark-attack mirror; Ordovas cleaned shark-attack mirror","","",""
"pending","incident:d6787bfef97ddb15a3c6470f","d6787bfef97ddb15a3c6470f","2009","12-Apr-09","AUSTRALIA","New South Wales","Fingal Bay","-32.7470423","152.1687575","unreviewed location-only geocode cache match","2009.04.12; 2009.04.12; 2009.04.12; 2009.04.12; 2009.04.12","AI1SAD local legacy incident file; Global Shark Attack File; N-Enzer SharkAttackAnalysis mirror; Ordovas shark-attack mirror; Ordovas cleaned shark-attack mirror","","",""
"pending","incident:8bd1dd38567bf80f795c7447","8bd1dd38567bf80f795c7447","2009","11-Jan-09","AUSTRALIA","New South Wales","Fingal Beach","-32.7442415","152.1709248","unreviewed location-only geocode cache match","2009.01.11.a; 2009.01.11.a; 2009.01.11.a; 2009.01.11.a; 2009.01.11.a; sharks_happen:0785","AI1SAD local legacy incident file; Global Shark Attack File; N-Enzer SharkAttackAnalysis mirror; Ordovas shark-attack mirror; Ordovas cleaned shark-attack mirror; Hal / Sharks Happen Stats","","",""
"pending","incident:7717f5ce9798c1c5e217d378","7717f5ce9798c1c5e217d378","2015","24-Jan-15","AUSTRALIA","New South Wales","Flat Rock","42.0964314","-83.2918744","unreviewed location-only geocode cache match","2015.01.24; 2015.01.24; 2015.01.24; 2015.01.24; 2015.01.24","AI1SAD local legacy incident file; Global Shark Attack File; N-Enzer SharkAttackAnalysis mirror; Ordovas shark-attack mirror; Ordovas cleaned shark-attack mirror","","",""
"pending","incident:1c044798680c7352158a6a90","1c044798680c7352158a6a90","2018","3-Jun-18","AUSTRALIA","New South Wales","Flat Rock, Ballina","-28.8429552","153.6079901","unreviewed location-only geocode cache match","2018.06.03.b; 2018.06.03.b; 2018.06.03.b; 2018.06.03.b; 2018.06.03.b","AI1SAD local legacy incident file; Global Shark Attack File; N-Enzer SharkAttackAnalysis mirror; Ordovas shark-attack mirror; Ordovas cleaned shark-attack mirror","","",""
"pending","incident:41e6084070a15bd02e93a706","41e6084070a15bd02e93a706","2012","2-Dec-12","AUSTRALIA","New South Wales","Green Island","42.7442449","-73.6915073","unreviewed location-only geocode cache match","2012.12.02; 2012.12.02; 2012.12.02; 2012.12.02; 2012.12.02","AI1SAD local legacy incident file; Global Shark Attack File; N-Enzer SharkAttackAnalysis mirror; Ordovas shark-attack mirror; Ordovas cleaned shark-attack mirror","","",""
"pending","incident:879be7c60fb55c3be45244bf","879be7c60fb55c3be45244bf","2015","4-Sep-15","AUSTRALIA","New South Wales","Hallidays Point","-32.0713889","152.5019444","unreviewed location-only geocode cache match","2015.09.04; 2015.09.04; 2015.09.04; 2015.09.04; 2015.09.04","AI1SAD local legacy incident file; Global Shark Attack File; N-Enzer SharkAttackAnalysis mirror; Ordovas shark-attack mirror; Ordovas cleaned shark-attack mirror","","",""
"pending","incident:91abe21e37e6215100f672e7","91abe21e37e6215100f672e7","2016","4-Feb-16","AUSTRALIA","New South Wales","Hams Beach","-33.1031942","151.6518406","unreviewed location-only geocode cache match","2016.02.04; 2016.02.04; 2016.02.04; 2016.02.04; 2016.02.04","AI1SAD local legacy incident file; Global Shark Attack File; N-Enzer SharkAttackAnalysis mirror; Ordovas shark-attack mirror; Ordovas cleaned shark-attack mirror","","",""
"pending","incident:5a9f955eefb0e9dd2be8752f","5a9f955eefb0e9dd2be8752f","2009","12-Dec-09","AUSTRALIA","New South Wales","Hawks Nest Beach","41.283431","-72.283414","unreviewed location-only geocode cache match","2009.12.12; 2009.12.12; 2009.12.12; 2009.12.12; 2009.12.12","AI1SAD local legacy incident file; Global Shark Attack File; N-Enzer SharkAttackAnalysis mirror; Ordovas shark-attack mirror; Ordovas cleaned shark-attack mirror","","",""
"pending","incident:a6fe87725c574000d68249b8","a6fe87725c574000d68249b8","2008","7-Feb-08","AUSTRALIA","New South Wales","Horseshoe Bay","30.5442091","-98.3669797","unreviewed location-only geocode cache match","2008.02.07; 2008.02.07; 2008.02.07; 2008.02.07; 2008.02.07","AI1SAD local legacy incident file; Global Shark Attack File; N-Enzer SharkAttackAnalysis mirror; Ordovas shark-attack mirror; Ordovas cleaned shark-attack mirror","","",""
"pending","incident:73441e5b51d4f552d62934d6","73441e5b51d4f552d62934d6","2017","10-Sep-17","AUSTRALIA","New South Wales","Iluka Beach","-29.4095634","153.3653459","unreviewed location-only geocode cache match","2017.09.10.a; 2017.09.10.a; 2017.09.10.a; 2017.09.10.a; 2017.09.10.a; sharks_happen:0059","AI1SAD local legacy incident file; Global Shark Attack File; N-Enzer SharkAttackAnalysis mirror; Ordovas shark-attack mirror; Ordovas cleaned shark-attack mirror; Hal / Sharks Happen Stats","","",""
"pending","incident:2d967d1a5fd24b006f004989","2d967d1a5fd24b006f004989","2007","18-Dec-07","AUSTRALIA","New South Wales","Jimmy's Beach","40.6201177","-74.0007317","unreviewed location-only geocode cache match","2007.12.18; 2007.12.18; 2007.12.18; 2007.12.18; 2007.12.18","AI1SAD local legacy incident file; Global Shark Attack File; N-Enzer SharkAttackAnalysis mirror; Ordovas shark-attack mirror; Ordovas cleaned shark-attack mirror","","",""
"pending","incident:0a3250f0b31212961cbc2307","0a3250f0b31212961cbc2307","2015","11-Mar-15","AUSTRALIA","New South Wales","Julian Rocks, Byron Bay","-28.6115303","153.6288827","unreviewed location-only geocode cache match","2015.03.11; 2015.03.11; 2015.03.11; 2015.03.11; 2015.03.11","AI1SAD local legacy incident file; Global Shark Attack File; N-Enzer SharkAttackAnalysis mirror; Ordovas shark-attack mirror; Ordovas cleaned shark-attack mirror","","",""
"pending","incident:1c87f8baecb6ddb4dd68fb26","1c87f8baecb6ddb4dd68fb26","2016","2-Jun-16","AUSTRALIA","New South Wales","Kingscliff","-28.2566667","153.5761111","unreviewed location-only geocode cache match","2016.06.02.b; 2016.06.02.b; 2016.06.02.b; 2016.06.02.b; 2016.06.02.b; sharks_happen:0441; sharks_happen:0442","AI1SAD local legacy incident file; Global Shark Attack File; N-Enzer SharkAttackAnalysis mirror; Ordovas shark-attack mirror; Ordovas cleaned shark-attack mirror; Hal / Sharks Happen Stats; Hal / Sharks Happen Stats","","",""
"pending","incident:ae68b2937a2bea2501f9c4bd","ae68b2937a2bea2501f9c4bd","2021","23-Jan-2021","AUSTRALIA","New South Wales","Lake Macquarie","-33.0374325","151.5294684","unreviewed location-only geocode cache match","2021.01.23","Global Shark Attack File","","",""
"pending","incident:7d5b6f07d100ff3ffb89c2dc","7d5b6f07d100ff3ffb89c2dc","2015","13-Dec-15","AUSTRALIA","New South Wales","Lake Macquarie","-33.0374325","151.5294684","unreviewed location-only geocode cache match","2015.12.13; 2015.12.13; 2015.12.13; 2015.12.13; 2015.12.13","AI1SAD local legacy incident file; Global Shark Attack File; N-Enzer SharkAttackAnalysis mirror; Ordovas shark-attack mirror; Ordovas cleaned shark-attack mirror","","",""
"pending","incident:8f4577983c7230826713aecf","8f4577983c7230826713aecf","2008","11-Oct-08","AUSTRALIA","New South Wales","Lake Macquarie","-33.0374325","151.5294684","unreviewed location-only geocode cache match","2008.10.11; 2008.10.11; 2008.10.11; 2008.10.11; 2008.10.11","AI1SAD local legacy incident file; Global Shark Attack File; N-Enzer SharkAttackAnalysis mirror; Ordovas shark-attack mirror; Ordovas cleaned shark-attack mirror","","",""
"pending","incident:9c9966abdd1061f66f77f114","9c9966abdd1061f66f77f114","2019","05-Jun-2019","AUSTRALIA","New South Wales","Lennox Head","-28.7910334","153.5878047","unreviewed location-only geocode cache match","2019.06.05","Global Shark Attack File","","",""
"pending","incident:30765856b8ce7730b4656dd7","30765856b8ce7730b4656dd7","2018","25-Apr-18","AUSTRALIA","New South Wales","Lennox Head","-28.7910334","153.5878047","unreviewed location-only geocode cache match","2018.04.25.b; 2018.04.25.b; 2018.04.25.b; 2018.04.25.b","AI1SAD local legacy incident file; Global Shark Attack File; N-Enzer SharkAttackAnalysis mirror; Ordovas shark-attack mirror","","",""
"pending","incident:8d1be1ea07efa0546389c6e8","8d1be1ea07efa0546389c6e8","2015","3-Jul-15","AUSTRALIA","New South Wales","Lennox Head","-28.7910334","153.5878047","unreviewed location-only geocode cache match","2015.07.03; 2015.07.03; 2015.07.03; 2015.07.03; 2015.07.03","AI1SAD local legacy incident file; Global Shark Attack File; N-Enzer SharkAttackAnalysis mirror; Ordovas shark-attack mirror; Ordovas cleaned shark-attack mirror","","",""
"pending","incident:e6cba3effadb2bff2f7de269","e6cba3effadb2bff2f7de269","2019","05-Oct-2019","AUSTRALIA","New South Wales","Lighthouse Beach","40.6290808","-73.2211281","unreviewed location-only geocode cache match","2019.10.05.b; sharks_happen:0747","Global Shark Attack File; Hal / Sharks Happen Stats","","",""
"pending","incident:22d94e1f38a88e10f47b2b16","22d94e1f38a88e10f47b2b16","2015","22-Aug-15","AUSTRALIA","New South Wales","Lighthouse Beach","40.6290808","-73.2211281","unreviewed location-only geocode cache match","2015.08.22.a; 2015.08.22.a; 2015.08.22.a; 2015.08.22.a; 2015.08.22.a","AI1SAD local legacy incident file; Global Shark Attack File; N-Enzer SharkAttackAnalysis mirror; Ordovas shark-attack mirror; Ordovas cleaned shark-attack mirror","","",""
"pending","incident:ff53796bc1b248193ccb4017","ff53796bc1b248193ccb4017","2014","12-Mar-14","AUSTRALIA","New South Wales","Lighthouse Beach","40.6290808","-73.2211281","unreviewed location-only geocode cache match","2014.03.12; 2014.03.12; 2014.03.12; 2014.03.12; 2014.03.12","AI1SAD local legacy incident file; Global Shark Attack File; N-Enzer SharkAttackAnalysis mirror; Ordovas shark-attack mirror; Ordovas cleaned shark-attack mirror","","",""
"pending","incident:9efd99445b2dc28c48a5c113","9efd99445b2dc28c48a5c113","2016","26-Sep-16","AUSTRALIA","New South Wales","Lighthouse Beach, Ballina","-28.8715325","153.5904134","unreviewed location-only geocode cache match","2016.09.26; 2016.09.26; 2016.09.26; 2016.09.26; 2016.09.26","AI1SAD local legacy incident file; Global Shark Attack File; N-Enzer SharkAttackAnalysis mirror; Ordovas shark-attack mirror; Ordovas cleaned shark-attack mirror","","",""
"pending","incident:22ba7bf5bfd9948bc1a9005b","22ba7bf5bfd9948bc1a9005b","2008","8-Apr-08","AUSTRALIA","New South Wales","Lighthouse Beach, Ballina","-28.8715325","153.5904134","unreviewed location-only geocode cache match","2008.04.08; 2008.04.08; 2008.04.08; 2008.04.08; 2008.04.08","AI1SAD local legacy incident file; Global Shark Attack File; N-Enzer SharkAttackAnalysis mirror; Ordovas shark-attack mirror; Ordovas cleaned shark-attack mirror","","",""
"pending","incident:c609668eef0f1b9f335fa574","c609668eef0f1b9f335fa574","2003","31-Oct-03","AUSTRALIA","New South Wales","Lighthouse Beach, Seal Rocks","-32.4442517","152.5260782","unreviewed location-only geocode cache match","2003.10.31.b; 2003.10.31.b; 2003.10.31.b; 2003.10.31.b; 2003.10.31.b","AI1SAD local legacy incident file; Global Shark Attack File; N-Enzer SharkAttackAnalysis mirror; Ordovas shark-attack mirror; Ordovas cleaned shark-attack mirror","","",""
"pending","incident:729b8d3e0c9bf82aeef853e6","729b8d3e0c9bf82aeef853e6","2018","23-Feb-18","AUSTRALIA","New South Wales","Little Congwong Beach, La Perouse","-33.9913954","151.2382961","unreviewed location-only geocode cache match","2018.02.23; 2018.02.23; 2018.02.23; 2018.02.23; 2018.02.23","AI1SAD local legacy incident file; Global Shark Attack File; N-Enzer SharkAttackAnalysis mirror; Ordovas shark-attack mirror; Ordovas cleaned shark-attack mirror","","",""
"pending","incident:ecfb21d334bb404dcb02c26e","ecfb21d334bb404dcb02c26e","2022","08-Mar-2022","AUSTRALIA","New South Wales","Maroubra","-33.9453441","151.2456824","unreviewed location-only geocode cache match","2022.03.08","Global Shark Attack File","","",""
"pending","incident:b345cc81cfb522a3d03e0633","b345cc81cfb522a3d03e0633","2011","7-Dec-11","AUSTRALIA","New South Wales","Maroubra","-33.9453441","151.2456824","unreviewed location-only geocode cache match","2011.12.07.a; 2011.12.07.a; 2011.12.07.a; 2011.12.07.a; 2011.12.07.a","AI1SAD local legacy incident file; Global Shark Attack File; N-Enzer SharkAttackAnalysis mirror; Ordovas shark-attack mirror; Ordovas cleaned shark-attack mirror","","",""
"pending","incident:32edc715742acc055bfb23ab","32edc715742acc055bfb23ab","2018","13-Jan-18","AUSTRALIA","New South Wales","Martin Islet","-20.285727","149.0686452","unreviewed location-only geocode cache match","2018.01.13; 2018.01.13; 2018.01.13; 2018.01.13; 2018.01.13","AI1SAD local legacy incident file; Global Shark Attack File; N-Enzer SharkAttackAnalysis mirror; Ordovas shark-attack mirror; Ordovas cleaned shark-attack mirror","","",""
"pending","incident:50953984a2ee66d856fc52b0","50953984a2ee66d856fc52b0","2015","11-Apr-15","AUSTRALIA","New South Wales","McKenzies Beach","-45.450624","169.344084","unreviewed location-only geocode cache match","2015.04.11; 2015.04.11; 2015.04.11; 2015.04.11; 2015.04.11","AI1SAD local legacy incident file; Global Shark Attack File; N-Enzer SharkAttackAnalysis mirror; Ordovas shark-attack mirror; Ordovas cleaned shark-attack mirror","","",""
"pending","incident:5fc4de3def45c01cac962c31","5fc4de3def45c01cac962c31","2015","5-Feb-15","AUSTRALIA","New South Wales","Mereweather Beach","-32.9483779","151.7566681","unreviewed location-only geocode cache match","2015.02.05; 2015.02.05; 2015.02.05; 2015.02.05; 2015.02.05","AI1SAD local legacy incident file; Global Shark Attack File; N-Enzer SharkAttackAnalysis mirror; Ordovas shark-attack mirror; Ordovas cleaned shark-attack mirror","","",""
"pending","incident:6f20848638c000a7a29b5c60","6f20848638c000a7a29b5c60","2016","6-Dec-16","AUSTRALIA","New South Wales","Merimbula","-36.8882027","149.909846","unreviewed location-only geocode cache match","2016.12.06; 2016.12.06; 2016.12.06; 2016.12.06; 2016.12.06","AI1SAD local legacy incident file; Global Shark Attack File; N-Enzer SharkAttackAnalysis mirror; Ordovas shark-attack mirror; Ordovas cleaned shark-attack mirror","","",""
"pending","incident:65953bae07f4417188a9c0ea","65953bae07f4417188a9c0ea","2015","16-Jan-15","AUSTRALIA","New South Wales","Mollymook Beach, Bannister Head","-35.3201557","150.4779192","unreviewed location-only geocode cache match","2015.01.16; 2015.01.16; 2015.01.16; 2015.01.16; 2015.01.16","AI1SAD local legacy incident file; Global Shark Attack File; N-Enzer SharkAttackAnalysis mirror; Ordovas shark-attack mirror; Ordovas cleaned shark-attack mirror","","",""
"pending","incident:56123460fc620d6d0fed5996","56123460fc620d6d0fed5996","2010","11-Feb-10","AUSTRALIA","New South Wales","Mona Vale Beach, Sydney","-33.6777675","151.3146553","unreviewed location-only geocode cache match","2010.02.11; 2010.02.11; 2010.02.11; 2010.02.11; 2010.02.11","AI1SAD local legacy incident file; Global Shark Attack File; N-Enzer SharkAttackAnalysis mirror; Ordovas shark-attack mirror; Ordovas cleaned shark-attack mirror","","",""
"pending","incident:1f104ff453a663b88117c6a5","1f104ff453a663b88117c6a5","2014","10-Nov-14","AUSTRALIA","New South Wales","Moonee Beach","-30.2059311","153.1521065","unreviewed location-only geocode cache match","2014.11.10; 2014.11.10; 2014.11.10; 2014.11.10; 2014.11.10","AI1SAD local legacy incident file; Global Shark Attack File; N-Enzer SharkAttackAnalysis mirror; Ordovas shark-attack mirror; Ordovas cleaned shark-attack mirror","","",""
"pending","incident:ca55e147ed4d1bd40898c8d4","ca55e147ed4d1bd40898c8d4","2008","6-Dec-06","AUSTRALIA","New South Wales","Mowarry Point","-37.1423163","150.0043599","unreviewed location-only geocode cache match","2008.12.06; 2008.12.06; 2008.12.06; 2008.12.06; 2008.12.06","AI1SAD local legacy incident file; Global Shark Attack File; N-Enzer SharkAttackAnalysis mirror; Ordovas shark-attack mirror; Ordovas cleaned shark-attack mirror","","",""
"pending","incident:59e456723632307bddf21acb","59e456723632307bddf21acb","2010","9-Oct-10","AUSTRALIA","New South Wales","Mullaway Headland","-30.0769195","153.2046516","unreviewed location-only geocode cache match","2010.10.09; 2010.10.09; 2010.10.09; 2010.10.09; 2010.10.09","AI1SAD local legacy incident file; Global Shark Attack File; N-Enzer SharkAttackAnalysis mirror; Ordovas shark-attack mirror; Ordovas cleaned shark-attack mirror","","",""
"pending","incident:c25ac29bded409f24bf6c7de","c25ac29bded409f24bf6c7de","2006","11-Apr-06","AUSTRALIA","New South Wales","Newcastle Beach","-32.9307639","151.785093","unreviewed location-only geocode cache match","2006.04.11; 2006.04.11; 2006.04.11; 2006.04.11; 2006.04.11","AI1SAD local legacy incident file; Global Shark Attack File; N-Enzer SharkAttackAnalysis mirror; Ordovas shark-attack mirror; Ordovas cleaned shark-attack mirror","","",""
"pending","incident:6117d49e7bf75c2bf1c99970","6117d49e7bf75c2bf1c99970","2001","4-May-01","AUSTRALIA","New South Wales","Noraville","-33.2643752","151.5581978","unreviewed location-only geocode cache match","2001.05.04; 2001.05.04; 2001.05.04; 2001.05.04; 2001.05.04","AI1SAD local legacy incident file; Global Shark Attack File; N-Enzer SharkAttackAnalysis mirror; Ordovas shark-attack mirror; Ordovas cleaned shark-attack mirror","","",""
"pending","incident:634cd497e3f6635d699360b8","634cd497e3f6635d699360b8","2012","3-Jan-12","AUSTRALIA","New South Wales","North Avoca Beach","-33.4604211","151.4382576","unreviewed location-only geocode cache match","2012.01.03; 2012.01.03; 2012.01.03; 2012.01.03; 2012.01.03; sharks_happen:0710; sharks_happen:0852","AI1SAD local legacy incident file; Global Shark Attack File; N-Enzer SharkAttackAnalysis mirror; Ordovas shark-attack mirror; Ordovas cleaned shark-attack mirror; Hal / Sharks Happen Stats; Hal / Sharks Happen Stats","","",""
"pending","incident:8ce141c10810fd92e9f4c895","8ce141c10810fd92e9f4c895","2016","28-Mar-16","AUSTRALIA","New South Wales","North Cronulla Beach","-34.0509222","151.156332","unreviewed location-only geocode cache match","2016.03.28.a; 2016.03.28.a; 2016.03.28.a; 2016.03.28.a; 2016.03.28.a","AI1SAD local legacy incident file; Global Shark Attack File; N-Enzer SharkAttackAnalysis mirror; Ordovas shark-attack mirror; Ordovas cleaned shark-attack mirror","","",""
"pending","incident:734b670c32206858ecda9124","734b670c32206858ecda9124","2015","8-Sep-15","AUSTRALIA","New South Wales","North Shelly Beach","-33.3661513","151.4933433","unreviewed location-only geocode cache match","2015.09.08; 2015.09.08; 2015.09.08; 2015.09.08; 2015.09.08","AI1SAD local legacy incident file; Global Shark Attack File; N-Enzer SharkAttackAnalysis mirror; Ordovas shark-attack mirror; Ordovas cleaned shark-attack mirror","","",""
"pending","incident:27001d30f99c618fb15ccc1f","27001d30f99c618fb15ccc1f","2000","9-Mar-00","AUSTRALIA","New South Wales","Parramatta River","-33.8215352","151.0860852","unreviewed location-only geocode cache match","2000.03.09; 2000.03.09; 2000.03.09; 2000.03.09; 2000.03.09","AI1SAD local legacy incident file; Global Shark Attack File; N-Enzer SharkAttackAnalysis mirror; Ordovas shark-attack mirror; Ordovas cleaned shark-attack mirror","","",""
"pending","incident:1b370edc5eaf789d639e46ef","1b370edc5eaf789d639e46ef","2000","10-Mar-00","AUSTRALIA","New South Wales","Parramatta River","-33.8215352","151.0860852","unreviewed location-only geocode cache match","2000.03.10; 2000.03.10; 2000.03.10; 2000.03.10; 2000.03.10","AI1SAD local legacy incident file; Global Shark Attack File; N-Enzer SharkAttackAnalysis mirror; Ordovas shark-attack mirror; Ordovas cleaned shark-attack mirror","","",""
"pending","incident:10c24092b903e65c7968aaea","10c24092b903e65c7968aaea","2010","18-May-10","AUSTRALIA","New South Wales","Point Plomer","-31.314908","152.9754159","unreviewed location-only geocode cache match","2010.05.18.a; 2010.05.18.a; 2010.05.18.a; 2010.05.18.a; 2010.05.18.a","AI1SAD local legacy incident file; Global Shark Attack File; N-Enzer SharkAttackAnalysis mirror; Ordovas shark-attack mirror; Ordovas cleaned shark-attack mirror","","",""
"pending","incident:c2446734ed1dc81bbc695d55","c2446734ed1dc81bbc695d55","2012","18-Jan-12","AUSTRALIA","New South Wales","Redhead Beach","-33.0151922","151.7190038","unreviewed location-only geocode cache match","2012.01.18.a; 2012.01.18.a; 2012.01.18.a; 2012.01.18.a; 2012.01.18.a; sharks_happen:0458","AI1SAD local legacy incident file; Global Shark Attack File; N-Enzer SharkAttackAnalysis mirror; Ordovas shark-attack mirror; Ordovas cleaned shark-attack mirror; Hal / Sharks Happen Stats","","",""
"pending","incident:a1aaa13d793076f5e19696c0","a1aaa13d793076f5e19696c0","2012","3-Jun-12","AUSTRALIA","New South Wales","Redhead Beach, Newcastle","-33.0151922","151.7190038","unreviewed location-only geocode cache match","2012.06.03; 2012.06.03; 2012.06.03; 2012.06.03; 2012.06.03","AI1SAD local legacy incident file; Global Shark Attack File; N-Enzer SharkAttackAnalysis mirror; Ordovas shark-attack mirror; Ordovas cleaned shark-attack mirror","","",""
"pending","incident:649a8fcad28a059a582293a0","649a8fcad28a059a582293a0","2015","3-May-15","AUSTRALIA","New South Wales","Saltwater Beach","-32.0176315","152.5556329","unreviewed location-only geocode cache match","2015.05.03; 2015.05.03; 2015.05.03; 2015.05.03; 2015.05.03; sharks_happen:0767","AI1SAD local legacy incident file; Global Shark Attack File; N-Enzer SharkAttackAnalysis mirror; Ordovas shark-attack mirror; Ordovas cleaned shark-attack mirror; Hal / Sharks Happen Stats","","",""
"pending","incident:a05602a399b976e873aa8218","a05602a399b976e873aa8218","2007","9-Jan-07","AUSTRALIA","New South Wales","Sandbar Beach","43.2896886","-73.644016","unreviewed location-only geocode cache match","2007.01.09; 2007.01.09; 2007.01.09; 2007.01.09; 2007.01.09","AI1SAD local legacy incident file; Global Shark Attack File; N-Enzer SharkAttackAnalysis mirror; Ordovas shark-attack mirror; Ordovas cleaned shark-attack mirror","","",""
"pending","incident:8a04e2e4a792975cd9361207","8a04e2e4a792975cd9361207","2009","7-Feb-09","AUSTRALIA","New South Wales","Sandon","45.3633299","12.0427975","unreviewed location-only geocode cache match","2009.02.07.a; 2009.02.07.a; 2009.02.07.a; 2009.02.07.a; 2009.02.07.a","AI1SAD local legacy incident file; Global Shark Attack File; N-Enzer SharkAttackAnalysis mirror; Ordovas shark-attack mirror; Ordovas cleaned shark-attack mirror","","",""
"pending","incident:5ed3aea34d432a7cd5f6c98f","5ed3aea34d432a7cd5f6c98f","2008","27-Dec-08","AUSTRALIA","New South Wales","Seal Rocks","37.7783749","-122.5165295","unreviewed location-only geocode cache match","2008.12.27.c; 2008.12.27.c; 2008.12.27.c; 2008.12.27.c; 2008.12.27.c","AI1SAD local legacy incident file; Global Shark Attack File; N-Enzer SharkAttackAnalysis mirror; Ordovas shark-attack mirror; Ordovas cleaned shark-attack mirror","","",""
"pending","incident:e216a6f7500175f2f3dff84b","e216a6f7500175f2f3dff84b","2014","1-Jun-14","AUSTRALIA","New South Wales","Seven Mile Beach, Gerroa","-34.8370606","150.7539819","unreviewed location-only geocode cache match","2014.06.01.b; 2014.06.01.b; 2014.06.01.b; 2014.06.01.b; 2014.06.01.b","AI1SAD local legacy incident file; Global Shark Attack File; N-Enzer SharkAttackAnalysis mirror; Ordovas shark-attack mirror; Ordovas cleaned shark-attack mirror","","",""
"pending","incident:58cf75459643ee73993963b4","58cf75459643ee73993963b4","2009","27-Jun-09","AUSTRALIA","New South Wales","Seven Mile Beach, Gerroa","-34.8370606","150.7539819","unreviewed location-only geocode cache match","2009.06.27; 2009.06.27; 2009.06.27; 2009.06.27; 2009.06.27","AI1SAD local legacy incident file; Global Shark Attack File; N-Enzer SharkAttackAnalysis mirror; Ordovas shark-attack mirror; Ordovas cleaned shark-attack mirror","","",""
"pending","incident:afada63ade5cd82b06134d7e","afada63ade5cd82b06134d7e","2015","9-Feb-15","AUSTRALIA","New South Wales","Shelly Beach","-26.796302","153.1454155","unreviewed location-only geocode cache match","2015.02.09; 2015.02.09; 2015.02.09; 2015.02.09; 2015.02.09; sharks_happen:0484","AI1SAD local legacy incident file; Global Shark Attack File; N-Enzer SharkAttackAnalysis mirror; Ordovas shark-attack mirror; Ordovas cleaned shark-attack mirror; Hal / Sharks Happen Stats","","",""
"pending","incident:78f513a76d5dcf623230a967","78f513a76d5dcf623230a967","2007","3-Feb-07","AUSTRALIA","New South Wales","Shelly Beach","-26.796302","153.1454155","unreviewed location-only geocode cache match","2007.02.03; 2007.02.03; 2007.02.03; 2007.02.03; 2007.02.03","AI1SAD local legacy incident file; Global Shark Attack File; N-Enzer SharkAttackAnalysis mirror; Ordovas shark-attack mirror; Ordovas cleaned shark-attack mirror","","",""
"pending","incident:f7b5b7189aea2c60ce81bfc2","f7b5b7189aea2c60ce81bfc2","2013","25-Aug-2013","AUSTRALIA","New South Wales","Smiths","42.3225125","-90.4309615","unreviewed location-only geocode cache match","2013.08.25; 2013.08.25; 2013.08.25; 2013.08.25; 2013.08.25","AI1SAD local legacy incident file; Global Shark Attack File; N-Enzer SharkAttackAnalysis mirror; Ordovas shark-attack mirror; Ordovas cleaned shark-attack mirror","","",""
"pending","incident:4d6b6e3f810b6dcbbb4b826e","4d6b6e3f810b6dcbbb4b826e","2009","19-Mar-09","AUSTRALIA","New South Wales","South Broulee","-35.8483333","150.1677778","unreviewed location-only geocode cache match","2009.03.19.b; 2009.03.19.b; 2009.03.19.b; 2009.03.19.b; 2009.03.19.b","AI1SAD local legacy incident file; Global Shark Attack File; N-Enzer SharkAttackAnalysis mirror; Ordovas shark-attack mirror; Ordovas cleaned shark-attack mirror","","",""
"pending","incident:3b584a123153057b6c37a6d9","3b584a123153057b6c37a6d9","2007","20-Mar-07","AUSTRALIA","New South Wales","South Golden Beach","-28.4958914","153.547628","unreviewed location-only geocode cache match","2007.03.20; 2007.03.20; 2007.03.20; 2007.03.20; 2007.03.20","AI1SAD local legacy incident file; Global Shark Attack File; N-Enzer SharkAttackAnalysis mirror; Ordovas shark-attack mirror; Ordovas cleaned shark-attack mirror","","",""
"pending","incident:696115014e5924f04de9db9a","696115014e5924f04de9db9a","2013","24-Oct-13","AUSTRALIA","New South Wales","South Narrabeen Beach","-33.7175118","151.3000718","unreviewed location-only geocode cache match","2013.10.24; 2013.10.24; 2013.10.24; 2013.10.24; 2013.10.24","AI1SAD local legacy incident file; Global Shark Attack File; N-Enzer SharkAttackAnalysis mirror; Ordovas shark-attack mirror; Ordovas cleaned shark-attack mirror","","",""
"pending","incident:8f11dc7d739c67ba1cd3c50e","8f11dc7d739c67ba1cd3c50e","2001","Reported 24-Jan-2001","AUSTRALIA","New South Wales","South West Rocks","-30.8943859","153.040677","unreviewed location-only geocode cache match","2001.01.24.R; 2001.01.24.R; 2001.01.24.R; 2001.01.24.R; 2001.01.24.R","AI1SAD local legacy incident file; Global Shark Attack File; N-Enzer SharkAttackAnalysis mirror; Ordovas shark-attack mirror; Ordovas cleaned shark-attack mirror","","",""
"pending","incident:236b3e28b113174ade402d95","236b3e28b113174ade402d95","2004","21-Oct-04","AUSTRALIA","New South Wales","Stockton Beach","-32.8441548","151.8657145","unreviewed location-only geocode cache match","2004.10.21; 2004.10.21; 2004.10.21; 2004.10.21; 2004.10.21; sharks_happen:0218","AI1SAD local legacy incident file; Global Shark Attack File; N-Enzer SharkAttackAnalysis mirror; Ordovas shark-attack mirror; Ordovas cleaned shark-attack mirror; Hal / Sharks Happen Stats","","",""
"pending","incident:95d85b44bbd5526c0662f4cd","95d85b44bbd5526c0662f4cd","2018","15-Feb-18","AUSTRALIA","New South Wales","Surf Beach, Kiama","-34.6763389","150.854559","unreviewed location-only geocode cache match","2018.02.15; 2018.02.15; 2018.02.15; 2018.02.15; 2018.02.15","AI1SAD local legacy incident file; Global Shark Attack File; N-Enzer SharkAttackAnalysis mirror; Ordovas shark-attack mirror; Ordovas cleaned shark-attack mirror","","",""
"pending","incident:263e006df77a213ebe60c835","263e006df77a213ebe60c835","2011","10-Mar-11","AUSTRALIA","New South Wales","Tallow Beach, Byron Bay","-28.6697473","153.6208087","unreviewed location-only geocode cache match","2011.03.10; 2011.03.10; 2011.03.10; 2011.03.10; 2011.03.10","AI1SAD local legacy incident file; Global Shark Attack File; N-Enzer SharkAttackAnalysis mirror; Ordovas shark-attack mirror; Ordovas cleaned shark-attack mirror","","",""
"pending","incident:6ca3e6676b9e7fea0b0c17a3","6ca3e6676b9e7fea0b0c17a3","2008","30-Aug-08","AUSTRALIA","New South Wales","Tallow Beach, Byron Bay","-28.6697473","153.6208087","unreviewed location-only geocode cache match","2008.08.30.c; 2008.08.30.c; 2008.08.30.c; 2008.08.30.c; 2008.08.30.c","AI1SAD local legacy incident file; Global Shark Attack File; N-Enzer SharkAttackAnalysis mirror; Ordovas shark-attack mirror; Ordovas cleaned shark-attack mirror","","",""
"pending","incident:6ac29967e03394141a75d13c","6ac29967e03394141a75d13c","2013","6-Jun-13","AUSTRALIA","New South Wales","Target Beach","-35.0715746","150.7828873","unreviewed location-only geocode cache match","2013.06.06.a; 2013.06.06.a; 2013.06.06.a; 2013.06.06.a; 2013.06.06.a","AI1SAD local legacy incident file; Global Shark Attack File; N-Enzer SharkAttackAnalysis mirror; Ordovas shark-attack mirror; Ordovas cleaned shark-attack mirror","","",""
"pending","incident:78a44680a2e7198cccb0a019","78a44680a2e7198cccb0a019","2014","3-Apr-14","AUSTRALIA","New South Wales","Tathra","-36.7284498","149.9850271","unreviewed location-only geocode cache match","2014.04.03; 2014.04.03; 2014.04.03; 2014.04.03; 2014.04.03; sharks_happen:0598","AI1SAD local legacy incident file; Global Shark Attack File; N-Enzer SharkAttackAnalysis mirror; Ordovas shark-attack mirror; Ordovas cleaned shark-attack mirror; Hal / Sharks Happen Stats","","",""
"pending","incident:23da2c61e2208edb8c9b3990","23da2c61e2208edb8c9b3990","2017","19-Mar-17","AUSTRALIA","New South Wales","The Farm","35.4877251","-87.3366845","unreviewed location-only geocode cache match","2017.03.19; 2017.03.19; 2017.03.19; 2017.03.19; 2017.03.19","AI1SAD local legacy incident file; Global Shark Attack File; N-Enzer SharkAttackAnalysis mirror; Ordovas shark-attack mirror; Ordovas cleaned shark-attack mirror","","",""
"pending","incident:e31e26a2688e6ec3c0ae8a5f","e31e26a2688e6ec3c0ae8a5f","2010","6-Feb-10","AUSTRALIA","New South Wales","Turners' Beach","-41.1605061","146.2429275","unreviewed location-only geocode cache match","2010.02.06.b; 2010.02.06.b; 2010.02.06.b; 2010.02.06.b; 2010.02.06.b","AI1SAD local legacy incident file; Global Shark Attack File; N-Enzer SharkAttackAnalysis mirror; Ordovas shark-attack mirror; Ordovas cleaned shark-attack mirror","","",""
"pending","incident:edef1b6e154f9674b5763b3d","edef1b6e154f9674b5763b3d","2014","26-Jan-14","AUSTRALIA","New South Wales","Umina Beach","-33.5177778","151.3094444","unreviewed location-only geocode cache match","2014.01.26; 2014.01.26; 2014.01.26; 2014.01.26; 2014.01.26","AI1SAD local legacy incident file; Global Shark Attack File; N-Enzer SharkAttackAnalysis mirror; Ordovas shark-attack mirror; Ordovas cleaned shark-attack mirror","","",""
"pending","incident:3e8475ddbb2337631413a65e","3e8475ddbb2337631413a65e","2014","29-Oct-14","AUSTRALIA","New South Wales","Wallabi Point","-31.9902778","152.5633333","unreviewed location-only geocode cache match","2014.10.30; 2014.10.30; 2014.10.30; 2014.10.30; 2014.10.30","AI1SAD local legacy incident file; Global Shark Attack File; N-Enzer SharkAttackAnalysis mirror; Ordovas shark-attack mirror; Ordovas cleaned shark-attack mirror","","",""
"pending","incident:76218981a46931b39ed4da27","76218981a46931b39ed4da27","2000","19-Sep-00","AUSTRALIA","New South Wales","Wollongong","-34.4243941","150.89385","unreviewed location-only geocode cache match","2000.09.18; 2000.09.18; 2000.09.18; 2000.09.18; 2000.09.18","AI1SAD local legacy incident file; Global Shark Attack File; N-Enzer SharkAttackAnalysis mirror; Ordovas shark-attack mirror; Ordovas cleaned shark-attack mirror","","",""
"pending","incident:36c4596acb2f3d3c292fa4e1","36c4596acb2f3d3c292fa4e1","2005","16-Apr-05","AUSTRALIA","Northern Territory","Bremer Island","-12.1067545","136.809181","unreviewed location-only geocode cache match","2005.04.16.b; 2005.04.16.b; 2005.04.16.b; 2005.04.16.b; 2005.04.16.b","AI1SAD local legacy incident file; Global Shark Attack File; N-Enzer SharkAttackAnalysis mirror; Ordovas shark-attack mirror; Ordovas cleaned shark-attack mirror","","",""
"pending","incident:a5fe1f1b6b695ff7876e412c","a5fe1f1b6b695ff7876e412c","2008","12-Oct-08","AUSTRALIA","Northern Territory","Darwin","-12.46044","130.8410469","unreviewed location-only geocode cache match","2008.10.12; 2008.10.12; 2008.10.12; 2008.10.12; 2008.10.12","AI1SAD local legacy incident file; Global Shark Attack File; N-Enzer SharkAttackAnalysis mirror; Ordovas shark-attack mirror; Ordovas cleaned shark-attack mirror","","",""
"pending","incident:8cce1761773fcc115ce4f173","8cce1761773fcc115ce4f173","2002","7-May-02","AUSTRALIA","Northern Territory","Darwin","-12.46044","130.8410469","unreviewed location-only geocode cache match","2002.05.07; 2002.05.07; 2002.05.07; 2002.05.07; 2002.05.07","AI1SAD local legacy incident file; Global Shark Attack File; N-Enzer SharkAttackAnalysis mirror; Ordovas shark-attack mirror; Ordovas cleaned shark-attack mirror","","",""
"pending","incident:fa86694c4a91cd672881a305","fa86694c4a91cd672881a305","2003","Reported 26-Jul-2003","AUSTRALIA","Northern Territory","Nhulunbuy","-12.1804346","136.7759913","unreviewed location-only geocode cache match","2003.07.26.R; 2003.07.26.R; 2003.07.26.R; 2003.07.26.R; 2003.07.26.R","AI1SAD local legacy incident file; Global Shark Attack File; N-Enzer SharkAttackAnalysis mirror; Ordovas shark-attack mirror; Ordovas cleaned shark-attack mirror","","",""
"pending","incident:e945581366709a216b209e8c","e945581366709a216b209e8c","2026","10th January","AUSTRALIA","NSW","Avalon Beach","-33.6365039","151.3290299","unreviewed location-only geocode cache match","","Global Shark Attack File","","",""
"pending","incident:sharks_happen:0481",,"2015","2015-02-21","AUSTRALIA","NSW","Bondi Beach","-33.8906977","151.2724119","unreviewed location-only geocode cache match","sharks_happen:0481","Hal / Sharks Happen Stats","","",""
"pending","incident:sharks_happen:0495",,"2009","2009-02-12","AUSTRALIA","NSW","Bondi Beach","-33.8906977","151.2724119","unreviewed location-only geocode cache match","sharks_happen:0495","Hal / Sharks Happen Stats","","",""
"pending","incident:sharks_happen:0668",,"2015","2015-07-02","AUSTRALIA","NSW","Lighthouse Beach","40.6290808","-73.2211281","unreviewed location-only geocode cache match","sharks_happen:0668","Hal / Sharks Happen Stats","","",""
"pending","incident:sharks_happen:0784",,"2015","2015-11-10","AUSTRALIA","NSW","Lighthouse Beach","40.6290808","-73.2211281","unreviewed location-only geocode cache match","sharks_happen:0784","Hal / Sharks Happen Stats","","",""
"pending","incident:sharks_happen:0776",,"2019","2019-02-04","AUSTRALIA","NSW","North Beach","37.8011749","-122.4090021","unreviewed location-only geocode cache match","sharks_happen:0776","Hal / Sharks Happen Stats","","",""
"pending","incident:e264cb75ed85cb72751c9b85","e264cb75ed85cb72751c9b85","2026","19th January","AUSTRALIA","NSW","North Steyne","-33.7896488","151.2870304","unreviewed location-only geocode cache match","","Global Shark Attack File","","",""
"pending","incident:sharks_happen:0578",,"2020","2020-08-14","AUSTRALIA","NSW","Shelly Beach","-26.796302","153.1454155","unreviewed location-only geocode cache match","sharks_happen:0578","Hal / Sharks Happen Stats","","",""
"pending","incident:sharks_happen:0134",,"2000","2000-09-25","AUSTRALIA","Penong","Cactus Beach","35.3670152","24.4932942","unreviewed location-only geocode cache match","sharks_happen:0134","Hal / Sharks Happen Stats","","",""
"pending","incident:sharks_happen:0052",,"2000","2000-11-06","AUSTRALIA","Perth","Cottesloe Beach","-31.9953965","115.7511955","unreviewed location-only geocode cache match","sharks_happen:0052","Hal / Sharks Happen Stats","","",""
"pending","incident:sharks_happen:0051",,"2000","2000-11-06","AUSTRALIA","Perth","Cottesloe Beach","-31.9953965","115.7511955","unreviewed location-only geocode cache match","sharks_happen:0051","Hal / Sharks Happen Stats","","",""
"pending","incident:sharks_happen:0736",,"2000","2000-02-01","AUSTRALIA","Point Sinclair","Cactus Beach","35.3670152","24.4932942","unreviewed location-only geocode cache match","sharks_happen:0736","Hal / Sharks Happen Stats","","",""
"pending","incident:9857a7f47065361e032fbca2","9857a7f47065361e032fbca2","2010","27-Jan-10","AUSTRALIA","Queensland","Archie's Beach","33.8538099","-78.6522519","unreviewed location-only geocode cache match","2010.01.27; 2010.01.27; 2010.01.27; 2010.01.27; 2010.01.27","AI1SAD local legacy incident file; Global Shark Attack File; N-Enzer SharkAttackAnalysis mirror; Ordovas shark-attack mirror; Ordovas cleaned shark-attack mirror","","",""
"pending","incident:91bcfeb039f92a306d3ecc6b","91bcfeb039f92a306d3ecc6b","2009","22-Feb-09","AUSTRALIA","Queensland","Batt Reef","-16.4131174","145.7691578","unreviewed location-only geocode cache match","2009.02.22; 2009.02.22; 2009.02.22; 2009.02.22; 2009.02.22","AI1SAD local legacy incident file; Global Shark Attack File; N-Enzer SharkAttackAnalysis mirror; Ordovas shark-attack mirror; Ordovas cleaned shark-attack mirror","","",""
"pending","incident:ff8baeca10d162c2c7e0093b","ff8baeca10d162c2c7e0093b","2004","25-Sep-04","AUSTRALIA","Queensland","Batt Reef","-16.4131174","145.7691578","unreviewed location-only geocode cache match","2004.09.25; 2004.09.25; 2004.09.25; 2004.09.25; 2004.09.25","AI1SAD local legacy incident file; Global Shark Attack File; N-Enzer SharkAttackAnalysis mirror; Ordovas shark-attack mirror; Ordovas cleaned shark-attack mirror","","",""
"pending","incident:a8b21e5e244f0eabc5cc2a8f","a8b21e5e244f0eabc5cc2a8f","2011","Reported 28-Feb-2011","AUSTRALIA","Queensland","Between","33.8176114","-83.8074003","unreviewed location-only geocode cache match","2011.02.28.R; 2011.02.28.R; 2011.02.28.R; 2011.02.28.R; 2011.02.28.R","AI1SAD local legacy incident file; Global Shark Attack File; N-Enzer SharkAttackAnalysis mirror; Ordovas shark-attack mirror; Ordovas cleaned shark-attack mirror","","",""
"pending","incident:c1b40f50b46dffe57b93a5d7","c1b40f50b46dffe57b93a5d7","2005","26-Feb-05","AUSTRALIA","Queensland","Brisbane River","-27.1609698","152.5361974","unreviewed location-only geocode cache match","2005.02.26; 2005.02.26; 2005.02.26; 2005.02.26; 2005.02.26","AI1SAD local legacy incident file; Global Shark Attack File; N-Enzer SharkAttackAnalysis mirror; Ordovas shark-attack mirror; Ordovas cleaned shark-attack mirror","","",""
"pending","incident:83462d61dd3563556b9a9ef7","83462d61dd3563556b9a9ef7","2018","24-May-18","AUSTRALIA","Queensland","Cairns Aquarium","-16.9186197","145.7736162","unreviewed location-only geocode cache match","2018.05.24; 2018.05.24; 2018.05.24; 2018.05.24; 2018.05.24","AI1SAD local legacy incident file; Global Shark Attack File; N-Enzer SharkAttackAnalysis mirror; Ordovas shark-attack mirror; Ordovas cleaned shark-attack mirror","","",""
"pending","incident:bab3cac452dca7becd27bef6","bab3cac452dca7becd27bef6","2017","13-Jan-17","AUSTRALIA","Queensland","Clairview","-22.055728","149.4697255","unreviewed location-only geocode cache match","2017.01.13.b; 2017.01.13.b; 2017.01.13.b; 2017.01.13.b; 2017.01.13.b","AI1SAD local legacy incident file; Global Shark Attack File; N-Enzer SharkAttackAnalysis mirror; Ordovas shark-attack mirror; Ordovas cleaned shark-attack mirror","","",""
"pending","incident:86d3bd069cf09fdad9b1c004","86d3bd069cf09fdad9b1c004","2010","13-Feb-10","AUSTRALIA","Queensland","Dent Island, Whitsundays","-20.3592389","148.9328433","unreviewed location-only geocode cache match","2010.02.13; 2010.02.13; 2010.02.13; 2010.02.13; 2010.02.13","AI1SAD local legacy incident file; Global Shark Attack File; N-Enzer SharkAttackAnalysis mirror; Ordovas shark-attack mirror; Ordovas cleaned shark-attack mirror","","",""
"pending","incident:bda49c43cdb3c8d125da4962","bda49c43cdb3c8d125da4962","2012","2-Jan-12","AUSTRALIA","Queensland","Duranbah","-28.3069529","153.5218903","unreviewed location-only geocode cache match","2012.01.02; 2012.01.02; 2012.01.02; 2012.01.02; 2012.01.02","AI1SAD local legacy incident file; Global Shark Attack File; N-Enzer SharkAttackAnalysis mirror; Ordovas shark-attack mirror; Ordovas cleaned shark-attack mirror","","",""
"pending","incident:823ccd062edc05010b9426c6","823ccd062edc05010b9426c6","2017","17-Feb-17","AUSTRALIA","Queensland","Eva Rock","34.6592168","-92.3583802","unreviewed location-only geocode cache match","2017.02.17; 2017.02.17; 2017.02.17; 2017.02.17; 2017.02.17","AI1SAD local legacy incident file; Global Shark Attack File; N-Enzer SharkAttackAnalysis mirror; Ordovas shark-attack mirror; Ordovas cleaned shark-attack mirror","","",""
"pending","incident:08654494ca320f094648d0c7","08654494ca320f094648d0c7","2020","13-Jul-2020","AUSTRALIA","Queensland","Fitzroy Island","-16.9312865","145.9945627","unreviewed location-only geocode cache match","2020.07.13","Global Shark Attack File","","",""
"pending","incident:ce0cb71f33e127f0d079fbd2","ce0cb71f33e127f0d079fbd2","2020","04-Jul-2020","AUSTRALIA","Queensland","Fraser Island","-25.24672","153.1468044","unreviewed location-only geocode cache match","2020.07.04","Global Shark Attack File","","",""
"pending","incident:160d01d11b5916e3b827969f","160d01d11b5916e3b827969f","2020","17-Sep-2020","AUSTRALIA","Queensland","Fraser Island","-25.24672","153.1468044","unreviewed location-only geocode cache match","2020.09.17","Global Shark Attack File","","",""
"pending","incident:b01a3d1970e48379f561e1d0","b01a3d1970e48379f561e1d0","2006","13-Feb-06","AUSTRALIA","Queensland","Golden Beach, Caloundra","-26.8156844","153.1197588","unreviewed location-only geocode cache match","2006.02.13; 2006.02.13; 2006.02.13; 2006.02.13; 2006.02.13","AI1SAD local legacy incident file; Global Shark Attack File; N-Enzer SharkAttackAnalysis mirror; Ordovas shark-attack mirror; Ordovas cleaned shark-attack mirror","","",""
"pending","incident:cf2df2e0aa4d4fceb6c22909","cf2df2e0aa4d4fceb6c22909","2016","Reported 11-Jan-2016","AUSTRALIA","Queensland","Happy Valley Beach, Caloundra","-26.806504","153.1383121","unreviewed location-only geocode cache match","2016.01.11.R; 2016.01.11.R; 2016.01.11.R; 2016.01.11.R; 2016.01.11.R","AI1SAD local legacy incident file; Global Shark Attack File; N-Enzer SharkAttackAnalysis mirror; Ordovas shark-attack mirror; Ordovas cleaned shark-attack mirror","","",""
"pending","incident:5206306c28edcd3d67d0a73a","5206306c28edcd3d67d0a73a","2016","5-Jan-16","AUSTRALIA","Queensland","Heron Island","47.9956883","-66.144945","unreviewed location-only geocode cache match","2016.01.05; 2016.01.05; 2016.01.05; 2016.01.05; 2016.01.05","AI1SAD local legacy incident file; Global Shark Attack File; N-Enzer SharkAttackAnalysis mirror; Ordovas shark-attack mirror; Ordovas cleaned shark-attack mirror","","",""
"pending","incident:86a79810a5c66a234ad9c2a0","86a79810a5c66a234ad9c2a0","2007","13-Oct-07","AUSTRALIA","Queensland","Holmes Reef","-16.467832","148.0781842","unreviewed location-only geocode cache match","2007.10.13; 2007.10.13; 2007.10.13; 2007.10.13; 2007.10.13","AI1SAD local legacy incident file; Global Shark Attack File; N-Enzer SharkAttackAnalysis mirror; Ordovas shark-attack mirror; Ordovas cleaned shark-attack mirror","","",""
"pending","incident:6c710813397574adfc00196b","6c710813397574adfc00196b","2016","15-Oct-16","AUSTRALIA","Queensland","Kings Beach, Caloundra","-26.8046321","153.1408585","unreviewed location-only geocode cache match","2016.10.15; 2016.10.15; 2016.10.15; 2016.10.15; 2016.10.15","AI1SAD local legacy incident file; Global Shark Attack File; N-Enzer SharkAttackAnalysis mirror; Ordovas shark-attack mirror; Ordovas cleaned shark-attack mirror","","",""
"pending","incident:6acf5f3bface04aaa7d553e9","6acf5f3bface04aaa7d553e9","2018","14-Jan-18","AUSTRALIA","Queensland","Lizard Island","-14.6683188","145.4609161","unreviewed location-only geocode cache match","2018.01.14; 2018.01.14; 2018.01.14; 2018.01.14; 2018.01.14","AI1SAD local legacy incident file; Global Shark Attack File; N-Enzer SharkAttackAnalysis mirror; Ordovas shark-attack mirror; Ordovas cleaned shark-attack mirror","","",""
"pending","incident:b6ead321eec7b47224df0a6c","b6ead321eec7b47224df0a6c","2017","Reported 31-Oct-2017","AUSTRALIA","Queensland","Magnetic Island","-19.1421421","146.8335486","unreviewed location-only geocode cache match","2017.10.31.R; 2017.10.31.R; 2017.10.31.R; 2017.10.31.R; 2017.10.31.R","AI1SAD local legacy incident file; Global Shark Attack File; N-Enzer SharkAttackAnalysis mirror; Ordovas shark-attack mirror; Ordovas cleaned shark-attack mirror","","",""
"pending","incident:ef2c6aafd60699589712ce3b","ef2c6aafd60699589712ce3b","2000","30-Mar-00","AUSTRALIA","Queensland","Main Beach, Gold Coast","-27.9787768","153.4271228","unreviewed location-only geocode cache match","2000.03.30; 2000.03.30; 2000.03.30; 2000.03.30; 2000.03.30","AI1SAD local legacy incident file; Global Shark Attack File; N-Enzer SharkAttackAnalysis mirror; Ordovas shark-attack mirror; Ordovas cleaned shark-attack mirror","","",""
"pending","incident:d2446ca26070871a33b3820e","d2446ca26070871a33b3820e","2016","2-Jan-16","AUSTRALIA","Queensland","Miall Island","-23.1527477","150.9054624","unreviewed location-only geocode cache match","2016.01.02; 2016.01.02; 2016.01.02; 2016.01.02; 2016.01.02; sharks_happen:0823","AI1SAD local legacy incident file; Global Shark Attack File; N-Enzer SharkAttackAnalysis mirror; Ordovas shark-attack mirror; Ordovas cleaned shark-attack mirror; Hal / Sharks Happen Stats","","",""
"pending","incident:c4690158d9a014de6e41a27f","c4690158d9a014de6e41a27f","2002","16-Dec-02","AUSTRALIA","Queensland","Miami Lake","-28.0769011","153.4359567","unreviewed location-only geocode cache match","2002.12.16; 2002.12.16; 2002.12.16; 2002.12.16; 2002.12.16","AI1SAD local legacy incident file; Global Shark Attack File; N-Enzer SharkAttackAnalysis mirror; Ordovas shark-attack mirror; Ordovas cleaned shark-attack mirror","","",""
"pending","incident:30627972bef3c58f6301101b","30627972bef3c58f6301101b","2006","2-May-06","AUSTRALIA","Queensland","Moffat Beach, Caloundra","-26.7932329","153.1413962","unreviewed location-only geocode cache match","2006.05.02; 2006.05.02; 2006.05.02; 2006.05.02; 2006.05.02","AI1SAD local legacy incident file; Global Shark Attack File; N-Enzer SharkAttackAnalysis mirror; Ordovas shark-attack mirror; Ordovas cleaned shark-attack mirror","","",""
"pending","incident:96ca52895aa800b7c7a349a0","96ca52895aa800b7c7a349a0","2017","2-Apr-17","AUSTRALIA","Queensland","Moreton Bay","-27.2397819","153.2539994","unreviewed location-only geocode cache match","2017.04.02.b; 2017.04.02.b; 2017.04.02.b; 2017.04.02.b; 2017.04.02.b","AI1SAD local legacy incident file; Global Shark Attack File; N-Enzer SharkAttackAnalysis mirror; Ordovas shark-attack mirror; Ordovas cleaned shark-attack mirror","","",""
"pending","incident:947eff666596bbfe69bb42ef","947eff666596bbfe69bb42ef","2001","30-Sep-01","AUSTRALIA","Queensland","Moreton Bay, NE of Brisbane","-27.4293024","153.0854295","unreviewed location-only geocode cache match","2001.09.30.a; 2001.09.30.a; 2001.09.30.a; 2001.09.30.a; 2001.09.30.a","AI1SAD local legacy incident file; Global Shark Attack File; N-Enzer SharkAttackAnalysis mirror; Ordovas shark-attack mirror; Ordovas cleaned shark-attack mirror","","",""
"pending","incident:1e11b874d593e56c3a332407","1e11b874d593e56c3a332407","2009","20-Dec-09","AUSTRALIA","Queensland","Mudjimba Island","-26.6146824","153.1147405","unreviewed location-only geocode cache match","2009.12.20.b; 2009.12.20.b; 2009.12.20.b; 2009.12.20.b; 2009.12.20.b","AI1SAD local legacy incident file; Global Shark Attack File; N-Enzer SharkAttackAnalysis mirror; Ordovas shark-attack mirror; Ordovas cleaned shark-attack mirror","","",""
"pending","incident:38be3d46f26de3891cfc829e","38be3d46f26de3891cfc829e","2012","20-Mar-12","AUSTRALIA","Queensland","Nobby's Beach","-31.4463697","152.9294969","unreviewed location-only geocode cache match","2012.03.20; 2012.03.20; 2012.03.20; 2012.03.20; 2012.03.20","AI1SAD local legacy incident file; Global Shark Attack File; N-Enzer SharkAttackAnalysis mirror; Ordovas shark-attack mirror; Ordovas cleaned shark-attack mirror","","",""
"pending","incident:69f916002c7b954fb5ba26b5","69f916002c7b954fb5ba26b5","2013","25-Jan-13","AUSTRALIA","Queensland","Noosa","-26.3182442","152.9307975","unreviewed location-only geocode cache match","2013.01.25; 2013.01.25; 2013.01.25; 2013.01.25; 2013.01.25","AI1SAD local legacy incident file; Global Shark Attack File; N-Enzer SharkAttackAnalysis mirror; Ordovas shark-attack mirror; Ordovas cleaned shark-attack mirror","","",""
"pending","incident:676e26bf3b7d0b00f7dd6a8c","676e26bf3b7d0b00f7dd6a8c","2004","11-Dec-04","AUSTRALIA","Queensland","Opal Reef","-16.2251061","145.8979183","unreviewed location-only geocode cache match","2004.12.11; 2004.12.11; 2004.12.11; 2004.12.11; 2004.12.11","AI1SAD local legacy incident file; Global Shark Attack File; N-Enzer SharkAttackAnalysis mirror; Ordovas shark-attack mirror; Ordovas cleaned shark-attack mirror","","",""
"pending","incident:39914b15214dd37fc8014ca8","39914b15214dd37fc8014ca8","2000","21-Nov-00","AUSTRALIA","Queensland","Orpheus Island","-18.6175881","146.4953266","unreviewed location-only geocode cache match","2000.11.21; 2000.11.21; 2000.11.21; 2000.11.21; 2000.11.21","AI1SAD local legacy incident file; Global Shark Attack File; N-Enzer SharkAttackAnalysis mirror; Ordovas shark-attack mirror; Ordovas cleaned shark-attack mirror","","",""
"pending","incident:3d8692bfd8747b9d6698e707","3d8692bfd8747b9d6698e707","2016","4-Jul-16","AUSTRALIA","Queensland","Palm Cove","-16.747201","145.668545","unreviewed location-only geocode cache match","2016.07.04; 2016.07.04; 2016.07.04; 2016.07.04; 2016.07.04","AI1SAD local legacy incident file; Global Shark Attack File; N-Enzer SharkAttackAnalysis mirror; Ordovas shark-attack mirror; Ordovas cleaned shark-attack mirror","","",""
"pending","incident:ee4cd2dbbecc5a0384f69061","ee4cd2dbbecc5a0384f69061","2000","29-Oct-00","AUSTRALIA","Queensland","Peel Island","-27.4999576","153.3523513","unreviewed location-only geocode cache match","2000.10.29; 2000.10.29; 2000.10.29; 2000.10.29; 2000.10.29; sharks_happen:0734","AI1SAD local legacy incident file; Global Shark Attack File; N-Enzer SharkAttackAnalysis mirror; Ordovas shark-attack mirror; Ordovas cleaned shark-attack mirror; Hal / Sharks Happen Stats","","",""
"pending","incident:28489d7cc92573a53f97c12b","28489d7cc92573a53f97c12b","2011","28-Nov-11","AUSTRALIA","Queensland","Peregian","-26.4949465","153.0681201","unreviewed location-only geocode cache match","2011.11.28; 2011.11.28; 2011.11.28; 2011.11.28; 2011.11.28","AI1SAD local legacy incident file; Global Shark Attack File; N-Enzer SharkAttackAnalysis mirror; Ordovas shark-attack mirror; Ordovas cleaned shark-attack mirror","","",""
"pending","incident:c98385ee5b45c672929fd027","c98385ee5b45c672929fd027","2006","12-Feb-06","AUSTRALIA","Queensland","Point Vernon, Hervey Bay","-25.2566045","152.8128281","unreviewed location-only geocode cache match","2006.02.12.b; 2006.02.12.b; 2006.02.12.b; 2006.02.12.b; 2006.02.12.b","AI1SAD local legacy incident file; Global Shark Attack File; N-Enzer SharkAttackAnalysis mirror; Ordovas shark-attack mirror; Ordovas cleaned shark-attack mirror","","",""
"pending","incident:887168d1c3f39c5ec286a018","887168d1c3f39c5ec286a018","2007","15-Dec-07","AUSTRALIA","Queensland","South Stradbroke Island","-27.8357175","153.4192648","unreviewed location-only geocode cache match","2007.12.15; 2007.12.15; 2007.12.15; 2007.12.15; 2007.12.15","AI1SAD local legacy incident file; Global Shark Attack File; N-Enzer SharkAttackAnalysis mirror; Ordovas shark-attack mirror; Ordovas cleaned shark-attack mirror","","",""
"pending","incident:9418e65eee9ccbdad06dc51d","9418e65eee9ccbdad06dc51d","2016","5-Feb-16","AUSTRALIA","Queensland","Stradbroke Island","-27.8357175","153.4192648","unreviewed location-only geocode cache match","2016.02.05; 2016.02.05; 2016.02.05; 2016.02.05; 2016.02.05","AI1SAD local legacy incident file; Global Shark Attack File; N-Enzer SharkAttackAnalysis mirror; Ordovas shark-attack mirror; Ordovas cleaned shark-attack mirror","","",""
"pending","incident:270212296706500b53f135d5","270212296706500b53f135d5","2011","13-Feb-11","AUSTRALIA","Queensland","Sunshine Beach","-26.4051292","153.1117838","unreviewed location-only geocode cache match","2011.02.13; 2011.02.13; 2011.02.13; 2011.02.13; 2011.02.13","AI1SAD local legacy incident file; Global Shark Attack File; N-Enzer SharkAttackAnalysis mirror; Ordovas shark-attack mirror; Ordovas cleaned shark-attack mirror","","",""
"pending","incident:3d1da79765ba98312217d842","3d1da79765ba98312217d842","2002","16-Feb-02","AUSTRALIA","Queensland","Sunshine Beach","-26.4051292","153.1117838","unreviewed location-only geocode cache match","2002.02.16; 2002.02.16; 2002.02.16; 2002.02.16; 2002.02.16","AI1SAD local legacy incident file; Global Shark Attack File; N-Enzer SharkAttackAnalysis mirror; Ordovas shark-attack mirror; Ordovas cleaned shark-attack mirror","","",""
"pending","incident:1991c2f92bbf509dd0856a37","1991c2f92bbf509dd0856a37","2002","20-Jun-02","AUSTRALIA","Queensland","Sunshine Beach","-26.4051292","153.1117838","unreviewed location-only geocode cache match","2002.06.20.b; 2002.06.20.b; 2002.06.20.b; 2002.06.20.b; 2002.06.20.b","AI1SAD local legacy incident file; Global Shark Attack File; N-Enzer SharkAttackAnalysis mirror; Ordovas shark-attack mirror; Ordovas cleaned shark-attack mirror","","",""
"pending","incident:71a6f25e638dea2f0b9c94ee","71a6f25e638dea2f0b9c94ee","2010","10-Aug-10","AUSTRALIA","Queensland","Three Mile Creek, Townsville","-19.3055497","146.6888496","unreviewed location-only geocode cache match","2010.08.10.b; 2010.08.10.b; 2010.08.10.b; 2010.08.10.b; 2010.08.10.b","AI1SAD local legacy incident file; Global Shark Attack File; N-Enzer SharkAttackAnalysis mirror; Ordovas shark-attack mirror; Ordovas cleaned shark-attack mirror","","",""
"pending","incident:9f9db66a7c821a8923623c12","9f9db66a7c821a8923623c12","2017","Reported 06-May-2017","AUSTRALIA","Queensland","Weipa","-12.6386641","141.8710861","unreviewed location-only geocode cache match","2017.05.06.R; 2017.05.06.R; 2017.05.06.R; 2017.05.06.R; 2017.05.06.R","AI1SAD local legacy incident file; Global Shark Attack File; N-Enzer SharkAttackAnalysis mirror; Ordovas shark-attack mirror; Ordovas cleaned shark-attack mirror","","",""
"pending","incident:69ea281413cdef411d1c35a1","69ea281413cdef411d1c35a1","2012","6-Feb-12","AUSTRALIA","Queensland","Wurtulla","-26.755654","153.1280208","unreviewed location-only geocode cache match","2012.02.06; 2012.02.06; 2012.02.06; 2012.02.06; 2012.02.06","AI1SAD local legacy incident file; Global Shark Attack File; N-Enzer SharkAttackAnalysis mirror; Ordovas shark-attack mirror; Ordovas cleaned shark-attack mirror","","",""
"pending","incident:sharks_happen:0095",,"2016","2016-12-30","AUSTRALIA","Queensland","Yeppoon","-23.1348035","150.7436625","unreviewed location-only geocode cache match","sharks_happen:0095","Hal / Sharks Happen Stats","","",""
"pending","incident:542d9d138f13defaaecdd8de","542d9d138f13defaaecdd8de","2001","21-Jan-01","AUSTRALIA","South Australia","Adelaide","-34.9281805","138.5999312","unreviewed location-only geocode cache match","2001.01.21; 2001.01.21; 2001.01.21; 2001.01.21; 2001.01.21","AI1SAD local legacy incident file; Global Shark Attack File; N-Enzer SharkAttackAnalysis mirror; Ordovas shark-attack mirror; Ordovas cleaned shark-attack mirror","","",""
"pending","incident:6f643bf2ceae8ed0f0338502","6f643bf2ceae8ed0f0338502","2006","12-Feb-06","AUSTRALIA","South Australia","Brighton Beach, Adelaide","-35.2798872","138.4606929","unreviewed location-only geocode cache match","2006.02.12.a; 2006.02.12.a; 2006.02.12.a; 2006.02.12.a; 2006.02.12.a","AI1SAD local legacy incident file; Global Shark Attack File; N-Enzer SharkAttackAnalysis mirror; Ordovas shark-attack mirror; Ordovas cleaned shark-attack mirror","","",""
"pending","incident:06b8bfb906f1b9c82af8293b","06b8bfb906f1b9c82af8293b","2015","25-Apr-15","AUSTRALIA","South Australia","Fishery Bay","41.6578797","-82.8260279","unreviewed location-only geocode cache match","2015.04.25; 2015.04.25; 2015.04.25; 2015.04.25; 2015.04.25","AI1SAD local legacy incident file; Global Shark Attack File; N-Enzer SharkAttackAnalysis mirror; Ordovas shark-attack mirror; Ordovas cleaned shark-attack mirror","","",""
"pending","incident:bf92db4e4d8e1a748598370b","bf92db4e4d8e1a748598370b","2005","4-Sep-05","AUSTRALIA","South Australia","Fishery Bay, Eyre Peninsula","-34.8617647","135.6835971","unreviewed location-only geocode cache match","2005.09.04.a; 2005.09.04.a; 2005.09.04.a; 2005.09.04.a; 2005.09.04.a","AI1SAD local legacy incident file; Global Shark Attack File; N-Enzer SharkAttackAnalysis mirror; Ordovas shark-attack mirror; Ordovas cleaned shark-attack mirror","","",""
"pending","incident:f5dd0f977c46a4fe8e3568c0","f5dd0f977c46a4fe8e3568c0","2005","24-Aug-05","AUSTRALIA","South Australia","Glenelg","-34.9803673","138.5143342","unreviewed location-only geocode cache match","2005.08.24.b; 2005.08.24.b; 2005.08.24.b; 2005.08.24.b; 2005.08.24.b","AI1SAD local legacy incident file; Global Shark Attack File; N-Enzer SharkAttackAnalysis mirror; Ordovas shark-attack mirror; Ordovas cleaned shark-attack mirror","","",""
"pending","incident:02cf9bd88ec7dfef51d32a69","02cf9bd88ec7dfef51d32a69","2014","8-Feb-14","AUSTRALIA","South Australia","Goldsmith Beach, Yorke Peninsula","-35.0670499","137.6877292","unreviewed location-only geocode cache match","2014.02.08; 2014.02.08; 2014.02.08; 2014.02.08; 2014.02.08","AI1SAD local legacy incident file; Global Shark Attack File; N-Enzer SharkAttackAnalysis mirror; Ordovas shark-attack mirror; Ordovas cleaned shark-attack mirror","","",""
"pending","incident:6b0556dcedf4da034e61a82f","6b0556dcedf4da034e61a82f","2025","7th October","AUSTRALIA","South Australia","Kangaroo Island","-35.8182635","137.1566125","unreviewed location-only geocode cache match","","Global Shark Attack File","","",""
"pending","incident:2fbba1f1400f97d30acb8d09","2fbba1f1400f97d30acb8d09","2005","24-Sep-05","AUSTRALIA","South Australia","Kangaroo Island","-35.8182635","137.1566125","unreviewed location-only geocode cache match","2005.09.24; 2005.09.24; 2005.09.24; 2005.09.24; 2005.09.24","AI1SAD local legacy incident file; Global Shark Attack File; N-Enzer SharkAttackAnalysis mirror; Ordovas shark-attack mirror; Ordovas cleaned shark-attack mirror","","",""
"pending","incident:c92c69995292d95229514122","c92c69995292d95229514122","2017","22-Oct-17","AUSTRALIA","South Australia","Normanville","49.6948768","0.5941406","unreviewed location-only geocode cache match","2017.10.22; 2017.10.22; 2017.10.22; 2017.10.22; 2017.10.22","AI1SAD local legacy incident file; Global Shark Attack File; N-Enzer SharkAttackAnalysis mirror; Ordovas shark-attack mirror; Ordovas cleaned shark-attack mirror","","",""
"pending","incident:7c9fd7650635d1b977282e5e","7c9fd7650635d1b977282e5e","2008","9-Nov-08","AUSTRALIA","South Australia","North Haven","41.0128704","-72.3129721","unreviewed location-only geocode cache match","2008.11.09.b; 2008.11.09.b; 2008.11.09.b; 2008.11.09.b; 2008.11.09.b","AI1SAD local legacy incident file; Global Shark Attack File; N-Enzer SharkAttackAnalysis mirror; Ordovas shark-attack mirror; Ordovas cleaned shark-attack mirror","","",""
"pending","incident:9707f014d17a6c0010230f83","9707f014d17a6c0010230f83","2006","29-Aug-06","AUSTRALIA","South Australia","Pennington Bay, Kangaroo Island","-35.8497012","137.7505022","unreviewed location-only geocode cache match","2006.08.29.a; 2006.08.29.a; 2006.08.29.a; 2006.08.29.a; 2006.08.29.a","AI1SAD local legacy incident file; Global Shark Attack File; N-Enzer SharkAttackAnalysis mirror; Ordovas shark-attack mirror; Ordovas cleaned shark-attack mirror","","",""
"pending","incident:f64e2751bf0d5e2baccbf2e2","f64e2751bf0d5e2baccbf2e2","2009","8-Nov-09","AUSTRALIA","South Australia","Second Valley","-35.5146849","138.2192418","unreviewed location-only geocode cache match","2009.11.08; 2009.11.08; 2009.11.08; 2009.11.08; 2009.11.08","AI1SAD local legacy incident file; Global Shark Attack File; N-Enzer SharkAttackAnalysis mirror; Ordovas shark-attack mirror; Ordovas cleaned shark-attack mirror","","",""
"pending","incident:89922e834dbd71e606982ad3","89922e834dbd71e606982ad3","2023","31 Oct-2023","AUSTRALIA","South Australia","Streaky Bay","-32.7380424","134.6157973","unreviewed location-only geocode cache match","","Global Shark Attack File","","",""
"pending","incident:0907358c015d5b22d2f026ad","0907358c015d5b22d2f026ad","2012","31-Jul-12","AUSTRALIA","South Australia","Streaky Bay","-32.7380424","134.6157973","unreviewed location-only geocode cache match","2012.07.31.a; 2012.07.31.a; 2012.07.31.a; 2012.07.31.a; 2012.07.31.a; sharks_happen:0663","AI1SAD local legacy incident file; Global Shark Attack File; N-Enzer SharkAttackAnalysis mirror; Ordovas shark-attack mirror; Ordovas cleaned shark-attack mirror; Hal / Sharks Happen Stats","","",""
"pending","incident:60db97594b88e2e62d2d2d1f","60db97594b88e2e62d2d2d1f","2006","5-Jun-06","AUSTRALIA","South Australia","Waitpinga","-35.5971658","138.5133742","unreviewed location-only geocode cache match","2006.06.05; 2006.06.05; 2006.06.05; 2006.06.05; 2006.06.05","AI1SAD local legacy incident file; Global Shark Attack File; N-Enzer SharkAttackAnalysis mirror; Ordovas shark-attack mirror; Ordovas cleaned shark-attack mirror","","",""
"pending","incident:02ff7640b11fc5d3b0016e0d","02ff7640b11fc5d3b0016e0d","2004","16-Dec-04","AUSTRALIA","South Australia","West Beach, Adelaide","-34.9451586","138.5091364","unreviewed location-only geocode cache match","2004.12.16; 2004.12.16; 2004.12.16; 2004.12.16; 2004.12.16","AI1SAD local legacy incident file; Global Shark Attack File; N-Enzer SharkAttackAnalysis mirror; Ordovas shark-attack mirror; Ordovas cleaned shark-attack mirror","","",""
"pending","incident:456ec40969366e41e1c28fb0","456ec40969366e41e1c28fb0","2016","Reported 03-Mar-2016","AUSTRALIA","South Australia","Wrights Bay","45.1586226","-79.7462653","unreviewed location-only geocode cache match","2016.03.03.R; 2016.03.03.R; 2016.03.03.R; 2016.03.03.R; 2016.03.03.R","AI1SAD local legacy incident file; Global Shark Attack File; N-Enzer SharkAttackAnalysis mirror; Ordovas shark-attack mirror; Ordovas cleaned shark-attack mirror","","",""
"pending","incident:sharks_happen:0721",,"2015","2015-05-22","AUSTRALIA","Sydney","Lighthouse Beach","40.6290808","-73.2211281","unreviewed location-only geocode cache match","sharks_happen:0721","Hal / Sharks Happen Stats","","",""
"pending","incident:f8e0d831592bab49b7f4d02f","f8e0d831592bab49b7f4d02f","2009","11-Jan-09","AUSTRALIA","Tasmania","Binalong Bay","-41.24899","148.31215","unreviewed location-only geocode cache match","2009.01.11.b; 2009.01.11.b; 2009.01.11.b; 2009.01.11.b; 2009.01.11.b","AI1SAD local legacy incident file; Global Shark Attack File; N-Enzer SharkAttackAnalysis mirror; Ordovas shark-attack mirror; Ordovas cleaned shark-attack mirror","","",""
"pending","incident:c006f14e8ed5e287dfd73807","c006f14e8ed5e287dfd73807","2016","23-Jul-16","AUSTRALIA","Tasmania","Clifton Beach","-42.9899255","147.5234993","unreviewed location-only geocode cache match","2016.07.23.b; 2016.07.23.b; 2016.07.23.b; 2016.07.23.b; 2016.07.23.b","AI1SAD local legacy incident file; Global Shark Attack File; N-Enzer SharkAttackAnalysis mirror; Ordovas shark-attack mirror; Ordovas cleaned shark-attack mirror","","",""
"pending","incident:a178d772697dc064541b5400","a178d772697dc064541b5400","2012","22-Jun-12","AUSTRALIA","Tasmania","South Cape Bay","-43.6212171","146.794109","unreviewed location-only geocode cache match","2012.06.22.b; 2012.06.22.b; 2012.06.22.b; 2012.06.22.b; 2012.06.22.b","AI1SAD local legacy incident file; Global Shark Attack File; N-Enzer SharkAttackAnalysis mirror; Ordovas shark-attack mirror; Ordovas cleaned shark-attack mirror","","",""
"pending","incident:3b5bf14c7c0497a826f37371","3b5bf14c7c0497a826f37371","2007","19-Jul-2007.a","AUSTRALIA","Territory of Cocos (Keeling) Islands","Direction Island","-21.5339382","115.1305021","unreviewed location-only geocode cache match","2007.07.19.a; 2007.07.19.a; 2007.07.19.a; 2007.07.19.a; 2007.07.19.a","AI1SAD local legacy incident file; Global Shark Attack File; N-Enzer SharkAttackAnalysis mirror; Ordovas shark-attack mirror; Ordovas cleaned shark-attack mirror","","",""
"pending","incident:2f44544a3650b666818f8db4","2f44544a3650b666818f8db4","2010","9-Jan-10","AUSTRALIA","Torres Strait","Thursday Island","-10.5786459","142.2189206","unreviewed location-only geocode cache match","2010.01.09.d; 2010.01.09.d; 2010.01.09.d; 2010.01.09.d; 2010.01.09.d","AI1SAD local legacy incident file; Global Shark Attack File; N-Enzer SharkAttackAnalysis mirror; Ordovas shark-attack mirror; Ordovas cleaned shark-attack mirror","","",""
"pending","incident:44e3b38da9e767f0838e35e3","44e3b38da9e767f0838e35e3","2016","16-Sep-16","AUSTRALIA","Victoria","Bells Beach","-38.376708","144.2519506","unreviewed location-only geocode cache match","2016.09.15; 2016.09.16; 2016.09.15; 2016.09.15; 2016.09.15","AI1SAD local legacy incident file; Global Shark Attack File; N-Enzer SharkAttackAnalysis mirror; Ordovas shark-attack mirror; Ordovas cleaned shark-attack mirror","","",""
"pending","incident:540a67c868e7fdc70d022596","540a67c868e7fdc70d022596","2005","14-Jan-05","AUSTRALIA","Victoria","Blairgowrie","-38.3687445","144.7722682","unreviewed location-only geocode cache match","2005.01.14; 2005.01.14; 2005.01.14; 2005.01.14; 2005.01.14","AI1SAD local legacy incident file; Global Shark Attack File; N-Enzer SharkAttackAnalysis mirror; Ordovas shark-attack mirror; Ordovas cleaned shark-attack mirror","","",""
"pending","incident:2148ff6f10f513a5e4a06858","2148ff6f10f513a5e4a06858","2013","26-Jan-13","AUSTRALIA","Victoria","Cape Nelson","-38.4309876","141.5445567","unreviewed location-only geocode cache match","2013.01.26; 2013.01.26; 2013.01.26; 2013.01.26; 2013.01.26","AI1SAD local legacy incident file; Global Shark Attack File; N-Enzer SharkAttackAnalysis mirror; Ordovas shark-attack mirror; Ordovas cleaned shark-attack mirror","","",""
"pending","incident:4255425fdc1c837978131405","4255425fdc1c837978131405","2017","29-Aug-17","AUSTRALIA","Victoria","Cathedral Rock","47.5551671","-121.1355564","unreviewed location-only geocode cache match","2017.08.29; 2017.08.29; 2017.08.29; 2017.08.29; 2017.08.29","AI1SAD local legacy incident file; Global Shark Attack File; N-Enzer SharkAttackAnalysis mirror; Ordovas shark-attack mirror; Ordovas cleaned shark-attack mirror","","",""
"pending","incident:ce15465b39e1933db2ef9631","ce15465b39e1933db2ef9631","2011","19-Oct-11","AUSTRALIA","Victoria","Elwood Beach","-37.889731","144.9841654","unreviewed location-only geocode cache match","2011.10.19; 2011.10.19; 2011.10.19; 2011.10.19; 2011.10.19","AI1SAD local legacy incident file; Global Shark Attack File; N-Enzer SharkAttackAnalysis mirror; Ordovas shark-attack mirror; Ordovas cleaned shark-attack mirror","","",""
"pending","incident:12fea9adbeffd704c68a6271","12fea9adbeffd704c68a6271","2005","25-Nov-05","AUSTRALIA","Victoria","Flinders","-20.862898","144.2526073","unreviewed location-only geocode cache match","2005.11.25.b; 2005.11.25.b; 2005.11.25.b; 2005.11.25.b; 2005.11.25.b","AI1SAD local legacy incident file; Global Shark Attack File; N-Enzer SharkAttackAnalysis mirror; Ordovas shark-attack mirror; Ordovas cleaned shark-attack mirror","","",""
"pending","incident:1de27c15972f6addb1d0e3db","1de27c15972f6addb1d0e3db","2010","22-Jan-10","AUSTRALIA","Victoria","Geelong","-38.1493248","144.3598241","unreviewed location-only geocode cache match","2010.01.22.a; 2010.01.22.a; 2010.01.22.a; 2010.01.22.a; 2010.01.22.a","AI1SAD local legacy incident file; Global Shark Attack File; N-Enzer SharkAttackAnalysis mirror; Ordovas shark-attack mirror; Ordovas cleaned shark-attack mirror","","",""
"pending","incident:a1c1c1d2416fa31e3eda0664","a1c1c1d2416fa31e3eda0664","2008","30-Jul-08","AUSTRALIA","Victoria","Levys Beach","-38.3771824","142.4317238","unreviewed location-only geocode cache match","2008.07.30.R; 2008.07.30.R; 2008.07.30.R; 2008.07.30.R; 2008.07.30.R","AI1SAD local legacy incident file; Global Shark Attack File; N-Enzer SharkAttackAnalysis mirror; Ordovas shark-attack mirror; Ordovas cleaned shark-attack mirror","","",""
"pending","incident:db23682b419e3874637d737e","db23682b419e3874637d737e","2018","9-Mar-18","AUSTRALIA","Victoria","Lorne","49.4345912","-98.7484758","unreviewed location-only geocode cache match","2018.03.09.b; 2018.03.09.b; 2018.03.09.b; 2018.03.09.b; 2018.03.09.b","AI1SAD local legacy incident file; Global Shark Attack File; N-Enzer SharkAttackAnalysis mirror; Ordovas shark-attack mirror; Ordovas cleaned shark-attack mirror","","",""
"pending","incident:1be05b5ee379a605473eef93","1be05b5ee379a605473eef93","2009","18-Jan-09","AUSTRALIA","Victoria","Off Tower Hill","8.4762698","-13.2326506","unreviewed location-only geocode cache match","2009.01.18; 2009.01.18; 2009.01.18; 2009.01.18; 2009.01.18","AI1SAD local legacy incident file; Global Shark Attack File; N-Enzer SharkAttackAnalysis mirror; Ordovas shark-attack mirror; Ordovas cleaned shark-attack mirror","","",""
"pending","incident:2d59c35559d5323329a2d196","2d59c35559d5323329a2d196","2014","28-Dec-14","AUSTRALIA","Victoria","Paradise Beach","-38.192086","147.421102","unreviewed location-only geocode cache match","2014.12.28.a; 2014.12.28.a; 2014.12.28.a; 2014.12.28.a; 2014.12.28.a","AI1SAD local legacy incident file; Global Shark Attack File; N-Enzer SharkAttackAnalysis mirror; Ordovas shark-attack mirror; Ordovas cleaned shark-attack mirror","","",""
"pending","incident:12db6fe2668ed6e6657f179a","12db6fe2668ed6e6657f179a","2012","12-Jun-12","AUSTRALIA","Victoria","Port Campbell","-38.6196293","142.995366","unreviewed location-only geocode cache match","2012.06.12; 2012.06.12; 2012.06.12; 2012.06.12; 2012.06.12","AI1SAD local legacy incident file; Global Shark Attack File; N-Enzer SharkAttackAnalysis mirror; Ordovas shark-attack mirror; Ordovas cleaned shark-attack mirror","","",""
"pending","incident:2bda0deb375c360801161640","2bda0deb375c360801161640","2005","19-Jan-05","AUSTRALIA","Victoria","Port Phillip Bay","-38.1046482","144.7798547","unreviewed location-only geocode cache match","2005.01.19; 2005.01.19; 2005.01.19; 2005.01.19; 2005.01.19","AI1SAD local legacy incident file; Global Shark Attack File; N-Enzer SharkAttackAnalysis mirror; Ordovas shark-attack mirror; Ordovas cleaned shark-attack mirror","","",""
"pending","incident:a0213ba8ef12a48e56ee133e","a0213ba8ef12a48e56ee133e","2009","30-Oct-09","AUSTRALIA","Victoria","Portland","45.5202471","-122.674194","unreviewed location-only geocode cache match","2009.10.30; 2009.10.30; 2009.10.30; 2009.10.30; 2009.10.30; sharks_happen:0453","AI1SAD local legacy incident file; Global Shark Attack File; N-Enzer SharkAttackAnalysis mirror; Ordovas shark-attack mirror; Ordovas cleaned shark-attack mirror; Hal / Sharks Happen Stats","","",""
"pending","incident:ec5208a9c82507f1fc7e363a","ec5208a9c82507f1fc7e363a","2016","28-Nov-16","AUSTRALIA","Victoria","Queenscliff","-33.7823916","151.2854011","unreviewed location-only geocode cache match","2016.11.28; 2016.11.28; 2016.11.28; 2016.11.28; 2016.11.28","AI1SAD local legacy incident file; Global Shark Attack File; N-Enzer SharkAttackAnalysis mirror; Ordovas shark-attack mirror; Ordovas cleaned shark-attack mirror","","",""
"pending","incident:d69c34722ae502d925abbce9","d69c34722ae502d925abbce9","2016","17-Sep-16","AUSTRALIA","Victoria","Thirteenth Beach","-28.1151868","153.4670498","unreviewed location-only geocode cache match","2016.09.17.a; 2016.09.17.a; 2016.09.17.a; 2016.09.17.a; 2016.09.17.a","AI1SAD local legacy incident file; Global Shark Attack File; N-Enzer SharkAttackAnalysis mirror; Ordovas shark-attack mirror; Ordovas cleaned shark-attack mirror","","",""
"pending","incident:783657429f14b3223b784821","783657429f14b3223b784821","2015","27-Jul-15","AUSTRALIA","Victoria","Tyrendarra Beach","-38.2558715","141.7867746","unreviewed location-only geocode cache match","2015.07.27; 2015.07.27; 2015.07.27; 2015.07.27; 2015.07.27","AI1SAD local legacy incident file; Global Shark Attack File; N-Enzer SharkAttackAnalysis mirror; Ordovas shark-attack mirror; Ordovas cleaned shark-attack mirror","","",""
"pending","incident:5227b136ef139e0891c58541","5227b136ef139e0891c58541","2007","12-May-07","AUSTRALIA","Victoria","Warrnambool","-38.3826242","142.4814199","unreviewed location-only geocode cache match","2007.05.12; 2007.05.12; 2007.05.12; 2007.05.12; 2007.05.12","AI1SAD local legacy incident file; Global Shark Attack File; N-Enzer SharkAttackAnalysis mirror; Ordovas shark-attack mirror; Ordovas cleaned shark-attack mirror","","",""
"pending","incident:93df94a9f2edd610cb2a584d","93df94a9f2edd610cb2a584d","2018","18-Feb-18","AUSTRALIA","Victoria","Westernport Bay","-38.3130982","145.1959365","unreviewed location-only geocode cache match","2018.02.17; 2018.02.17; 2018.02.17; 2018.02.17; 2018.02.17","AI1SAD local legacy incident file; Global Shark Attack File; N-Enzer SharkAttackAnalysis mirror; Ordovas shark-attack mirror; Ordovas cleaned shark-attack mirror","","",""
"pending","incident:4824bd29494836fff12c9fc7","4824bd29494836fff12c9fc7","2018","9-Mar-18","AUSTRALIA","Victoria","Winkipop","-38.2275581","144.3391744","unreviewed location-only geocode cache match","2018.03.09.a; 2018.03.09.a; 2018.03.09.a; 2018.03.09.a; 2018.03.09.a","AI1SAD local legacy incident file; Global Shark Attack File; N-Enzer SharkAttackAnalysis mirror; Ordovas shark-attack mirror; Ordovas cleaned shark-attack mirror","","",""
"pending","incident:05c1720f00f49606b8261f38","05c1720f00f49606b8261f38","2018","May-18","AUSTRALIA","Westerm Australia","Dugong Bay","-16.39813","123.87075","unreviewed location-only geocode cache match","2018.05.00; 2018.05.00; 2018.05.00; 2018.05.00; 2018.05.00","AI1SAD local legacy incident file; Global Shark Attack File; N-Enzer SharkAttackAnalysis mirror; Ordovas shark-attack mirror; Ordovas cleaned shark-attack mirror","","",""
"pending","incident:580a3f889baf57b92a376373","580a3f889baf57b92a376373","2017","Sep-17","AUSTRALIA","Westerm Australia","Esperance","-33.858228","121.8931606","unreviewed location-only geocode cache match","2017.09.14; 2017.09.14; 2017.09.14; 2017.09.14; 2017.09.14","AI1SAD local legacy incident file; Global Shark Attack File; N-Enzer SharkAttackAnalysis mirror; Ordovas shark-attack mirror; Ordovas cleaned shark-attack mirror","","",""
"pending","incident:5f1ae2bf26a280b84b641084","5f1ae2bf26a280b84b641084","2017","10-Sep-17","AUSTRALIA","Westerm Australia","Sam's Creek area","50.6668119","-116.2655295","unreviewed location-only geocode cache match","2017.09.10.b; 2017.09.10.b; 2017.09.10.b; 2017.09.10.b; 2017.09.10.b","AI1SAD local legacy incident file; Global Shark Attack File; N-Enzer SharkAttackAnalysis mirror; Ordovas shark-attack mirror; Ordovas cleaned shark-attack mirror","","",""
"pending","incident:f6fe98aab6351625c6edd691","f6fe98aab6351625c6edd691","2008","10-May-08","AUSTRALIA","Western Australia","Albany","41.000028","19.9999619","unreviewed location-only geocode cache match","2008.05.10; 2008.05.10; 2008.05.10; 2008.05.10; 2008.05.10","AI1SAD local legacy incident file; Global Shark Attack File; N-Enzer SharkAttackAnalysis mirror; Ordovas shark-attack mirror; Ordovas cleaned shark-attack mirror","","",""
"pending","incident:33297ed6e2a9b731f2a2127a","33297ed6e2a9b731f2a2127a","2015","30-Oct-15","AUSTRALIA","Western Australia","Bald Island","-34.9206217","118.4681303","unreviewed location-only geocode cache match","2015.10.30; 2015.10.30; 2015.10.30; 2015.10.30; 2015.10.30","AI1SAD local legacy incident file; Global Shark Attack File; N-Enzer SharkAttackAnalysis mirror; Ordovas shark-attack mirror; Ordovas cleaned shark-attack mirror","","",""
"pending","incident:5a0e7b48941c38fbb1ac8a1c","5a0e7b48941c38fbb1ac8a1c","2004","25-Jan-04","AUSTRALIA","Western Australia","Binningup","-33.1491325","115.6972499","unreviewed location-only geocode cache match","2004.01.25; 2004.01.25; 2004.01.25; 2004.01.25; 2004.01.25","AI1SAD local legacy incident file; Global Shark Attack File; N-Enzer SharkAttackAnalysis mirror; Ordovas shark-attack mirror; Ordovas cleaned shark-attack mirror","","",""
"pending","incident:df21cdc7fc7725d283aba6f3","df21cdc7fc7725d283aba6f3","2016","15-Sep-16","AUSTRALIA","Western Australia","Bunbury","-33.3267797","115.636698","unreviewed location-only geocode cache match","2016.09.15.R; 2016.09.15.R; 2016.09.15.R; 2016.09.15.R; 2016.09.15.R","AI1SAD local legacy incident file; Global Shark Attack File; N-Enzer SharkAttackAnalysis mirror; Ordovas shark-attack mirror; Ordovas cleaned shark-attack mirror","","",""
"pending","incident:44c3e1ced22561894fbbf812","44c3e1ced22561894fbbf812","2004","10-Jun-04","AUSTRALIA","Western Australia","Bunbury","-33.3267797","115.636698","unreviewed location-only geocode cache match","2004.06.10.b; 2004.06.10.b; 2004.06.10.b; 2004.06.10.b; 2004.06.10.b","AI1SAD local legacy incident file; Global Shark Attack File; N-Enzer SharkAttackAnalysis mirror; Ordovas shark-attack mirror; Ordovas cleaned shark-attack mirror","","",""
"pending","incident:f1e8d67fd8c5bc436f556548","f1e8d67fd8c5bc436f556548","2011","4-Sep-11","AUSTRALIA","Western Australia","Bunker Bay","45.9232908","-91.169892","unreviewed location-only geocode cache match","2011.09.04.a; 2011.09.04.a; 2011.09.04.a; 2011.09.04.a; 2011.09.04.a","AI1SAD local legacy incident file; Global Shark Attack File; N-Enzer SharkAttackAnalysis mirror; Ordovas shark-attack mirror; Ordovas cleaned shark-attack mirror","","",""
"pending","incident:ed13f8d57a5cb8670a0e1b51","ed13f8d57a5cb8670a0e1b51","2011","3-Jan-11","AUSTRALIA","Western Australia","Busselton","-33.644499","115.3488754","unreviewed location-only geocode cache match","2011.01.03; 2011.01.03; 2011.01.03; 2011.01.03; 2011.01.03","AI1SAD local legacy incident file; Global Shark Attack File; N-Enzer SharkAttackAnalysis mirror; Ordovas shark-attack mirror; Ordovas cleaned shark-attack mirror","","",""
"pending","incident:8fb38ae159a8538f1c97a663","8fb38ae159a8538f1c97a663","2020","22-Nov-2020","AUSTRALIA","Western Australia","Cable Beach","-17.9512308","122.2155498","unreviewed location-only geocode cache match","2020.11.22; sharks_happen:0187","Global Shark Attack File; Hal / Sharks Happen Stats","","",""
"pending","incident:dbb60d0fc371df50e802d43f","dbb60d0fc371df50e802d43f","2020","09-Dec-2020","AUSTRALIA","Western Australia","Cable Beach","-17.9512308","122.2155498","unreviewed location-only geocode cache match","2020.12.09","Global Shark Attack File","","",""
"pending","incident:20ebee1e4b1ad7eb738af8a0","20ebee1e4b1ad7eb738af8a0","2025","2025-01-22 00:00:00","AUSTRALIA","Western Australia","Cheynes beach","-34.8801321","118.4000174","unreviewed location-only geocode cache match","","Global Shark Attack File","","",""
"pending","incident:46426cc9e1f026c4bef7516e","46426cc9e1f026c4bef7516e","2023","16-Mar-2023","AUSTRALIA","Western Australia","Cheynes Beach","-34.8801321","118.4000174","unreviewed location-only geocode cache match","","Global Shark Attack File","","",""
"pending","incident:395a403ab559e666e64a07fd","395a403ab559e666e64a07fd","2010","Reported 28-Oct-2010","AUSTRALIA","Western Australia","Cheynes Beach","-34.8801321","118.4000174","unreviewed location-only geocode cache match","2010.10.28.R; 2010.10.28.R; 2010.10.28.R; 2010.10.28.R; 2010.10.28.R","AI1SAD local legacy incident file; Global Shark Attack File; N-Enzer SharkAttackAnalysis mirror; Ordovas shark-attack mirror; Ordovas cleaned shark-attack mirror","","",""
"pending","incident:8992390e5a63be04f7521eb8","8992390e5a63be04f7521eb8","2002","30-Jan-02","AUSTRALIA","Western Australia","Collie River","-33.3294895","115.9023834","unreviewed location-only geocode cache match","2002.01.30.a; 2002.01.30.a; 2002.01.30.a; 2002.01.30.a; 2002.01.30.a","AI1SAD local legacy incident file; Global Shark Attack File; N-Enzer SharkAttackAnalysis mirror; Ordovas shark-attack mirror; Ordovas cleaned shark-attack mirror","","",""
"pending","incident:4bedc9a1a023629e4c414a78","4bedc9a1a023629e4c414a78","2018","28-Jan-18","AUSTRALIA","Western Australia","Cone Bay","47.9540577","-90.6912244","unreviewed location-only geocode cache match","2018.01.28; 2018.01.28; 2018.01.28; 2018.01.28; 2018.01.28","AI1SAD local legacy incident file; Global Shark Attack File; N-Enzer SharkAttackAnalysis mirror; Ordovas shark-attack mirror; Ordovas cleaned shark-attack mirror","","",""
"pending","incident:5646c92a359ef13ff6b41b6d","5646c92a359ef13ff6b41b6d","2016","15-Jun-16","AUSTRALIA","Western Australia","Coral Bay","-23.1436752","113.770165","unreviewed location-only geocode cache match","2016.06.15.a; 2016.06.15.a; 2016.06.15.a; 2016.06.15.a; 2016.06.15.a","AI1SAD local legacy incident file; Global Shark Attack File; N-Enzer SharkAttackAnalysis mirror; Ordovas shark-attack mirror; Ordovas cleaned shark-attack mirror","","",""
"pending","incident:6376b1acddd7279af8c6ccfc","6376b1acddd7279af8c6ccfc","2012","19-Jan-12","AUSTRALIA","Western Australia","Coral Bay","-23.1436752","113.770165","unreviewed location-only geocode cache match","2012.01.19; 2012.01.19; 2012.01.19; 2012.01.19; 2012.01.19","AI1SAD local legacy incident file; Global Shark Attack File; N-Enzer SharkAttackAnalysis mirror; Ordovas shark-attack mirror; Ordovas cleaned shark-attack mirror","","",""
"pending","incident:1796a4590fab2f0eb2af745b","1796a4590fab2f0eb2af745b","2011","9-Oct-11","AUSTRALIA","Western Australia","Cottesloe Beach","-31.9953965","115.7511955","unreviewed location-only geocode cache match","2011.10.09; 2011.10.09; 2011.10.09; 2011.10.09; 2011.10.09","AI1SAD local legacy incident file; Global Shark Attack File; N-Enzer SharkAttackAnalysis mirror; Ordovas shark-attack mirror; Ordovas cleaned shark-attack mirror","","",""
"pending","incident:1efb09dd69deed964ca63ccc","1efb09dd69deed964ca63ccc","2010","17-Aug-10","AUSTRALIA","Western Australia","Cowaramup Bay","-33.86084","114.98008","unreviewed location-only geocode cache match","2010.08.17; 2010.08.17; 2010.08.17; 2010.08.17; 2010.08.17","AI1SAD local legacy incident file; Global Shark Attack File; N-Enzer SharkAttackAnalysis mirror; Ordovas shark-attack mirror; Ordovas cleaned shark-attack mirror","","",""
"pending","incident:e837f23933b478a89cbbbf4d","e837f23933b478a89cbbbf4d","2020","02-Jan-2020","AUSTRALIA","Western Australia","Esperance","-33.858228","121.8931606","unreviewed location-only geocode cache match","2020.01.02","Global Shark Attack File","","",""
"pending","incident:8f1fe763472a188bd6593303","8f1fe763472a188bd6593303","2026","10th March","AUSTRALIA","Western Australia","Exmouth","50.6190962","-3.4146801","unreviewed location-only geocode cache match","","Global Shark Attack File","","",""
"pending","incident:5568104d5d44fa888b1b7b25","5568104d5d44fa888b1b7b25","2026","14th March","AUSTRALIA","Western Australia","Exmouth","50.6190962","-3.4146801","unreviewed location-only geocode cache match","","Global Shark Attack File","","",""
"pending","incident:a855ecf090aa8ce05785effa","a855ecf090aa8ce05785effa","2019","06-Dec-2019","AUSTRALIA","Western Australia","Exmouth","50.6190962","-3.4146801","unreviewed location-only geocode cache match","2019.12.06; sharks_happen:0808","Global Shark Attack File; Hal / Sharks Happen Stats","","",""
"pending","incident:f076c348f4471ba0ea1f3ebb","f076c348f4471ba0ea1f3ebb","2011","12-Feb-11","AUSTRALIA","Western Australia","Exmouth","50.6190962","-3.4146801","unreviewed location-only geocode cache match","2011.02.12; 2011.02.12; 2011.02.12; 2011.02.12; 2011.02.12","AI1SAD local legacy incident file; Global Shark Attack File; N-Enzer SharkAttackAnalysis mirror; Ordovas shark-attack mirror; Ordovas cleaned shark-attack mirror","","",""
"pending","incident:4a6520dcb18b589afd0b4692","4a6520dcb18b589afd0b4692","2017","24-Feb-17","AUSTRALIA","Western Australia","Falcon Bay Beach, Mandurah","-32.5805615","115.651911","unreviewed location-only geocode cache match","2017.02.24; 2017.02.24; 2017.02.24; 2017.02.24; 2017.02.24","AI1SAD local legacy incident file; Global Shark Attack File; N-Enzer SharkAttackAnalysis mirror; Ordovas shark-attack mirror; Ordovas cleaned shark-attack mirror","","",""
"pending","incident:6c3d8e1080675351ca6b5380","6c3d8e1080675351ca6b5380","2016","31-May-16","AUSTRALIA","Western Australia","Falcon Beach, Mandurah","-32.5805615","115.651911","unreviewed location-only geocode cache match","2016.05.31; 2016.05.31; 2016.05.31; 2016.05.31; 2016.05.31","AI1SAD local legacy incident file; Global Shark Attack File; N-Enzer SharkAttackAnalysis mirror; Ordovas shark-attack mirror; Ordovas cleaned shark-attack mirror","","",""
"pending","incident:0927707acf76925355f76809","0927707acf76925355f76809","2017","14-Jul-17","AUSTRALIA","Western Australia","Floreat Beach","-31.9310469","115.7548327","unreviewed location-only geocode cache match","2017.07.14.a; 2017.07.14.a; 2017.07.14.a; 2017.07.14.a; 2017.07.14.a","AI1SAD local legacy incident file; Global Shark Attack File; N-Enzer SharkAttackAnalysis mirror; Ordovas shark-attack mirror; Ordovas cleaned shark-attack mirror","","",""
"pending","incident:ea0211b1f37e94c9844d2c5e","ea0211b1f37e94c9844d2c5e","2014","19-Nov-14","AUSTRALIA","Western Australia","Freo","-21.6911153","148.6980445","unreviewed location-only geocode cache match","2014.11.19; 2014.11.19; 2014.11.19; 2014.11.19; 2014.11.19","AI1SAD local legacy incident file; Global Shark Attack File; N-Enzer SharkAttackAnalysis mirror; Ordovas shark-attack mirror; Ordovas cleaned shark-attack mirror","","",""
"pending","incident:33fdb1e795dff02b1bd67bcf","33fdb1e795dff02b1bd67bcf","2014","16-Aug-14","AUSTRALIA","Western Australia","Gnaraloo","-31.6299513","115.682117","unreviewed location-only geocode cache match","2014.08.16; 2014.08.16; 2014.08.16; 2014.08.16; 2014.08.16; sharks_happen:0590","AI1SAD local legacy incident file; Global Shark Attack File; N-Enzer SharkAttackAnalysis mirror; Ordovas shark-attack mirror; Ordovas cleaned shark-attack mirror; Hal / Sharks Happen Stats","","",""
"pending","incident:f918fbb401c3df5315250ff0","f918fbb401c3df5315250ff0","2017","25-Sep-17","AUSTRALIA","Western Australia","Gracetown","-33.8646786","114.9881592","unreviewed location-only geocode cache match","2017.09.25.a; 2017.09.25.a; 2017.09.25.a; 2017.09.25.a; 2017.09.25.a","AI1SAD local legacy incident file; Global Shark Attack File; N-Enzer SharkAttackAnalysis mirror; Ordovas shark-attack mirror; Ordovas cleaned shark-attack mirror","","",""
"pending","incident:28532b7130b2fc43744624d1","28532b7130b2fc43744624d1","2013","23-Nov-13","AUSTRALIA","Western Australia","Gracetown","-33.8646786","114.9881592","unreviewed location-only geocode cache match","2013.11.23.a; 2013.11.23.a; 2013.11.23.a; 2013.11.23.a; 2013.11.23.a","AI1SAD local legacy incident file; Global Shark Attack File; N-Enzer SharkAttackAnalysis mirror; Ordovas shark-attack mirror; Ordovas cleaned shark-attack mirror","","",""
"pending","incident:39854b6bb41a0402dd6aab64","39854b6bb41a0402dd6aab64","2014","Reported 17-Jun-2014","AUSTRALIA","Western Australia","Horizontal Falls","-16.3789278","123.9595243","unreviewed location-only geocode cache match","2014.06.17.R; 2014.06.17.R; 2014.06.17.R; 2014.06.17.R; 2014.06.17.R","AI1SAD local legacy incident file; Global Shark Attack File; N-Enzer SharkAttackAnalysis mirror; Ordovas shark-attack mirror; Ordovas cleaned shark-attack mirror","","",""
"pending","incident:86ab6b9b9812c9dde5c765d4","86ab6b9b9812c9dde5c765d4","2016","5-Sep-16","AUSTRALIA","Western Australia","Injidup","-33.6973823","114.9897268","unreviewed location-only geocode cache match","2016.09.05.a; 2016.09.05.a; 2016.09.05.a; 2016.09.05.a; 2016.09.05.a","AI1SAD local legacy incident file; Global Shark Attack File; N-Enzer SharkAttackAnalysis mirror; Ordovas shark-attack mirror; Ordovas cleaned shark-attack mirror","","",""
"pending","incident:ef797b25dacc4a46160d355a","ef797b25dacc4a46160d355a","2012","22-Mar-12","AUSTRALIA","Western Australia","Kalbarri","-27.7109989","114.1638162","unreviewed location-only geocode cache match","2012.03.22; 2012.03.22; 2012.03.22; 2012.03.22; 2012.03.22","AI1SAD local legacy incident file; Global Shark Attack File; N-Enzer SharkAttackAnalysis mirror; Ordovas shark-attack mirror; Ordovas cleaned shark-attack mirror","","",""
"pending","incident:484da8a65e5bafd5f5059f3a","484da8a65e5bafd5f5059f3a","2016","5-Jun-16","AUSTRALIA","Western Australia","Mindarie","-31.6897332","115.7091824","unreviewed location-only geocode cache match","2016.06.05.a; 2016.06.05.a; 2016.06.05.a; 2016.06.05.a; 2016.06.05.a","AI1SAD local legacy incident file; Global Shark Attack File; N-Enzer SharkAttackAnalysis mirror; Ordovas shark-attack mirror; Ordovas cleaned shark-attack mirror","","",""
"pending","incident:2b6e0ab38cb645d43b368155","2b6e0ab38cb645d43b368155","2016","28-Jul-16","AUSTRALIA","Western Australia","Near Albany","42.3199349","19.8807719","unreviewed location-only geocode cache match","2016.07.28; 2016.07.28; 2016.07.28; 2016.07.28; 2016.07.28","AI1SAD local legacy incident file; Global Shark Attack File; N-Enzer SharkAttackAnalysis mirror; Ordovas shark-attack mirror; Ordovas cleaned shark-attack mirror","","",""
"pending","incident:e2ec4a0e754473033a4937c0","e2ec4a0e754473033a4937c0","2012","11-Aug-12","AUSTRALIA","Western Australia","Ocean Reef","-31.7569941","115.7380757","unreviewed location-only geocode cache match","2012.08.11; 2012.08.11; 2012.08.11; 2012.08.11; 2012.08.11","AI1SAD local legacy incident file; Global Shark Attack File; N-Enzer SharkAttackAnalysis mirror; Ordovas shark-attack mirror; Ordovas cleaned shark-attack mirror","","",""
"pending","incident:7a929c4afa2a8acf8ce3f70b","7a929c4afa2a8acf8ce3f70b","2022","07-Oct-2022","AUSTRALIA","Western Australia","Port Hedland","-20.3111814","118.5801181","unreviewed location-only geocode cache match","","Global Shark Attack File","","",""
"pending","incident:2525af6afd27b6a76f773456","2525af6afd27b6a76f773456","2008","27-Dec-08","AUSTRALIA","Western Australia","Port Kennedy Beach","-31.45899","152.9235245","unreviewed location-only geocode cache match","2008.12.27.a; 2008.12.27.a; 2008.12.27.a; 2008.12.27.a; 2008.12.27.a; sharks_happen:0322","AI1SAD local legacy incident file; Global Shark Attack File; N-Enzer SharkAttackAnalysis mirror; Ordovas shark-attack mirror; Ordovas cleaned shark-attack mirror; Hal / Sharks Happen Stats","","",""
"pending","incident:75a34481a6a775f19f514869","75a34481a6a775f19f514869","2015","7-Oct-15","AUSTRALIA","Western Australia","Pyramids Beach","18.3535114","-88.3504512","unreviewed location-only geocode cache match","2015.10.07; 2015.10.07; 2015.10.07; 2015.10.07; 2015.10.07","AI1SAD local legacy incident file; Global Shark Attack File; N-Enzer SharkAttackAnalysis mirror; Ordovas shark-attack mirror; Ordovas cleaned shark-attack mirror","","",""
"pending","incident:58dea0a893981afd0f30526e","58dea0a893981afd0f30526e","2014","29-Nov-14","AUSTRALIA","Western Australia","Pyramids Beach, Port Bouvard","-32.6036385","115.6305063","unreviewed location-only geocode cache match","2014.11.29; 2014.11.29; 2014.11.29; 2014.11.29; 2014.11.29","AI1SAD local legacy incident file; Global Shark Attack File; N-Enzer SharkAttackAnalysis mirror; Ordovas shark-attack mirror; Ordovas cleaned shark-attack mirror","","",""
"pending","incident:54516d961c4c2e65091c371a","54516d961c4c2e65091c371a","2011","23-Apr-11","AUSTRALIA","Western Australia","Red Bluffs","45.7053682","-121.9616956","unreviewed location-only geocode cache match","2011.04.23; 2011.04.23; 2011.04.23; 2011.04.23; 2011.04.23","AI1SAD local legacy incident file; Global Shark Attack File; N-Enzer SharkAttackAnalysis mirror; Ordovas shark-attack mirror; Ordovas cleaned shark-attack mirror","","",""
"pending","incident:a56eeb30e8bda0d043ffcaa2","a56eeb30e8bda0d043ffcaa2","2004","2004","AUSTRALIA","Western Australia","Redgate Beach","50.4731708","-3.5019864","unreviewed location-only geocode cache match","2004.00.00; 2004.00.00; 2004.00.00; 2004.00.00; 2004.00.00","AI1SAD local legacy incident file; Global Shark Attack File; N-Enzer SharkAttackAnalysis mirror; Ordovas shark-attack mirror; Ordovas cleaned shark-attack mirror","","",""
"pending","incident:f261a2c72f8dd3e9ef7e0b3f","f261a2c72f8dd3e9ef7e0b3f","2021","19-Jul-2021","AUSTRALIA","Western Australia","Rottnest Island","-32.0070095","115.5205271","unreviewed location-only geocode cache match","2021.07.19","Global Shark Attack File","","",""
"pending","incident:6ea720f7a525a81ee26f6f16","6ea720f7a525a81ee26f6f16","2015","Reported 25-Jun-2015","AUSTRALIA","Western Australia","Rottnest Island","-32.0070095","115.5205271","unreviewed location-only geocode cache match","2015.06.25.R; 2015.06.25.R; 2015.06.25.R; 2015.06.25.R; 2015.06.25.R","AI1SAD local legacy incident file; Global Shark Attack File; N-Enzer SharkAttackAnalysis mirror; Ordovas shark-attack mirror; Ordovas cleaned shark-attack mirror","","",""
"pending","incident:35c28279cdab38ab5255403f","35c28279cdab38ab5255403f","2011","22-Oct-11","AUSTRALIA","Western Australia","Rottnest Island","-32.0070095","115.5205271","unreviewed location-only geocode cache match","2011.10.22; 2011.10.22; 2011.10.22; 2011.10.22; 2011.10.22; sharks_happen:0264","AI1SAD local legacy incident file; Global Shark Attack File; N-Enzer SharkAttackAnalysis mirror; Ordovas shark-attack mirror; Ordovas cleaned shark-attack mirror; Hal / Sharks Happen Stats","","",""
"pending","incident:a604bc1d981730c62ffac131","a604bc1d981730c62ffac131","2005","23-Sep-05","AUSTRALIA","Western Australia","Scarborough Beach, Perth","-31.9250988","115.8480719","unreviewed location-only geocode cache match","2005.09.23; 2005.09.23; 2005.09.23; 2005.09.23; 2005.09.23","AI1SAD local legacy incident file; Global Shark Attack File; N-Enzer SharkAttackAnalysis mirror; Ordovas shark-attack mirror; Ordovas cleaned shark-attack mirror","","",""
"pending","incident:7cd16c52c5ab9aed23a97366","7cd16c52c5ab9aed23a97366","2012","31-Mar-12","AUSTRALIA","Western Australia","Stratham Beach","43.0131133","-70.9179946","unreviewed location-only geocode cache match","2012.03.31; 2012.03.31; 2012.03.31; 2012.03.31; 2012.03.31; sharks_happen:0570","AI1SAD local legacy incident file; Global Shark Attack File; N-Enzer SharkAttackAnalysis mirror; Ordovas shark-attack mirror; Ordovas cleaned shark-attack mirror; Hal / Sharks Happen Stats","","",""
"pending","incident:eb54f118d3ac9dd73fa2d520","eb54f118d3ac9dd73fa2d520","2018","25-Apr-18","AUSTRALIA","Western Australia","Surfers Point, Prevelly","-33.9770638","114.9849187","unreviewed location-only geocode cache match","2018.04.25.a; 2018.04.25.a; 2018.04.25.a; 2018.04.25.a; 2018.04.25.a","AI1SAD local legacy incident file; Global Shark Attack File; N-Enzer SharkAttackAnalysis mirror; Ordovas shark-attack mirror; Ordovas cleaned shark-attack mirror","","",""
"pending","incident:5f5c119134a1cfb1c75c2bcf","5f5c119134a1cfb1c75c2bcf","2016","14-Dec-16","AUSTRALIA","Western Australia","Trigg Beach","-31.8773458","115.7515833","unreviewed location-only geocode cache match","2016.12.14; 2016.12.14; 2016.12.14; 2016.12.14; 2016.12.14","AI1SAD local legacy incident file; Global Shark Attack File; N-Enzer SharkAttackAnalysis mirror; Ordovas shark-attack mirror; Ordovas cleaned shark-attack mirror","","",""
"pending","incident:0b3c9989e52608674bdc0092","0b3c9989e52608674bdc0092","2012","19-Dec-12","AUSTRALIA","Western Australia","Trigg Beach","-31.8773458","115.7515833","unreviewed location-only geocode cache match","2012.12.19; 2012.12.19; 2012.12.19; 2012.12.19; 2012.12.19","AI1SAD local legacy incident file; Global Shark Attack File; N-Enzer SharkAttackAnalysis mirror; Ordovas shark-attack mirror; Ordovas cleaned shark-attack mirror","","",""
"pending","incident:bc251e9d93dc9c1a6f05c3c0","bc251e9d93dc9c1a6f05c3c0","2013","28-Oct-13","AUSTRALIA","Western Australia","Turquoise Bay","-22.0960185","113.8876247","unreviewed location-only geocode cache match","2013.10.28; 2013.10.28; 2013.10.28; 2013.10.28; 2013.10.28","AI1SAD local legacy incident file; Global Shark Attack File; N-Enzer SharkAttackAnalysis mirror; Ordovas shark-attack mirror; Ordovas cleaned shark-attack mirror","","",""
"pending","incident:767f6f9c0b19a028e11f5dae","767f6f9c0b19a028e11f5dae","2018","14-Mar-18","AUSTRALIA","Western Australia","Waterman's Bay","27.996374","-80.6569849","unreviewed location-only geocode cache match","2018.03.14; 2018.03.14; 2018.03.14; 2018.03.14; 2018.03.14","AI1SAD local legacy incident file; Global Shark Attack File; N-Enzer SharkAttackAnalysis mirror; Ordovas shark-attack mirror; Ordovas cleaned shark-attack mirror","","",""
"pending","incident:a81bccfcd7c1e06e684bc413","a81bccfcd7c1e06e684bc413","2023","24-Dec-2023","AUSTRALIA","Western Australia","Wedge Island","-43.1352285","147.6722074","unreviewed location-only geocode cache match","; sharks_happen:0691","Global Shark Attack File; Hal / Sharks Happen Stats","","",""
"pending","incident:f281fb8cc90f921d3db083c4","f281fb8cc90f921d3db083c4","2010","23-Oct-10","AUSTRALIA","Western Australia","Wedge Island","-43.1352285","147.6722074","unreviewed location-only geocode cache match","2010.10.23.a; 2010.10.23.a; 2010.10.23.a; 2010.10.23.a; 2010.10.23.a","AI1SAD local legacy incident file; Global Shark Attack File; N-Enzer SharkAttackAnalysis mirror; Ordovas shark-attack mirror; Ordovas cleaned shark-attack mirror","","",""
"pending","incident:3abff89ac3b77dc51a8e5bc9","3abff89ac3b77dc51a8e5bc9","2006","2-Dec-06","AUSTRALIA","Western Australia","Wharton Beach","-33.9401208","122.5268667","unreviewed location-only geocode cache match","2006.12.02; 2006.12.02; 2006.12.02; 2006.12.02; 2006.12.02","AI1SAD local legacy incident file; Global Shark Attack File; N-Enzer SharkAttackAnalysis mirror; Ordovas shark-attack mirror; Ordovas cleaned shark-attack mirror","","",""
"pending","incident:c5780a2050f057509149b6f9","c5780a2050f057509149b6f9","2022","27-May-2022","AUSTRALIA","Western Australia","Yallingup","-33.6395258","115.0259595","unreviewed location-only geocode cache match","2022.05.27","Global Shark Attack File","","",""
"pending","incident:aa53759e0227c7c220eb49a0","aa53759e0227c7c220eb49a0","2021","20-Mar-2021","AUSTRALIA","Western Australia","Yallingup","-33.6395258","115.0259595","unreviewed location-only geocode cache match","2021.03.20","Global Shark Attack File","","",""
"pending","incident:sharks_happen:0753",,"2015","2015-12-11","BAHAMAS",,"Andros Island","24.7368711","-78.0235642","unreviewed location-only geocode cache match","sharks_happen:0753","Hal / Sharks Happen Stats","","",""
"pending","incident:375e532e616c0ab85ef63672","375e532e616c0ab85ef63672","2018","5-Apr-18","BAHAMAS",,"Bimini","25.720065","-79.2744573","unreviewed location-only geocode cache match","2018.04.05; 2018.04.05; 2018.04.05; 2018.04.05; 2018.04.05","AI1SAD local legacy incident file; Global Shark Attack File; N-Enzer SharkAttackAnalysis mirror; Ordovas shark-attack mirror; Ordovas cleaned shark-attack mirror","","",""
"pending","incident:f5324388063ddf6fa13a2987","f5324388063ddf6fa13a2987","2022","28-Oct-2022","BAHAMAS",,"Cat Island","24.3385","-75.6149932","unreviewed location-only geocode cache match","","Global Shark Attack File","","",""
"pending","incident:786a374511b5c5ff237d75c6","786a374511b5c5ff237d75c6","2012","Reported 22-Jan-2012","BAHAMAS",,"Cat Island","24.3385","-75.6149932","unreviewed location-only geocode cache match","2012.01.22.R; 2012.01.22.R; 2012.01.22.R; 2012.01.22.R; 2012.01.22.R","AI1SAD local legacy incident file; Global Shark Attack File; N-Enzer SharkAttackAnalysis mirror; Ordovas shark-attack mirror; Ordovas cleaned shark-attack mirror","","",""
"pending","incident:193e75895e84c346831b5887","193e75895e84c346831b5887","2013","31-Aug-13","BAHAMAS",,"Freetown Beach","8.4383257","-13.2809226","unreviewed location-only geocode cache match","2013.08.31.b; 2013.08.31.b; 2013.08.31.b; 2013.08.31.b; 2013.08.31.b","AI1SAD local legacy incident file; Global Shark Attack File; N-Enzer SharkAttackAnalysis mirror; Ordovas shark-attack mirror; Ordovas cleaned shark-attack mirror","","",""
"pending","incident:af895addda56e408547b7a82","af895addda56e408547b7a82","2016","Reported 14-Jul-2016","BAHAMAS",,"Tiger Beach","20.7609394","107.0640018","unreviewed location-only geocode cache match","2016.07.14.R; 2016.07.14.R; 2016.07.14.R; 2016.07.14.R; 2016.07.14.R; sharks_happen:0657","AI1SAD local legacy incident file; Global Shark Attack File; N-Enzer SharkAttackAnalysis mirror; Ordovas shark-attack mirror; Ordovas cleaned shark-attack mirror; Hal / Sharks Happen Stats","","",""
"pending","incident:sharks_happen:0651",,"2003","2003-07-04","BAHAMAS",,"Walkers Cay","34.6903131","-77.0786469","unreviewed location-only geocode cache match","sharks_happen:0651","Hal / Sharks Happen Stats","","",""
"pending","incident:99c4bf6143146b4377527679","99c4bf6143146b4377527679","2003","10-Jul-03","BAHAMAS","Abaco Islands","Bakers Bay","-41.1560694","174.1805191","unreviewed location-only geocode cache match","2003.07.09; 2003.07.09; 2003.07.09; 2003.07.09; 2003.07.09","AI1SAD local legacy incident file; Global Shark Attack File; N-Enzer SharkAttackAnalysis mirror; Ordovas shark-attack mirror; Ordovas cleaned shark-attack mirror","","",""
"pending","incident:8a9083edb19ba85710f8c932","8a9083edb19ba85710f8c932","2010","2-Oct-10","BAHAMAS","Abaco Islands","Elbow Cay","26.5288141","-76.967492","unreviewed location-only geocode cache match","2010.10.02.a; 2010.10.02.a; 2010.10.02.a; 2010.10.02.a; 2010.10.02.a","AI1SAD local legacy incident file; Global Shark Attack File; N-Enzer SharkAttackAnalysis mirror; Ordovas shark-attack mirror; Ordovas cleaned shark-attack mirror","","",""
"pending","incident:f0cc14f1c3533b076fcbeb44","f0cc14f1c3533b076fcbeb44","2013","28-Jul-13","BAHAMAS","Abaco Islands","Grand Cay","27.1435","-78.2206942","unreviewed location-only geocode cache match","2013.07.28.a; 2013.07.28.a; 2013.07.28.a; 2013.07.28.a; 2013.07.28.a","AI1SAD local legacy incident file; Global Shark Attack File; N-Enzer SharkAttackAnalysis mirror; Ordovas shark-attack mirror; Ordovas cleaned shark-attack mirror","","",""
"pending","incident:1c592b785b10a7237ba149a2","1c592b785b10a7237ba149a2","2005","3-Oct-05","BAHAMAS","Abaco Islands","Grand Cay","27.1435","-78.2206942","unreviewed location-only geocode cache match","2005.10.03; 2005.10.03; 2005.10.03; 2005.10.03; 2005.10.03","AI1SAD local legacy incident file; Global Shark Attack File; N-Enzer SharkAttackAnalysis mirror; Ordovas shark-attack mirror; Ordovas cleaned shark-attack mirror","","",""
"pending","incident:58181fc118cbd313b621096c","58181fc118cbd313b621096c","2019","04-Jul-2019","BAHAMAS","Abaco Islands","Great Guana Cay","26.6784722","-77.1284836","unreviewed location-only geocode cache match","2019.07.04","Global Shark Attack File","","",""
"pending","incident:3aad069b9c40270c0bfdc8dd","3aad069b9c40270c0bfdc8dd","2016","23-Jul-16","BAHAMAS","Abaco Islands","Green Turtle Cay","26.8646479","-77.2799047","unreviewed location-only geocode cache match","2016.07.23.a; 2016.07.23.a; 2016.07.23.a; 2016.07.23.a; 2016.07.23.a; sharks_happen:0757","AI1SAD local legacy incident file; Global Shark Attack File; N-Enzer SharkAttackAnalysis mirror; Ordovas shark-attack mirror; Ordovas cleaned shark-attack mirror; Hal / Sharks Happen Stats","","",""
"pending","incident:caf0ea5c793de1714e394e13","caf0ea5c793de1714e394e13","2004","18-May-04","BAHAMAS","Abaco Islands","Green Turtle Cay","26.8646479","-77.2799047","unreviewed location-only geocode cache match","2004.05.18; 2004.05.18; 2004.05.18; 2004.05.18; 2004.05.18","AI1SAD local legacy incident file; Global Shark Attack File; N-Enzer SharkAttackAnalysis mirror; Ordovas shark-attack mirror; Ordovas cleaned shark-attack mirror","","",""
"pending","incident:a6a563cfcea16077a9f27fbb","a6a563cfcea16077a9f27fbb","2013","28-Jul-13","BAHAMAS","Abaco Islands","Scotland Cay","26.6455936","-77.0743112","unreviewed location-only geocode cache match","2013.07.29.c; 2013.07.29.c; 2013.07.29.c; 2013.07.29.c; 2013.07.29.c","AI1SAD local legacy incident file; Global Shark Attack File; N-Enzer SharkAttackAnalysis mirror; Ordovas shark-attack mirror; Ordovas cleaned shark-attack mirror","","",""
"pending","incident:a0568b96dd2bf0f7d0984959","a0568b96dd2bf0f7d0984959","2009","31-Jul-09","BAHAMAS","Abaco Islands","Spanish Cay","26.9467489","-77.5376103","unreviewed location-only geocode cache match","2009.07.31; 2009.07.31; 2009.07.31; 2009.07.31; 2009.07.31; sharks_happen:0419","AI1SAD local legacy incident file; Global Shark Attack File; N-Enzer SharkAttackAnalysis mirror; Ordovas shark-attack mirror; Ordovas cleaned shark-attack mirror; Hal / Sharks Happen Stats","","",""
"pending","incident:39dc14f09805e0bb2626cf04","39dc14f09805e0bb2626cf04","2002","9-Apr-02","BAHAMAS","Abaco Islands","Walkers Cay","34.6903131","-77.0786469","unreviewed location-only geocode cache match","2002.04.09; 2002.04.09; 2002.04.09; 2002.04.09; 2002.04.09","AI1SAD local legacy incident file; Global Shark Attack File; N-Enzer SharkAttackAnalysis mirror; Ordovas shark-attack mirror; Ordovas cleaned shark-attack mirror","","",""
"pending","incident:4566c322b2f647e94da51aa5","4566c322b2f647e94da51aa5","2006","24-Jun-06","BAHAMAS","Andros Islands","Mangrove Cay","24.2188205","-77.7176145","unreviewed location-only geocode cache match","2006.06.24; 2006.06.24; 2006.06.24; 2006.06.24; 2006.06.24","AI1SAD local legacy incident file; Global Shark Attack File; N-Enzer SharkAttackAnalysis mirror; Ordovas shark-attack mirror; Ordovas cleaned shark-attack mirror","","",""
"pending","incident:1027888093c6fc1110b99951","1027888093c6fc1110b99951","2013","21-Mar-13","BAHAMAS","Eleuthera","Savannah Sound","25.0864501","-76.1305518","unreviewed location-only geocode cache match","2013.03.21; 2013.03.21; 2013.03.21; 2013.03.21; 2013.03.21","AI1SAD local legacy incident file; Global Shark Attack File; N-Enzer SharkAttackAnalysis mirror; Ordovas shark-attack mirror; Ordovas cleaned shark-attack mirror","","",""
"pending","incident:80df0a9a7192fde5c6e6d5c8","80df0a9a7192fde5c6e6d5c8","2013","28-Jul-13","BAHAMAS","Exuma Islands","Compass Cay","24.2706873","-76.5208111","unreviewed location-only geocode cache match","2013.07.28.b; 2013.07.28.b; 2013.07.28.b; 2013.07.28.b; 2013.07.28.b","AI1SAD local legacy incident file; Global Shark Attack File; N-Enzer SharkAttackAnalysis mirror; Ordovas shark-attack mirror; Ordovas cleaned shark-attack mirror","","",""
"pending","incident:227bfe3b120312558b31fb28","227bfe3b120312558b31fb28","2018","09-Nov-2018","BAHAMAS","Exumas","Compass Cay","24.2706873","-76.5208111","unreviewed location-only geocode cache match","2018.11.09","Global Shark Attack File","","",""
"pending","incident:ace80e10ad5bcb83662f8ade","ace80e10ad5bcb83662f8ade","2001","4-Aug-01","BAHAMAS","Grand Bahama Island","Freeport","42.2966861","-89.6212271","unreviewed location-only geocode cache match","2001.08.04; 2001.08.04; 2001.08.04; 2001.08.04; 2001.08.04","AI1SAD local legacy incident file; Global Shark Attack File; N-Enzer SharkAttackAnalysis mirror; Ordovas shark-attack mirror; Ordovas cleaned shark-attack mirror","","",""
"pending","incident:eebbdc358a9f705846e6e127","eebbdc358a9f705846e6e127","2008","24-May-08","BAHAMAS","Grand Bahama Island","Off West End","53.7444611","-2.3935873","unreviewed location-only geocode cache match","2008.05.24.b; 2008.05.24.b; 2008.05.24.b; 2008.05.24.b; 2008.05.24.b","AI1SAD local legacy incident file; Global Shark Attack File; N-Enzer SharkAttackAnalysis mirror; Ordovas shark-attack mirror; Ordovas cleaned shark-attack mirror","","",""
"pending","incident:6fe411d53100683f76142287","6fe411d53100683f76142287","2015","4-Jul-15","BAHAMAS","Grand Bahama Island","Port Lucaya, Freeport","26.5129109","-78.6420101","unreviewed location-only geocode cache match","2015.07.04.b; 2015.07.04.b; 2015.07.04.b; 2015.07.04.b; 2015.07.04.b","AI1SAD local legacy incident file; Global Shark Attack File; N-Enzer SharkAttackAnalysis mirror; Ordovas shark-attack mirror; Ordovas cleaned shark-attack mirror","","",""
"pending","incident:1306980ad69dd02e435b7779","1306980ad69dd02e435b7779","2007","28-Sep-07","BAHAMAS","Grand Bahama Island","Sweetings Cay","26.6201497","-77.8588655","unreviewed location-only geocode cache match","2007.09.28; 2007.09.28; 2007.09.28; 2007.09.28; 2007.09.28","AI1SAD local legacy incident file; Global Shark Attack File; N-Enzer SharkAttackAnalysis mirror; Ordovas shark-attack mirror; Ordovas cleaned shark-attack mirror","","",""
"pending","incident:9fd3f96b42abbade73c1cbf3","9fd3f96b42abbade73c1cbf3","2023","21 Nov-2023","BAHAMAS","Grand Bahama Island","Tiger Beach","20.7609394","107.0640018","unreviewed location-only geocode cache match","","Global Shark Attack File","","",""
"pending","incident:12903aa86e77d964d633e731","12903aa86e77d964d633e731","2022","21-Feb-2022","BAHAMAS","Grand Bahama Island","Tiger Beach","20.7609394","107.0640018","unreviewed location-only geocode cache match","2022.02.21","Global Shark Attack File","","",""
"pending","incident:f2ffd1b1c56414a8ac20f798","f2ffd1b1c56414a8ac20f798","2025","15th July","BAHAMAS","Great Abaco Islands","Spanish Cay","26.9467489","-77.5376103","unreviewed location-only geocode cache match","","Global Shark Attack File","","",""
"pending","incident:8eccc59e386fe886fb283493","8eccc59e386fe886fb283493","2019","26-Jun-2019","BAHAMAS","Lucayan Archipelago","Rose Island","41.4969897","-71.3415401","unreviewed location-only geocode cache match","2019.06.26; sharks_happen:0024","Global Shark Attack File; Hal / Sharks Happen Stats","","",""
"pending","incident:1d358ada05602c35191658b1","1d358ada05602c35191658b1","2023","24 May 2023","BAHAMAS","Lucayan Lucayan Archipelago","Athol Island","25.0754506","-77.2666572","unreviewed location-only geocode cache match","","Global Shark Attack File","","",""
"pending","incident:230a731026b679af056007bf","230a731026b679af056007bf","2017","2-Jun-17","BAHAMAS","New Providence","Athol Island","25.0754506","-77.2666572","unreviewed location-only geocode cache match","2017.06.02; 2017.06.02; 2017.06.02; 2017.06.02; 2017.06.02; sharks_happen:0381","AI1SAD local legacy incident file; Global Shark Attack File; N-Enzer SharkAttackAnalysis mirror; Ordovas shark-attack mirror; Ordovas cleaned shark-attack mirror; Hal / Sharks Happen Stats","","",""
"pending","incident:4d9c9ffd242ab0f67e7027ef","4d9c9ffd242ab0f67e7027ef","2018","14-Apr-18","BAHAMAS","New Providence","Nirvana Beach","14.4909566","74.3636687","unreviewed location-only geocode cache match","2018.04.14; 2018.04.14; 2018.04.14; 2018.04.14; 2018.04.14","AI1SAD local legacy incident file; Global Shark Attack File; N-Enzer SharkAttackAnalysis mirror; Ordovas shark-attack mirror; Ordovas cleaned shark-attack mirror","","",""
"pending","incident:3525b3baf73c9a68322e2f9c","3525b3baf73c9a68322e2f9c","2017","27-Jul-17","BAHAMAS","New Providence District","Rose Island","41.4969897","-71.3415401","unreviewed location-only geocode cache match","2017.07.27; 2017.07.27; 2017.07.27; 2017.07.27; 2017.07.27","AI1SAD local legacy incident file; Global Shark Attack File; N-Enzer SharkAttackAnalysis mirror; Ordovas shark-attack mirror; Ordovas cleaned shark-attack mirror","","",""
"pending","incident:9d118a2cdcb291d1c6d8585e","9d118a2cdcb291d1c6d8585e","2016","7-Aug-16","BAHAMAS","New Providence Island","Nassau","25.0782266","-77.3383438","unreviewed location-only geocode cache match","2016.08.07; 2016.08.07; 2016.08.07; 2016.08.07; 2016.08.07","AI1SAD local legacy incident file; Global Shark Attack File; N-Enzer SharkAttackAnalysis mirror; Ordovas shark-attack mirror; Ordovas cleaned shark-attack mirror","","",""
"pending","incident:57ebbe1bcd3e6f8837205692","57ebbe1bcd3e6f8837205692","2006","Oct-06","BAHAMAS","New Providence Island","Nassau","25.0782266","-77.3383438","unreviewed location-only geocode cache match","2006.10.00.b; 2006.10.00.b; 2006.10.00.b; 2006.10.00.b; 2006.10.00.b","AI1SAD local legacy incident file; Global Shark Attack File; N-Enzer SharkAttackAnalysis mirror; Ordovas shark-attack mirror; Ordovas cleaned shark-attack mirror","","",""
"pending","incident:ad0eac99f47ecc2e5936acc5","ad0eac99f47ecc2e5936acc5","2017","01-Mar-2017","BAHAMAS","The Exuma Cays","Compass Cay","24.2706873","-76.5208111","unreviewed location-only geocode cache match","2017.03.01","Global Shark Attack File","","",""
"pending","incident:1be49fc3891885ced8f07dcd","1be49fc3891885ced8f07dcd","2011","26-Jan-11","BAHAMAS","West End","Tiger Beach","20.7609394","107.0640018","unreviewed location-only geocode cache match","2011.01.26; 2011.01.26; 2011.01.26; 2011.01.26; 2011.01.26","AI1SAD local legacy incident file; Global Shark Attack File; N-Enzer SharkAttackAnalysis mirror; Ordovas shark-attack mirror; Ordovas cleaned shark-attack mirror","","",""
"pending","incident:46cf264f20e5c0debd41d26a","46cf264f20e5c0debd41d26a","2008","24-Jun-08","BRAZIL","Bahia","Guarajuba","-0.8172726","-48.0027642","unreviewed location-only geocode cache match","2008.06.24; 2008.06.24; 2008.06.24; 2008.06.24; 2008.06.24","AI1SAD local legacy incident file; Global Shark Attack File; N-Enzer SharkAttackAnalysis mirror; Ordovas shark-attack mirror; Ordovas cleaned shark-attack mirror","","",""
"pending","incident:48b01b327d3f50b8b346aa3c","48b01b327d3f50b8b346aa3c","2016","2-Feb-16","BRAZIL","Balneï¿½rio Camboriï¿½","Estaleirinho beach","-27.0492681","-48.5877683","unreviewed location-only geocode cache match","2016.02.02; 2016.02.02; 2016.02.02; 2016.02.02; 2016.02.02","AI1SAD local legacy incident file; Global Shark Attack File; N-Enzer SharkAttackAnalysis mirror; Ordovas shark-attack mirror; Ordovas cleaned shark-attack mirror","","",""
"pending","incident:2a5df88123f0bfdaeee7cb1c","2a5df88123f0bfdaeee7cb1c","2018","12-Jan-18","BRAZIL","Fernando de Noronha","Conceicao Beach","38.5428162","-28.619584","unreviewed location-only geocode cache match","2018.01.12; 2018.01.12; 2018.01.12; 2018.01.12; 2018.01.12","AI1SAD local legacy incident file; Global Shark Attack File; N-Enzer SharkAttackAnalysis mirror; Ordovas shark-attack mirror; Ordovas cleaned shark-attack mirror","","",""
"pending","incident:7537dd03a78f9fec857cc62b","7537dd03a78f9fec857cc62b","2013","22-Jul-2013","BRAZIL","Pernambuco","Boa Viagem Beach, Recife","-8.1275681","-34.8976638","unreviewed location-only geocode cache match","2013.07.22; 2013.07.22; 2013.07.22; 2013.07.22; 2013.07.22","AI1SAD local legacy incident file; Global Shark Attack File; N-Enzer SharkAttackAnalysis mirror; Ordovas shark-attack mirror; Ordovas cleaned shark-attack mirror","","",""
"pending","incident:6ee0ff9be88580cb62f4ac78","6ee0ff9be88580cb62f4ac78","2006","21-May-06","BRAZIL","Pernambuco","Boa Viagem Beach, Recife","-8.1275681","-34.8976638","unreviewed location-only geocode cache match","2006.05.21; 2006.05.21; 2006.05.21; 2006.05.21; 2006.05.21","AI1SAD local legacy incident file; Global Shark Attack File; N-Enzer SharkAttackAnalysis mirror; Ordovas shark-attack mirror; Ordovas cleaned shark-attack mirror","","",""
"pending","incident:01f35649df3b412c8c74723b","01f35649df3b412c8c74723b","2004","21-Aug-04","BRAZIL","Pernambuco","Boa Viagem Beach, Recife","-8.1275681","-34.8976638","unreviewed location-only geocode cache match","2004.08.21; 2004.08.21; 2004.08.21; 2004.08.21; 2004.08.21","AI1SAD local legacy incident file; Global Shark Attack File; N-Enzer SharkAttackAnalysis mirror; Ordovas shark-attack mirror; Ordovas cleaned shark-attack mirror","","",""
"pending","incident:1f2370d78d60422f833703c7","1f2370d78d60422f833703c7","2002","1-Dec-02","BRAZIL","Pernambuco","Boa Viagem Beach, Recife","-8.1275681","-34.8976638","unreviewed location-only geocode cache match","2002.12.01; 2002.12.01; 2002.12.01; 2002.12.01; 2002.12.01","AI1SAD local legacy incident file; Global Shark Attack File; N-Enzer SharkAttackAnalysis mirror; Ordovas shark-attack mirror; Ordovas cleaned shark-attack mirror","","",""
"pending","incident:8ab005e953d351017c61d0b6","8ab005e953d351017c61d0b6","2002","24-Mar-02","BRAZIL","Pernambuco","Boa Viagem Beach, Recife","-8.1275681","-34.8976638","unreviewed location-only geocode cache match","2002.03.24; 2002.03.24; 2002.03.24; 2002.03.24; 2002.03.24","AI1SAD local legacy incident file; Global Shark Attack File; N-Enzer SharkAttackAnalysis mirror; Ordovas shark-attack mirror; Ordovas cleaned shark-attack mirror","","",""
"pending","incident:023fd34756932ce80279d97d","023fd34756932ce80279d97d","2001","3-Mar-01","BRAZIL","Pernambuco","Boa Viagem Beach, Recife","-8.1275681","-34.8976638","unreviewed location-only geocode cache match","2001.03.03; 2001.03.03; 2001.03.03; 2001.03.03; 2001.03.03","AI1SAD local legacy incident file; Global Shark Attack File; N-Enzer SharkAttackAnalysis mirror; Ordovas shark-attack mirror; Ordovas cleaned shark-attack mirror","","",""
"pending","incident:e34f740ac7bb083991aac88c","e34f740ac7bb083991aac88c","2017","24-Jan-17","BRAZIL","Pernambuco","Boa Viagem, Recife","-8.1235027","-34.9033955","unreviewed location-only geocode cache match","2017.01.24; 2017.01.24; 2017.01.24; 2017.01.24; 2017.01.24","AI1SAD local legacy incident file; Global Shark Attack File; N-Enzer SharkAttackAnalysis mirror; Ordovas shark-attack mirror; Ordovas cleaned shark-attack mirror","","",""
"pending","incident:ab2b24fe321c27749c8a3d71","ab2b24fe321c27749c8a3d71","2002","3-Jan-02","BRAZIL","Pernambuco","Candeias","-20.7676161","-45.2763777","unreviewed location-only geocode cache match","2002.01.03; 2002.01.03; 2002.01.03; 2002.01.03; 2002.01.03","AI1SAD local legacy incident file; Global Shark Attack File; N-Enzer SharkAttackAnalysis mirror; Ordovas shark-attack mirror; Ordovas cleaned shark-attack mirror","","",""
"pending","incident:7630b49496e411f9b0747b64","7630b49496e411f9b0747b64","2013","23-May-13","BRAZIL","Pernambuco","Coral Cove Beach","9.4905114","100.0615582","unreviewed location-only geocode cache match","2013.05.23.b; 2013.05.23.b; 2013.05.23.b; 2013.05.23.b; 2013.05.23.b","AI1SAD local legacy incident file; Global Shark Attack File; N-Enzer SharkAttackAnalysis mirror; Ordovas shark-attack mirror; Ordovas cleaned shark-attack mirror","","",""
"pending","incident:88c06c093c6806b0d7cbaf84","88c06c093c6806b0d7cbaf84","2017","6-Feb-17","BRAZIL","Pernambuco","Fernando de Noronha Marine Park","-3.8545643","-32.3786162","unreviewed location-only geocode cache match","2017.02.06.b; 2017.02.06.b; 2017.02.06.b; 2017.02.06.b; 2017.02.06.b","AI1SAD local legacy incident file; Global Shark Attack File; N-Enzer SharkAttackAnalysis mirror; Ordovas shark-attack mirror; Ordovas cleaned shark-attack mirror","","",""
"pending","incident:8dba72b4cceb2eb2b6b10641","8dba72b4cceb2eb2b6b10641","2021","10-Jul-2021","BRAZIL","Pernambuco","Piedade","-23.7074096","-47.4252319","unreviewed location-only geocode cache match","2021.07.10; sharks_happen:0249","Global Shark Attack File; Hal / Sharks Happen Stats","","",""
"pending","incident:e38e1c9a528baa69d5f98e0e","e38e1c9a528baa69d5f98e0e","2021","25-Jul-2021","BRAZIL","Pernambuco","Piedade","-23.7074096","-47.4252319","unreviewed location-only geocode cache match","2021.07.25","Global Shark Attack File","","",""
"pending","incident:c83809d5d6ee5264931959f4","c83809d5d6ee5264931959f4","2018","15-Apr-18","BRAZIL","Pernambuco","Piedade","-23.7074096","-47.4252319","unreviewed location-only geocode cache match","2018.04.15.c; 2018.04.15.c; 2018.04.15.c; 2018.04.15.c; 2018.04.15.c","AI1SAD local legacy incident file; Global Shark Attack File; N-Enzer SharkAttackAnalysis mirror; Ordovas shark-attack mirror; Ordovas cleaned shark-attack mirror","","",""
"pending","incident:71288858cb086dbca0a7fad7","71288858cb086dbca0a7fad7","2006","9-Apr-06","BRAZIL","Pernambuco","Piedade","-23.7074096","-47.4252319","unreviewed location-only geocode cache match","2006.04.09.a; 2006.04.09.a; 2006.04.09.a; 2006.04.09.a; 2006.04.09.a","AI1SAD local legacy incident file; Global Shark Attack File; N-Enzer SharkAttackAnalysis mirror; Ordovas shark-attack mirror; Ordovas cleaned shark-attack mirror","","",""
"pending","incident:98e091ae0c9f4864ef7baa0f","98e091ae0c9f4864ef7baa0f","2004","1-May-04","BRAZIL","Pernambuco","Piedade","-23.7074096","-47.4252319","unreviewed location-only geocode cache match","2004.05.01; 2004.05.01; 2004.05.01; 2004.05.01; 2004.05.01","AI1SAD local legacy incident file; Global Shark Attack File; N-Enzer SharkAttackAnalysis mirror; Ordovas shark-attack mirror; Ordovas cleaned shark-attack mirror","","",""
"pending","incident:9c0a77d6d53bbe458620a688","9c0a77d6d53bbe458620a688","2023","05-Mar-2023","BRAZIL","Pernambuco","Piedade Beach","-8.1734286","-34.9153895","unreviewed location-only geocode cache match","","Global Shark Attack File","","",""
"pending","incident:115d22e3a0e58d2a6b88c930","115d22e3a0e58d2a6b88c930","2023","06-Mar-2023","BRAZIL","Pernambuco","Piedade Beach","-8.1734286","-34.9153895","unreviewed location-only geocode cache match","","Global Shark Attack File","","",""
"pending","incident:85133c5190026ea855b6811a","85133c5190026ea855b6811a","2004","23-May-04","BRAZIL","Pernambuco","Piedade Beach","-8.1734286","-34.9153895","unreviewed location-only geocode cache match","2004.05.23.b; 2004.05.23.b; 2004.05.23.b; 2004.05.23.b; 2004.05.23.b","AI1SAD local legacy incident file; Global Shark Attack File; N-Enzer SharkAttackAnalysis mirror; Ordovas shark-attack mirror; Ordovas cleaned shark-attack mirror","","",""
"pending","incident:3ec4b50001b4129800f3b54b","3ec4b50001b4129800f3b54b","2004","29-Mar-04","BRAZIL","Pernambuco","Piedade Beach","-8.1734286","-34.9153895","unreviewed location-only geocode cache match","2004.03.29; 2004.03.29; 2004.03.29; 2004.03.29; 2004.03.29","AI1SAD local legacy incident file; Global Shark Attack File; N-Enzer SharkAttackAnalysis mirror; Ordovas shark-attack mirror; Ordovas cleaned shark-attack mirror","","",""
"pending","incident:736d0485ad0cc1adb98452d6","736d0485ad0cc1adb98452d6","2018","3-Jun-18","BRAZIL","Pernambuco","Piedade Beach, Recife","-8.1734286","-34.9153895","unreviewed location-only geocode cache match","2018.06.03.a; 2018.06.03.a; 2018.06.03.a; 2018.06.03.a; 2018.06.03.a","AI1SAD local legacy incident file; Global Shark Attack File; N-Enzer SharkAttackAnalysis mirror; Ordovas shark-attack mirror; Ordovas cleaned shark-attack mirror","","",""
"pending","incident:5ee06ed14dceb2d79f082b69","5ee06ed14dceb2d79f082b69","2004","29-Feb-04","BRAZIL","Pernambuco","Piedade Beach, Recife","-8.1734286","-34.9153895","unreviewed location-only geocode cache match","2004.02.29; 2004.02.29; 2004.02.29; 2004.02.29; 2004.02.29","AI1SAD local legacy incident file; Global Shark Attack File; N-Enzer SharkAttackAnalysis mirror; Ordovas shark-attack mirror; Ordovas cleaned shark-attack mirror","","",""
"pending","incident:078ab3564733963d14a7560a","078ab3564733963d14a7560a","2004","22-May-04","BRAZIL","Pernambuco","Piedade Beach, Recife","-8.1734286","-34.9153895","unreviewed location-only geocode cache match","2004.05.22.a; 2004.05.22.a; 2004.05.22.a; 2004.05.22.a; 2004.05.22.a","AI1SAD local legacy incident file; Global Shark Attack File; N-Enzer SharkAttackAnalysis mirror; Ordovas shark-attack mirror; Ordovas cleaned shark-attack mirror","","",""
"pending","incident:2030cd7fef388fef16dbad99","2030cd7fef388fef16dbad99","2002","10-Jul-02","BRAZIL","Pernambuco","Piedade Beach, Recife","-8.1734286","-34.9153895","unreviewed location-only geocode cache match","2002.07.09.a; 2002.07.09.a; 2002.07.09.a; 2002.07.09.a; 2002.07.09.a","AI1SAD local legacy incident file; Global Shark Attack File; N-Enzer SharkAttackAnalysis mirror; Ordovas shark-attack mirror; Ordovas cleaned shark-attack mirror","","",""
"pending","incident:a56623032eb2d693430f6b69","a56623032eb2d693430f6b69","2009","7-Sep-09","BRAZIL","Pernambuco","Piedade, Recife","-7.988608","-34.9305528","unreviewed location-only geocode cache match","2009.09.07; 2009.09.07; 2009.09.07; 2009.09.07; 2009.09.07","AI1SAD local legacy incident file; Global Shark Attack File; N-Enzer SharkAttackAnalysis mirror; Ordovas shark-attack mirror; Ordovas cleaned shark-attack mirror","","",""
"pending","incident:fd7584626afdcd7599f32723","fd7584626afdcd7599f32723","2009","13-Sep-09","BRAZIL","Pernambuco","Piedade, Recife","-7.988608","-34.9305528","unreviewed location-only geocode cache match","2009.09.13; 2009.09.13; 2009.09.13; 2009.09.13; 2009.09.13","AI1SAD local legacy incident file; Global Shark Attack File; N-Enzer SharkAttackAnalysis mirror; Ordovas shark-attack mirror; Ordovas cleaned shark-attack mirror","","",""
"pending","incident:18315be391aa35d2cceb8ffc","18315be391aa35d2cceb8ffc","2008","1-Jun-08","BRAZIL","Pernambuco","Piedade, Recife","-7.988608","-34.9305528","unreviewed location-only geocode cache match","2008.06.01.a; 2008.06.01.a; 2008.06.01.a; 2008.06.01.a; 2008.06.01.a","AI1SAD local legacy incident file; Global Shark Attack File; N-Enzer SharkAttackAnalysis mirror; Ordovas shark-attack mirror; Ordovas cleaned shark-attack mirror","","",""
"pending","incident:c24c91be61a762abc7fe87cc","c24c91be61a762abc7fe87cc","2003","24-Jun-03","BRAZIL","Pernambuco","Piedade, Recife","-7.988608","-34.9305528","unreviewed location-only geocode cache match","2003.06.24.c; 2003.06.24.c; 2003.06.24.c; 2003.06.24.c; 2003.06.24.c","AI1SAD local legacy incident file; Global Shark Attack File; N-Enzer SharkAttackAnalysis mirror; Ordovas shark-attack mirror; Ordovas cleaned shark-attack mirror","","",""
"pending","incident:94862e994614fe02946c6d93","94862e994614fe02946c6d93","2004","8-Sep-04","BRAZIL","Pernambuco","Pina, Recife","-8.0963033","-34.8946884","unreviewed location-only geocode cache match","2004.09.08; 2004.09.08; 2004.09.08; 2004.09.08; 2004.09.08","AI1SAD local legacy incident file; Global Shark Attack File; N-Enzer SharkAttackAnalysis mirror; Ordovas shark-attack mirror; Ordovas cleaned shark-attack mirror","","",""
"pending","incident:f95ad5c53eaab3f4b1e7cc11","f95ad5c53eaab3f4b1e7cc11","2002","10-May-02","BRAZIL","Pernambuco","Pina, Recife","-8.0963033","-34.8946884","unreviewed location-only geocode cache match","2002.05.10; 2002.05.10; 2002.05.10; 2002.05.10; 2002.05.10","AI1SAD local legacy incident file; Global Shark Attack File; N-Enzer SharkAttackAnalysis mirror; Ordovas shark-attack mirror; Ordovas cleaned shark-attack mirror","","",""
"pending","incident:d042a9022ef25d536a2af702","d042a9022ef25d536a2af702","2011","29-Jun-11","BRAZIL","Pernambuco","Praia do Pina","-8.0945062","-34.8819499","unreviewed location-only geocode cache match","2011.06.29; 2011.06.29; 2011.06.29; 2011.06.29; 2011.06.29","AI1SAD local legacy incident file; Global Shark Attack File; N-Enzer SharkAttackAnalysis mirror; Ordovas shark-attack mirror; Ordovas cleaned shark-attack mirror","","",""
"pending","incident:sharks_happen:0496",,"2003","2003-06-24","BRAZIL","Recife","Piedade","-23.7074096","-47.4252319","unreviewed location-only geocode cache match","sharks_happen:0496","Hal / Sharks Happen Stats","","",""
"pending","incident:sharks_happen:0538",,"2009","2009-09-07","BRAZIL","Recife","Piedade Beach","-8.1734286","-34.9153895","unreviewed location-only geocode cache match","sharks_happen:0538","Hal / Sharks Happen Stats","","",""
"pending","incident:sharks_happen:0283",,"2002","2002-10-14","BRAZIL","Recife","Piedade Beach","-8.1734286","-34.9153895","unreviewed location-only geocode cache match","sharks_happen:0283","Hal / Sharks Happen Stats","","",""
"pending","incident:91e465eb1b232a16c878d05c","91e465eb1b232a16c878d05c","2001","02-Ap-2001","BRAZIL","Rio Grande de Norte","Praia de Camapum, Macau","-5.0903345","-36.637525","unreviewed location-only geocode cache match","2001.04.02.b; 2001.04.02.b; 2001.04.02.b; 2001.04.02.b; 2001.04.02.b","AI1SAD local legacy incident file; Global Shark Attack File; N-Enzer SharkAttackAnalysis mirror; Ordovas shark-attack mirror; Ordovas cleaned shark-attack mirror","","",""
"pending","incident:ae37cfc1e9fd0abb2ed309f8","ae37cfc1e9fd0abb2ed309f8","2000","5-Dec-00","CANADA","New Brunswick","Bay of Fundy","44.8512466","-66.1977817","unreviewed location-only geocode cache match","2000.12.05; 2000.12.05; 2000.12.05; 2000.12.05; 2000.12.05","AI1SAD local legacy incident file; Global Shark Attack File; N-Enzer SharkAttackAnalysis mirror; Ordovas shark-attack mirror; Ordovas cleaned shark-attack mirror","","",""
"pending","incident:09d1ebf87f4ae0f49614cfd5","09d1ebf87f4ae0f49614cfd5","2012","1-Mar-12","CHILE","Antofagasta Province","Antofagasta","-23.6463741","-70.3980033","unreviewed location-only geocode cache match","2012.03.01; 2012.03.01; 2012.03.01; 2012.03.01; 2012.03.01","AI1SAD local legacy incident file; Global Shark Attack File; N-Enzer SharkAttackAnalysis mirror; Ordovas shark-attack mirror; Ordovas cleaned shark-attack mirror","","",""
"pending","incident:3a3130813aacf66b5660714f","3a3130813aacf66b5660714f","2011","5-Jul-11","COLUMBIA","Sucre","Libertad, San Onofre","9.8962382","-75.5741143","unreviewed location-only geocode cache match","2011.07.05; 2011.07.05; 2011.07.05; 2011.07.05; 2011.07.05","AI1SAD local legacy incident file; Global Shark Attack File; N-Enzer SharkAttackAnalysis mirror; Ordovas shark-attack mirror; Ordovas cleaned shark-attack mirror","","",""
"pending","incident:bca5d8b8953b8fd4a5be8a82","bca5d8b8953b8fd4a5be8a82","2018","28-Apr-18","COSTA RICA","Cocos Island","Manuelita","-46.6087287","-68.1931292","unreviewed location-only geocode cache match","2018.04.28.b; 2018.04.28.b; 2018.04.28.b; 2018.04.28.b; 2018.04.28.b","AI1SAD local legacy incident file; Global Shark Attack File; N-Enzer SharkAttackAnalysis mirror; Ordovas shark-attack mirror; Ordovas cleaned shark-attack mirror","","",""
"pending","incident:32559a066517e6cd5979b4ca","32559a066517e6cd5979b4ca","2017","30-Nov-17","COSTA RICA","Cocos Island","Manuelita","-46.6087287","-68.1931292","unreviewed location-only geocode cache match","2017.11.30.a; 2017.11.30.a; 2017.11.30.a; 2017.11.30.a; 2017.11.30.a","AI1SAD local legacy incident file; Global Shark Attack File; N-Enzer SharkAttackAnalysis mirror; Ordovas shark-attack mirror; Ordovas cleaned shark-attack mirror","","",""
"pending","incident:f5b178237c721fcf6f151f4f","f5b178237c721fcf6f151f4f","2017","30-Nov-17","COSTA RICA","Cocos Island","Manuelita","-46.6087287","-68.1931292","unreviewed location-only geocode cache match","2017.11.30.b; 2017.11.30.b; 2017.11.30.b; 2017.11.30.b; 2017.11.30.b","AI1SAD local legacy incident file; Global Shark Attack File; N-Enzer SharkAttackAnalysis mirror; Ordovas shark-attack mirror; Ordovas cleaned shark-attack mirror","","",""
"pending","incident:cb76e9203a8f49913a903059","cb76e9203a8f49913a903059","2015","28-Jul-15","COSTA RICA","Guanacaste","Playa Grande","-36.4058456","-56.7055465","unreviewed location-only geocode cache match","2015.07.28; 2015.07.28; 2015.07.28; 2015.07.28; 2015.07.28","AI1SAD local legacy incident file; Global Shark Attack File; N-Enzer SharkAttackAnalysis mirror; Ordovas shark-attack mirror; Ordovas cleaned shark-attack mirror","","",""
"pending","incident:59c2a128e90648637490a595","59c2a128e90648637490a595","2011","19-Jun-11","COSTA RICA","Guanacaste","Playa Grande","-36.4058456","-56.7055465","unreviewed location-only geocode cache match","2011.06.19.a; 2011.06.19.a; 2011.06.19.a; 2011.06.19.a; 2011.06.19.a; sharks_happen:0584","AI1SAD local legacy incident file; Global Shark Attack File; N-Enzer SharkAttackAnalysis mirror; Ordovas shark-attack mirror; Ordovas cleaned shark-attack mirror; Hal / Sharks Happen Stats","","",""
"pending","incident:3c9481d773bd92a8087fdacf","3c9481d773bd92a8087fdacf","2002","Reported 21-May-2002","COSTA RICA","Guanacaste","Playa Grande","-36.4058456","-56.7055465","unreviewed location-only geocode cache match","2002.05.21.R; 2002.05.21.R; 2002.05.21.R; 2002.05.21.R; 2002.05.21.R","AI1SAD local legacy incident file; Global Shark Attack File; N-Enzer SharkAttackAnalysis mirror; Ordovas shark-attack mirror; Ordovas cleaned shark-attack mirror","","",""
"pending","incident:d0257b2a266d3d4b90cc961a","d0257b2a266d3d4b90cc961a","2003","3-Jan-03","COSTA RICA","North Pacific coast","Playa Tamarindo","18.3180946","-65.3177057","unreviewed location-only geocode cache match","2003.01.03; 2003.01.03; 2003.01.03; 2003.01.03; 2003.01.03; sharks_happen:0862","AI1SAD local legacy incident file; Global Shark Attack File; N-Enzer SharkAttackAnalysis mirror; Ordovas shark-attack mirror; Ordovas cleaned shark-attack mirror; Hal / Sharks Happen Stats","","",""
"pending","incident:d55cb99be94e27b05415c215","d55cb99be94e27b05415c215","2004","31-Oct-04","CUBA","Camaguey Province","Santa Lucia","13.8250489","-60.975036","unreviewed location-only geocode cache match","2004.10.31; 2004.10.31; 2004.10.31; 2004.10.31; 2004.10.31","AI1SAD local legacy incident file; Global Shark Attack File; N-Enzer SharkAttackAnalysis mirror; Ordovas shark-attack mirror; Ordovas cleaned shark-attack mirror","","",""
"pending","incident:1b105bee4d99c38ddcb1517e","1b105bee4d99c38ddcb1517e","2009","Jan-09","CUBA","Guantanamo Province","Guantanamo","19.9709396","-75.1434583","unreviewed location-only geocode cache match","2009.01.00; 2009.01.00; 2009.01.00; 2009.01.00; 2009.01.00","AI1SAD local legacy incident file; Global Shark Attack File; N-Enzer SharkAttackAnalysis mirror; Ordovas shark-attack mirror; Ordovas cleaned shark-attack mirror","","",""
"pending","incident:a221322da7739de7b795f43f","a221322da7739de7b795f43f","2009","25-Jan-09","CUBA","Guantanamo Province","Guantanamo Bay","19.9185556","-75.1593258","unreviewed location-only geocode cache match","2009.01.25; 2009.01.25; 2009.01.25; 2009.01.25; 2009.01.25; sharks_happen:0611","AI1SAD local legacy incident file; Global Shark Attack File; N-Enzer SharkAttackAnalysis mirror; Ordovas shark-attack mirror; Ordovas cleaned shark-attack mirror; Hal / Sharks Happen Stats","","",""
"pending","incident:6dec1053180f55d189b213ed","6dec1053180f55d189b213ed","2019","04-Dec-2019","CUBA","Holquin","Guardalavaca Beach","21.1254138","-75.8315322","unreviewed location-only geocode cache match","","Global Shark Attack File","","",""
"pending","incident:39f230c205447efd8e215c7d","39f230c205447efd8e215c7d","2017","4-Nov-17","CUBA","Holquin Province","Guardalavaca Beach","21.1254138","-75.8315322","unreviewed location-only geocode cache match","2017.11.04; 2017.11.04; 2017.11.04; 2017.11.04; 2017.11.04; sharks_happen:0358","AI1SAD local legacy incident file; Global Shark Attack File; N-Enzer SharkAttackAnalysis mirror; Ordovas shark-attack mirror; Ordovas cleaned shark-attack mirror; Hal / Sharks Happen Stats","","",""
"pending","incident:4cceacd2a17a76959febd94c","4cceacd2a17a76959febd94c","2005","20-Jan-05","CUBA","Santiago de Cuba Province","Uvero","19.9486401","-76.5888215","unreviewed location-only geocode cache match","2005.01.20; 2005.01.20; 2005.01.20; 2005.01.20; 2005.01.20","AI1SAD local legacy incident file; Global Shark Attack File; N-Enzer SharkAttackAnalysis mirror; Ordovas shark-attack mirror; Ordovas cleaned shark-attack mirror","","",""
"pending","incident:120fe5449894f99f12847852","120fe5449894f99f12847852","2010","15-Nov-10","DOMINICAN REPUBLIC",,"Boca Chica","18.4570748","-69.61487","unreviewed location-only geocode cache match","2010.11.15; 2010.11.15; 2010.11.15; 2010.11.15; 2010.11.15","AI1SAD local legacy incident file; Global Shark Attack File; N-Enzer SharkAttackAnalysis mirror; Ordovas shark-attack mirror; Ordovas cleaned shark-attack mirror","","",""
"pending","incident:864ac63bf792879a1f1edde0","864ac63bf792879a1f1edde0","2016","12-Feb-16","DOMINICAN REPUBLIC","Altagracia Province","Bavaro Beach, Punta Cana","18.6840253","-68.419072","unreviewed location-only geocode cache match","2016.02.12; 2016.02.12; 2016.02.12; 2016.02.12; 2016.02.12","AI1SAD local legacy incident file; Global Shark Attack File; N-Enzer SharkAttackAnalysis mirror; Ordovas shark-attack mirror; Ordovas cleaned shark-attack mirror","","",""
"pending","incident:e8f2530277e049a268bdd796","e8f2530277e049a268bdd796","2011","28-Sep-11","DOMINICAN REPUBLIC","Samanï¿½ Province","Playa Jackson","19.2890591","-69.6635113","unreviewed location-only geocode cache match","2011.09.28.b; 2011.09.28.b; 2011.09.28.b; 2011.09.28.b; 2011.09.28.b","AI1SAD local legacy incident file; Global Shark Attack File; N-Enzer SharkAttackAnalysis mirror; Ordovas shark-attack mirror; Ordovas cleaned shark-attack mirror","","",""
"pending","incident:523a32da0c04e56d5568bbaf","523a32da0c04e56d5568bbaf","2009","10-Jan-09","ECUADOR","Galapagos Islands","Isla Isabella","-54.2152569","-72.9598064","unreviewed location-only geocode cache match","2009.01.10.a; 2009.01.10.a; 2009.01.10.a; 2009.01.10.a; 2009.01.10.a","AI1SAD local legacy incident file; Global Shark Attack File; N-Enzer SharkAttackAnalysis mirror; Ordovas shark-attack mirror; Ordovas cleaned shark-attack mirror","","",""
"pending","incident:572277c3db01159acff3e593","572277c3db01159acff3e593","2007","21-Dec-07","ECUADOR","Galapagos Islands","San Cristobal Island","17.315693","-62.7446806","unreviewed location-only geocode cache match","2007.12.21; 2007.12.21; 2007.12.21; 2007.12.21; 2007.12.21","AI1SAD local legacy incident file; Global Shark Attack File; N-Enzer SharkAttackAnalysis mirror; Ordovas shark-attack mirror; Ordovas cleaned shark-attack mirror","","",""
"pending","incident:b73a9f9456e6aac8148e5777","b73a9f9456e6aac8148e5777","2008","24-Nov-08","ECUADOR","Galapagos Islands","Santa Cruz","28.467178","-16.2507843","unreviewed location-only geocode cache match","2008.11.24; 2008.11.24; 2008.11.24; 2008.11.24; 2008.11.24","AI1SAD local legacy incident file; Global Shark Attack File; N-Enzer SharkAttackAnalysis mirror; Ordovas shark-attack mirror; Ordovas cleaned shark-attack mirror","","",""
"pending","incident:84b36df3829e8fc399057590","84b36df3829e8fc399057590","2018","3-Feb-18","ECUADOR","Galapagos Islands","Santa Fe Island","42.1291881","-90.1915172","unreviewed location-only geocode cache match","2018.02.03; 2018.02.03; 2018.02.03; 2018.02.03; 2018.02.03","AI1SAD local legacy incident file; Global Shark Attack File; N-Enzer SharkAttackAnalysis mirror; Ordovas shark-attack mirror; Ordovas cleaned shark-attack mirror","","",""
"pending","incident:0d2620f20cbfb938b6ba34de","0d2620f20cbfb938b6ba34de","2004","14-Feb-04","EGYPT",,"Coral Bay, Sharm-el-Sheikh","27.9296631","34.3698811","unreviewed location-only geocode cache match","2004.02.14; 2004.02.14; 2004.02.14; 2004.02.14; 2004.02.14","AI1SAD local legacy incident file; Global Shark Attack File; N-Enzer SharkAttackAnalysis mirror; Ordovas shark-attack mirror; Ordovas cleaned shark-attack mirror","","",""
"pending","incident:cf41f0d616abf581ca597519","cf41f0d616abf581ca597519","2008","18-Jul-08","EGYPT",,"Daedalus Reef","24.9344451","35.8681201","unreviewed location-only geocode cache match","2008.07.18; 2008.07.18; 2008.07.18; 2008.07.18; 2008.07.18","AI1SAD local legacy incident file; Global Shark Attack File; N-Enzer SharkAttackAnalysis mirror; Ordovas shark-attack mirror; Ordovas cleaned shark-attack mirror","","",""
"pending","incident:84168e1e71a240ae68d3de40","84168e1e71a240ae68d3de40","2018","03-Aug-2018","EGYPT",,"Marsa Alam","25.069992","34.893817","unreviewed location-only geocode cache match","2018.08.03","Global Shark Attack File","","",""
"pending","incident:8a288c2c61198e9562db2403","8a288c2c61198e9562db2403","2015","21-Mar-15","EGYPT",,"Marsa Alam","25.069992","34.893817","unreviewed location-only geocode cache match","2015.03.21; 2015.03.21; 2015.03.21; 2015.03.21; 2015.03.21; sharks_happen:0607","AI1SAD local legacy incident file; Global Shark Attack File; N-Enzer SharkAttackAnalysis mirror; Ordovas shark-attack mirror; Ordovas cleaned shark-attack mirror; Hal / Sharks Happen Stats","","",""
"pending","incident:15c80db91ffd69f123f42822","15c80db91ffd69f123f42822","2007","27-Sep-07","EGYPT","Red Sea","Daedalus Reefï¿½","24.9344451","35.8681201","unreviewed location-only geocode cache match","2007.09.27.a; 2007.09.27.a; 2007.09.27.a; 2007.09.27.a; 2007.09.27.a; sharks_happen:0028","AI1SAD local legacy incident file; Global Shark Attack File; N-Enzer SharkAttackAnalysis mirror; Ordovas shark-attack mirror; Ordovas cleaned shark-attack mirror; Hal / Sharks Happen Stats","","",""
"pending","incident:7561195936fd20c7eda1c50c","7561195936fd20c7eda1c50c","2008","28-Nov-08","EGYPT","Red Sea","Elphinstone Reef","25.309294","34.8605916","unreviewed location-only geocode cache match","2008.11.28; 2008.11.28; 2008.11.28; 2008.11.28; 2008.11.28","AI1SAD local legacy incident file; Global Shark Attack File; N-Enzer SharkAttackAnalysis mirror; Ordovas shark-attack mirror; Ordovas cleaned shark-attack mirror","","",""
"pending","incident:9ea50282ce305125eb323632","9ea50282ce305125eb323632","2017","5-Aug-17","EGYPT","Red Sea Protectorate","Marsa Ghalib","25.5567114","34.5862389","unreviewed location-only geocode cache match","2017.08.05; 2017.08.05; 2017.08.05; 2017.08.05; 2017.08.05","AI1SAD local legacy incident file; Global Shark Attack File; N-Enzer SharkAttackAnalysis mirror; Ordovas shark-attack mirror; Ordovas cleaned shark-attack mirror","","",""
"pending","incident:sharks_happen:0121",,"2010","2010-11-30","EGYPT","Sharm El Sheik","Coral Bay","-23.1436752","113.770165","unreviewed location-only geocode cache match","sharks_happen:0121","Hal / Sharks Happen Stats","","",""
"pending","incident:sharks_happen:0122",,"2010","2010-11-30","EGYPT","Sharm El Sheik","Coral Bay","-23.1436752","113.770165","unreviewed location-only geocode cache match","sharks_happen:0122","Hal / Sharks Happen Stats","","",""
"pending","incident:a7e01cc9b5869f75a567b591","a7e01cc9b5869f75a567b591","2010","4-Apr-10","EGYPT","Sinai Peninsula","Sharm el-Sheikh","27.8644422","34.295447","unreviewed location-only geocode cache match","2010.04.04; 2010.04.04; 2010.04.04; 2010.04.04; 2010.04.04","AI1SAD local legacy incident file; Global Shark Attack File; N-Enzer SharkAttackAnalysis mirror; Ordovas shark-attack mirror; Ordovas cleaned shark-attack mirror","","",""
"pending","incident:344754418eaadfbbc7d3670c","344754418eaadfbbc7d3670c","2020","02-Dec-2020","EGYPT","South Sinai","Marsa Alam","25.069992","34.893817","unreviewed location-only geocode cache match","2020.12.02","Global Shark Attack File","","",""
"pending","incident:04f24071decd284c7050a52a","04f24071decd284c7050a52a","2010","30-Nov-10","EGYPT","South Sinai Peninsula","Coral Bay, Sharm el-Sheikh","27.9296631","34.3698811","unreviewed location-only geocode cache match","2010.11.30.b; 2010.11.30.a; 2010.11.30.b; 2010.11.30.a; 2010.11.30.b; 2010.11.30.a; 2010.11.30.b; 2010.11.30.a; 2010.11.30.b; 2010.11.30.a","AI1SAD local legacy incident file; AI1SAD local legacy incident file; Global Shark Attack File; Global Shark Attack File; N-Enzer SharkAttackAnalysis mirror; N-Enzer SharkAttackAnalysis mirror; Ordovas shark-attack mirror; Ordovas shark-attack mirror; Ordovas cleaned shark-attack mirror; Ordovas cleaned shark-attack mirror","","",""
"pending","incident:499f2456fa4caab24cfa0402","499f2456fa4caab24cfa0402","2010","1-Dec-10","EGYPT","South Sinai Peninsula","Ras Nasrani, Sharm el-Sheikh","27.9648318","34.4156137","unreviewed location-only geocode cache match","2010.12.01.b; 2010.12.01.a; 2010.12.01.b; 2010.12.01.a; 2010.12.01.b; 2010.12.01.a; 2010.12.01.b; 2010.12.01.a; 2010.12.01.b; 2010.12.01.a","AI1SAD local legacy incident file; AI1SAD local legacy incident file; Global Shark Attack File; Global Shark Attack File; N-Enzer SharkAttackAnalysis mirror; N-Enzer SharkAttackAnalysis mirror; Ordovas shark-attack mirror; Ordovas shark-attack mirror; Ordovas cleaned shark-attack mirror; Ordovas cleaned shark-attack mirror","","",""
"pending","incident:6f43b45eed21238bd7e9fcf0","6f43b45eed21238bd7e9fcf0","2010","20-Oct-10","EGYPT","South Sinai Peninsula","Sharm el-Sheikh","27.8644422","34.295447","unreviewed location-only geocode cache match","2010.10.20; 2010.10.20; 2010.10.20; 2010.10.20; 2010.10.20","AI1SAD local legacy incident file; Global Shark Attack File; N-Enzer SharkAttackAnalysis mirror; Ordovas shark-attack mirror; Ordovas cleaned shark-attack mirror","","",""
"pending","incident:08532512625ad264677739f3","08532512625ad264677739f3","2016","4-Jun-16","EGYPT","Suez","Ain Sokhna","29.6396099","32.3057406","unreviewed location-only geocode cache match","2016.06.04; 2016.06.04; 2016.06.04; 2016.06.04; 2016.06.04","AI1SAD local legacy incident file; Global Shark Attack File; N-Enzer SharkAttackAnalysis mirror; Ordovas shark-attack mirror; Ordovas cleaned shark-attack mirror","","",""
"pending","incident:084a048157629904a50e93e5","084a048157629904a50e93e5","2007","Reported 17-May-2007","ENGLAND","Kent","Folkestone","51.0791335","1.1794073","unreviewed location-only geocode cache match","2007.05.17.R; 2007.05.17.R; 2007.05.17.R; 2007.05.17.R; 2007.05.17.R","AI1SAD local legacy incident file; Global Shark Attack File; N-Enzer SharkAttackAnalysis mirror; Ordovas shark-attack mirror; Ordovas cleaned shark-attack mirror","","",""
"pending","incident:6f6a2957ca0aa37a0e07d211","6f6a2957ca0aa37a0e07d211","2008","30-Aug-08","ENGLAND","North Devon","Lundy Island","51.1804917","-4.6686878","unreviewed location-only geocode cache match","2008.08.30.a; 2008.08.30.a; 2008.08.30.a; 2008.08.30.a; 2008.08.30.a","AI1SAD local legacy incident file; Global Shark Attack File; N-Enzer SharkAttackAnalysis mirror; Ordovas shark-attack mirror; Ordovas cleaned shark-attack mirror","","",""
"pending","incident:4a5c8de2b3a4fa64ad55083e","4a5c8de2b3a4fa64ad55083e","2019","17-May-2019","FIJI",,"Beqa","-18.3911869","178.1227669","unreviewed location-only geocode cache match","2019.05.17","Global Shark Attack File","","",""
"pending","incident:fb9e7352ca9c5d02126d712b","fb9e7352ca9c5d02126d712b","2011","21-Mar-11","FIJI",,"Nukudamu","-16.16091","179.96263","unreviewed location-only geocode cache match","2011.03.21.a; 2011.03.21.a; 2011.03.21.a; 2011.03.21.a; 2011.03.21.a","AI1SAD local legacy incident file; Global Shark Attack File; N-Enzer SharkAttackAnalysis mirror; Ordovas shark-attack mirror; Ordovas cleaned shark-attack mirror","","",""
"pending","incident:3bf6053b3ca82886e8623da8","3bf6053b3ca82886e8623da8","2010","15-Feb-10","FIJI","Off Vanua Levu","Nara Reef","-0.5181207","166.9169005","unreviewed location-only geocode cache match","2010.02.15; 2010.02.15; 2010.02.15; 2010.02.15; 2010.02.15","AI1SAD local legacy incident file; Global Shark Attack File; N-Enzer SharkAttackAnalysis mirror; Ordovas shark-attack mirror; Ordovas cleaned shark-attack mirror","","",""
"pending","incident:d1ee4e4484eb53cbcc1a0407","d1ee4e4484eb53cbcc1a0407","2000","12-Dec-00","FIJI","Taveuni","Garden Island Resort","-16.7916069","-179.9981204","unreviewed location-only geocode cache match","2000.12.12; 2000.12.12; 2000.12.12; 2000.12.12; 2000.12.12; sharks_happen:0534","AI1SAD local legacy incident file; Global Shark Attack File; N-Enzer SharkAttackAnalysis mirror; Ordovas shark-attack mirror; Ordovas cleaned shark-attack mirror; Hal / Sharks Happen Stats","","",""
"pending","incident:392ee41b08b0cc5ae222ac0d","392ee41b08b0cc5ae222ac0d","2010","17-Dec-10","FIJI","Vitu Levu","Sigatoka","-18.1381611","177.5077794","unreviewed location-only geocode cache match","2010.12.17; 2010.12.17; 2010.12.17; 2010.12.17; 2010.12.17","AI1SAD local legacy incident file; Global Shark Attack File; N-Enzer SharkAttackAnalysis mirror; Ordovas shark-attack mirror; Ordovas cleaned shark-attack mirror","","",""
"pending","incident:d8b42f3afa32d26511c96f82","d8b42f3afa32d26511c96f82","2006","18-Mar-06","FIJI","Vitu Levu","Sigatoka","-18.1381611","177.5077794","unreviewed location-only geocode cache match","2006.03.19; 2006.03.19; 2006.03.19; 2006.03.19; 2006.03.19","AI1SAD local legacy incident file; Global Shark Attack File; N-Enzer SharkAttackAnalysis mirror; Ordovas shark-attack mirror; Ordovas cleaned shark-attack mirror","","",""
"pending","incident:128e8175184ca58808614be0","128e8175184ca58808614be0","2008","14-May-08","FIJI","Yasawa Islands","Turtle Island","27.4414946","-111.8794375","unreviewed location-only geocode cache match","2008.05.14; 2008.05.14; 2008.05.14; 2008.05.14; 2008.05.14","AI1SAD local legacy incident file; Global Shark Attack File; N-Enzer SharkAttackAnalysis mirror; Ordovas shark-attack mirror; Ordovas cleaned shark-attack mirror","","",""
"pending","incident:0086eff19593d6aa2600895a","0086eff19593d6aa2600895a","2014","23-May-14","FRANCE","Wallis and Futuna","Wallis Island","-13.2846405","-176.2066568","unreviewed location-only geocode cache match","2014.05.23; 2014.05.23; 2014.05.23; 2014.05.23; 2014.05.23","AI1SAD local legacy incident file; Global Shark Attack File; N-Enzer SharkAttackAnalysis mirror; Ordovas shark-attack mirror; Ordovas cleaned shark-attack mirror","","",""
"pending","incident:c3417be5479b55176b8b36a9","c3417be5479b55176b8b36a9","2015","16-Mar-15","FRENCH POLYNESIA","Bora Bora","Anau","-16.5209986","-151.7028741","unreviewed location-only geocode cache match","2015.03.16; 2015.03.16; 2015.03.16; 2015.03.16; 2015.03.16","AI1SAD local legacy incident file; Global Shark Attack File; N-Enzer SharkAttackAnalysis mirror; Ordovas shark-attack mirror; Ordovas cleaned shark-attack mirror","","",""
"pending","incident:031b0a51a7c739fa4cc6a5f7","031b0a51a7c739fa4cc6a5f7","2015","25-May-15","FRENCH POLYNESIA","Rangiroa","Avatoru Pass","-14.9397476","-147.7122831","unreviewed location-only geocode cache match","2015.05.25; 2015.05.25; 2015.05.25; 2015.05.25; 2015.05.25","AI1SAD local legacy incident file; Global Shark Attack File; N-Enzer SharkAttackAnalysis mirror; Ordovas shark-attack mirror; Ordovas cleaned shark-attack mirror","","",""
"pending","incident:89d631c9f9fc44df23aed766","89d631c9f9fc44df23aed766","2014","20-Feb-14","FRENCH POLYNESIA","Society Islands","Huahine","-16.7285885","-151.0134697","unreviewed location-only geocode cache match","2014.02.20; 2014.02.20; 2014.02.20; 2014.02.20; 2014.02.20","AI1SAD local legacy incident file; Global Shark Attack File; N-Enzer SharkAttackAnalysis mirror; Ordovas shark-attack mirror; Ordovas cleaned shark-attack mirror","","",""
"pending","incident:8469256262e9f50b697b1be2","8469256262e9f50b697b1be2","2003","Late Jul-2003","FRENCH POLYNESIA","Society Islands","Moorea","-17.533306","-149.8386006","unreviewed location-only geocode cache match","2003.07.00.b; 2003.07.00.b; 2003.07.00.b; 2003.07.00.b; 2003.07.00.b","AI1SAD local legacy incident file; Global Shark Attack File; N-Enzer SharkAttackAnalysis mirror; Ordovas shark-attack mirror; Ordovas cleaned shark-attack mirror","","",""
"pending","incident:233ebde0405dfa3302bc5b68","233ebde0405dfa3302bc5b68","2008","Reported 21-Feb-2008","FRENCH POLYNESIA","Society Islands","Tahiti","-17.6873439","-149.4451681","unreviewed location-only geocode cache match","2008.02.21.R; 2008.02.21.R; 2008.02.21.R; 2008.02.21.R; 2008.02.21.R","AI1SAD local legacy incident file; Global Shark Attack File; N-Enzer SharkAttackAnalysis mirror; Ordovas shark-attack mirror; Ordovas cleaned shark-attack mirror","","",""
"pending","incident:852b757345f5f0801a427dfe","852b757345f5f0801a427dfe","2011","16-Aug-11","FRENCH POLYNESIA","Society Islands","Teahupoo, Tahiti","-17.8495988","-149.2629534","unreviewed location-only geocode cache match","2011.08.16.c; 2011.08.16.c; 2011.08.16.c; 2011.08.16.c; 2011.08.16.c","AI1SAD local legacy incident file; Global Shark Attack File; N-Enzer SharkAttackAnalysis mirror; Ordovas shark-attack mirror; Ordovas cleaned shark-attack mirror","","",""
"pending","incident:32bd0991370488479cb0273c","32bd0991370488479cb0273c","2002","Nov-02","FRENCH POLYNESIA","Society Islands","Tetiaroa","-17.0162552","-149.5897766","unreviewed location-only geocode cache match","2002.11.00.a; 2002.11.00.a; 2002.11.00.a; 2002.11.00.a; 2002.11.00.a","AI1SAD local legacy incident file; Global Shark Attack File; N-Enzer SharkAttackAnalysis mirror; Ordovas shark-attack mirror; Ordovas cleaned shark-attack mirror","","",""
"pending","incident:1c0d940ac79aa3757f493044","1c0d940ac79aa3757f493044","2007","2007.","FRENCH POLYNESIA","Tahiti","Rangiroa","-15.1224461","-147.546209","unreviewed location-only geocode cache match","2007.00.00","Global Shark Attack File","","",""
"pending","incident:6c047977d54cf98741fabe4a","6c047977d54cf98741fabe4a","2009","12-May-09","GUAM","North Region","Ritidian Point","13.6504714","144.8623281","unreviewed location-only geocode cache match","2009.05.12; 2009.05.12; 2009.05.12; 2009.05.12; 2009.05.12","AI1SAD local legacy incident file; Global Shark Attack File; N-Enzer SharkAttackAnalysis mirror; Ordovas shark-attack mirror; Ordovas cleaned shark-attack mirror","","",""
"pending","incident:sharks_happen:0814",,"2011","2011-04-12","INDONESIA",,"Balian Beach","-8.5026987","114.9643489","unreviewed location-only geocode cache match","sharks_happen:0814","Hal / Sharks Happen Stats","","",""
"pending","incident:d71d0bea0196aaafa3fbd280","d71d0bea0196aaafa3fbd280","2016","25-Apr-16","INDONESIA","Bali","Balian","25.100385","121.629116","unreviewed location-only geocode cache match","2016.04.25; 2016.04.25; 2016.04.25; 2016.04.25; 2016.04.25; sharks_happen:0703","AI1SAD local legacy incident file; Global Shark Attack File; N-Enzer SharkAttackAnalysis mirror; Ordovas shark-attack mirror; Ordovas cleaned shark-attack mirror; Hal / Sharks Happen Stats","","",""
"pending","incident:fc1f49fc39a74e5f36f8fb55","fc1f49fc39a74e5f36f8fb55","2011","13-Apr-11","INDONESIA","Bali","Balian","25.100385","121.629116","unreviewed location-only geocode cache match","2011.04.12; 2011.04.12; 2011.04.12; 2011.04.12; 2011.04.12","AI1SAD local legacy incident file; Global Shark Attack File; N-Enzer SharkAttackAnalysis mirror; Ordovas shark-attack mirror; Ordovas cleaned shark-attack mirror","","",""
"pending","incident:903bf224c3d052c685737f56","903bf224c3d052c685737f56","2010","Reported 03-Dec-2010","INDONESIA","Bali","Balian","25.100385","121.629116","unreviewed location-only geocode cache match","2010.12.03.R; 2010.12.03.R; 2010.12.03.R; 2010.12.03.R; 2010.12.03.R","AI1SAD local legacy incident file; Global Shark Attack File; N-Enzer SharkAttackAnalysis mirror; Ordovas shark-attack mirror; Ordovas cleaned shark-attack mirror","","",""
"pending","incident:6771ccdbfee377cc0d5dd218","6771ccdbfee377cc0d5dd218","2010","14-Nov-10","INDONESIA","Bali","Balian","25.100385","121.629116","unreviewed location-only geocode cache match","2010.11.14; 2010.11.14; 2010.11.14; 2010.11.14; 2010.11.14","AI1SAD local legacy incident file; Global Shark Attack File; N-Enzer SharkAttackAnalysis mirror; Ordovas shark-attack mirror; Ordovas cleaned shark-attack mirror","","",""
"pending","incident:8a2d377947c871b0aa1c1381","8a2d377947c871b0aa1c1381","2022","01-Jul-2022","INDONESIA","Bali","Balian Beach","-8.5026987","114.9643489","unreviewed location-only geocode cache match","2022.07.01.c","Global Shark Attack File","","",""
"pending","incident:cb3128e9ada7a6ea98e63d3b","cb3128e9ada7a6ea98e63d3b","2017","9-Jan-17","INDONESIA","Bali","Balian Beach","-8.5026987","114.9643489","unreviewed location-only geocode cache match","2017.01.09; 2017.01.09; 2017.01.09; 2017.01.09; 2017.01.09","AI1SAD local legacy incident file; Global Shark Attack File; N-Enzer SharkAttackAnalysis mirror; Ordovas shark-attack mirror; Ordovas cleaned shark-attack mirror","","",""
"pending","incident:0a007e9bedca45cd3b653b00","0a007e9bedca45cd3b653b00","2011","29-Nov-11","INDONESIA","Bali","Tabanan","-8.5566523","115.0013121","unreviewed location-only geocode cache match","2011.11.29; 2011.11.29; 2011.11.29; 2011.11.29; 2011.11.29","AI1SAD local legacy incident file; Global Shark Attack File; N-Enzer SharkAttackAnalysis mirror; Ordovas shark-attack mirror; Ordovas cleaned shark-attack mirror","","",""
"pending","incident:2bd587b2c0920a37d8f46fe0","2bd587b2c0920a37d8f46fe0","2013","29-Sep-13","ISRAEL","Southern District","Ashdod","31.7977314","34.6529922","unreviewed location-only geocode cache match","2013.09.29.a; 2013.09.29.a; 2013.09.29.a; 2013.09.29.a; 2013.09.29.a","AI1SAD local legacy incident file; Global Shark Attack File; N-Enzer SharkAttackAnalysis mirror; Ordovas shark-attack mirror; Ordovas cleaned shark-attack mirror","","",""
"pending","incident:698d11a69f793f7a7b2929d6","698d11a69f793f7a7b2929d6","2006","20-Aug-06","ITALY",,"Lampedusa Island","35.5111342","12.5962914","unreviewed location-only geocode cache match","2006.08.20.b; 2006.08.20.b; 2006.08.20.b; 2006.08.20.b; 2006.08.20.b","AI1SAD local legacy incident file; Global Shark Attack File; N-Enzer SharkAttackAnalysis mirror; Ordovas shark-attack mirror; Ordovas cleaned shark-attack mirror","","",""
"pending","incident:2e7c0d41c0a6014f03541ef0","2e7c0d41c0a6014f03541ef0","2001","3-Aug-01","ITALY",,"Rimini","43.9465433","12.630749","unreviewed location-only geocode cache match","2001.08.03; 2001.08.03; 2001.08.03; 2001.08.03; 2001.08.03","AI1SAD local legacy incident file; Global Shark Attack File; N-Enzer SharkAttackAnalysis mirror; Ordovas shark-attack mirror; Ordovas cleaned shark-attack mirror","","",""
"pending","incident:567f09158950ba4e288434f4","567f09158950ba4e288434f4","2012","10-Jun-12","ITALY","Sardinia","Muravera","39.420945","9.573551","unreviewed location-only geocode cache match","2012.06.10; 2012.06.10; 2012.06.10; 2012.06.10; 2012.06.10","AI1SAD local legacy incident file; Global Shark Attack File; N-Enzer SharkAttackAnalysis mirror; Ordovas shark-attack mirror; Ordovas cleaned shark-attack mirror","","",""
"pending","incident:c4079507a6dbb61ca46b24fa","c4079507a6dbb61ca46b24fa","2014","8-Jun-14","JAPAN","Atsumi peninsula","Aichi","34.9991645","137.254574","unreviewed location-only geocode cache match","2014.06.08; 2014.06.08; 2014.06.08; 2014.06.08; 2014.06.08","AI1SAD local legacy incident file; Global Shark Attack File; N-Enzer SharkAttackAnalysis mirror; Ordovas shark-attack mirror; Ordovas cleaned shark-attack mirror","","",""
"pending","incident:289cb228e26839893aa834ac","289cb228e26839893aa834ac","2017","3-Sep-17","JAPAN","Shizuoka Prefecture","Iwata City","34.7691864","137.8567153","unreviewed location-only geocode cache match","2017.09.03.a; 2017.09.03.a; 2017.09.03.a; 2017.09.03.a; 2017.09.03.a","AI1SAD local legacy incident file; Global Shark Attack File; N-Enzer SharkAttackAnalysis mirror; Ordovas shark-attack mirror; Ordovas cleaned shark-attack mirror","","",""
"pending","incident:c718668fc61be6af2d049940","c718668fc61be6af2d049940","2004","15-Jul-04","JAPAN","Wakayama Prefecture","Susami","33.5507649","135.4946824","unreviewed location-only geocode cache match","2004.07.15; 2004.07.15; 2004.07.15; 2004.07.15; 2004.07.15","AI1SAD local legacy incident file; Global Shark Attack File; N-Enzer SharkAttackAnalysis mirror; Ordovas shark-attack mirror; Ordovas cleaned shark-attack mirror","","",""
"pending","incident:905a5d3a18b81be5d4482009","905a5d3a18b81be5d4482009","2017","21-Dec-17","MALAYSIA","Sepang","Bagan Lalang Beach","2.6061365","101.687697","unreviewed location-only geocode cache match","2017.12.21; 2017.12.21; 2017.12.21; 2017.12.21; 2017.12.21","AI1SAD local legacy incident file; Global Shark Attack File; N-Enzer SharkAttackAnalysis mirror; Ordovas shark-attack mirror; Ordovas cleaned shark-attack mirror","","",""
"pending","incident:916d109613757c43db487608","916d109613757c43db487608","2009","Reported 17-Mar-2009","MALAYSIA","Strait of Malacca","Pulau Payar Island","6.064132","100.0410256","unreviewed location-only geocode cache match","2009.03.17.R; 2009.03.17.R; 2009.03.17.R; 2009.03.17.R; 2009.03.17.R","AI1SAD local legacy incident file; Global Shark Attack File; N-Enzer SharkAttackAnalysis mirror; Ordovas shark-attack mirror; Ordovas cleaned shark-attack mirror","","",""
"pending","incident:0b2bd03c8252f752f04a5b37","0b2bd03c8252f752f04a5b37","2018","23-Apr-18","MALDIVES","Alifu Alifu Atoll","Madoogali","4.096298","72.752797","unreviewed location-only geocode cache match","2018.04.23; 2018.04.23; 2018.04.23; 2018.04.23; 2018.04.23","AI1SAD local legacy incident file; Global Shark Attack File; N-Enzer SharkAttackAnalysis mirror; Ordovas shark-attack mirror; Ordovas cleaned shark-attack mirror","","",""
"pending","incident:3da3ffb45ac0e93328b61321","3da3ffb45ac0e93328b61321","2017","23-Oct-17","MAURITIUS","Pamplemousses","Le Goulet","47.7053428","-64.7155661","unreviewed location-only geocode cache match","2017.10.23.c; 2017.10.23.c; 2017.10.23.c; 2017.10.23.c; 2017.10.23.c","AI1SAD local legacy incident file; Global Shark Attack File; N-Enzer SharkAttackAnalysis mirror; Ordovas shark-attack mirror; Ordovas cleaned shark-attack mirror","","",""
"pending","incident:5dedf59e9b000bf9904f20c8","5dedf59e9b000bf9904f20c8","2001","6-Jul-01","MEXICO","Baja California","Ensenada","31.8658887","-116.602983","unreviewed location-only geocode cache match","2001.07.06.b; 2001.07.06.b; 2001.07.06.b; 2001.07.06.b; 2001.07.06.b","AI1SAD local legacy incident file; Global Shark Attack File; N-Enzer SharkAttackAnalysis mirror; Ordovas shark-attack mirror; Ordovas cleaned shark-attack mirror","","",""
"pending","incident:1f3b6177f7b05331f4db5f5f","1f3b6177f7b05331f4db5f5f","2008","Summer-2008","MEXICO","Baja California","Playas de Tijuana","32.531474","-117.1161994","unreviewed location-only geocode cache match","2008.00.00.a; 2008.00.00.a; 2008.00.00.a; 2008.00.00.a; 2008.00.00.a","AI1SAD local legacy incident file; Global Shark Attack File; N-Enzer SharkAttackAnalysis mirror; Ordovas shark-attack mirror; Ordovas cleaned shark-attack mirror","","",""
"pending","incident:de3ab76c2609dc9304df797d","de3ab76c2609dc9304df797d","2005","20-Jun-05","MEXICO","Baja California","San Luis beach","28.9964124","-95.231638","unreviewed location-only geocode cache match","2005.06.21; 2005.06.21; 2005.06.21; 2005.06.21; 2005.06.21","AI1SAD local legacy incident file; Global Shark Attack File; N-Enzer SharkAttackAnalysis mirror; Ordovas shark-attack mirror; Ordovas cleaned shark-attack mirror","","",""
"pending","incident:e1a7a82e7f24092740d7356d","e1a7a82e7f24092740d7356d","2018","4-Jun-18","MEXICO","Colima","La Ticla","18.4546571","-103.5538124","unreviewed location-only geocode cache match","2018.06.04; 2018.06.04; 2018.06.04; 2018.06.04; 2018.06.04","AI1SAD local legacy incident file; Global Shark Attack File; N-Enzer SharkAttackAnalysis mirror; Ordovas shark-attack mirror; Ordovas cleaned shark-attack mirror","","",""
"pending","incident:5c95634627e1d85836988bf6","5c95634627e1d85836988bf6","2011","Reported 04-Feb-2011","MEXICO","Colima","Manzanillo, Revillagigedo Islands","18.7927418","-110.9820313","unreviewed location-only geocode cache match","2011.02.04.R; 2011.02.04.R; 2011.02.04.R; 2011.02.04.R; 2011.02.04.R","AI1SAD local legacy incident file; Global Shark Attack File; N-Enzer SharkAttackAnalysis mirror; Ordovas shark-attack mirror; Ordovas cleaned shark-attack mirror","","",""
"pending","incident:24b2217efc4d7904c438dd59","24b2217efc4d7904c438dd59","2011","28-Jan-11","MEXICO","Colima","Revillagigedo Islands","19.2593045","-112.62086","unreviewed location-only geocode cache match","2011.01.28; 2011.01.28; 2011.01.28; 2011.01.28; 2011.01.28","AI1SAD local legacy incident file; Global Shark Attack File; N-Enzer SharkAttackAnalysis mirror; Ordovas shark-attack mirror; Ordovas cleaned shark-attack mirror","","",""
"pending","incident:b5953c2523821646cc48ab88","b5953c2523821646cc48ab88","2001","30-Sep-01","MEXICO","Guerrero","Ixtapa","16.8076227","-92.8986505","unreviewed location-only geocode cache match","2001.09.30.b; 2001.09.30.b; 2001.09.30.b; 2001.09.30.b; 2001.09.30.b","AI1SAD local legacy incident file; Global Shark Attack File; N-Enzer SharkAttackAnalysis mirror; Ordovas shark-attack mirror; Ordovas cleaned shark-attack mirror","","",""
"pending","incident:ad2eef3d64cda617e799fd79","ad2eef3d64cda617e799fd79","2008","24-May-08","MEXICO","Guerro","Playa Linda","-34.7479414","-56.4258071","unreviewed location-only geocode cache match","2008.05.24.a; 2008.05.24.a; 2008.05.24.a; 2008.05.24.a; 2008.05.24.a","AI1SAD local legacy incident file; Global Shark Attack File; N-Enzer SharkAttackAnalysis mirror; Ordovas shark-attack mirror; Ordovas cleaned shark-attack mirror","","",""
"pending","incident:cd0b380d40557368a768b248","cd0b380d40557368a768b248","2011","31-Jan-11","MEXICO","Quintana Roo","Cancun","21.1527467","-86.8425761","unreviewed location-only geocode cache match","2011.01.31; 2011.01.31; 2011.01.31; 2011.01.31; 2011.01.31","AI1SAD local legacy incident file; Global Shark Attack File; N-Enzer SharkAttackAnalysis mirror; Ordovas shark-attack mirror; Ordovas cleaned shark-attack mirror","","",""
"pending","incident:dc07fbefcd5ba11149ecc0ea","dc07fbefcd5ba11149ecc0ea","2011","Reported 12-Jan 2011","MEXICO","Quintana Roo","Xcalak","18.2703769","-87.8359632","unreviewed location-only geocode cache match","2011.01.12.R; 2011.01.12.R; 2011.01.12.R; 2011.01.12.R; 2011.01.12.R","AI1SAD local legacy incident file; Global Shark Attack File; N-Enzer SharkAttackAnalysis mirror; Ordovas shark-attack mirror; Ordovas cleaned shark-attack mirror","","",""
"pending","incident:cb9cae409d129328aacfbf95","cb9cae409d129328aacfbf95","2012","22-Nov-12","MEXICO","Sinaloa","Nuevo Altata","24.5730847","-107.8380962","unreviewed location-only geocode cache match","2012.11.22; 2012.11.22; 2012.11.22; 2012.11.22; 2012.11.22","AI1SAD local legacy incident file; Global Shark Attack File; N-Enzer SharkAttackAnalysis mirror; Ordovas shark-attack mirror; Ordovas cleaned shark-attack mirror","","",""
"pending","incident:60fd2ddcf0e05d6591877bc7","60fd2ddcf0e05d6591877bc7","2008","Dec-08","MOZAMBIQUE","Inhambane Province","Chidenguele","-24.908656","34.1901627","unreviewed location-only geocode cache match","2008.12.00; 2008.12.00; 2008.12.00; 2008.12.00; 2008.12.00","AI1SAD local legacy incident file; Global Shark Attack File; N-Enzer SharkAttackAnalysis mirror; Ordovas shark-attack mirror; Ordovas cleaned shark-attack mirror","","",""
"pending","incident:c89e85b81eeb29775783a86d","c89e85b81eeb29775783a86d","2015","1-Nov-15","MOZAMBIQUE","Inhambane Province","Maxixe","-23.861561","35.348934","unreviewed location-only geocode cache match","2015.11.01.a; 2015.11.01.a; 2015.11.01.a; 2015.11.01.a; 2015.11.01.a","AI1SAD local legacy incident file; Global Shark Attack File; N-Enzer SharkAttackAnalysis mirror; Ordovas shark-attack mirror; Ordovas cleaned shark-attack mirror","","",""
"pending","incident:45d545ed9e1b732c35cf35c8","45d545ed9e1b732c35cf35c8","2015","8-Oct-15","MOZAMBIQUE","Inhambane Province","Maxixe, Inhambane Bay","-23.804258","35.4194167","unreviewed location-only geocode cache match","2015.10.08; 2015.10.08; 2015.10.08; 2015.10.08; 2015.10.08","AI1SAD local legacy incident file; Global Shark Attack File; N-Enzer SharkAttackAnalysis mirror; Ordovas shark-attack mirror; Ordovas cleaned shark-attack mirror","","",""
"pending","incident:5eb9dc7574316e8a67de21cd","5eb9dc7574316e8a67de21cd","2009","22-Dec-09","MOZAMBIQUE","Maputo Province","Ponta do Ouro","-26.840508","32.883046","unreviewed location-only geocode cache match","2009.12.22; 2009.12.22; 2009.12.22; 2009.12.22; 2009.12.22","AI1SAD local legacy incident file; Global Shark Attack File; N-Enzer SharkAttackAnalysis mirror; Ordovas shark-attack mirror; Ordovas cleaned shark-attack mirror","","",""
"pending","incident:c00ec07935094528b23a6074","c00ec07935094528b23a6074","2015","9-May-15","NEW CALEDONIA",,"Kouare","10.1183","18.8573","unreviewed location-only geocode cache match","2015.05.09; 2015.05.09; 2015.05.09; 2015.05.09; 2015.05.09","AI1SAD local legacy incident file; Global Shark Attack File; N-Enzer SharkAttackAnalysis mirror; Ordovas shark-attack mirror; Ordovas cleaned shark-attack mirror","","",""
"pending","incident:35efe9a5a1ab9c30b3d810f5","35efe9a5a1ab9c30b3d810f5","2018","9-Apr-18","NEW CALEDONIA",,"Magenta Beach, Noumea","-22.2660508","166.4722805","unreviewed location-only geocode cache match","2018.04.09; 2018.04.09; 2018.04.09; 2018.04.09; 2018.04.09","AI1SAD local legacy incident file; Global Shark Attack File; N-Enzer SharkAttackAnalysis mirror; Ordovas shark-attack mirror; Ordovas cleaned shark-attack mirror","","",""
"pending","incident:28ec58246538a8247f7732a9","28ec58246538a8247f7732a9","2021","24-Apr-2021","NEW CALEDONIA",,"Nouville","-22.2649896","166.4019017","unreviewed location-only geocode cache match","2021.04.24.a; sharks_happen:0623","Global Shark Attack File; Hal / Sharks Happen Stats","","",""
"pending","incident:8ccbaec3d6799f4e33479c95","8ccbaec3d6799f4e33479c95","2018","21-Jan-18","NEW CALEDONIA",,"Nouville","-22.2649896","166.4019017","unreviewed location-only geocode cache match","2018.01.21; 2018.01.21; 2018.01.21; 2018.01.21; 2018.01.21","AI1SAD local legacy incident file; Global Shark Attack File; N-Enzer SharkAttackAnalysis mirror; Ordovas shark-attack mirror; Ordovas cleaned shark-attack mirror","","",""
"pending","incident:d89343750aa08c1eace5228a","d89343750aa08c1eace5228a","2016","9-Apr-16","NEW CALEDONIA","Grand Terre","Poe Beach","-21.609463","165.3887201","unreviewed location-only geocode cache match","2016.04.09; 2016.04.09; 2016.04.09; 2016.04.09; 2016.04.09","AI1SAD local legacy incident file; Global Shark Attack File; N-Enzer SharkAttackAnalysis mirror; Ordovas shark-attack mirror; Ordovas cleaned shark-attack mirror","","",""
"pending","incident:ee172eafc2f3fbd68a8a2ce1","ee172eafc2f3fbd68a8a2ce1","2005","24-Nov-2005-","NEW CALEDONIA","Loyalty Islands","Marï¿½","16.3700359","-2.2900239","unreviewed location-only geocode cache match","2005.11.24; 2005.11.24; 2005.11.24; 2005.11.24; 2005.11.24","AI1SAD local legacy incident file; Global Shark Attack File; N-Enzer SharkAttackAnalysis mirror; Ordovas shark-attack mirror; Ordovas cleaned shark-attack mirror","","",""
"pending","incident:d332c0481390ebf87ea96086","d332c0481390ebf87ea96086","2021","02-Mar-2021","NEW CALEDONIA","Loyalty Islands","Ouvéa","38.6984303","-9.2185681","unreviewed location-only geocode cache match","2021.03.02","Global Shark Attack File","","",""
"pending","incident:62988dba9a5b5339418c56af","62988dba9a5b5339418c56af","2007","Feb-07","NEW CALEDONIA","Loyalty Islands","Ouvï¿½a","38.6984303","-9.2185681","unreviewed location-only geocode cache match","2007.02.00; 2007.02.00; 2007.02.00; 2007.02.00; 2007.02.00","AI1SAD local legacy incident file; Global Shark Attack File; N-Enzer SharkAttackAnalysis mirror; Ordovas shark-attack mirror; Ordovas cleaned shark-attack mirror","","",""
"pending","incident:0bbd7e08face1d5f8eaee0f7","0bbd7e08face1d5f8eaee0f7","2007","25-Jan-07","NEW CALEDONIA","North Province","Kaala-Gomen","-20.6679308","164.3959969","unreviewed location-only geocode cache match","2007.01.25.b; 2007.01.25.b; 2007.01.25.b; 2007.01.25.b; 2007.01.25.b; sharks_happen:0154","AI1SAD local legacy incident file; Global Shark Attack File; N-Enzer SharkAttackAnalysis mirror; Ordovas shark-attack mirror; Ordovas cleaned shark-attack mirror; Hal / Sharks Happen Stats","","",""
"pending","incident:cad11f52153540838242c44c","cad11f52153540838242c44c","2016","6-Sep-16","NEW CALEDONIA","North Province","Koumac","-20.5613596","164.2811715","unreviewed location-only geocode cache match","2016.09.06; 2016.09.06; 2016.09.06; 2016.09.06; 2016.09.06; sharks_happen:0514","AI1SAD local legacy incident file; Global Shark Attack File; N-Enzer SharkAttackAnalysis mirror; Ordovas shark-attack mirror; Ordovas cleaned shark-attack mirror; Hal / Sharks Happen Stats","","",""
"pending","incident:c57be770f7a0f003592d17b3","c57be770f7a0f003592d17b3","2004","Nov-04","NEW CALEDONIA","North Province","Koumac","-20.5613596","164.2811715","unreviewed location-only geocode cache match","2004.11.00; 2004.11.00; 2004.11.00; 2004.11.00; 2004.11.00","AI1SAD local legacy incident file; Global Shark Attack File; N-Enzer SharkAttackAnalysis mirror; Ordovas shark-attack mirror; Ordovas cleaned shark-attack mirror","","",""
"pending","incident:6bec180deaa11a760f277e79","6bec180deaa11a760f277e79","2000","15-Mar-00","NEW CALEDONIA","North Province","Poum","-20.2316547","164.029894","unreviewed location-only geocode cache match","2000.03.15; 2000.03.15; 2000.03.15; 2000.03.15; 2000.03.15","AI1SAD local legacy incident file; Global Shark Attack File; N-Enzer SharkAttackAnalysis mirror; Ordovas shark-attack mirror; Ordovas cleaned shark-attack mirror","","",""
"pending","incident:ac0f1da2023d4eae383bd449","ac0f1da2023d4eae383bd449","2009","6-Mar-09","NEW CALEDONIA","South Province","Bourail","-21.5194065","165.4417231","unreviewed location-only geocode cache match","2009.03.06; 2009.03.06; 2009.03.06; 2009.03.06; 2009.03.06; sharks_happen:0464","AI1SAD local legacy incident file; Global Shark Attack File; N-Enzer SharkAttackAnalysis mirror; Ordovas shark-attack mirror; Ordovas cleaned shark-attack mirror; Hal / Sharks Happen Stats","","",""
"pending","incident:0af858f0b1a075acbda6d2c3","0af858f0b1a075acbda6d2c3","2007","9-Apr-07","NEW CALEDONIA","South Province","Dumbï¿½a","-5.583333","22.666667","unreviewed location-only geocode cache match","2007.04.09; 2007.04.09; 2007.04.09; 2007.04.09; 2007.04.09","AI1SAD local legacy incident file; Global Shark Attack File; N-Enzer SharkAttackAnalysis mirror; Ordovas shark-attack mirror; Ordovas cleaned shark-attack mirror","","",""
"pending","incident:9eba54a6efbc6447b269b49e","9eba54a6efbc6447b269b49e","2000","13-May-00","NEW CALEDONIA","South Province","Mont Dore","45.5749966","2.8094117","unreviewed location-only geocode cache match","2000.05.13; 2000.05.13; 2000.05.13; 2000.05.13; 2000.05.13","AI1SAD local legacy incident file; Global Shark Attack File; N-Enzer SharkAttackAnalysis mirror; Ordovas shark-attack mirror; Ordovas cleaned shark-attack mirror","","",""
"pending","incident:80c3425fc8671a44da845dfc","80c3425fc8671a44da845dfc","2016","19-Feb-2016","NEW CALEDONIA","South Province","Yate","51.5403113","-2.4134281","unreviewed location-only geocode cache match","2016.02.19; 2016.02.19; 2016.02.19; 2016.02.19; 2016.02.19","AI1SAD local legacy incident file; Global Shark Attack File; N-Enzer SharkAttackAnalysis mirror; Ordovas shark-attack mirror; Ordovas cleaned shark-attack mirror","","",""
"pending","incident:e9adad796b1fe87c60abee71","e9adad796b1fe87c60abee71","2014","2014","NEW ZEALAND",,"Stewart Island","-46.9867197","167.882138","unreviewed location-only geocode cache match","2014.00.00; 2014.00.00; 2014.00.00; 2014.00.00; 2014.00.00","AI1SAD local legacy incident file; Global Shark Attack File; N-Enzer SharkAttackAnalysis mirror; Ordovas shark-attack mirror; Ordovas cleaned shark-attack mirror","","",""
"pending","incident:414787770032d458a7b0f85d","414787770032d458a7b0f85d","2000","Dec-00","NEW ZEALAND","Cook Islands","Arorangi, Rarotonga","-21.2280888","-159.8261485","unreviewed location-only geocode cache match","2000.12.00; 2000.12.00; 2000.12.00; 2000.12.00; 2000.12.00","AI1SAD local legacy incident file; Global Shark Attack File; N-Enzer SharkAttackAnalysis mirror; Ordovas shark-attack mirror; Ordovas cleaned shark-attack mirror","","",""
"pending","incident:b4ef8f373ef2c91f066dc902","b4ef8f373ef2c91f066dc902","2003","Jul-03","NEW ZEALAND","Cook Islands","Beveridge Reef","-20.0017413","-167.7563765","unreviewed location-only geocode cache match","2003.07.00.a; 2003.07.00.a; 2003.07.00.a; 2003.07.00.a; 2003.07.00.a","AI1SAD local legacy incident file; Global Shark Attack File; N-Enzer SharkAttackAnalysis mirror; Ordovas shark-attack mirror; Ordovas cleaned shark-attack mirror","","",""
"pending","incident:d7882e36b822746bd690b481","d7882e36b822746bd690b481","2013","13-Jan-13","NEW ZEALAND","Mercury Islands","Great Mercury Island","-36.6095845","175.7933475","unreviewed location-only geocode cache match","2013.01.13; 2013.01.13; 2013.01.13; 2013.01.13; 2013.01.13","AI1SAD local legacy incident file; Global Shark Attack File; N-Enzer SharkAttackAnalysis mirror; Ordovas shark-attack mirror; Ordovas cleaned shark-attack mirror","","",""
"pending","incident:064c85089424ed43db135ab8","064c85089424ed43db135ab8","2009","24-Jan-09","NEW ZEALAND","North Island","Alderman Islands","-36.9636055","176.086404","unreviewed location-only geocode cache match","2009.01.24.c; 2009.01.24.c; 2009.01.24.c; 2009.01.24.c; 2009.01.24.c","AI1SAD local legacy incident file; Global Shark Attack File; N-Enzer SharkAttackAnalysis mirror; Ordovas shark-attack mirror; Ordovas cleaned shark-attack mirror","","",""
"pending","incident:8970e632ffda91d13abc1198","8970e632ffda91d13abc1198","2009","6-Jan-09","NEW ZEALAND","North Island","Haumoana","-39.6072711","176.9457704","unreviewed location-only geocode cache match","2009.01.06; 2009.01.06; 2009.01.06; 2009.01.06; 2009.01.06","AI1SAD local legacy incident file; Global Shark Attack File; N-Enzer SharkAttackAnalysis mirror; Ordovas shark-attack mirror; Ordovas cleaned shark-attack mirror","","",""
"pending","incident:9a61c47f4d74da46260b2c66","9a61c47f4d74da46260b2c66","2009","10-Jan-2009","NEW ZEALAND","North Island","Hawkes Bay","50.6119662","-57.2071007","unreviewed location-only geocode cache match","2009.01.10.R; 2009.01.10.R; 2009.01.10.R; 2009.01.10.R; 2009.01.10.R","AI1SAD local legacy incident file; Global Shark Attack File; N-Enzer SharkAttackAnalysis mirror; Ordovas shark-attack mirror; Ordovas cleaned shark-attack mirror","","",""
"pending","incident:552044e279490b6672b0f5a0","552044e279490b6672b0f5a0","2008","14-Dec-08","NEW ZEALAND","North Island","Maraetai","-36.8807143","175.0423717","unreviewed location-only geocode cache match","2008.12.14; 2008.12.14; 2008.12.14; 2008.12.14; 2008.12.14","AI1SAD local legacy incident file; Global Shark Attack File; N-Enzer SharkAttackAnalysis mirror; Ordovas shark-attack mirror; Ordovas cleaned shark-attack mirror","","",""
"pending","incident:6c075f194f354935be36e8cb","6c075f194f354935be36e8cb","2004","22-Apr-04","NEW ZEALAND","North Island","Motunui","-38.9942871","174.2970349","unreviewed location-only geocode cache match","2004.04.22; 2004.04.22; 2004.04.22; 2004.04.22; 2004.04.22","AI1SAD local legacy incident file; Global Shark Attack File; N-Enzer SharkAttackAnalysis mirror; Ordovas shark-attack mirror; Ordovas cleaned shark-attack mirror","","",""
"pending","incident:9977beb015e2c088cf5a753e","9977beb015e2c088cf5a753e","2013","27-Feb-13","NEW ZEALAND","North Island","Muriwai","-36.8246517","174.4339345","unreviewed location-only geocode cache match","2013.02.27; 2013.02.27; 2013.02.27; 2013.02.27; 2013.02.27","AI1SAD local legacy incident file; Global Shark Attack File; N-Enzer SharkAttackAnalysis mirror; Ordovas shark-attack mirror; Ordovas cleaned shark-attack mirror","","",""
"pending","incident:b1628d1f0efec9c5dc325d0f","b1628d1f0efec9c5dc325d0f","2008","14-Jan-08","NEW ZEALAND","North Island","Omaha Beach","43.3985743","-95.1533294","unreviewed location-only geocode cache match","2008.01.14; 2008.01.14; 2008.01.14; 2008.01.14; 2008.01.14","AI1SAD local legacy incident file; Global Shark Attack File; N-Enzer SharkAttackAnalysis mirror; Ordovas shark-attack mirror; Ordovas cleaned shark-attack mirror","","",""
"pending","incident:44c23864504979b4c78d1f77","44c23864504979b4c78d1f77","2021","27-Jan-2021","NEW ZEALAND","North Island","Papamoa Beach, Bay of Plenty","-37.6972669","176.2848286","unreviewed location-only geocode cache match","2021.01.27","Global Shark Attack File","","",""
"pending","incident:068c792868140f4d8b849d14","068c792868140f4d8b849d14","2000","29-Jun-00","NEW ZEALAND","North Island","Papamoa Beach, Bay of Plenty","-37.6972669","176.2848286","unreviewed location-only geocode cache match","2000.06.29; 2000.06.29; 2000.06.29; 2000.06.29; 2000.06.29","AI1SAD local legacy incident file; Global Shark Attack File; N-Enzer SharkAttackAnalysis mirror; Ordovas shark-attack mirror; Ordovas cleaned shark-attack mirror","","",""
"pending","incident:9882d58f68a724086b5a06f9","9882d58f68a724086b5a06f9","2021","02-Nov-2021","NEW ZEALAND","North Island","Taranaki","-39.3848064","174.1973505","unreviewed location-only geocode cache match","2021.11.02","Global Shark Attack File","","",""
"pending","incident:ca42e6ed803df1dcd0e4bd31","ca42e6ed803df1dcd0e4bd31","2009","1-Mar-09","NEW ZEALAND","North Island","Taranaki","-39.3848064","174.1973505","unreviewed location-only geocode cache match","2009.03.01.b; 2009.03.01.b; 2009.03.01.b; 2009.03.01.b; 2009.03.01.b","AI1SAD local legacy incident file; Global Shark Attack File; N-Enzer SharkAttackAnalysis mirror; Ordovas shark-attack mirror; Ordovas cleaned shark-attack mirror","","",""
"pending","incident:b09f02e17a6aec376387ec8c","b09f02e17a6aec376387ec8c","2005","8-Jan-05","NEW ZEALAND","North Island","Taupiri Bay","-35.2813255","174.295392","unreviewed location-only geocode cache match","2005.01.08; 2005.01.08; 2005.01.08; 2005.01.08; 2005.01.08","AI1SAD local legacy incident file; Global Shark Attack File; N-Enzer SharkAttackAnalysis mirror; Ordovas shark-attack mirror; Ordovas cleaned shark-attack mirror","","",""
"pending","incident:81e0dfec504009cc0c344ca6","81e0dfec504009cc0c344ca6","2004","22-Mar-04","NEW ZEALAND","North Island","Te Arai Point","-34.8321283","173.4237642","unreviewed location-only geocode cache match","2004.03.22; 2004.03.22; 2004.03.22; 2004.03.22; 2004.03.22","AI1SAD local legacy incident file; Global Shark Attack File; N-Enzer SharkAttackAnalysis mirror; Ordovas shark-attack mirror; Ordovas cleaned shark-attack mirror","","",""
"pending","incident:c0748c70ecba2fae62feaf54","c0748c70ecba2fae62feaf54","2009","16-Dec-09","NEW ZEALAND","South Island","Clark Island","48.7010111","-122.7645878","unreviewed location-only geocode cache match","2009.12.16; 2009.12.16; 2009.12.16; 2009.12.16; 2009.12.16","AI1SAD local legacy incident file; Global Shark Attack File; N-Enzer SharkAttackAnalysis mirror; Ordovas shark-attack mirror; Ordovas cleaned shark-attack mirror","","",""
"pending","incident:ac9c7ec46aaf2af532b8b9f5","ac9c7ec46aaf2af532b8b9f5","2010","Reported 06-Feb-2010","NEW ZEALAND","South Island","Cosy Nook","9.9637746","76.2424374","unreviewed location-only geocode cache match","2010.02.06.R; 2010.02.06.R; 2010.02.06.R; 2010.02.06.R; 2010.02.06.R","AI1SAD local legacy incident file; Global Shark Attack File; N-Enzer SharkAttackAnalysis mirror; Ordovas shark-attack mirror; Ordovas cleaned shark-attack mirror","","",""
"pending","incident:b916e070f5279709a7138645","b916e070f5279709a7138645","2007","9-Dec-07","NEW ZEALAND","South Island","Kaikoura","-42.4005999","173.6811428","unreviewed location-only geocode cache match","2007.12.09; 2007.12.09; 2007.12.09; 2007.12.09; 2007.12.09","AI1SAD local legacy incident file; Global Shark Attack File; N-Enzer SharkAttackAnalysis mirror; Ordovas shark-attack mirror; Ordovas cleaned shark-attack mirror","","",""
"pending","incident:8a1c5633cbbf8d5c4110a410","8a1c5633cbbf8d5c4110a410","2010","1-Feb-10","NEW ZEALAND","South Island","Oreti Beach","-46.4213005","168.2195689","unreviewed location-only geocode cache match","2010.02.01; 2010.02.01; 2010.02.01; 2010.02.01; 2010.02.01","AI1SAD local legacy incident file; Global Shark Attack File; N-Enzer SharkAttackAnalysis mirror; Ordovas shark-attack mirror; Ordovas cleaned shark-attack mirror","","",""
"pending","incident:78ea8424d67787b96a1440d6","78ea8424d67787b96a1440d6","2014","7-Feb-14","NEW ZEALAND","South Island","Porpoise Bay","-46.6494372","169.1185365","unreviewed location-only geocode cache match","2014.02.07; 2014.02.07; 2014.02.07; 2014.02.07; 2014.02.07","AI1SAD local legacy incident file; Global Shark Attack File; N-Enzer SharkAttackAnalysis mirror; Ordovas shark-attack mirror; Ordovas cleaned shark-attack mirror","","",""
"pending","incident:03a76d327714a48a212d3fb4","03a76d327714a48a212d3fb4","2011","16-Apr-11","NEW ZEALAND","South Island","Snapper Point","-41.29546","174.8053089","unreviewed location-only geocode cache match","2011.04.16; 2011.04.16; 2011.04.16; 2011.04.16; 2011.04.16","AI1SAD local legacy incident file; Global Shark Attack File; N-Enzer SharkAttackAnalysis mirror; Ordovas shark-attack mirror; Ordovas cleaned shark-attack mirror","","",""
"pending","incident:689311355f6dd8fa00c5724d","689311355f6dd8fa00c5724d","2010","190Feb-2010","NEW ZEALAND","South Island","Tahunanui Beach","-41.2810975","173.2345743","unreviewed location-only geocode cache match","2010.02.19; 2010.02.19; 2010.02.19; 2010.02.19; 2010.02.19","AI1SAD local legacy incident file; Global Shark Attack File; N-Enzer SharkAttackAnalysis mirror; Ordovas shark-attack mirror; Ordovas cleaned shark-attack mirror","","",""
"pending","incident:5f4dd34b1a9973049b22d2e7","5f4dd34b1a9973049b22d2e7","2004","26-Feb-04","NEW ZEALAND","South Island, near Karitane north of Dunedin","South Beach","25.7744291","-80.1332415","unreviewed location-only geocode cache match","2004.02.26; 2004.02.26; 2004.02.26; 2004.02.26; 2004.02.26","AI1SAD local legacy incident file; Global Shark Attack File; N-Enzer SharkAttackAnalysis mirror; Ordovas shark-attack mirror; Ordovas cleaned shark-attack mirror","","",""
"pending","incident:97bd21c81e0f21afd49a7fa4","97bd21c81e0f21afd49a7fa4","2020","16-Jan-2020","NEW ZEALAND","Southland","Oreti Beach","-46.4213005","168.2195689","unreviewed location-only geocode cache match","2020.01.16","Global Shark Attack File","","",""
"pending","incident:ec4ec8e3e177f5cd436e6bed","ec4ec8e3e177f5cd436e6bed","2019","24-Dec-2019","NEW ZEALAND","Southland","Oreti Beach","-46.4213005","168.2195689","unreviewed location-only geocode cache match","2019.12.24","Global Shark Attack File","","",""
"pending","incident:264d4f66287a6717706d3218","264d4f66287a6717706d3218","2012","Reported 11-Oct-2012","NIGERIA","Delta","Oboro","-0.1526568","34.4507644","unreviewed location-only geocode cache match","2012.10.11.R; 2012.10.11.R; 2012.10.11.R; 2012.10.11.R; 2012.10.11.R","AI1SAD local legacy incident file; Global Shark Attack File; N-Enzer SharkAttackAnalysis mirror; Ordovas shark-attack mirror; Ordovas cleaned shark-attack mirror","","",""
"pending","incident:sharks_happen:0827",,"2019","2019-01-29","NZ",,"Oreti Beach","-46.4213005","168.2195689","unreviewed location-only geocode cache match","sharks_happen:0827","Hal / Sharks Happen Stats","","",""
"pending","incident:ffec6873053050465d5c4b7c","ffec6873053050465d5c4b7c","2000","16-Sep-00","OKINAWA","Miyako Island","Sunayama Beach","24.8393898","125.2805611","unreviewed location-only geocode cache match","2000.09.16.b; 2000.09.16.b; 2000.09.16.b; 2000.09.16.b; 2000.09.16.b","AI1SAD local legacy incident file; Global Shark Attack File; N-Enzer SharkAttackAnalysis mirror; Ordovas shark-attack mirror; Ordovas cleaned shark-attack mirror","","",""
"pending","incident:0497227fb1b9c7944a516b00","0497227fb1b9c7944a516b00","2013","23-May-13","PALESTINIAN TERRITORIES",,"Gaza","-23.328398","32.8066057","unreviewed location-only geocode cache match","2013.05.23.a; 2013.05.23.a; 2013.05.23.a; 2013.05.23.a; 2013.05.23.a","AI1SAD local legacy incident file; Global Shark Attack File; N-Enzer SharkAttackAnalysis mirror; Ordovas shark-attack mirror; Ordovas cleaned shark-attack mirror","","",""
"pending","incident:5193f1940ac149c0e71dd68d","5193f1940ac149c0e71dd68d","2008","27-Jul-08","PANAMA","San Carlos","Playa Teta","8.5068401","-79.9166689","unreviewed location-only geocode cache match","2008.07.27; 2008.07.27; 2008.07.27; 2008.07.27; 2008.07.27","AI1SAD local legacy incident file; Global Shark Attack File; N-Enzer SharkAttackAnalysis mirror; Ordovas shark-attack mirror; Ordovas cleaned shark-attack mirror","","",""
"pending","incident:5f10b262d7ad98a54ea64d74","5f10b262d7ad98a54ea64d74","2011","Reported 20-Nov-2011","PAPUA NEW GUINEA","East New Britain","Pigeon Island","-10.3034533","166.2950497","unreviewed location-only geocode cache match","2011.11.20.R; 2011.11.20.R; 2011.11.20.R; 2011.11.20.R; 2011.11.20.R","AI1SAD local legacy incident file; Global Shark Attack File; N-Enzer SharkAttackAnalysis mirror; Ordovas shark-attack mirror; Ordovas cleaned shark-attack mirror","","",""
"pending","incident:938c1be30234326d6a4bfee8","938c1be30234326d6a4bfee8","2003","May-03","PHILIPPINES","Baatan","Limay","48.9921015","1.7353686","unreviewed location-only geocode cache match","2003.05.00; 2003.05.00; 2003.05.00; 2003.05.00; 2003.05.00","AI1SAD local legacy incident file; Global Shark Attack File; N-Enzer SharkAttackAnalysis mirror; Ordovas shark-attack mirror; Ordovas cleaned shark-attack mirror","","",""
"pending","incident:2f917aad3a38d813e4fb12c4","2f917aad3a38d813e4fb12c4","2009","20-Apr-09","PHILIPPINES","Batangas province","Mabini","13.7480896","120.9407878","unreviewed location-only geocode cache match","2009.04.20; 2009.04.20; 2009.04.20; 2009.04.20; 2009.04.20","AI1SAD local legacy incident file; Global Shark Attack File; N-Enzer SharkAttackAnalysis mirror; Ordovas shark-attack mirror; Ordovas cleaned shark-attack mirror","","",""
"pending","incident:ba6be21731354dc26f04c988","ba6be21731354dc26f04c988","2017","11-Mar-17","PHILIPPINES","Luzon Island","Villamar, Caoayan","17.526286","120.3839323","unreviewed location-only geocode cache match","2017.03.11; 2017.03.11; 2017.03.11; 2017.03.11; 2017.03.11","AI1SAD local legacy incident file; Global Shark Attack File; N-Enzer SharkAttackAnalysis mirror; Ordovas shark-attack mirror; Ordovas cleaned shark-attack mirror","","",""
"pending","incident:sharks_happen:0597",,"2003","5/0/2003","PHILLIPINES",,"Bataan","14.6436031","120.4657622","unreviewed location-only geocode cache match","sharks_happen:0597","Hal / Sharks Happen Stats","","",""
"pending","incident:16a96b5c0e00dd0b9d69169f","16a96b5c0e00dd0b9d69169f","2025","1st August","PUERTO RICO","Carolina","Carolina Beach","34.0351727","-77.8935966","unreviewed location-only geocode cache match","","Global Shark Attack File","","",""
"pending","incident:9a3a5de5bd91061515cb956e","9a3a5de5bd91061515cb956e","2016","27-Aug-16","REUNION",,"Boucan Canot","-21.0309795","55.2265631","unreviewed location-only geocode cache match","2016.08.27; 2016.08.27; 2016.08.27; 2016.08.27; 2016.08.27","AI1SAD local legacy incident file; Global Shark Attack File; N-Enzer SharkAttackAnalysis mirror; Ordovas shark-attack mirror; Ordovas cleaned shark-attack mirror","","",""
"pending","incident:93fd2e49f658881acdfcbdba","93fd2e49f658881acdfcbdba","2007","4-Jul-07","REUNION",,"Boucan Canot","-21.0309795","55.2265631","unreviewed location-only geocode cache match","2007.07.04; 2007.07.04; 2007.07.04; 2007.07.04; 2007.07.04","AI1SAD local legacy incident file; Global Shark Attack File; N-Enzer SharkAttackAnalysis mirror; Ordovas shark-attack mirror; Ordovas cleaned shark-attack mirror","","",""
"pending","incident:ed3b6be6339bc4b70917c750","ed3b6be6339bc4b70917c750","2011","5-Oct-11","REUNION",,"Cap La Houssaye","-21.0178679","55.2352379","unreviewed location-only geocode cache match","2011.10.05; 2011.10.05; 2011.10.05; 2011.10.05; 2011.10.05","AI1SAD local legacy incident file; Global Shark Attack File; N-Enzer SharkAttackAnalysis mirror; Ordovas shark-attack mirror; Ordovas cleaned shark-attack mirror","","",""
"pending","incident:4e0d702c0623acd0d1a03ee5","4e0d702c0623acd0d1a03ee5","2006","Early Aug-2006","REUNION",,"Le Port","42.8662832","1.3740316","unreviewed location-only geocode cache match","2006.08.00.a; 2006.08.00.a; 2006.08.00.a; 2006.08.00.a; 2006.08.00.a","AI1SAD local legacy incident file; Global Shark Attack File; N-Enzer SharkAttackAnalysis mirror; Ordovas shark-attack mirror; Ordovas cleaned shark-attack mirror","","",""
"pending","incident:687db22e03481a8a553f5c9c","687db22e03481a8a553f5c9c","2017","18-Jun-17","REUNION",,"Roches Noire","45.1474239","3.4819661","unreviewed location-only geocode cache match","2017.06.18.a; 2017.06.18.a; 2017.06.18.a; 2017.06.18.a; 2017.06.18.a","AI1SAD local legacy incident file; Global Shark Attack File; N-Enzer SharkAttackAnalysis mirror; Ordovas shark-attack mirror; Ordovas cleaned shark-attack mirror","","",""
"pending","incident:d10a32b77faf6a00b9117077","d10a32b77faf6a00b9117077","2000","Reported 28-Jan-2000","REUNION",,"Saint Pierre","48.3832725","7.4718731","unreviewed location-only geocode cache match","2000.01.28.R; 2000.01.28.R; 2000.01.28.R; 2000.01.28.R; 2000.01.28.R","AI1SAD local legacy incident file; Global Shark Attack File; N-Enzer SharkAttackAnalysis mirror; Ordovas shark-attack mirror; Ordovas cleaned shark-attack mirror","","",""
"pending","incident:7b8b21c9f99932b850c554b0","7b8b21c9f99932b850c554b0","2015","22-Jul-15","REUNION",,"St. Leu","-21.1677694","55.2881932","unreviewed location-only geocode cache match","2015.07.22; 2015.07.22; 2015.07.22; 2015.07.22; 2015.07.22","AI1SAD local legacy incident file; Global Shark Attack File; N-Enzer SharkAttackAnalysis mirror; Ordovas shark-attack mirror; Ordovas cleaned shark-attack mirror","","",""
"pending","incident:137a48b7c74e81e570cd76d9","137a48b7c74e81e570cd76d9","2011","11-Nov-11","REUNION","Bois-Blanc","Sainte-Rose","16.3327353","-61.698147","unreviewed location-only geocode cache match","2011.11.11; 2011.11.11; 2011.11.11; 2011.11.11; 2011.11.11","AI1SAD local legacy incident file; Global Shark Attack File; N-Enzer SharkAttackAnalysis mirror; Ordovas shark-attack mirror; Ordovas cleaned shark-attack mirror","","",""
"pending","incident:b81c192b78387283f70b8570","b81c192b78387283f70b8570","2004","6-Oct-04","REUNION","Conservatï¿½ria District","P' tit Paris, Saint-Pierre","46.7903773","3.1190129","unreviewed location-only geocode cache match","2004.10.06; 2004.10.06; 2004.10.06; 2004.10.06; 2004.10.06","AI1SAD local legacy incident file; Global Shark Attack File; N-Enzer SharkAttackAnalysis mirror; Ordovas shark-attack mirror; Ordovas cleaned shark-attack mirror","","",""
"pending","incident:f8e0b3dcc43da4f2dbff76f4","f8e0b3dcc43da4f2dbff76f4","2015","1-Jun-15","REUNION","Le Port","Folette","45.9477939","-0.8424899","unreviewed location-only geocode cache match","2015.06.01; 2015.06.01; 2015.06.01; 2015.06.01; 2015.06.01","AI1SAD local legacy incident file; Global Shark Attack File; N-Enzer SharkAttackAnalysis mirror; Ordovas shark-attack mirror; Ordovas cleaned shark-attack mirror","","",""
"pending","incident:d1e4cf7217d43e70dc97d6aa","d1e4cf7217d43e70dc97d6aa","2011","18-Feb-11","REUNION","Saint Gilles","Trois-Roches","-21.0900726","55.4117146","unreviewed location-only geocode cache match","2011.02.19; 2011.02.19; 2011.02.19; 2011.02.19; 2011.02.19","AI1SAD local legacy incident file; Global Shark Attack File; N-Enzer SharkAttackAnalysis mirror; Ordovas shark-attack mirror; Ordovas cleaned shark-attack mirror","","",""
"pending","incident:775b725fb61be6a74847c9b0","775b725fb61be6a74847c9b0","2004","27-Mar-04","REUNION","Saint-Benoï¿½t","Spot de la gare","48.825711","2.3859121","unreviewed location-only geocode cache match","2004.03.27.b; 2004.03.27.b; 2004.03.27.b; 2004.03.27.b; 2004.03.27.b","AI1SAD local legacy incident file; Global Shark Attack File; N-Enzer SharkAttackAnalysis mirror; Ordovas shark-attack mirror; Ordovas cleaned shark-attack mirror","","",""
"pending","incident:c05775dec98f363f36404bc9","c05775dec98f363f36404bc9","2010","27-Mar-2010","REUNION","Saint-Benoit","Bittern","-38.3375798","145.1773289","unreviewed location-only geocode cache match","2010.03.27; 2010.03.27; 2010.03.27; 2010.03.27; 2010.03.27","AI1SAD local legacy incident file; Global Shark Attack File; N-Enzer SharkAttackAnalysis mirror; Ordovas shark-attack mirror; Ordovas cleaned shark-attack mirror","","",""
"pending","incident:fb324d275372528442b04d55","fb324d275372528442b04d55","2012","5-Mar-12","REUNION","Saint-Benoit","Port de laï¿½Marine","32.3367488","-80.6917095","unreviewed location-only geocode cache match","2012.03.05; 2012.03.05; 2012.03.05; 2012.03.05; 2012.03.05","AI1SAD local legacy incident file; Global Shark Attack File; N-Enzer SharkAttackAnalysis mirror; Ordovas shark-attack mirror; Ordovas cleaned shark-attack mirror","","",""
"pending","incident:176e5eef7ebedf4878ea1216","176e5eef7ebedf4878ea1216","2011","19-Sep-11","REUNION","Saint-Gilles","Boucan-Canot","-21.0309795","55.2265631","unreviewed location-only geocode cache match","2011.09.19; 2011.09.19; 2011.09.19; 2011.09.19; 2011.09.19","AI1SAD local legacy incident file; Global Shark Attack File; N-Enzer SharkAttackAnalysis mirror; Ordovas shark-attack mirror; Ordovas cleaned shark-attack mirror","","",""
"pending","incident:aa4d9062cc3dbd3e835da343","aa4d9062cc3dbd3e835da343","2013","8-May-13","REUNION","Saint-Gilles","Brisant Beach","-21.0571347","55.2225586","unreviewed location-only geocode cache match","2013.05.08.a; 2013.05.08.a; 2013.05.08.a; 2013.05.08.a; 2013.05.08.a","AI1SAD local legacy incident file; Global Shark Attack File; N-Enzer SharkAttackAnalysis mirror; Ordovas shark-attack mirror; Ordovas cleaned shark-attack mirror","","",""
"pending","incident:c2e06a8f9fc1d62da3c6e4f5","c2e06a8f9fc1d62da3c6e4f5","2011","15-Jul-11","REUNION","Saint-Gilles","Brisants.","-48.884857","69.3490016","unreviewed location-only geocode cache match","2011.07.15; 2011.07.15; 2011.07.15; 2011.07.15; 2011.07.15","AI1SAD local legacy incident file; Global Shark Attack File; N-Enzer SharkAttackAnalysis mirror; Ordovas shark-attack mirror; Ordovas cleaned shark-attack mirror","","",""
"pending","incident:977e2e73863edeb9abd6a326","977e2e73863edeb9abd6a326","2011","6-Jul-11","REUNION","Saint-Gilles","Roches Noires","33.5931914","-7.5957822","unreviewed location-only geocode cache match","2011.07.06; 2011.07.06; 2011.07.06; 2011.07.06; 2011.07.06","AI1SAD local legacy incident file; Global Shark Attack File; N-Enzer SharkAttackAnalysis mirror; Ordovas shark-attack mirror; Ordovas cleaned shark-attack mirror","","",""
"pending","incident:0550185e3e64c370753730c0","0550185e3e64c370753730c0","2011","15-Jun-11","REUNION","Saint-Gilles-les-Bains","Boucan-Canot","-21.0309795","55.2265631","unreviewed location-only geocode cache match","2011.06.15; 2011.06.15; 2011.06.15; 2011.06.15; 2011.06.15","AI1SAD local legacy incident file; Global Shark Attack File; N-Enzer SharkAttackAnalysis mirror; Ordovas shark-attack mirror; Ordovas cleaned shark-attack mirror","","",""
"pending","incident:1b18d933d040868597eba1e8","1b18d933d040868597eba1e8","2015","12-Apr-15","REUNION","Saint-Gilles-les-Bains","Cap Homard","-21.0323505","55.2213867","unreviewed location-only geocode cache match","2015.04.12; 2015.04.12; 2015.04.12; 2015.04.12; 2015.04.12","AI1SAD local legacy incident file; Global Shark Attack File; N-Enzer SharkAttackAnalysis mirror; Ordovas shark-attack mirror; Ordovas cleaned shark-attack mirror","","",""
"pending","incident:72c1802e2e2a5612ac14b2e3","72c1802e2e2a5612ac14b2e3","2017","29-Apr-17","REUNION","Saint-Leu","Pointe au Sal","42.704372","-83.0371679","unreviewed location-only geocode cache match","2017.04.29.a; 2017.04.29.a; 2017.04.29.a; 2017.04.29.a; 2017.04.29.a","AI1SAD local legacy incident file; Global Shark Attack File; N-Enzer SharkAttackAnalysis mirror; Ordovas shark-attack mirror; Ordovas cleaned shark-attack mirror","","",""
"pending","incident:aefcdcbbd467693a6a5670af","aefcdcbbd467693a6a5670af","2000","8-Sep-00","REUNION","Saint-Pierre","Pic du Diable","44.9896958","6.1644559","unreviewed location-only geocode cache match","2000.09.08.a; 2000.09.08.a; 2000.09.08.a; 2000.09.08.a; 2000.09.08.a","AI1SAD local legacy incident file; Global Shark Attack File; N-Enzer SharkAttackAnalysis mirror; Ordovas shark-attack mirror; Ordovas cleaned shark-attack mirror","","",""
"pending","incident:2e7551181df59f29d205d0f5","2e7551181df59f29d205d0f5","2006","20-Aug-06","REUNION","Saint-Pierre","Pointe du Diable","48.3544803","-4.5586374","unreviewed location-only geocode cache match","2006.08.20.a; 2006.08.20.a; 2006.08.20.a; 2006.08.20.a; 2006.08.20.a","AI1SAD local legacy incident file; Global Shark Attack File; N-Enzer SharkAttackAnalysis mirror; Ordovas shark-attack mirror; Ordovas cleaned shark-attack mirror","","",""
"pending","incident:sharks_happen:0490",,"2013","2013-05-08","REUNION ISLAND",,"Brisant Beach","-21.0571347","55.2225586","unreviewed location-only geocode cache match","sharks_happen:0490","Hal / Sharks Happen Stats","","",""
"pending","incident:sharks_happen:0272",,"2015","2015-04-12","REUNION ISLAND",,"Cap Homard","-21.0323505","55.2213867","unreviewed location-only geocode cache match","sharks_happen:0272","Hal / Sharks Happen Stats","","",""
"pending","incident:sharks_happen:0459",,"2015","2015-07-22","REUNION ISLAND",,"St Leu","-21.1677694","55.2881932","unreviewed location-only geocode cache match","sharks_happen:0459","Hal / Sharks Happen Stats","","",""
"pending","incident:sharks_happen:0217",,"2012","2012-08-05","REUNION ISLAND",,"St Leu","-21.1677694","55.2881932","unreviewed location-only geocode cache match","sharks_happen:0217","Hal / Sharks Happen Stats","","",""
"pending","incident:sharks_happen:0659",,"2011","2011-02-19","REUNION ISLAND",,"Trois-Roches","-21.0900726","55.4117146","unreviewed location-only geocode cache match","sharks_happen:0659","Hal / Sharks Happen Stats","","",""
"pending","incident:sharks_happen:0031",,"2000","2000-09-08","REUNION ISLAND","Saint Pierre","Pic du Diable","44.9896958","6.1644559","unreviewed location-only geocode cache match","sharks_happen:0031","Hal / Sharks Happen Stats","","",""
"pending","incident:dc2c95888597981fbf619852","dc2c95888597981fbf619852","2011","26-Aug-11","RUSSIA","Primorsky Krai","Slavyanka","42.8606833","131.3924115","unreviewed location-only geocode cache match","2011.08.26; 2011.08.26; 2011.08.26; 2011.08.26; 2011.08.26","AI1SAD local legacy incident file; Global Shark Attack File; N-Enzer SharkAttackAnalysis mirror; Ordovas shark-attack mirror; Ordovas cleaned shark-attack mirror","","",""
"pending","incident:37750c9b85a2c8070d93f821","37750c9b85a2c8070d93f821","2011","17-Aug-11","RUSSIA","Telyakovsky Bay, Khasan, Primorsky Krai (Far East)","Vityaz","55.7733376","37.9514371","unreviewed location-only geocode cache match","2011.08.17.a; 2011.08.17.a; 2011.08.17.a; 2011.08.17.a; 2011.08.17.a","AI1SAD local legacy incident file; Global Shark Attack File; N-Enzer SharkAttackAnalysis mirror; Ordovas shark-attack mirror; Ordovas cleaned shark-attack mirror","","",""
"pending","incident:754457835332498b15c6c20d","754457835332498b15c6c20d","2008","Reported 02-Jun-2008","SCOTLAND","Easter Ross","Balintore Bay","57.7484884","-3.9122711","unreviewed location-only geocode cache match","2008.06.02.R; 2008.06.02.R; 2008.06.02.R; 2008.06.02.R; 2008.06.02.R","AI1SAD local legacy incident file; Global Shark Attack File; N-Enzer SharkAttackAnalysis mirror; Ordovas shark-attack mirror; Ordovas cleaned shark-attack mirror","","",""
"pending","incident:152fdc3786fad34d1ba6fe25","152fdc3786fad34d1ba6fe25","2009","17-Oct-09","SCOTLAND","Fife","Deep Sea World Aquarium","56.0083511","-3.3911106","unreviewed location-only geocode cache match","2009.10.17; 2009.10.17; 2009.10.17; 2009.10.17; 2009.10.17","AI1SAD local legacy incident file; Global Shark Attack File; N-Enzer SharkAttackAnalysis mirror; Ordovas shark-attack mirror; Ordovas cleaned shark-attack mirror","","",""
"pending","incident:beb2be046888a3e089e38452","beb2be046888a3e089e38452","2011","Reported 28-Oct-2011","SCOTLAND","Moray","Spey Bay","57.6726898","-3.088846","unreviewed location-only geocode cache match","2011.10.28.R; 2011.10.28.R; 2011.10.28.R; 2011.10.28.R; 2011.10.28.R","AI1SAD local legacy incident file; Global Shark Attack File; N-Enzer SharkAttackAnalysis mirror; Ordovas shark-attack mirror; Ordovas cleaned shark-attack mirror","","",""
"pending","incident:2c12eedb76e2f5dfd15dfc0f","2c12eedb76e2f5dfd15dfc0f","2013","29-Mar-13","SEYCHELLES",,"Ile Platte","-5.8642325","55.3848918","unreviewed location-only geocode cache match","2013.03.29; 2013.03.29; 2013.03.29; 2013.03.29; 2013.03.29","AI1SAD local legacy incident file; Global Shark Attack File; N-Enzer SharkAttackAnalysis mirror; Ordovas shark-attack mirror; Ordovas cleaned shark-attack mirror","","",""
"pending","incident:d622ead0db2d664314cc1f38","d622ead0db2d664314cc1f38","2011","16-Aug-11","SEYCHELLES","Praslin","Anse Lazio","-4.2934363","55.7018999","unreviewed location-only geocode cache match","2011.08.16.a; 2011.08.16.a; 2011.08.16.a; 2011.08.16.a; 2011.08.16.a","AI1SAD local legacy incident file; Global Shark Attack File; N-Enzer SharkAttackAnalysis mirror; Ordovas shark-attack mirror; Ordovas cleaned shark-attack mirror","","",""
"pending","incident:8010ccb80970f9a7e7220be8","8010ccb80970f9a7e7220be8","2011","1-Aug-11","SEYCHELLES","Praslin","Anse Lazio","-4.2934363","55.7018999","unreviewed location-only geocode cache match","2011.08.01; 2011.08.01; 2011.08.01; 2011.08.01; 2011.08.01","AI1SAD local legacy incident file; Global Shark Attack File; N-Enzer SharkAttackAnalysis mirror; Ordovas shark-attack mirror; Ordovas cleaned shark-attack mirror","","",""
"pending","incident:sharks_happen:0294",,"2015","2015-06-27","SOUTH AFRICA",,"Buffels Bay","-34.3181974","18.4618681","unreviewed location-only geocode cache match","sharks_happen:0294","Hal / Sharks Happen Stats","","",""
"pending","incident:sharks_happen:0054",,"2010","2010-09-21","SOUTH AFRICA",,"Dyer Island","-34.6829462","19.4171885","unreviewed location-only geocode cache match","sharks_happen:0054","Hal / Sharks Happen Stats","","",""
"pending","incident:e7ac1ea0372ddad126329163","e7ac1ea0372ddad126329163","2005","15-Nov-05","SOUTH AFRICA","Eastern Cape Province","Aston Bay","-34.0792865","24.9072224","unreviewed location-only geocode cache match","2005.11.15; 2005.11.15; 2005.11.15; 2005.11.15; 2005.11.15","AI1SAD local legacy incident file; Global Shark Attack File; N-Enzer SharkAttackAnalysis mirror; Ordovas shark-attack mirror; Ordovas cleaned shark-attack mirror","","",""
"pending","incident:f246bd29df17a77b4394c96c","f246bd29df17a77b4394c96c","2007","3-Nov-07","SOUTH AFRICA","Eastern Cape Province","Bonza Bay","-32.9731677","27.958663","unreviewed location-only geocode cache match","2007.11.03; 2007.11.03; 2007.11.03; 2007.11.03; 2007.11.03","AI1SAD local legacy incident file; Global Shark Attack File; N-Enzer SharkAttackAnalysis mirror; Ordovas shark-attack mirror; Ordovas cleaned shark-attack mirror","","",""
"pending","incident:20695678818cf902c93efcda","20695678818cf902c93efcda","2000","15-Jul-00","SOUTH AFRICA","Eastern Cape Province","Cape Recife","-34.0290205","25.7006801","unreviewed location-only geocode cache match","2000.07.15.b; 2000.07.15.b; 2000.07.15.b; 2000.07.15.b; 2000.07.15.b","AI1SAD local legacy incident file; Global Shark Attack File; N-Enzer SharkAttackAnalysis mirror; Ordovas shark-attack mirror; Ordovas cleaned shark-attack mirror","","",""
"pending","incident:c6b1f392a0a82f6be3f2d56b","c6b1f392a0a82f6be3f2d56b","2001","8-Apr-01","SOUTH AFRICA","Eastern Cape Province","Cape St. Francis","47.809748","-52.7856698","unreviewed location-only geocode cache match","2001.04.08.b; 2001.04.08.b; 2001.04.08.b; 2001.04.08.b; 2001.04.08.b; sharks_happen:0212","AI1SAD local legacy incident file; Global Shark Attack File; N-Enzer SharkAttackAnalysis mirror; Ordovas shark-attack mirror; Ordovas cleaned shark-attack mirror; Hal / Sharks Happen Stats","","",""
"pending","incident:db44bab7f3e5acd98cafc24f","db44bab7f3e5acd98cafc24f","2015","3-Jan-15","SOUTH AFRICA","Eastern Cape Province","Chintsa East Beach","-32.8264078","28.1187685","unreviewed location-only geocode cache match","2015.01.03; 2015.01.03; 2015.01.03; 2015.01.03; 2015.01.03","AI1SAD local legacy incident file; Global Shark Attack File; N-Enzer SharkAttackAnalysis mirror; Ordovas shark-attack mirror; Ordovas cleaned shark-attack mirror","","",""
"pending","incident:525549ccb5acda974fc016a7","525549ccb5acda974fc016a7","2006","25-Jan-06","SOUTH AFRICA","Eastern Cape Province","Coffee Bay","-31.985195","29.14697","unreviewed location-only geocode cache match","2006.01.25; 2006.01.25; 2006.01.25; 2006.01.25; 2006.01.25","AI1SAD local legacy incident file; Global Shark Attack File; N-Enzer SharkAttackAnalysis mirror; Ordovas shark-attack mirror; Ordovas cleaned shark-attack mirror","","",""
"pending","incident:87f57cc913d1e3a5f9ba4f51","87f57cc913d1e3a5f9ba4f51","2019","10-Jul-2019","SOUTH AFRICA","Eastern Cape Province","East Beach, Port Alfred","-33.6011399","26.9010924","unreviewed location-only geocode cache match","2019.07.10","Global Shark Attack File","","",""
"pending","incident:2dcbfeb33e756da854cbb404","2dcbfeb33e756da854cbb404","2010","13-Apr-10","SOUTH AFRICA","Eastern Cape Province","East Beach, Port Alfred","-33.6011399","26.9010924","unreviewed location-only geocode cache match","2010.04.13; 2010.04.13; 2010.04.13; 2010.04.13; 2010.04.13","AI1SAD local legacy incident file; Global Shark Attack File; N-Enzer SharkAttackAnalysis mirror; Ordovas shark-attack mirror; Ordovas cleaned shark-attack mirror","","",""
"pending","incident:b28dacc7786ae1fdaad65d86","b28dacc7786ae1fdaad65d86","2019","09-Nov-2019","SOUTH AFRICA","Eastern Cape Province","East London","-33.0191604","27.8998573","unreviewed location-only geocode cache match","2019.11.09","Global Shark Attack File","","",""
"pending","incident:324f83b65fae24477643eaf0","324f83b65fae24477643eaf0","2001","8-May-01","SOUTH AFRICA","Eastern Cape Province","East London","-33.0191604","27.8998573","unreviewed location-only geocode cache match","2001.05.08; 2001.05.08; 2001.05.08; 2001.05.08; 2001.05.08","AI1SAD local legacy incident file; Global Shark Attack File; N-Enzer SharkAttackAnalysis mirror; Ordovas shark-attack mirror; Ordovas cleaned shark-attack mirror","","",""
"pending","incident:a06fe2e2efc9618e568cf4de","a06fe2e2efc9618e568cf4de","2004","26-Nov-04","SOUTH AFRICA","Eastern Cape Province","Gonubie","-32.9436088","28.0132812","unreviewed location-only geocode cache match","2004.11.26; 2004.11.26; 2004.11.26; 2004.11.26; 2004.11.26","AI1SAD local legacy incident file; Global Shark Attack File; N-Enzer SharkAttackAnalysis mirror; Ordovas shark-attack mirror; Ordovas cleaned shark-attack mirror","","",""
"pending","incident:412a061ee7c846704c1a1f98","412a061ee7c846704c1a1f98","2021","14-Jul-2021","SOUTH AFRICA","Eastern Cape Province","Jeffrey's Bay","-34.0536224","24.9233509","unreviewed location-only geocode cache match","2021.07.14","Global Shark Attack File","","",""
"pending","incident:ef57014f3d27e1561eee9af0","ef57014f3d27e1561eee9af0","2015","19-Jul-15","SOUTH AFRICA","Eastern Cape Province","Jeffrey's Bay","-34.0536224","24.9233509","unreviewed location-only geocode cache match","2015.07.19; 2015.07.19; 2015.07.19; 2015.07.19; 2015.07.19","AI1SAD local legacy incident file; Global Shark Attack File; N-Enzer SharkAttackAnalysis mirror; Ordovas shark-attack mirror; Ordovas cleaned shark-attack mirror","","",""
"pending","incident:8c8e7287c1ee1926c852dae3","8c8e7287c1ee1926c852dae3","2004","9-Oct-04","SOUTH AFRICA","Eastern Cape Province","Jeffreyï¿½s Bay","-34.0536224","24.9233509","unreviewed location-only geocode cache match","2004.10.09.a; 2004.10.09.a; 2004.10.09.a; 2004.10.09.a; 2004.10.09.a","AI1SAD local legacy incident file; Global Shark Attack File; N-Enzer SharkAttackAnalysis mirror; Ordovas shark-attack mirror; Ordovas cleaned shark-attack mirror","","",""
"pending","incident:d061a555169f8bd4e382d462","d061a555169f8bd4e382d462","2003","8-Aug-03","SOUTH AFRICA","Eastern Cape Province","Jeffreyï¿½s Bay","-34.0536224","24.9233509","unreviewed location-only geocode cache match","2003.08.08; 2003.08.08; 2003.08.08; 2003.08.08; 2003.08.08","AI1SAD local legacy incident file; Global Shark Attack File; N-Enzer SharkAttackAnalysis mirror; Ordovas shark-attack mirror; Ordovas cleaned shark-attack mirror","","",""
"pending","incident:fc7762ee72db437fd90aadbe","fc7762ee72db437fd90aadbe","2015","8-Dec-15","SOUTH AFRICA","Eastern Cape Province","Mpande","-11.6811312","27.4950838","unreviewed location-only geocode cache match","2015.12.08; 2015.12.08; 2015.12.08; 2015.12.08; 2015.12.08","AI1SAD local legacy incident file; Global Shark Attack File; N-Enzer SharkAttackAnalysis mirror; Ordovas shark-attack mirror; Ordovas cleaned shark-attack mirror","","",""
"pending","incident:b9b22d45fe5458a6f00bad7d","b9b22d45fe5458a6f00bad7d","2015","23-Jan-15","SOUTH AFRICA","Eastern Cape Province","Nahoon Beach","-32.9861635","27.9473906","unreviewed location-only geocode cache match","2015.01.23; 2015.01.23; 2015.01.23; 2015.01.23; 2015.01.23","AI1SAD local legacy incident file; Global Shark Attack File; N-Enzer SharkAttackAnalysis mirror; Ordovas shark-attack mirror; Ordovas cleaned shark-attack mirror","","",""
"pending","incident:e98734625a7df4b8bb7fc732","e98734625a7df4b8bb7fc732","2017","7-Jul-17","SOUTH AFRICA","Eastern Cape Province","Nahoon Reef, East London","-32.9937623","27.9463556","unreviewed location-only geocode cache match","2017.07.07; 2017.07.07; 2017.07.07; 2017.07.07; 2017.07.07","AI1SAD local legacy incident file; Global Shark Attack File; N-Enzer SharkAttackAnalysis mirror; Ordovas shark-attack mirror; Ordovas cleaned shark-attack mirror","","",""
"pending","incident:b005833dfab258323b5a67d0","b005833dfab258323b5a67d0","2006","8-Feb-06","SOUTH AFRICA","Eastern Cape Province","Nahoon, East London","-32.9757754","27.9268792","unreviewed location-only geocode cache match","2006.02.08; 2006.02.08; 2006.02.08; 2006.02.08; 2006.02.08","AI1SAD local legacy incident file; Global Shark Attack File; N-Enzer SharkAttackAnalysis mirror; Ordovas shark-attack mirror; Ordovas cleaned shark-attack mirror","","",""
"pending","incident:9ced24158b857a59e5fda58d","9ced24158b857a59e5fda58d","2006","9-Nov-06","SOUTH AFRICA","Eastern Cape Province","Nahoon, East London","-32.9757754","27.9268792","unreviewed location-only geocode cache match","2006.11.09; 2006.11.09; 2006.11.09; 2006.11.09; 2006.11.09","AI1SAD local legacy incident file; Global Shark Attack File; N-Enzer SharkAttackAnalysis mirror; Ordovas shark-attack mirror; Ordovas cleaned shark-attack mirror","","",""
"pending","incident:4787694be2688a54d939697c","4787694be2688a54d939697c","2005","25-Nov-05","SOUTH AFRICA","Eastern Cape Province","Nahoon, East London","-32.9757754","27.9268792","unreviewed location-only geocode cache match","2005.11.25.a; 2005.11.25.a; 2005.11.25.a; 2005.11.25.a; 2005.11.25.a","AI1SAD local legacy incident file; Global Shark Attack File; N-Enzer SharkAttackAnalysis mirror; Ordovas shark-attack mirror; Ordovas cleaned shark-attack mirror","","",""
"pending","incident:565a07a28107b32f0a07495e","565a07a28107b32f0a07495e","2004","27-Nov-04","SOUTH AFRICA","Eastern Cape Province","Nahoon, East London","-32.9757754","27.9268792","unreviewed location-only geocode cache match","2004.11.27; 2004.11.27; 2004.11.27; 2004.11.27; 2004.11.27","AI1SAD local legacy incident file; Global Shark Attack File; N-Enzer SharkAttackAnalysis mirror; Ordovas shark-attack mirror; Ordovas cleaned shark-attack mirror","","",""
"pending","incident:94388e9f420d25c71f71bd6a","94388e9f420d25c71f71bd6a","2000","16-Jul-00","SOUTH AFRICA","Eastern Cape Province","Nahoon, East London","-32.9757754","27.9268792","unreviewed location-only geocode cache match","2000.07.16.a; 2000.07.16.a; 2000.07.16.a; 2000.07.16.a; 2000.07.16.a","AI1SAD local legacy incident file; Global Shark Attack File; N-Enzer SharkAttackAnalysis mirror; Ordovas shark-attack mirror; Ordovas cleaned shark-attack mirror","","",""
"pending","incident:42f5d550de5a4950b8d9ea16","42f5d550de5a4950b8d9ea16","2011","21-Dec-11","SOUTH AFRICA","Eastern Cape Province","Noordhoek, Port Elizabeth","-34.0391667","25.6388889","unreviewed location-only geocode cache match","2011.12.21.a; 2011.12.21.a; 2011.12.21.a; 2011.12.21.a; 2011.12.21.a","AI1SAD local legacy incident file; Global Shark Attack File; N-Enzer SharkAttackAnalysis mirror; Ordovas shark-attack mirror; Ordovas cleaned shark-attack mirror","","",""
"pending","incident:61a2edf948186b3aeeb1f4b4","61a2edf948186b3aeeb1f4b4","2014","12-Apr-14","SOUTH AFRICA","Eastern Cape Province","Port Alfred","-33.5981844","26.8914772","unreviewed location-only geocode cache match","2014.04.12; 2014.04.12; 2014.04.12; 2014.04.12; 2014.04.12","AI1SAD local legacy incident file; Global Shark Attack File; N-Enzer SharkAttackAnalysis mirror; Ordovas shark-attack mirror; Ordovas cleaned shark-attack mirror","","",""
"pending","incident:081bff611c61062c226c36c9","081bff611c61062c226c36c9","2009","29-Dec-09","SOUTH AFRICA","Eastern Cape Province","Port Alfred","-33.5981844","26.8914772","unreviewed location-only geocode cache match","2009.12.29; 2009.12.29; 2009.12.29; 2009.12.29; 2009.12.29","AI1SAD local legacy incident file; Global Shark Attack File; N-Enzer SharkAttackAnalysis mirror; Ordovas shark-attack mirror; Ordovas cleaned shark-attack mirror","","",""
"pending","incident:d9f5453355014c4e7c306fa5","d9f5453355014c4e7c306fa5","2015","2-May-15","SOUTH AFRICA","Eastern Cape Province","Port St. John's","47.5628534","-52.7067126","unreviewed location-only geocode cache match","2015.05.02; 2015.05.02; 2015.05.02; 2015.05.02; 2015.05.02","AI1SAD local legacy incident file; Global Shark Attack File; N-Enzer SharkAttackAnalysis mirror; Ordovas shark-attack mirror; Ordovas cleaned shark-attack mirror","","",""
"pending","incident:25fb733e3020c8d13f33d009","25fb733e3020c8d13f33d009","2013","3-Mar-13","SOUTH AFRICA","Eastern Cape Province","Port St. John's","47.5628534","-52.7067126","unreviewed location-only geocode cache match","2013.03.03; 2013.03.03; 2013.03.03; 2013.03.03; 2013.03.03; sharks_happen:0371","AI1SAD local legacy incident file; Global Shark Attack File; N-Enzer SharkAttackAnalysis mirror; Ordovas shark-attack mirror; Ordovas cleaned shark-attack mirror; Hal / Sharks Happen Stats","","",""
"pending","incident:0bc585093080fbe9eaa0ec67","0bc585093080fbe9eaa0ec67","2012","25-Dec-12","SOUTH AFRICA","Eastern Cape Province","Port St. John's","47.5628534","-52.7067126","unreviewed location-only geocode cache match","2012.12.25; 2012.12.25; 2012.12.25; 2012.12.25; 2012.12.25","AI1SAD local legacy incident file; Global Shark Attack File; N-Enzer SharkAttackAnalysis mirror; Ordovas shark-attack mirror; Ordovas cleaned shark-attack mirror","","",""
"pending","incident:d7358b9af451379b559ba7e8","d7358b9af451379b559ba7e8","2013","16-Jun-13","SOUTH AFRICA","Eastern Cape Province","Queensberry Bay","-32.8802778","28.0980556","unreviewed location-only geocode cache match","2013.06.16; 2013.06.16; 2013.06.16; 2013.06.16; 2013.06.16; sharks_happen:0822","AI1SAD local legacy incident file; Global Shark Attack File; N-Enzer SharkAttackAnalysis mirror; Ordovas shark-attack mirror; Ordovas cleaned shark-attack mirror; Hal / Sharks Happen Stats","","",""
"pending","incident:fe7c91b81983ff11691883a9","fe7c91b81983ff11691883a9","2014","22-Mar-14","SOUTH AFRICA","Eastern Cape Province","Second Beach, Port St Johns","-31.6475807","29.5207816","unreviewed location-only geocode cache match","2014.03.22.b; 2014.03.22.b; 2014.03.22.b; 2014.03.22.b; 2014.03.22.b","AI1SAD local legacy incident file; Global Shark Attack File; N-Enzer SharkAttackAnalysis mirror; Ordovas shark-attack mirror; Ordovas cleaned shark-attack mirror","","",""
"pending","incident:b3a84aa2aff8469412a827e3","b3a84aa2aff8469412a827e3","2012","15-Jan-12","SOUTH AFRICA","Eastern Cape Province","Second Beach, Port St. Johns","-31.6475807","29.5207816","unreviewed location-only geocode cache match","2012.01.15; 2012.01.15; 2012.01.15; 2012.01.15; 2012.01.15","AI1SAD local legacy incident file; Global Shark Attack File; N-Enzer SharkAttackAnalysis mirror; Ordovas shark-attack mirror; Ordovas cleaned shark-attack mirror","","",""
"pending","incident:4d905ce3f906bd941b55f7d8","4d905ce3f906bd941b55f7d8","2009","18-Dec-09","SOUTH AFRICA","Eastern Cape Province","Second Beach, Port St. Johns","-31.6475807","29.5207816","unreviewed location-only geocode cache match","2009.12.18; 2009.12.18; 2009.12.18; 2009.12.18; 2009.12.18; 2009.12.18; 2009.12.18; 2009.12.18; 2009.12.18; 2009.12.18","AI1SAD local legacy incident file; AI1SAD local legacy incident file; Global Shark Attack File; Global Shark Attack File; N-Enzer SharkAttackAnalysis mirror; N-Enzer SharkAttackAnalysis mirror; Ordovas shark-attack mirror; Ordovas shark-attack mirror; Ordovas cleaned shark-attack mirror; Ordovas cleaned shark-attack mirror","","",""
"pending","incident:c2c02f60b802b2c5236c1155","c2c02f60b802b2c5236c1155","2018","3-Apr-18","SOUTH AFRICA","Eastern Cape Province","St. Francis Bay","-34.171676","24.832916","unreviewed location-only geocode cache match","2018.04.03; 2018.04.02; 2018.04.03; 2018.04.03; 2018.04.03","AI1SAD local legacy incident file; Global Shark Attack File; N-Enzer SharkAttackAnalysis mirror; Ordovas shark-attack mirror; Ordovas cleaned shark-attack mirror","","",""
"pending","incident:42749d401263e62b9596059b","42749d401263e62b9596059b","2006","9-Apr-06","SOUTH AFRICA","Eastern Cape Province","St. Francis Bay","-34.171676","24.832916","unreviewed location-only geocode cache match","2006.04.09.b; 2006.04.09.b; 2006.04.09.b; 2006.04.09.b; 2006.04.09.b","AI1SAD local legacy incident file; Global Shark Attack File; N-Enzer SharkAttackAnalysis mirror; Ordovas shark-attack mirror; Ordovas cleaned shark-attack mirror","","",""
"pending","incident:15b88b7c2a77cd5d5e189965","15b88b7c2a77cd5d5e189965","2004","7-Jan-04","SOUTH AFRICA","Eastern Cape Province","West Beach, Port Alfred","-33.608231","26.8908375","unreviewed location-only geocode cache match","2004.01.07; 2004.01.07; 2004.01.07; 2004.01.07; 2004.01.07","AI1SAD local legacy incident file; Global Shark Attack File; N-Enzer SharkAttackAnalysis mirror; Ordovas shark-attack mirror; Ordovas cleaned shark-attack mirror","","",""
"pending","incident:863f3f88a9ffa7b74845b990","863f3f88a9ffa7b74845b990","2010","5-Jan-10","SOUTH AFRICA","Eastern Province","Nahoon, East London","-32.9757754","27.9268792","unreviewed location-only geocode cache match","2010.01.05; 2010.01.05; 2010.01.05; 2010.01.05; 2010.01.05","AI1SAD local legacy incident file; Global Shark Attack File; N-Enzer SharkAttackAnalysis mirror; Ordovas shark-attack mirror; Ordovas cleaned shark-attack mirror","","",""
"pending","incident:4928c0a9c2f5c7befdc470aa","4928c0a9c2f5c7befdc470aa","2022","30-Dec-2022","SOUTH AFRICA","KNZ","Protea Banks","-30.8221585","30.6213","unreviewed location-only geocode cache match","","Global Shark Attack File","","",""
"pending","incident:2d38ebfaac4c6d6fa07e5e1b","2d38ebfaac4c6d6fa07e5e1b","2011","28-Jun-11","SOUTH AFRICA","KwaZulu-Natal","Aliwal Shoal","-30.2454855","30.9074947","unreviewed location-only geocode cache match","2011.06.28; 2011.06.28; 2011.06.28; 2011.06.28; 2011.06.28; sharks_happen:0655","AI1SAD local legacy incident file; Global Shark Attack File; N-Enzer SharkAttackAnalysis mirror; Ordovas shark-attack mirror; Ordovas cleaned shark-attack mirror; Hal / Sharks Happen Stats","","",""
"pending","incident:4cbb44aca909e9db9ec36266","4cbb44aca909e9db9ec36266","2009","11-Aug-09","SOUTH AFRICA","KwaZulu-Natal","Alkantstrand","-28.8009983","32.0963971","unreviewed location-only geocode cache match","2009.08.11; 2009.08.11; 2009.08.11; 2009.08.11; 2009.08.11","AI1SAD local legacy incident file; Global Shark Attack File; N-Enzer SharkAttackAnalysis mirror; Ordovas shark-attack mirror; Ordovas cleaned shark-attack mirror","","",""
"pending","incident:7dce801bc3bbeaa36cfe287c","7dce801bc3bbeaa36cfe287c","2004","Reported 15-Jan-2004","SOUTH AFRICA","KwaZulu-Natal","Ballito","-29.543864","31.214517","unreviewed location-only geocode cache match","2004.01.15.R; 2004.01.15.R; 2004.01.15.R; 2004.01.15.R; 2004.01.15.R","AI1SAD local legacy incident file; Global Shark Attack File; N-Enzer SharkAttackAnalysis mirror; Ordovas shark-attack mirror; Ordovas cleaned shark-attack mirror","","",""
"pending","incident:87c50ec81b31116365d66290","87c50ec81b31116365d66290","2006","6-Dec-06","SOUTH AFRICA","KwaZulu-Natal","Cape Vidal","-28.1273367","32.5570283","unreviewed location-only geocode cache match","2006.12.06; 2006.12.06; 2006.12.06; 2006.12.06; 2006.12.06","AI1SAD local legacy incident file; Global Shark Attack File; N-Enzer SharkAttackAnalysis mirror; Ordovas shark-attack mirror; Ordovas cleaned shark-attack mirror","","",""
"pending","incident:38ec3d19ddbfd7d0d0721416","38ec3d19ddbfd7d0d0721416","2018","24-Feb-18","SOUTH AFRICA","KwaZulu-Natal","Durban","-29.861825","31.009909","unreviewed location-only geocode cache match","2018.02.24; 2018.02.24; 2018.02.24; 2018.02.24; 2018.02.24","AI1SAD local legacy incident file; Global Shark Attack File; N-Enzer SharkAttackAnalysis mirror; Ordovas shark-attack mirror; Ordovas cleaned shark-attack mirror","","",""
"pending","incident:a2434830ae7d6b5edcb65c78","a2434830ae7d6b5edcb65c78","2003","6-Nov-03","SOUTH AFRICA","KwaZulu-Natal","Karridene","-30.1247222","30.8463889","unreviewed location-only geocode cache match","2003.11.06.a; 2003.11.06.a; 2003.11.06.a; 2003.11.06.a; 2003.11.06.a","AI1SAD local legacy incident file; Global Shark Attack File; N-Enzer SharkAttackAnalysis mirror; Ordovas shark-attack mirror; Ordovas cleaned shark-attack mirror","","",""
"pending","incident:d27ca5971d2ed125427a6f71","d27ca5971d2ed125427a6f71","2011","21-May-11","SOUTH AFRICA","KwaZulu-Natal","Levan Point","55.9480734","-4.8587579","unreviewed location-only geocode cache match","2011.05.21.b; 2011.05.21.b; 2011.05.21.b; 2011.05.21.b; 2011.05.21.b; sharks_happen:0497","AI1SAD local legacy incident file; Global Shark Attack File; N-Enzer SharkAttackAnalysis mirror; Ordovas shark-attack mirror; Ordovas cleaned shark-attack mirror; Hal / Sharks Happen Stats","","",""
"pending","incident:ca2155e5fe334c2ad3b1f80e","ca2155e5fe334c2ad3b1f80e","2019","02-Feb-2019","SOUTH AFRICA","KwaZulu-Natal","Mtunzini","-28.9557332","31.7565591","unreviewed location-only geocode cache match","2019.02.02.b","Global Shark Attack File","","",""
"pending","incident:753c5f07ea4433e230edc0f0","753c5f07ea4433e230edc0f0","2002","1-Jan-02","SOUTH AFRICA","KwaZulu-Natal","Mtunzini","-28.9557332","31.7565591","unreviewed location-only geocode cache match","2002.01.01.b; 2002.01.01.b; 2002.01.01.b; 2002.01.01.b; 2002.01.01.b","AI1SAD local legacy incident file; Global Shark Attack File; N-Enzer SharkAttackAnalysis mirror; Ordovas shark-attack mirror; Ordovas cleaned shark-attack mirror","","",""
"pending","incident:f704ef71a9ee84ebe55e16ca","f704ef71a9ee84ebe55e16ca","2011","4-May-11","SOUTH AFRICA","KwaZulu-Natal","Palm Beach","26.6279798","-80.4494174","unreviewed location-only geocode cache match","2011.05.04; 2011.05.04; 2011.05.04; 2011.05.04; 2011.05.04","AI1SAD local legacy incident file; Global Shark Attack File; N-Enzer SharkAttackAnalysis mirror; Ordovas shark-attack mirror; Ordovas cleaned shark-attack mirror","","",""
"pending","incident:8d8c71ca5383dd4951dcdd2c","8d8c71ca5383dd4951dcdd2c","2004","Aug-04","SOUTH AFRICA","KwaZulu-Natal","Park Rynie","-30.3225","30.7377778","unreviewed location-only geocode cache match","2004.08.00; 2004.08.00; 2004.08.00; 2004.08.00; 2004.08.00","AI1SAD local legacy incident file; Global Shark Attack File; N-Enzer SharkAttackAnalysis mirror; Ordovas shark-attack mirror; Ordovas cleaned shark-attack mirror","","",""
"pending","incident:53f2f29c761cab8c5cc25210","53f2f29c761cab8c5cc25210","2003","31-Dec-03","SOUTH AFRICA","KwaZulu-Natal","Salt Rock","38.326886","-82.2194201","unreviewed location-only geocode cache match","2003.12.31; 2003.12.31; 2003.12.31; 2003.12.31; 2003.12.31","AI1SAD local legacy incident file; Global Shark Attack File; N-Enzer SharkAttackAnalysis mirror; Ordovas shark-attack mirror; Ordovas cleaned shark-attack mirror","","",""
"pending","incident:bd56741ae61c776302348acb","bd56741ae61c776302348acb","2001","7-Oct-01","SOUTH AFRICA","KwaZulu-Natal","Salt Rock","38.326886","-82.2194201","unreviewed location-only geocode cache match","2001.10.07; 2001.10.07; 2001.10.07; 2001.10.07; 2001.10.07","AI1SAD local legacy incident file; Global Shark Attack File; N-Enzer SharkAttackAnalysis mirror; Ordovas shark-attack mirror; Ordovas cleaned shark-attack mirror","","",""
"pending","incident:f431698f397edc21ca3f446b","f431698f397edc21ca3f446b","2008","28-Mar-08","SOUTH AFRICA","KwaZulu-Natal","Scottburgh","-30.286041","30.754365","unreviewed location-only geocode cache match","2008.03.28.c; 2008.03.28.c; 2008.03.28.c; 2008.03.28.c; 2008.03.28.c","AI1SAD local legacy incident file; Global Shark Attack File; N-Enzer SharkAttackAnalysis mirror; Ordovas shark-attack mirror; Ordovas cleaned shark-attack mirror","","",""
"pending","incident:10c1f75b7216c3c76fed2fcd","10c1f75b7216c3c76fed2fcd","2003","27-Nov-03","SOUTH AFRICA","KwaZulu-Natal","Sodwana","-27.5400201","32.6757833","unreviewed location-only geocode cache match","2003.11.27; 2003.11.27; 2003.11.27; 2003.11.27; 2003.11.27","AI1SAD local legacy incident file; Global Shark Attack File; N-Enzer SharkAttackAnalysis mirror; Ordovas shark-attack mirror; Ordovas cleaned shark-attack mirror","","",""
"pending","incident:10fe96dec7f7dacbde295cc2","10fe96dec7f7dacbde295cc2","2000","15-Jul-00","SOUTH AFRICA","KwaZulu-Natal","South of Durban","51.5331635","-2.5797643","unreviewed location-only geocode cache match","2000.07.15.a; 2000.07.15.a; 2000.07.15.a; 2000.07.15.a; 2000.07.15.a","AI1SAD local legacy incident file; Global Shark Attack File; N-Enzer SharkAttackAnalysis mirror; Ordovas shark-attack mirror; Ordovas cleaned shark-attack mirror","","",""
"pending","incident:ac30c30551e2560a39b438c9","ac30c30551e2560a39b438c9","2008","29-Jan-08","SOUTH AFRICA","KwaZulu-Natal","Suncoast Pirates Beach, Durban","-29.8380316","31.0358028","unreviewed location-only geocode cache match","2008.01.29; 2008.01.29; 2008.01.29; 2008.01.29; 2008.01.29","AI1SAD local legacy incident file; Global Shark Attack File; N-Enzer SharkAttackAnalysis mirror; Ordovas shark-attack mirror; Ordovas cleaned shark-attack mirror","","",""
"pending","incident:29fd9b0bffe84bcb92012afb","29fd9b0bffe84bcb92012afb","2020","16-Jun-2020","SOUTH AFRICA","KwaZulu-Natal","Umhlanga Rocks","-29.73","31.0827778","unreviewed location-only geocode cache match","2020.06.16","Global Shark Attack File","","",""
"pending","incident:a66e780461e1d9d88337c4a8","a66e780461e1d9d88337c4a8","2015","26-Dec-15","SOUTH AFRICA","KwaZulu-Natal","Westbrook Beach","36.8592025","-76.12166","unreviewed location-only geocode cache match","2015.12.26; 2015.12.26; 2015.12.26; 2015.12.26; 2015.12.26","AI1SAD local legacy incident file; Global Shark Attack File; N-Enzer SharkAttackAnalysis mirror; Ordovas shark-attack mirror; Ordovas cleaned shark-attack mirror","","",""
"pending","incident:sharks_happen:0473",,"2016","2016-12-19","SOUTH AFRICA","Plattenberg Bay","Keurbooms","-33.8705453","23.2329261","unreviewed location-only geocode cache match","sharks_happen:0473","Hal / Sharks Happen Stats","","",""
"pending","incident:sharks_happen:0009",,"2010","2010-01-12","SOUTH AFRICA","WCP","False Bay","-34.2270274","18.6554907","unreviewed location-only geocode cache match","sharks_happen:0009","Hal / Sharks Happen Stats","","",""
"pending","incident:sharks_happen:0198",,"2003","2003-09-12","SOUTH AFRICA","WCP","Noordhoek","-34.102778","18.38","unreviewed location-only geocode cache match","sharks_happen:0198","Hal / Sharks Happen Stats","","",""
"pending","incident:3d1eca557d83afa202826fad","3d1eca557d83afa202826fad","2006","15-Aug-06","SOUTH AFRICA","Western Cape Province","Danger Reef","-45.5103497","170.8233654","unreviewed location-only geocode cache match","2006.08.15; 2006.08.15; 2006.08.15; 2006.08.15; 2006.08.15","AI1SAD local legacy incident file; Global Shark Attack File; N-Enzer SharkAttackAnalysis mirror; Ordovas shark-attack mirror; Ordovas cleaned shark-attack mirror","","",""
"pending","incident:a80b8ea6117ce139167dc61a","a80b8ea6117ce139167dc61a","2013","16-Mar-13","SOUTH AFRICA","Western Cape Province","De Mond","-33.6782234","26.1900266","unreviewed location-only geocode cache match","2013.03.16.b; 2013.03.16.b; 2013.03.16.b; 2013.03.16.b; 2013.03.16.b","AI1SAD local legacy incident file; Global Shark Attack File; N-Enzer SharkAttackAnalysis mirror; Ordovas shark-attack mirror; Ordovas cleaned shark-attack mirror","","",""
"pending","incident:0447ed6fbfec72cb60974130","0447ed6fbfec72cb60974130","2013","16-Dec-13","SOUTH AFRICA","Western Cape Province","Die Platt","49.5221231","7.4964952","unreviewed location-only geocode cache match","2013.12.16; 2013.12.16; 2013.12.16; 2013.12.16; 2013.12.16","AI1SAD local legacy incident file; Global Shark Attack File; N-Enzer SharkAttackAnalysis mirror; Ordovas shark-attack mirror; Ordovas cleaned shark-attack mirror","","",""
"pending","incident:2fda138bba8fef249da704c0","2fda138bba8fef249da704c0","2017","3-Sep-17","SOUTH AFRICA","Western Cape Province","Dyer Island","-34.6829462","19.4171885","unreviewed location-only geocode cache match","2017.09.03.b; 2017.09.03.b; 2017.09.03.b; 2017.09.03.b; 2017.09.03.b; sharks_happen:0088","AI1SAD local legacy incident file; Global Shark Attack File; N-Enzer SharkAttackAnalysis mirror; Ordovas shark-attack mirror; Ordovas cleaned shark-attack mirror; Hal / Sharks Happen Stats","","",""
"pending","incident:b914c3bd8fc951fffc7ada05","b914c3bd8fc951fffc7ada05","2004","2-Jun-04","SOUTH AFRICA","Western Cape Province","Dyer Island","-34.6829462","19.4171885","unreviewed location-only geocode cache match","2004.06.02; 2004.06.02; 2004.06.02; 2004.06.02; 2004.06.02","AI1SAD local legacy incident file; Global Shark Attack File; N-Enzer SharkAttackAnalysis mirror; Ordovas shark-attack mirror; Ordovas cleaned shark-attack mirror","","",""
"pending","incident:9acc3385a7b6ab9b9dfc4acd","9acc3385a7b6ab9b9dfc4acd","2000","10-Sep-00","SOUTH AFRICA","Western Cape Province","Dyer Island","-34.6829462","19.4171885","unreviewed location-only geocode cache match","2000.09.10.a; 2000.09.10.a; 2000.09.10.a; 2000.09.10.a; 2000.09.10.a","AI1SAD local legacy incident file; Global Shark Attack File; N-Enzer SharkAttackAnalysis mirror; Ordovas shark-attack mirror; Ordovas cleaned shark-attack mirror","","",""
"pending","incident:c80dce557496bc51789a3175","c80dce557496bc51789a3175","2013","14-Apr-13","SOUTH AFRICA","Western Cape Province","False Bay","-34.2270274","18.6554907","unreviewed location-only geocode cache match","2013.04.14; 2013.04.14; 2013.04.14; 2013.04.14; 2013.04.14","AI1SAD local legacy incident file; Global Shark Attack File; N-Enzer SharkAttackAnalysis mirror; Ordovas shark-attack mirror; Ordovas cleaned shark-attack mirror","","",""
"pending","incident:362fe127ccee7c196a7c88ac","362fe127ccee7c196a7c88ac","2006","28-Jul-06","SOUTH AFRICA","Western Cape Province","Fish Hoek","-34.137645","18.4246723","unreviewed location-only geocode cache match","2006.07.28; 2006.07.28; 2006.07.28; 2006.07.28; 2006.07.28","AI1SAD local legacy incident file; Global Shark Attack File; N-Enzer SharkAttackAnalysis mirror; Ordovas shark-attack mirror; Ordovas cleaned shark-attack mirror","","",""
"pending","incident:b8a720f7886535218fba0039","b8a720f7886535218fba0039","2004","15-Nov-04","SOUTH AFRICA","Western Cape Province","Fish Hoek, False Bay","-34.1310269","18.4147693","unreviewed location-only geocode cache match","2004.11.15; 2004.11.15; 2004.11.15; 2004.11.15; 2004.11.15","AI1SAD local legacy incident file; Global Shark Attack File; N-Enzer SharkAttackAnalysis mirror; Ordovas shark-attack mirror; Ordovas cleaned shark-attack mirror","","",""
"pending","incident:b683559013efeb78e96da3df","b683559013efeb78e96da3df","2004","30-Oct-04","SOUTH AFRICA","Western Cape Province","Gansbaai","-34.582778","19.352222","unreviewed location-only geocode cache match","2004.10.30.a; 2004.10.30.a; 2004.10.30.a; 2004.10.30.a; 2004.10.30.a","AI1SAD local legacy incident file; Global Shark Attack File; N-Enzer SharkAttackAnalysis mirror; Ordovas shark-attack mirror; Ordovas cleaned shark-attack mirror","","",""
"pending","incident:0b7c92d7ec6fec0f3946ee2e","0b7c92d7ec6fec0f3946ee2e","2002","13-Sep-02","SOUTH AFRICA","Western Cape Province","Glencairn, False Bay","-34.1540252","18.4365772","unreviewed location-only geocode cache match","2002.09.13; 2002.09.13; 2002.09.13; 2002.09.13; 2002.09.13","AI1SAD local legacy incident file; Global Shark Attack File; N-Enzer SharkAttackAnalysis mirror; Ordovas shark-attack mirror; Ordovas cleaned shark-attack mirror","","",""
"pending","incident:3fe08e9455fd2378878e80cd","3fe08e9455fd2378878e80cd","2009","29-Aug-09","SOUTH AFRICA","Western Cape Province","Glentana","-34.049324","22.315192","unreviewed location-only geocode cache match","2009.08.29; 2009.08.29; 2009.08.29; 2009.08.29; 2009.08.29","AI1SAD local legacy incident file; Global Shark Attack File; N-Enzer SharkAttackAnalysis mirror; Ordovas shark-attack mirror; Ordovas cleaned shark-attack mirror","","",""
"pending","incident:895916e60d9f878d61cf5482","895916e60d9f878d61cf5482","2013","16-Mar-13","SOUTH AFRICA","Western Cape Province","Hawston Beach","-34.3944086","19.1329445","unreviewed location-only geocode cache match","2013.03.16.a; 2013.03.16.a; 2013.03.16.a; 2013.03.16.a; 2013.03.16.a","AI1SAD local legacy incident file; Global Shark Attack File; N-Enzer SharkAttackAnalysis mirror; Ordovas shark-attack mirror; Ordovas cleaned shark-attack mirror","","",""
"pending","incident:d4447a5919db98c6b3559373","d4447a5919db98c6b3559373","2017","29-Apr-17","SOUTH AFRICA","Western Cape Province","Keurbooms, Plettenberg Bay","-34.0371417","23.3841901","unreviewed location-only geocode cache match","2017.04.29.c; 2017.04.29.c; 2017.04.29.c; 2017.04.29.c; 2017.04.29.c","AI1SAD local legacy incident file; Global Shark Attack File; N-Enzer SharkAttackAnalysis mirror; Ordovas shark-attack mirror; Ordovas cleaned shark-attack mirror","","",""
"pending","incident:b97ce5b07a45c98aae8d98ad","b97ce5b07a45c98aae8d98ad","2015","26-Jun-15","SOUTH AFRICA","Western Cape Province","Lookout Beach, Plettenberg Bay","-34.045853","23.3801427","unreviewed location-only geocode cache match","2015.06.26.b; 2015.06.26.b; 2015.06.26.b; 2015.06.26.b; 2015.06.26.b","AI1SAD local legacy incident file; Global Shark Attack File; N-Enzer SharkAttackAnalysis mirror; Ordovas shark-attack mirror; Ordovas cleaned shark-attack mirror","","",""
"pending","incident:e73ac58bf239fde7aafdecae","e73ac58bf239fde7aafdecae","2010","1-Oct-10","SOUTH AFRICA","Western Cape Province","Melkbaai, Strand","-34.0994444","18.8108333","unreviewed location-only geocode cache match","2010.10.01; 2010.10.01; 2010.10.01; 2010.10.01; 2010.10.01","AI1SAD local legacy incident file; Global Shark Attack File; N-Enzer SharkAttackAnalysis mirror; Ordovas shark-attack mirror; Ordovas cleaned shark-attack mirror","","",""
"pending","incident:a6279a1b201b3685ef740366","a6279a1b201b3685ef740366","2003","14-Sep-03","SOUTH AFRICA","Western Cape Province","Melkbosstrand","-33.722222","18.445833","unreviewed location-only geocode cache match","2003.09.14.b; 2003.09.14.b; 2003.09.14.b; 2003.09.14.b; 2003.09.14.b","AI1SAD local legacy incident file; Global Shark Attack File; N-Enzer SharkAttackAnalysis mirror; Ordovas shark-attack mirror; Ordovas cleaned shark-attack mirror","","",""
"pending","incident:57c6b4952d83f17035317f38","57c6b4952d83f17035317f38","2005","4-Jun-05","SOUTH AFRICA","Western Cape Province","Miller's Point","-34.2303901","18.4765432","unreviewed location-only geocode cache match","2005.06.04; 2005.06.04; 2005.06.04; 2005.06.04; 2005.06.04; sharks_happen:0011","AI1SAD local legacy incident file; Global Shark Attack File; N-Enzer SharkAttackAnalysis mirror; Ordovas shark-attack mirror; Ordovas cleaned shark-attack mirror; Hal / Sharks Happen Stats","","",""
"pending","incident:983d1071da4a96a360d742f2","983d1071da4a96a360d742f2","2008","28-Jun-08","SOUTH AFRICA","Western Cape Province","Mossel Bay","-34.1832022","22.1536248","unreviewed location-only geocode cache match","2008.06.28.a; 2008.06.28.a; 2008.06.28.a; 2008.06.28.a; 2008.06.28.a","AI1SAD local legacy incident file; Global Shark Attack File; N-Enzer SharkAttackAnalysis mirror; Ordovas shark-attack mirror; Ordovas cleaned shark-attack mirror","","",""
"pending","incident:f2ac765c6a09a583924122c1","f2ac765c6a09a583924122c1","2014","1-Aug-14","SOUTH AFRICA","Western Cape Province","Muizenberg","-34.0978389","18.4845708","unreviewed location-only geocode cache match","2014.08.01; 2014.08.01; 2014.08.01; 2014.08.01; 2014.08.01; sharks_happen:0461","AI1SAD local legacy incident file; Global Shark Attack File; N-Enzer SharkAttackAnalysis mirror; Ordovas shark-attack mirror; Ordovas cleaned shark-attack mirror; Hal / Sharks Happen Stats","","",""
"pending","incident:a77c07460e69beb14afd9702","a77c07460e69beb14afd9702","2005","28-Mar-05","SOUTH AFRICA","Western Cape Province","Noordhoek","-34.102778","18.38","unreviewed location-only geocode cache match","2005.03.28; 2005.03.28; 2005.03.28; 2005.03.28; 2005.03.28","AI1SAD local legacy incident file; Global Shark Attack File; N-Enzer SharkAttackAnalysis mirror; Ordovas shark-attack mirror; Ordovas cleaned shark-attack mirror","","",""
"pending","incident:7c28232b847ba6065477a043","7c28232b847ba6065477a043","2008","10-Dec-08","SOUTH AFRICA","Western Cape Province","Plettenberg Bay","-34.052778","23.369444","unreviewed location-only geocode cache match","2008.12.10; 2008.12.10; 2008.12.10; 2008.12.10; 2008.12.10","AI1SAD local legacy incident file; Global Shark Attack File; N-Enzer SharkAttackAnalysis mirror; Ordovas shark-attack mirror; Ordovas cleaned shark-attack mirror","","",""
"pending","incident:a2396f47b38bfa458256d1e9","a2396f47b38bfa458256d1e9","2011","29-May-11","SOUTH AFRICA","Western Cape Province","Robberg Beach","-34.0801516","23.371226","unreviewed location-only geocode cache match","2011.05.29; 2011.05.29; 2011.05.29; 2011.05.29; 2011.05.29","AI1SAD local legacy incident file; Global Shark Attack File; N-Enzer SharkAttackAnalysis mirror; Ordovas shark-attack mirror; Ordovas cleaned shark-attack mirror","","",""
"pending","incident:e3e67fe4418d4d8aec052c57","e3e67fe4418d4d8aec052c57","2018","22-Apr-18","SOUTH AFRICA","Western Cape Province","Robberg Beach, Plettenberg Bay","-34.0801516","23.371226","unreviewed location-only geocode cache match","2018.04.22; 2018.04.22; 2018.04.22; 2018.04.22; 2018.04.22","AI1SAD local legacy incident file; Global Shark Attack File; N-Enzer SharkAttackAnalysis mirror; Ordovas shark-attack mirror; Ordovas cleaned shark-attack mirror","","",""
"pending","incident:ab850b6612536c148e5426b6","ab850b6612536c148e5426b6","2016","22-Apr-16","SOUTH AFRICA","Western Cape Province","Robberg Beach, Plettenberg Bay","-34.0801516","23.371226","unreviewed location-only geocode cache match","2016.04.22; 2016.04.22; 2016.04.22; 2016.04.22; 2016.04.22","AI1SAD local legacy incident file; Global Shark Attack File; N-Enzer SharkAttackAnalysis mirror; Ordovas shark-attack mirror; Ordovas cleaned shark-attack mirror","","",""
"pending","incident:9ac3bc936a122e4e85cc1936","9ac3bc936a122e4e85cc1936","2002","24-Dec-02","SOUTH AFRICA","Western Cape Province","Scarborough","54.2820009","-0.4011868","unreviewed location-only geocode cache match","2002.12.24; 2002.12.24; 2002.12.24; 2002.12.24; 2002.12.24; sharks_happen:0259","AI1SAD local legacy incident file; Global Shark Attack File; N-Enzer SharkAttackAnalysis mirror; Ordovas shark-attack mirror; Ordovas cleaned shark-attack mirror; Hal / Sharks Happen Stats","","",""
"pending","incident:a21b6bd1d049197ba24e4c2e","a21b6bd1d049197ba24e4c2e","2014","4-May-14","SOUTH AFRICA","Western Cape Province","Simonstown","53.4585536","-7.3226117","unreviewed location-only geocode cache match","2014.05.04; 2013.05.04; 2014.05.04; 2014.05.04; 2014.05.04","AI1SAD local legacy incident file; Global Shark Attack File; N-Enzer SharkAttackAnalysis mirror; Ordovas shark-attack mirror; Ordovas cleaned shark-attack mirror","","",""
"pending","incident:6214b8ad4f1aab109a0e964b","6214b8ad4f1aab109a0e964b","2006","1-Jan-06","SOUTH AFRICA","Western Cape Province","Soetwater","-34.1640056","18.3319369","unreviewed location-only geocode cache match","2006.01.01; 2006.01.01; 2006.01.01; 2006.01.01; 2006.01.01","AI1SAD local legacy incident file; Global Shark Attack File; N-Enzer SharkAttackAnalysis mirror; Ordovas shark-attack mirror; Ordovas cleaned shark-attack mirror","","",""
"pending","incident:2b7930c5f737cb8b1492aea6","2b7930c5f737cb8b1492aea6","2012","20-Feb-12","SOUTH AFRICA","Western Cape Province","Strandfontein","-31.755556","18.227222","unreviewed location-only geocode cache match","2012.02.20; 2012.02.20; 2012.02.20; 2012.02.20; 2012.02.20","AI1SAD local legacy incident file; Global Shark Attack File; N-Enzer SharkAttackAnalysis mirror; Ordovas shark-attack mirror; Ordovas cleaned shark-attack mirror","","",""
"pending","incident:92ef0ec9c93e1d1768748f3a","92ef0ec9c93e1d1768748f3a","2008","Reported 26-Jun-2008","SOUTH AFRICA","Western Cape Province","Struis Bay","-34.8111916","20.036906","unreviewed location-only geocode cache match","2008.06.26.R; 2008.06.26.R; 2008.06.26.R; 2008.06.26.R; 2008.06.26.R","AI1SAD local legacy incident file; Global Shark Attack File; N-Enzer SharkAttackAnalysis mirror; Ordovas shark-attack mirror; Ordovas cleaned shark-attack mirror","","",""
"pending","incident:7ea0cb7e2fcab6c9325a4932","7ea0cb7e2fcab6c9325a4932","2000","19-Feb-00","SOUTH AFRICA","Western Cape Province","Struis Bay","-34.8111916","20.036906","unreviewed location-only geocode cache match","2000.02.19; 2000.02.19; 2000.02.19; 2000.02.19; 2000.02.19; sharks_happen:0731","AI1SAD local legacy incident file; Global Shark Attack File; N-Enzer SharkAttackAnalysis mirror; Ordovas shark-attack mirror; Ordovas cleaned shark-attack mirror; Hal / Sharks Happen Stats","","",""
"pending","incident:2694665766db237248c5495b","2694665766db237248c5495b","2005","1-Oct-05","SOUTH AFRICA","Western Cape Province","Sunny Cove, Fish Hoek","-34.1443006","18.437119","unreviewed location-only geocode cache match","2005.10.01; 2005.10.01; 2005.10.01; 2005.10.01; 2005.10.01","AI1SAD local legacy incident file; Global Shark Attack File; N-Enzer SharkAttackAnalysis mirror; Ordovas shark-attack mirror; Ordovas cleaned shark-attack mirror","","",""
"pending","incident:543583f098aa7eca73939e72","543583f098aa7eca73939e72","2007","7-Nov-07","SOUTH AFRICA","Western Cape Province","The Strand","51.5109754","-0.1200159","unreviewed location-only geocode cache match","2007.11.07; 2007.11.07; 2007.11.07; 2007.11.07; 2007.11.07","AI1SAD local legacy incident file; Global Shark Attack File; N-Enzer SharkAttackAnalysis mirror; Ordovas shark-attack mirror; Ordovas cleaned shark-attack mirror","","",""
"pending","incident:2d3e3154537d3e07db0dfc4e","2d3e3154537d3e07db0dfc4e","2010","12-Jan-10","SOUTH AFRICA","Western Province","Fish Hoek","-34.137645","18.4246723","unreviewed location-only geocode cache match","2010.01.12; 2010.01.12; 2010.01.12; 2010.01.12; 2010.01.12","AI1SAD local legacy incident file; Global Shark Attack File; N-Enzer SharkAttackAnalysis mirror; Ordovas shark-attack mirror; Ordovas cleaned shark-attack mirror","","",""
"pending","incident:2bf796a4f8a4ac20586eb839","2bf796a4f8a4ac20586eb839","2010","10-Aug-10","SOUTH KOREA","Jeju Province","Jeju Island","33.3803475","126.5482545","unreviewed location-only geocode cache match","2010.08.10; 2010.08.10; 2010.08.10; 2010.08.10; 2010.08.10","AI1SAD local legacy incident file; Global Shark Attack File; N-Enzer SharkAttackAnalysis mirror; Ordovas shark-attack mirror; Ordovas cleaned shark-attack mirror","","",""
"pending","incident:046f96dc8746372c89524bdc","046f96dc8746372c89524bdc","2014","27-Aug-14","SPAIN","Alicante","Benidorm","38.5406255","-0.1290929","unreviewed location-only geocode cache match","2014.08.27.c; 2014.08.27.c; 2014.08.27.c; 2014.08.27.c; 2014.08.27.c","AI1SAD local legacy incident file; Global Shark Attack File; N-Enzer SharkAttackAnalysis mirror; Ordovas shark-attack mirror; Ordovas cleaned shark-attack mirror","","",""
"pending","incident:9ea922f82d134f1bae8ee899","9ea922f82d134f1bae8ee899","2016","29-Jul-16","SPAIN","Alicante Province","Arenales del Sol","28.1183901","-15.4215415","unreviewed location-only geocode cache match","2016.07.29; 2016.07.29; 2016.07.29; 2016.07.29; 2016.07.29","AI1SAD local legacy incident file; Global Shark Attack File; N-Enzer SharkAttackAnalysis mirror; Ordovas shark-attack mirror; Ordovas cleaned shark-attack mirror","","",""
"pending","incident:cbefd04760083e91760c8712","cbefd04760083e91760c8712","2017","16-Sep-17","SPAIN","Canary Islands","Gran Canaria","27.9580004","-15.6062305","unreviewed location-only geocode cache match","2017.09.16.b; 2017.09.16.b; 2017.09.16.b; 2017.09.16.b; 2017.09.16.b","AI1SAD local legacy incident file; Global Shark Attack File; N-Enzer SharkAttackAnalysis mirror; Ordovas shark-attack mirror; Ordovas cleaned shark-attack mirror","","",""
"pending","incident:0c53f13414eea091d4445982","0c53f13414eea091d4445982","2016","Reported 08-Jul-2016","SPAIN","Canary Islands","Las Teresitas, Tenerife","28.5101939","-16.1838422","unreviewed location-only geocode cache match","2016.07.08.R; 2016.07.08.R; 2016.07.08.R; 2016.07.08.R; 2016.07.08.R","AI1SAD local legacy incident file; Global Shark Attack File; N-Enzer SharkAttackAnalysis mirror; Ordovas shark-attack mirror; Ordovas cleaned shark-attack mirror","","",""
"pending","incident:3d55b04434dc5e21c0fe02b0","3d55b04434dc5e21c0fe02b0","2014","Sep-14","SPAIN","Catalonia","Salou","41.0768193","1.1440411","unreviewed location-only geocode cache match","2014.09.00; 2014.09.00; 2014.09.00; 2014.09.00; 2014.09.00","AI1SAD local legacy incident file; Global Shark Attack File; N-Enzer SharkAttackAnalysis mirror; Ordovas shark-attack mirror; Ordovas cleaned shark-attack mirror","","",""
"pending","incident:4dea48e1a731b2b7ee019fad","4dea48e1a731b2b7ee019fad","2017","24-Jul-17","ST HELENA, BRITISH OVERSEAS TERRITORY","Ascension Island","English Bay","49.2863643","-123.1642292","unreviewed location-only geocode cache match","2017.07.24; 2017.07.24; 2017.07.24; 2017.07.24; 2017.07.24","AI1SAD local legacy incident file; Global Shark Attack File; N-Enzer SharkAttackAnalysis mirror; Ordovas shark-attack mirror; Ordovas cleaned shark-attack mirror","","",""
"pending","incident:65028777f113cd7b45b782e3","65028777f113cd7b45b782e3","2017","22-Apr-17","ST HELENA, BRITISH OVERSEAS TERRITORY","Ascension Island","English Bay","49.2863643","-123.1642292","unreviewed location-only geocode cache match","2017.04.22; 2017.04.22; 2017.04.22; 2017.04.22; 2017.04.22","AI1SAD local legacy incident file; Global Shark Attack File; N-Enzer SharkAttackAnalysis mirror; Ordovas shark-attack mirror; Ordovas cleaned shark-attack mirror","","",""
"pending","incident:d06c5b2ef50781299916f67a","d06c5b2ef50781299916f67a","2005","25-Oct-05","ST. MAARTIN","Simpson Bay","Sunterra Beach","29.8593564","-95.8498334","unreviewed location-only geocode cache match","2005.10.25; 2005.10.25; 2005.10.25; 2005.10.25; 2005.10.25","AI1SAD local legacy incident file; Global Shark Attack File; N-Enzer SharkAttackAnalysis mirror; Ordovas shark-attack mirror; Ordovas cleaned shark-attack mirror","","",""
"pending","incident:965060b23e504c46ed776252","965060b23e504c46ed776252","2012","18-Jan-12","TAIWAN","Taitung","Taimali","22.6154312","121.0073358","unreviewed location-only geocode cache match","2012.01.18.b; 2012.01.18.b; 2012.01.18.b; 2012.01.18.b; 2012.01.18.b","AI1SAD local legacy incident file; Global Shark Attack File; N-Enzer SharkAttackAnalysis mirror; Ordovas shark-attack mirror; Ordovas cleaned shark-attack mirror","","",""
"pending","incident:48989199878b92514dd64c69","48989199878b92514dd64c69","2000","Aug-00","TANZANIA",,"Coco Beach, Dar-es-Salaam","-6.7690817","39.2821865","unreviewed location-only geocode cache match","2000.08.00; 2000.08.00; 2000.08.00; 2000.08.00; 2000.08.00","AI1SAD local legacy incident file; Global Shark Attack File; N-Enzer SharkAttackAnalysis mirror; Ordovas shark-attack mirror; Ordovas cleaned shark-attack mirror","","",""
"pending","incident:449942f64c66a6151ea2b117","449942f64c66a6151ea2b117","2000","Early Sep-2000","TANZANIA",,"Coco Beach, Dar-es-Salaam","-6.7690817","39.2821865","unreviewed location-only geocode cache match","2000.09.00.b; 2000.09.00.b; 2000.09.00.b; 2000.09.00.b; 2000.09.00.b","AI1SAD local legacy incident file; Global Shark Attack File; N-Enzer SharkAttackAnalysis mirror; Ordovas shark-attack mirror; Ordovas cleaned shark-attack mirror","","",""
"pending","incident:bb34295ce806877e11bb30da","bb34295ce806877e11bb30da","2000","Jul-00","TANZANIA",,"Coco Beach, Dar-es-Salaam","-6.7690817","39.2821865","unreviewed location-only geocode cache match","2000.07.00; 2000.07.00; 2000.07.00; 2000.07.00; 2000.07.00","AI1SAD local legacy incident file; Global Shark Attack File; N-Enzer SharkAttackAnalysis mirror; Ordovas shark-attack mirror; Ordovas cleaned shark-attack mirror","","",""
"pending","incident:6b897bf36befe8f5a6188ecd","6b897bf36befe8f5a6188ecd","2018","Reported 30-Apr-2018","THAILAND","Hua Hin","Sai Noi Beach","12.4535772","99.9816406","unreviewed location-only geocode cache match","2018.04.30.R; 2018.04.30.R; 2018.04.30.R; 2018.04.30.R; 2018.04.30.R","AI1SAD local legacy incident file; Global Shark Attack File; N-Enzer SharkAttackAnalysis mirror; Ordovas shark-attack mirror; Ordovas cleaned shark-attack mirror","","",""
"pending","incident:04d1b356df0a1ba923ab761f","04d1b356df0a1ba923ab761f","2018","15-Apr-18","THAILAND","Hua Hin","Sai Noi Beach","12.4535772","99.9816406","unreviewed location-only geocode cache match","2018.04.15.d; 2018.04.15.d; 2018.04.15.d; 2018.04.15.d; 2018.04.15.d","AI1SAD local legacy incident file; Global Shark Attack File; N-Enzer SharkAttackAnalysis mirror; Ordovas shark-attack mirror; Ordovas cleaned shark-attack mirror","","",""
"pending","incident:64449899b78d22793d6c3d08","64449899b78d22793d6c3d08","2000","5-Jan-00","THAILAND","Phang nga Province","Phang nga Island","9.3340302","98.3232413","unreviewed location-only geocode cache match","2000.01.05; 2000.01.05; 2000.01.05; 2000.01.05; 2000.01.05","AI1SAD local legacy incident file; Global Shark Attack File; N-Enzer SharkAttackAnalysis mirror; Ordovas shark-attack mirror; Ordovas cleaned shark-attack mirror","","",""
"pending","incident:6d3ff2f416d22f9ba5cff890","6d3ff2f416d22f9ba5cff890","2015","1-Sep-15","THAILAND","Phuket","Karon Beach","7.8439574","98.2934247","unreviewed location-only geocode cache match","2015.09.01; 2015.09.01; 2015.09.01; 2015.09.01; 2015.09.01","AI1SAD local legacy incident file; Global Shark Attack File; N-Enzer SharkAttackAnalysis mirror; Ordovas shark-attack mirror; Ordovas cleaned shark-attack mirror","","",""
"pending","incident:ae332cff0c6b041a1a1e86de","ae332cff0c6b041a1a1e86de","2011","19-Jun-11","TURKS & CAICOS","Caicos Bank","French Cay","16.3574703","-86.4475093","unreviewed location-only geocode cache match","2011.06.19.b; 2011.06.19.b; 2011.06.19.b; 2011.06.19.b; 2011.06.19.b","AI1SAD local legacy incident file; Global Shark Attack File; N-Enzer SharkAttackAnalysis mirror; Ordovas shark-attack mirror; Ordovas cleaned shark-attack mirror","","",""
"pending","incident:1af8dc59a17c8907545e0da8","1af8dc59a17c8907545e0da8","2002","14-Nov-02","TURKS & CAICOS","Caicos Bank","French Cay","16.3574703","-86.4475093","unreviewed location-only geocode cache match","2002.11.14; 2002.11.14; 2002.11.14; 2002.11.14; 2002.11.14","AI1SAD local legacy incident file; Global Shark Attack File; N-Enzer SharkAttackAnalysis mirror; Ordovas shark-attack mirror; Ordovas cleaned shark-attack mirror","","",""
"pending","incident:980423927f463727cc07bb33","980423927f463727cc07bb33","2017","12-May-17","UNITED ARAB EMIRATES","Sharjah,","Khor Fakkan","25.3491721","56.3478105","unreviewed location-only geocode cache match","2017.05.12; 2017.05.12; 2017.05.12; 2017.05.12; 2017.05.12","AI1SAD local legacy incident file; Global Shark Attack File; N-Enzer SharkAttackAnalysis mirror; Ordovas shark-attack mirror; Ordovas cleaned shark-attack mirror","","",""
"pending","incident:33413e095ccf3763afbf8a6f","33413e095ccf3763afbf8a6f","2010","22-Jan-10","UNITED ARAB EMIRATES (UAE)","Dubai","Umm Suqeim Beach, Dubai","25.1695638","55.216125","unreviewed location-only geocode cache match","2010.01.22.b; 2010.01.22.b; 2010.01.22.b; 2010.01.22.b; 2010.01.22.b","AI1SAD local legacy incident file; Global Shark Attack File; N-Enzer SharkAttackAnalysis mirror; Ordovas shark-attack mirror; Ordovas cleaned shark-attack mirror","","",""
"pending","incident:f5df3f1d7d96e544ba725d75","f5df3f1d7d96e544ba725d75","2002","Reported 06-Aug-2002","UNITED KINGDOM","Cheshire","Blue Planet Aquarium, Ellesmere Port","53.2621005","-2.8870029","unreviewed location-only geocode cache match","2002.08.06.R; 2002.08.06.R; 2002.08.06.R; 2002.08.06.R; 2002.08.06.R","AI1SAD local legacy incident file; Global Shark Attack File; N-Enzer SharkAttackAnalysis mirror; Ordovas shark-attack mirror; Ordovas cleaned shark-attack mirror","","",""
"pending","incident:c29d156dd5f797000b5818a7","c29d156dd5f797000b5818a7","2001","13-Sep-01","UNITED KINGDOM","Cheshire","Blue Planet Aquarium, Ellesmere Port","53.2621005","-2.8870029","unreviewed location-only geocode cache match","2001.09.13; 2001.09.13; 2001.09.13; 2001.09.13; 2001.09.13","AI1SAD local legacy incident file; Global Shark Attack File; N-Enzer SharkAttackAnalysis mirror; Ordovas shark-attack mirror; Ordovas cleaned shark-attack mirror","","",""
"pending","incident:23b503b74364db7c3be06088","23b503b74364db7c3be06088","2011","Reported 14-Jun-2011","UNITED KINGDOM","Cornwall","St. Ives","50.2149064","-5.4795083","unreviewed location-only geocode cache match","2011.06.14.R; 2011.06.14.R; 2011.06.14.R; 2011.06.14.R; 2011.06.14.R","AI1SAD local legacy incident file; Global Shark Attack File; N-Enzer SharkAttackAnalysis mirror; Ordovas shark-attack mirror; Ordovas cleaned shark-attack mirror","","",""
"pending","incident:0f0c2fde1b19bde05c563d03","0f0c2fde1b19bde05c563d03","2017","Reported 07-Jun-2017","UNITED KINGDOM","South Devon","Bantham Beach","50.2803847","-3.882805","unreviewed location-only geocode cache match","2017.06.07.R; 2017.06.07.R; 2017.06.07.R; 2017.06.07.R; 2017.06.07.R","AI1SAD local legacy incident file; Global Shark Attack File; N-Enzer SharkAttackAnalysis mirror; Ordovas shark-attack mirror; Ordovas cleaned shark-attack mirror","","",""
"pending","incident:263db424cf5b96a98ef5de2e","263db424cf5b96a98ef5de2e","2008","Late Jul-2008","UNITED KINGDOM","Sussex","Rock-a-Nore, Hastings","50.8559008","0.5971562","unreviewed location-only geocode cache match","2008.07.00; 2008.07.00; 2008.07.00; 2008.07.00; 2008.07.00","AI1SAD local legacy incident file; Global Shark Attack File; N-Enzer SharkAttackAnalysis mirror; Ordovas shark-attack mirror; Ordovas cleaned shark-attack mirror","","",""
"pending","incident:503a2db621310acac4c557a7","503a2db621310acac4c557a7","2004","2-Jul-04","USA","Alabama","Gulf Shores Beach, Baldwin County","30.2446431","-87.7029552","unreviewed location-only geocode cache match","2004.07.02.a; 2004.07.02.a; 2004.07.02.a; 2004.07.02.a; 2004.07.02.a","AI1SAD local legacy incident file; Global Shark Attack File; N-Enzer SharkAttackAnalysis mirror; Ordovas shark-attack mirror; Ordovas cleaned shark-attack mirror","","",""
"pending","incident:c741dc3861976af4f89bd6c5","c741dc3861976af4f89bd6c5","2022","12-Apr-2022","USA","Alabama","Gulf Shores, Baldwin County","30.2711224","-87.6893826","unreviewed location-only geocode cache match","2022.04.1.2","Global Shark Attack File","","",""
"pending","incident:1e007a3843bcd4a75a69dd8f","1e007a3843bcd4a75a69dd8f","2013","19-Jul-13","USA","Alabama","Gulf Shores, Baldwin County","30.2711224","-87.6893826","unreviewed location-only geocode cache match","2013.07.19; 2013.07.19; 2013.07.19; 2013.07.19; 2013.07.19","AI1SAD local legacy incident file; Global Shark Attack File; N-Enzer SharkAttackAnalysis mirror; Ordovas shark-attack mirror; Ordovas cleaned shark-attack mirror","","",""
"pending","incident:7d7d81bfd80e85a68b0ace1e","7d7d81bfd80e85a68b0ace1e","2012","15-Aug-12","USA","Alabama","Gulf Shores, Baldwin County","30.2711224","-87.6893826","unreviewed location-only geocode cache match","2012.08.15; 2012.08.15; 2012.08.15; 2012.08.15; 2012.08.15","AI1SAD local legacy incident file; Global Shark Attack File; N-Enzer SharkAttackAnalysis mirror; Ordovas shark-attack mirror; Ordovas cleaned shark-attack mirror","","",""
"pending","incident:53770eace56cefdb5d5771fe","53770eace56cefdb5d5771fe","2011","1-Oct-11","USA","Alabama","Gulf Shores, Baldwin County","30.2711224","-87.6893826","unreviewed location-only geocode cache match","2011.10.01; 2011.10.01; 2011.10.01; 2011.10.01; 2011.10.01","AI1SAD local legacy incident file; Global Shark Attack File; N-Enzer SharkAttackAnalysis mirror; Ordovas shark-attack mirror; Ordovas cleaned shark-attack mirror","","",""
"pending","incident:ea62b3f50c440735d16e3457","ea62b3f50c440735d16e3457","2000","9-Jun-00","USA","Alabama","Gulf Shores, Baldwin County","30.2711224","-87.6893826","unreviewed location-only geocode cache match","2000.06.09.b; 2000.06.09.a; 2000.06.09.b; 2000.06.09.a; 2000.06.09.b; 2000.06.09.a; 2000.06.09.b; 2000.06.09.a; 2000.06.09.b; 2000.06.09.a","AI1SAD local legacy incident file; AI1SAD local legacy incident file; Global Shark Attack File; Global Shark Attack File; N-Enzer SharkAttackAnalysis mirror; N-Enzer SharkAttackAnalysis mirror; Ordovas shark-attack mirror; Ordovas shark-attack mirror; Ordovas cleaned shark-attack mirror; Ordovas cleaned shark-attack mirror","","",""
"pending","incident:89ca87f646efb048ce2b38a9","89ca87f646efb048ce2b38a9","2000","Reported 27-Aug-2000","USA","Alaska","Prince William Sound","60.615","-147.1680556","unreviewed location-only geocode cache match","2000.08.27.R; 2000.08.27.R; 2000.08.27.R; 2000.08.27.R; 2000.08.27.R","AI1SAD local legacy incident file; Global Shark Attack File; N-Enzer SharkAttackAnalysis mirror; Ordovas shark-attack mirror; Ordovas cleaned shark-attack mirror","","",""
"pending","incident:0219178b018ba0073c69e7eb","0219178b018ba0073c69e7eb","2020","23-Jul-2020","USA","Bahamas","Spanish Cay","26.9467489","-77.5376103","unreviewed location-only geocode cache match","2020.07.23.b","Global Shark Attack File","","",""
"pending","incident:9b68571e598f5be6124c415c","9b68571e598f5be6124c415c","2003","19-Aug-03","USA","California","Avila Beach, San Luis Obispo County","35.1799752","-120.731841","unreviewed location-only geocode cache match","2003.08.19; 2003.08.19; 2003.08.19; 2003.08.19; 2003.08.19","AI1SAD local legacy incident file; Global Shark Attack File; N-Enzer SharkAttackAnalysis mirror; Ordovas shark-attack mirror; Ordovas cleaned shark-attack mirror","","",""
"pending","incident:df297774ef42bdeab602f7e5","df297774ef42bdeab602f7e5","2007","21-Jul-07","USA","California","Bean Hollow State Beach, San Mateo County","37.2442516","-122.418424","unreviewed location-only geocode cache match","2007.07.21; 2007.07.21; 2007.07.21; 2007.07.21; 2007.07.21","AI1SAD local legacy incident file; Global Shark Attack File; N-Enzer SharkAttackAnalysis mirror; Ordovas shark-attack mirror; Ordovas cleaned shark-attack mirror","","",""
"pending","incident:bd86c18b0ab60c28fab903d7","bd86c18b0ab60c28fab903d7","2016","8-Jul-16","USA","California","Capitola, Santa Cruz County","36.9762927","-121.954057","unreviewed location-only geocode cache match","2016.07.08; 2016.07.08; 2016.07.08; 2016.07.08; 2016.07.08","AI1SAD local legacy incident file; Global Shark Attack File; N-Enzer SharkAttackAnalysis mirror; Ordovas shark-attack mirror; Ordovas cleaned shark-attack mirror","","",""
"pending","incident:sharks_happen:0680",,"2019","2019-10-05","USA","California","Catalina Island","18.3588724","-69.0081006","unreviewed location-only geocode cache match","sharks_happen:0680","Hal / Sharks Happen Stats","","",""
"pending","incident:a113b2f4280f4794f161ed0e","a113b2f4280f4794f161ed0e","2001","10-Jun-01","USA","California","Catalina Island","18.3588724","-69.0081006","unreviewed location-only geocode cache match","2001.06.10; 2001.06.10; 2001.06.10; 2001.06.10; 2001.06.10","AI1SAD local legacy incident file; Global Shark Attack File; N-Enzer SharkAttackAnalysis mirror; Ordovas shark-attack mirror; Ordovas cleaned shark-attack mirror","","",""
"pending","incident:453d87a80584e37a836d21ea","453d87a80584e37a836d21ea","2015","10-Aug-15","USA","California","Cortes Bank","14.6344486","121.0581003","unreviewed location-only geocode cache match","2015.08.10; 2015.08.10; 2015.08.10; 2015.08.10; 2015.08.10","AI1SAD local legacy incident file; Global Shark Attack File; N-Enzer SharkAttackAnalysis mirror; Ordovas shark-attack mirror; Ordovas cleaned shark-attack mirror","","",""
"pending","incident:749aa900a3cc068f4ab034c7","749aa900a3cc068f4ab034c7","2012","10-Oct-12","USA","California","Davenport Landing, Santa Cruz County","37.0243413","-122.21493","unreviewed location-only geocode cache match","2012.10.07; 2012.10.07; 2012.10.07; 2012.10.07; 2012.10.07","AI1SAD local legacy incident file; Global Shark Attack File; N-Enzer SharkAttackAnalysis mirror; Ordovas shark-attack mirror; Ordovas cleaned shark-attack mirror","","",""
"pending","incident:44ae9752d071c915c6a014c4","44ae9752d071c915c6a014c4","2009","5-Nov-09","USA","California","Davenport, Santa Cruz County","37.015423","-122.190712","unreviewed location-only geocode cache match","2009.11.05; 2009.11.05; 2009.11.05; 2009.11.05; 2009.11.05","AI1SAD local legacy incident file; Global Shark Attack File; N-Enzer SharkAttackAnalysis mirror; Ordovas shark-attack mirror; Ordovas cleaned shark-attack mirror","","",""
"pending","incident:073b7d845f9e6d7eab4a6c0b","073b7d845f9e6d7eab4a6c0b","2008","20-Dec-08","USA","California","Dillon Beach, Marin County","38.2481035","-122.9552092","unreviewed location-only geocode cache match","2008.12.20; 2008.12.20; 2008.12.20; 2008.12.20; 2008.12.20","AI1SAD local legacy incident file; Global Shark Attack File; N-Enzer SharkAttackAnalysis mirror; Ordovas shark-attack mirror; Ordovas cleaned shark-attack mirror","","",""
"pending","incident:80cb123a6b16fc9e1c716426","80cb123a6b16fc9e1c716426","2006","10-Dec-06","USA","California","Dillon Beach, Marin County","38.2481035","-122.9552092","unreviewed location-only geocode cache match","2006.12.10; 2006.12.10; 2006.12.10; 2006.12.10; 2006.12.10","AI1SAD local legacy incident file; Global Shark Attack File; N-Enzer SharkAttackAnalysis mirror; Ordovas shark-attack mirror; Ordovas cleaned shark-attack mirror","","",""
"pending","incident:1cd72baa9976cf9ba807c6d1","1cd72baa9976cf9ba807c6d1","2015","6-Sep-15","USA","California","El Pescador Beach, Los Angeles County","34.0392055","-118.8928612","unreviewed location-only geocode cache match","2015.09.06; 2015.09.06; 2015.09.06; 2015.09.06; 2015.09.06","AI1SAD local legacy incident file; Global Shark Attack File; N-Enzer SharkAttackAnalysis mirror; Ordovas shark-attack mirror; Ordovas cleaned shark-attack mirror","","",""
"pending","incident:829003ea91a132ddb6c7fc0e","829003ea91a132ddb6c7fc0e","2018","23-Oct-2018","USA","California","Farallon Islands","37.7332634","-123.0344446","unreviewed location-only geocode cache match","2018.10.23.a","Global Shark Attack File","","",""
"pending","incident:48dd7a53237bb6b661d77a15","48dd7a53237bb6b661d77a15","2014","Reported 17-Nov-2014","USA","California","Franklin Point, San Mateo County","37.1498114","-122.360111","unreviewed location-only geocode cache match","2014.11.17; 2014.11.17; 2014.11.17; 2014.11.17; 2014.11.17","AI1SAD local legacy incident file; Global Shark Attack File; N-Enzer SharkAttackAnalysis mirror; Ordovas shark-attack mirror; Ordovas cleaned shark-attack mirror","","",""
"pending","incident:5ae1997580939d1fb42b3fdc","5ae1997580939d1fb42b3fdc","2015","19-Sep-15","USA","California","Gaviota State Beach, Santa Barbara County","34.4792099","-120.2316803","unreviewed location-only geocode cache match","2015.09.19; 2015.09.19; 2015.09.19; 2015.09.19; 2015.09.19","AI1SAD local legacy incident file; Global Shark Attack File; N-Enzer SharkAttackAnalysis mirror; Ordovas shark-attack mirror; Ordovas cleaned shark-attack mirror","","",""
"pending","incident:aef82a8260b0745a2cf2317c","aef82a8260b0745a2cf2317c","2018","24-Aug-2018","USA","California","Huntington Beach, Orange County","33.6783336","-118.000016","unreviewed location-only geocode cache match","2018.08.24","Global Shark Attack File","","",""
"pending","incident:68b8a71cc348ac2813e7a893","68b8a71cc348ac2813e7a893","2015","10-Jul-15","USA","California","Huntington Beach, Orange County","33.6783336","-118.000016","unreviewed location-only geocode cache match","2015.07-10; 2015.07.10; 2015.07-10; 2015.07-10; 2015.07-10","AI1SAD local legacy incident file; Global Shark Attack File; N-Enzer SharkAttackAnalysis mirror; Ordovas shark-attack mirror; Ordovas cleaned shark-attack mirror","","",""
"pending","incident:a83cb20d32286258d593c1df","a83cb20d32286258d593c1df","2009","30-Aug-09","USA","California","Huntington Beach, Orange County","33.6783336","-118.000016","unreviewed location-only geocode cache match","2009.08.30; 2009.08.30; 2009.08.30; 2009.08.30; 2009.08.30","AI1SAD local legacy incident file; Global Shark Attack File; N-Enzer SharkAttackAnalysis mirror; Ordovas shark-attack mirror; Ordovas cleaned shark-attack mirror","","",""
"pending","incident:7411b302c392398c135eeecc","7411b302c392398c135eeecc","2008","7-Mar-08","USA","California","Huntington Beach, Orange County","33.6783336","-118.000016","unreviewed location-only geocode cache match","2008.03.07; 2008.03.07; 2008.03.07; 2008.03.07; 2008.03.07","AI1SAD local legacy incident file; Global Shark Attack File; N-Enzer SharkAttackAnalysis mirror; Ordovas shark-attack mirror; Ordovas cleaned shark-attack mirror","","",""
"pending","incident:14ed5025a1f5d60b40e9f053","14ed5025a1f5d60b40e9f053","2007","28-Jul-07","USA","California","Imperial Beach, San Diego County","32.56292","-117.1168645","unreviewed location-only geocode cache match","2007.07.28; 2007.07.28; 2007.07.28; 2007.07.28; 2007.07.28","AI1SAD local legacy incident file; Global Shark Attack File; N-Enzer SharkAttackAnalysis mirror; Ordovas shark-attack mirror; Ordovas cleaned shark-attack mirror","","",""
"pending","incident:6423dffd191756d30e1f8f56","6423dffd191756d30e1f8f56","2004","15-Aug-04","USA","California","Kibesillah, Mendocino County","39.5901611","-123.7777947","unreviewed location-only geocode cache match","2004.08.15; 2004.08.15; 2004.08.15; 2004.08.15; 2004.08.15","AI1SAD local legacy incident file; Global Shark Attack File; N-Enzer SharkAttackAnalysis mirror; Ordovas shark-attack mirror; Ordovas cleaned shark-attack mirror","","",""
"pending","incident:925cb608bd255bf3acc46eb1","925cb608bd255bf3acc46eb1","2015","23-Jul-15","USA","California","La Jolla, San Diego County","32.8458529","-117.2575702","unreviewed location-only geocode cache match","2015.07.23.b; 2015.07.23.b; 2015.07.23.b; 2015.07.23.b; 2015.07.23.b","AI1SAD local legacy incident file; Global Shark Attack File; N-Enzer SharkAttackAnalysis mirror; Ordovas shark-attack mirror; Ordovas cleaned shark-attack mirror","","",""
"pending","incident:5fd5a20bf73944689dc4078c","5fd5a20bf73944689dc4078c","2011","6-Jun-11","USA","California","La Jolla, San Diego County","32.8458529","-117.2575702","unreviewed location-only geocode cache match","2011.06.06.b; 2011.06.06.b; 2011.06.06.b; 2011.06.06.b; 2011.06.06.b","AI1SAD local legacy incident file; Global Shark Attack File; N-Enzer SharkAttackAnalysis mirror; Ordovas shark-attack mirror; Ordovas cleaned shark-attack mirror","","",""
"pending","incident:ff5ed820218dcec01247af3b","ff5ed820218dcec01247af3b","2014","19-Oct-14","USA","California","Leadbetter Beach, Santa Barbara County","34.4009409","-119.7006062","unreviewed location-only geocode cache match","2014.10.19; 2014.10.19; 2014.10.19; 2014.10.19; 2014.10.19","AI1SAD local legacy incident file; Global Shark Attack File; N-Enzer SharkAttackAnalysis mirror; Ordovas shark-attack mirror; Ordovas cleaned shark-attack mirror","","",""
"pending","incident:e75e5334f46d60282c947cbc","e75e5334f46d60282c947cbc","2009","16-Nov-09","USA","California","Loch Lomond, Marin County","37.9723854","-122.4822441","unreviewed location-only geocode cache match","2009.11.16.b; 2009.11.16.b; 2009.11.16.b; 2009.11.16.b; 2009.11.16.b","AI1SAD local legacy incident file; Global Shark Attack File; N-Enzer SharkAttackAnalysis mirror; Ordovas shark-attack mirror; Ordovas cleaned shark-attack mirror","","",""
"pending","incident:e852b495903f0f3237558552","e852b495903f0f3237558552","2007","22-Jul-07","USA","California","Malibu, Los Angeles County","34.035591","-118.689423","unreviewed location-only geocode cache match","2007.07.22; 2007.07.22; 2007.07.22; 2007.07.22; 2007.07.22","AI1SAD local legacy incident file; Global Shark Attack File; N-Enzer SharkAttackAnalysis mirror; Ordovas shark-attack mirror; Ordovas cleaned shark-attack mirror","","",""
"pending","incident:b7b8358fe6841a67e3745e73","b7b8358fe6841a67e3745e73","2014","5-Jul-14","USA","California","Manhattan Beach, Los Angeles County","33.8897798","-118.3935254","unreviewed location-only geocode cache match","2014.07.05.b; 2014.07.05.b; 2014.07.05.b; 2014.07.05.b; 2014.07.05.b","AI1SAD local legacy incident file; Global Shark Attack File; N-Enzer SharkAttackAnalysis mirror; Ordovas shark-attack mirror; Ordovas cleaned shark-attack mirror","","",""
"pending","incident:cd032a05a37b8c50561405b5","cd032a05a37b8c50561405b5","2011","29-Oct-2011","USA","California","Marina State Beach, Monterey County","36.6987342","-121.8091734","unreviewed location-only geocode cache match","2011.10.29.; 2011.10.29.; 2011.10.29.; 2011.10.29.; 2011.10.29.","AI1SAD local legacy incident file; Global Shark Attack File; N-Enzer SharkAttackAnalysis mirror; Ordovas shark-attack mirror; Ordovas cleaned shark-attack mirror","","",""
"pending","incident:9810fc06c5d877d30a1480cc","9810fc06c5d877d30a1480cc","2007","28-Aug-07","USA","California","Marina State Beach, Monterey County","36.6987342","-121.8091734","unreviewed location-only geocode cache match","2007.08.28.a; 2007.08.28.a; 2007.08.28.a; 2007.08.28.a; 2007.08.28.a","AI1SAD local legacy incident file; Global Shark Attack File; N-Enzer SharkAttackAnalysis mirror; Ordovas shark-attack mirror; Ordovas cleaned shark-attack mirror","","",""
"pending","incident:60902857e700151bd87c6d5d","60902857e700151bd87c6d5d","2017","18-Mar-17","USA","California","Monterey Bay","36.7999557","-121.9010668","unreviewed location-only geocode cache match","2017.03.18; 2017.03.18; 2017.03.18; 2017.03.18; 2017.03.18","AI1SAD local legacy incident file; Global Shark Attack File; N-Enzer SharkAttackAnalysis mirror; Ordovas shark-attack mirror; Ordovas cleaned shark-attack mirror","","",""
"pending","incident:1185d19b0f7db45b9bb98452","1185d19b0f7db45b9bb98452","2006","17-Jun-06","USA","California","Monterey, Monterey County","36.600256","-121.8946388","unreviewed location-only geocode cache match","2006.06.17; 2006.06.17; 2006.06.17; 2006.06.17; 2006.06.17","AI1SAD local legacy incident file; Global Shark Attack File; N-Enzer SharkAttackAnalysis mirror; Ordovas shark-attack mirror; Ordovas cleaned shark-attack mirror","","",""
"pending","incident:93f077954a884936f2d85252","93f077954a884936f2d85252","2007","27-Sep-07","USA","California","Moonstone Beach, Humboldt County","41.029838","-124.1110969","unreviewed location-only geocode cache match","2007.09.27.b; 2007.09.27.b; 2007.09.27.b; 2007.09.27.b; 2007.09.27.b","AI1SAD local legacy incident file; Global Shark Attack File; N-Enzer SharkAttackAnalysis mirror; Ordovas shark-attack mirror; Ordovas cleaned shark-attack mirror","","",""
"pending","incident:1b4e159630621478ac1b62ef","1b4e159630621478ac1b62ef","2002","21-Sep-02","USA","California","Moonstone Beach, Humboldt County","41.029838","-124.1110969","unreviewed location-only geocode cache match","2002.09.21.a; 2002.09.21.a; 2002.09.21.a; 2002.09.21.a; 2002.09.21.a","AI1SAD local legacy incident file; Global Shark Attack File; N-Enzer SharkAttackAnalysis mirror; Ordovas shark-attack mirror; Ordovas cleaned shark-attack mirror","","",""
"pending","incident:b2aaf7d1b1fa5f3ae2861819","b2aaf7d1b1fa5f3ae2861819","2015","29-Aug-15","USA","California","Morro Bay, San Luis Obispo County","35.3658075","-120.849901","unreviewed location-only geocode cache match","2015.08.29.a; 2015.08.29.a; 2015.08.29.a; 2015.08.29.a; 2015.08.29.a","AI1SAD local legacy incident file; Global Shark Attack File; N-Enzer SharkAttackAnalysis mirror; Ordovas shark-attack mirror; Ordovas cleaned shark-attack mirror","","",""
"pending","incident:eeda00b8529eb8abc6c71eda","eeda00b8529eb8abc6c71eda","2015","29-Aug-15","USA","California","Morro Strand State Beach, San Luis Obispo County","35.3926611","-120.8650327","unreviewed location-only geocode cache match","2015.08.29.b; 2015.08.29.b; 2015.08.29.b; 2015.08.29.b; 2015.08.29.b","AI1SAD local legacy incident file; Global Shark Attack File; N-Enzer SharkAttackAnalysis mirror; Ordovas shark-attack mirror; Ordovas cleaned shark-attack mirror","","",""
"pending","incident:dad85ed53084a1531a012189","dad85ed53084a1531a012189","2019","07-May-2019","USA","California","North Salmon Creek Beach, Sonoma County","38.3570517","-123.0678777","unreviewed location-only geocode cache match","2019.05.07","Global Shark Attack File","","",""
"pending","incident:96b3746fc46ef9af764f18d7","96b3746fc46ef9af764f18d7","2018","25-Jun-18","USA","California","Oceanside, San Diego County","33.1958696","-117.379483","unreviewed location-only geocode cache match","2018.06.25; 2018.06.25; 2018.06.25; 2018.06.25; 2018.06.25","AI1SAD local legacy incident file; Global Shark Attack File; N-Enzer SharkAttackAnalysis mirror; Ordovas shark-attack mirror; Ordovas cleaned shark-attack mirror","","",""
"pending","incident:ce45a36ea029605af2eca1fd","ce45a36ea029605af2eca1fd","2015","13-Jun-15","USA","California","Off San Diego","32.8627996","-116.7037807","unreviewed location-only geocode cache match","2015.06.13; 2015.06.13; 2015.06.13; 2015.06.13; 2015.06.13","AI1SAD local legacy incident file; Global Shark Attack File; N-Enzer SharkAttackAnalysis mirror; Ordovas shark-attack mirror; Ordovas cleaned shark-attack mirror","","",""
"pending","incident:bfc2a0fbc16e72c9d1edbe49","bfc2a0fbc16e72c9d1edbe49","2022","22-Jun-2022","USA","California","Pacific Grove, Monterey County","36.6211149","-121.917794","unreviewed location-only geocode cache match","2022.06.22","Global Shark Attack File","","",""
"pending","incident:dea11a150f7d0e82762eac73","dea11a150f7d0e82762eac73","2011","22-Nov-11","USA","California","Pigeon Point","37.0532901","-121.4938309","unreviewed location-only geocode cache match","2011.11.22; 2011.11.22; 2011.11.22; 2011.11.22; 2011.11.22; sharks_happen:0494","AI1SAD local legacy incident file; Global Shark Attack File; N-Enzer SharkAttackAnalysis mirror; Ordovas shark-attack mirror; Ordovas cleaned shark-attack mirror; Hal / Sharks Happen Stats","","",""
"pending","incident:4c1b2dd396fa5751b4116bdd","4c1b2dd396fa5751b4116bdd","2010","14-Aug-10","USA","California","Pigeon Point, San Mateo County","37.1815562","-122.3945402","unreviewed location-only geocode cache match","2010.08.14; 2010.08.14; 2010.08.14; 2010.08.14; 2010.08.14","AI1SAD local legacy incident file; Global Shark Attack File; N-Enzer SharkAttackAnalysis mirror; Ordovas shark-attack mirror; Ordovas cleaned shark-attack mirror","","",""
"pending","incident:306d821850f91c696cb5ab21","306d821850f91c696cb5ab21","2010","2-Jul-10","USA","California","Pismo Beach, San Luis Obispo County","35.1427436","-120.641288","unreviewed location-only geocode cache match","2010.07.02.b; 2010.07.02.b; 2010.07.02.b; 2010.07.02.b; 2010.07.02.b","AI1SAD local legacy incident file; Global Shark Attack File; N-Enzer SharkAttackAnalysis mirror; Ordovas shark-attack mirror; Ordovas cleaned shark-attack mirror","","",""
"pending","incident:2ca68c0882b6edbe896bcc38","2ca68c0882b6edbe896bcc38","2004","2-Oct-04","USA","California","Pismo Beach, San Luis Obispo County","35.1427436","-120.641288","unreviewed location-only geocode cache match","2004.10.02; 2004.10.02; 2004.10.02; 2004.10.02; 2004.10.02","AI1SAD local legacy incident file; Global Shark Attack File; N-Enzer SharkAttackAnalysis mirror; Ordovas shark-attack mirror; Ordovas cleaned shark-attack mirror","","",""
"pending","incident:e6de4b62f656ff6bf05ace7a","e6de4b62f656ff6bf05ace7a","2020","27-Mar-2020","USA","California","Pleasure Point, Santa Cruz County","36.96569","-121.9649818","unreviewed location-only geocode cache match","2020.03.27","Global Shark Attack File","","",""
"pending","incident:00da3a006369f977a60eee14","00da3a006369f977a60eee14","2012","7-Jul-12","USA","California","Pleasure Point, Santa Cruz County","36.96569","-121.9649818","unreviewed location-only geocode cache match","2012.07.07.a; 2012.07.07.a; 2012.07.07.a; 2012.07.07.a; 2012.07.07.a","AI1SAD local legacy incident file; Global Shark Attack File; N-Enzer SharkAttackAnalysis mirror; Ordovas shark-attack mirror; Ordovas cleaned shark-attack mirror","","",""
"pending","incident:9f105fa7dc5ab2ab8436d51f","9f105fa7dc5ab2ab8436d51f","2016","1-Sep-16","USA","California","Refugio State Beach, Santa Barbara County","34.4624286","-120.0479924","unreviewed location-only geocode cache match","2016.09.01; 2016.09.01; 2016.09.01; 2016.09.01; 2016.09.01","AI1SAD local legacy incident file; Global Shark Attack File; N-Enzer SharkAttackAnalysis mirror; Ordovas shark-attack mirror; Ordovas cleaned shark-attack mirror","","",""
"pending","incident:4973a00383611291ec164497","4973a00383611291ec164497","2005","19-Oct-05","USA","California","Salmon Beach, Sonoma County","38.3387284","-123.0681497","unreviewed location-only geocode cache match","2005.10.19; 2005.10.19; 2005.10.19; 2005.10.19; 2005.10.19","AI1SAD local legacy incident file; Global Shark Attack File; N-Enzer SharkAttackAnalysis mirror; Ordovas shark-attack mirror; Ordovas cleaned shark-attack mirror","","",""
"pending","incident:ecf36a60dbf064f6987064cb","ecf36a60dbf064f6987064cb","2021","03-Oct-2021","USA","California","Salmon Creek Beach, Sonoma County","38.3387284","-123.0681497","unreviewed location-only geocode cache match","2021.10.03.a","Global Shark Attack File","","",""
"pending","incident:8b6e30676d23a74a4eddd707","8b6e30676d23a74a4eddd707","2004","28-May-04","USA","California","Salmon Creek, Sonoma County","38.350472","-123.0622242","unreviewed location-only geocode cache match","2004.05.28; 2004.05.28; 2004.05.28; 2004.05.28; 2004.05.28","AI1SAD local legacy incident file; Global Shark Attack File; N-Enzer SharkAttackAnalysis mirror; Ordovas shark-attack mirror; Ordovas cleaned shark-attack mirror","","",""
"pending","incident:46343c829ba35c6e316ece92","46343c829ba35c6e316ece92","2002","28-Nov-02","USA","California","Salmon Creek, Sonoma County","38.350472","-123.0622242","unreviewed location-only geocode cache match","2002.11.28.a; 2002.11.28.a; 2002.11.28.a; 2002.11.28.a; 2002.11.28.a","AI1SAD local legacy incident file; Global Shark Attack File; N-Enzer SharkAttackAnalysis mirror; Ordovas shark-attack mirror; Ordovas cleaned shark-attack mirror","","",""
"pending","incident:a329d88db6e4d1b76295f9be","a329d88db6e4d1b76295f9be","2009","6-Apr-09","USA","California","San Diego County","32.9637838","-116.7706277","unreviewed location-only geocode cache match","2009.04.06.a; 2009.04.06.a; 2009.04.06.a; 2009.04.06.a; 2009.04.06.a","AI1SAD local legacy incident file; Global Shark Attack File; N-Enzer SharkAttackAnalysis mirror; Ordovas shark-attack mirror; Ordovas cleaned shark-attack mirror","","",""
"pending","incident:7fd22417446cf8fa9be5101c","7fd22417446cf8fa9be5101c","2011","24-Jun-11","USA","California","San Onofre State Beach, San Diego County","33.3488871","-117.5249148","unreviewed location-only geocode cache match","2011.06.24; 2011.06.24; 2011.06.24; 2011.06.24; 2011.06.24","AI1SAD local legacy incident file; Global Shark Attack File; N-Enzer SharkAttackAnalysis mirror; Ordovas shark-attack mirror; Ordovas cleaned shark-attack mirror","","",""
"pending","incident:19c43a3bf166abded781ca00","19c43a3bf166abded781ca00","2009","9-Oct-09","USA","California","San Onofre State Beach, San Diego County","33.3488871","-117.5249148","unreviewed location-only geocode cache match","2009.10.09; 2009.10.09; 2009.10.09; 2009.10.09; 2009.10.09","AI1SAD local legacy incident file; Global Shark Attack File; N-Enzer SharkAttackAnalysis mirror; Ordovas shark-attack mirror; Ordovas cleaned shark-attack mirror","","",""
"pending","incident:c6ea363c14d82e866826880f","c6ea363c14d82e866826880f","2009","Reported 25-Apr-2009","USA","California","San Onofre State Beach, San Diego County","33.3488871","-117.5249148","unreviewed location-only geocode cache match","2009.04.25.R; 2009.04.25.R; 2009.04.25.R; 2009.04.25.R; 2009.04.25.R","AI1SAD local legacy incident file; Global Shark Attack File; N-Enzer SharkAttackAnalysis mirror; Ordovas shark-attack mirror; Ordovas cleaned shark-attack mirror","","",""
"pending","incident:7e21d7bacc1fd7eb48729c7b","7e21d7bacc1fd7eb48729c7b","2004","26-Jun-04","USA","California","San Onofre State Beach, San Diego County","33.3488871","-117.5249148","unreviewed location-only geocode cache match","2004.06.26.b; 2004.06.26.b; 2004.06.26.b; 2004.06.26.b; 2004.06.26.b","AI1SAD local legacy incident file; Global Shark Attack File; N-Enzer SharkAttackAnalysis mirror; Ordovas shark-attack mirror; Ordovas cleaned shark-attack mirror","","",""
"pending","incident:f68e5e1c97dae8109d31f2c0","f68e5e1c97dae8109d31f2c0","2019","06-Nov-2019","USA","California","San Onofre, San Diego County","33.3803575","-117.5736037","unreviewed location-only geocode cache match","2019.11.06","Global Shark Attack File","","",""
"pending","incident:32b632e8281099750b9cf182","32b632e8281099750b9cf182","2017","29-Apr-17","USA","California","San Onofre, San Diego County","33.3803575","-117.5736037","unreviewed location-only geocode cache match","2017.04.29.d; 2017.04.29.d; 2017.04.29.d; 2017.04.29.d; 2017.04.29.d","AI1SAD local legacy incident file; Global Shark Attack File; N-Enzer SharkAttackAnalysis mirror; Ordovas shark-attack mirror; Ordovas cleaned shark-attack mirror","","",""
"pending","incident:320c80844c882666ea136f22","320c80844c882666ea136f22","2009","24-Oct-09","USA","California","San Onofre, San Diego County","33.3803575","-117.5736037","unreviewed location-only geocode cache match","2009.10.24; 2009.10.24; 2009.10.24; 2009.10.24; 2009.10.24","AI1SAD local legacy incident file; Global Shark Attack File; N-Enzer SharkAttackAnalysis mirror; Ordovas shark-attack mirror; Ordovas cleaned shark-attack mirror","","",""
"pending","incident:debcefe37474e28ab4ee6997","debcefe37474e28ab4ee6997","2009","11-Jul-09","USA","California","San Onofre, San Diego County","33.3803575","-117.5736037","unreviewed location-only geocode cache match","2009.07.11.a; 2009.07.11.a; 2009.07.11.a; 2009.07.11.a; 2009.07.11.a","AI1SAD local legacy incident file; Global Shark Attack File; N-Enzer SharkAttackAnalysis mirror; Ordovas shark-attack mirror; Ordovas cleaned shark-attack mirror","","",""
"pending","incident:f559b0bcfbcfb856d6e2bbb7","f559b0bcfbcfb856d6e2bbb7","2015","18-Aug-15","USA","California","Santa Barbara County","34.7136533","-119.985823","unreviewed location-only geocode cache match","2015.08.18.b; 2015.08.18.b; 2015.08.18.b; 2015.08.18.b; 2015.08.18.b","AI1SAD local legacy incident file; Global Shark Attack File; N-Enzer SharkAttackAnalysis mirror; Ordovas shark-attack mirror; Ordovas cleaned shark-attack mirror","","",""
"pending","incident:e9fc3aa03abd20188ffecb19","e9fc3aa03abd20188ffecb19","2014","3-Oct-14","USA","California","Santa Barbara County","34.7136533","-119.985823","unreviewed location-only geocode cache match","2014.10.03.b; 2014.10.03.a; 2014.10.03.b; 2014.10.03.a; 2014.10.03.b; 2014.10.03.a; 2014.10.03.b; 2014.10.03.a; 2014.10.03.b; 2014.10.03.a","AI1SAD local legacy incident file; AI1SAD local legacy incident file; Global Shark Attack File; Global Shark Attack File; N-Enzer SharkAttackAnalysis mirror; N-Enzer SharkAttackAnalysis mirror; Ordovas shark-attack mirror; Ordovas shark-attack mirror; Ordovas cleaned shark-attack mirror; Ordovas cleaned shark-attack mirror","","",""
"pending","incident:b42d37a6c5d981e112d48a88","b42d37a6c5d981e112d48a88","2017","11-Jul-17","USA","California","Santa Cruz, Santa Cruz County","36.9743626","-122.0294673","unreviewed location-only geocode cache match","2017.07.11; 2017.07.11; 2017.07.11; 2017.07.11; 2017.07.11","AI1SAD local legacy incident file; Global Shark Attack File; N-Enzer SharkAttackAnalysis mirror; Ordovas shark-attack mirror; Ordovas cleaned shark-attack mirror","","",""
"pending","incident:9f3d59d58212317b1a75fd36","9f3d59d58212317b1a75fd36","2006","18-Jan-06","USA","California","Santa Cruz, Santa Cruz County","36.9743626","-122.0294673","unreviewed location-only geocode cache match","2006.01.18; 2006.01.18; 2006.01.18; 2006.01.18; 2006.01.18","AI1SAD local legacy incident file; Global Shark Attack File; N-Enzer SharkAttackAnalysis mirror; Ordovas shark-attack mirror; Ordovas cleaned shark-attack mirror","","",""
"pending","incident:632fdff16295aaaf8ad56d4c","632fdff16295aaaf8ad56d4c","2007","30-Sep-07","USA","California","Santa Monica, Los Angeles County","34.0194704","-118.491227","unreviewed location-only geocode cache match","2007.09.30.c; 2007.09.30.c; 2007.09.30.c; 2007.09.30.c; 2007.09.30.c","AI1SAD local legacy incident file; Global Shark Attack File; N-Enzer SharkAttackAnalysis mirror; Ordovas shark-attack mirror; Ordovas cleaned shark-attack mirror","","",""
"pending","incident:0f7f5ba2d67e9d06db7550e7","0f7f5ba2d67e9d06db7550e7","2020","28-Aug-2020","USA","California","Shelter Cove, Humboldt County","40.0304212","-124.0730866","unreviewed location-only geocode cache match","2020.08.28","Global Shark Attack File","","",""
"pending","incident:49bafd44b6723a9364c69871","49bafd44b6723a9364c69871","2008","25-Apr-08","USA","California","Solana Beach, San Diego County","32.9919141","-117.2678124","unreviewed location-only geocode cache match","2008.04.25; 2008.04.25; 2008.04.25; 2008.04.25; 2008.04.25","AI1SAD local legacy incident file; Global Shark Attack File; N-Enzer SharkAttackAnalysis mirror; Ordovas shark-attack mirror; Ordovas cleaned shark-attack mirror","","",""
"pending","incident:46e156be32e2885c087843e1","46e156be32e2885c087843e1","2017","20-Jul-17","USA","California","Stearns Wharf, Santa Barbara","34.4099523","-119.6857887","unreviewed location-only geocode cache match","2017.07.20.b; 2017.07.20.b; 2017.07.20.b; 2017.07.20.b; 2017.07.20.b","AI1SAD local legacy incident file; Global Shark Attack File; N-Enzer SharkAttackAnalysis mirror; Ordovas shark-attack mirror; Ordovas cleaned shark-attack mirror","","",""
"pending","incident:13c3b90cec774a19d2d9c7d6","13c3b90cec774a19d2d9c7d6","2017","24-Nov-17","USA","California","Stillwater Cove, Monterey County","36.5648881","-121.9416932","unreviewed location-only geocode cache match","2017.11.24; 2017.11.24; 2017.11.24; 2017.11.24; 2017.11.24","AI1SAD local legacy incident file; Global Shark Attack File; N-Enzer SharkAttackAnalysis mirror; Ordovas shark-attack mirror; Ordovas cleaned shark-attack mirror","","",""
"pending","incident:1127e3a4e3a02c7518bdc45c","1127e3a4e3a02c7518bdc45c","2002","31-May-02","USA","California","Stinson Beach, Marin County","37.8999035","-122.6423127","unreviewed location-only geocode cache match","2002.05.31.b; 2002.05.31.b; 2002.05.31.b; 2002.05.31.b; 2002.05.31.b","AI1SAD local legacy incident file; Global Shark Attack File; N-Enzer SharkAttackAnalysis mirror; Ordovas shark-attack mirror; Ordovas cleaned shark-attack mirror","","",""
"pending","incident:149a7aeab83dc1805cfcc977","149a7aeab83dc1805cfcc977","2001","9-Jan-01","USA","California","Sunset Cliffs, San Diego","32.7305","-117.2532","unreviewed location-only geocode cache match","2001.01.09; 2001.01.09; 2001.01.09; 2001.01.09; 2001.01.09","AI1SAD local legacy incident file; Global Shark Attack File; N-Enzer SharkAttackAnalysis mirror; Ordovas shark-attack mirror; Ordovas cleaned shark-attack mirror","","",""
"pending","incident:b22af16c6b05934202f61b8f","b22af16c6b05934202f61b8f","2016","15-Jul-16","USA","California","Surfside, Orange County","33.7277995","-118.0823511","unreviewed location-only geocode cache match","2016.07.15.b; 2016.07.15.b; 2016.07.15.b; 2016.07.15.b; 2016.07.15.b","AI1SAD local legacy incident file; Global Shark Attack File; N-Enzer SharkAttackAnalysis mirror; Ordovas shark-attack mirror; Ordovas cleaned shark-attack mirror","","",""
"pending","incident:3846a39d7bec35d3dff83386","3846a39d7bec35d3dff83386","2012","31-Jul-12","USA","California","Topanga Beach, Los Angeles County","34.0388205","-118.5816256","unreviewed location-only geocode cache match","2012.07.31.b; 2012.07.31.b; 2012.07.31.b; 2012.07.31.b; 2012.07.31.b","AI1SAD local legacy incident file; Global Shark Attack File; N-Enzer SharkAttackAnalysis mirror; Ordovas shark-attack mirror; Ordovas cleaned shark-attack mirror","","",""
"pending","incident:6820f9247a8009057ff2cb7d","6820f9247a8009057ff2cb7d","2007","30-Jun-07","USA","California","Will Rogers State Beach, Los Angeles County","34.0333112","-118.5319547","unreviewed location-only geocode cache match","2007.06.30.a; 2007.06.30.a; 2007.06.30.a; 2007.06.30.a; 2007.06.30.a","AI1SAD local legacy incident file; Global Shark Attack File; N-Enzer SharkAttackAnalysis mirror; Ordovas shark-attack mirror; Ordovas cleaned shark-attack mirror","","",""
"pending","incident:5c6927a001b16ef202ba05d1","5c6927a001b16ef202ba05d1","2014","9-Jun-14","USA","Delaware","Cape Henlopen State Park, Sussex County","38.7709277","-75.1033257","unreviewed location-only geocode cache match","2014.06.09.b; 2014.06.09.b; 2014.06.09.b; 2014.06.09.b; 2014.06.09.b","AI1SAD local legacy incident file; Global Shark Attack File; N-Enzer SharkAttackAnalysis mirror; Ordovas shark-attack mirror; Ordovas cleaned shark-attack mirror","","",""
"pending","incident:08bf9194b4b494e3b9e00cf0","08bf9194b4b494e3b9e00cf0","2007","20-Aug-07","USA","Delaware","Indian River Inlet, Rehoboth Beach","38.6099251","-75.0681777","unreviewed location-only geocode cache match","2007.08.20; 2007.08.20; 2007.08.20; 2007.08.20; 2007.08.20","AI1SAD local legacy incident file; Global Shark Attack File; N-Enzer SharkAttackAnalysis mirror; Ordovas shark-attack mirror; Ordovas cleaned shark-attack mirror","","",""
"pending","incident:bfce70b36ff91abf5951dd67","bfce70b36ff91abf5951dd67","2024","2024-07-04 00:00:00","USA","Floria","New Smyrna Beach","29.0258132","-80.9271271","unreviewed location-only geocode cache match","","Global Shark Attack File","","",""
"pending","incident:50c33bf08f3956bdeebdb5b6","50c33bf08f3956bdeebdb5b6","2019","12-Jul-2019","USA","Florida","Amelia Island, Nassau County","30.6077379","-81.4600909","unreviewed location-only geocode cache match","2019.07.12","Global Shark Attack File","","",""
"pending","incident:580c8c37bfd7d74ea215ca1e","580c8c37bfd7d74ea215ca1e","2001","15-Jul-01","USA","Florida","Amelia Island, Nassau County","30.6077379","-81.4600909","unreviewed location-only geocode cache match","2001.07.15.a; 2001.07.15.a; 2001.07.15.a; 2001.07.15.a; 2001.07.15.a","AI1SAD local legacy incident file; Global Shark Attack File; N-Enzer SharkAttackAnalysis mirror; Ordovas shark-attack mirror; Ordovas cleaned shark-attack mirror","","",""
"pending","incident:5343c66df75392499772f2f0","5343c66df75392499772f2f0","2014","Reported 25-Aug-2014","USA","Florida","Apalachicola Bay","29.6729916","-84.9618537","unreviewed location-only geocode cache match","2014.08.25; 2014.08.25; 2014.08.25; 2014.08.25; 2014.08.25","AI1SAD local legacy incident file; Global Shark Attack File; N-Enzer SharkAttackAnalysis mirror; Ordovas shark-attack mirror; Ordovas cleaned shark-attack mirror","","",""
"pending","incident:0c34cdc3b14776cd7292e7ed","0c34cdc3b14776cd7292e7ed","2002","22-May-02","USA","Florida","Atlantic Avenue, Palm Beach County","26.7234964","-80.0384493","unreviewed location-only geocode cache match","2002.05.22.a; 2002.05.22.a; 2002.05.22.a; 2002.05.22.a; 2002.05.22.a","AI1SAD local legacy incident file; Global Shark Attack File; N-Enzer SharkAttackAnalysis mirror; Ordovas shark-attack mirror; Ordovas cleaned shark-attack mirror","","",""
"pending","incident:842112069d771a50301bc98c","842112069d771a50301bc98c","2013","15-Jun-13","USA","Florida","Atlantic Beach, Duval County","30.3344077","-81.398696","unreviewed location-only geocode cache match","2013.06.15; 2013.06.15; 2013.06.15; 2013.06.15; 2013.06.15","AI1SAD local legacy incident file; Global Shark Attack File; N-Enzer SharkAttackAnalysis mirror; Ordovas shark-attack mirror; Ordovas cleaned shark-attack mirror","","",""
"pending","incident:776fd7b2db203fc0719d4b33","776fd7b2db203fc0719d4b33","2017","27-Aug-17","USA","Florida","Bathtub Beach","27.1858831","-80.1607163","unreviewed location-only geocode cache match","2017.08.27; 2017.08.27; 2017.08.27; 2017.08.27; 2017.08.27","AI1SAD local legacy incident file; Global Shark Attack File; N-Enzer SharkAttackAnalysis mirror; Ordovas shark-attack mirror; Ordovas cleaned shark-attack mirror","","",""
"pending","incident:46d178283e8d8fcc81694a34","46d178283e8d8fcc81694a34","2008","28-Sep-08","USA","Florida","Bethune Beach","28.9491539","-80.83783","unreviewed location-only geocode cache match","2008.09.28.a; 2008.09.28.a; 2008.09.28.a; 2008.09.28.a; 2008.09.28.a","AI1SAD local legacy incident file; Global Shark Attack File; N-Enzer SharkAttackAnalysis mirror; Ordovas shark-attack mirror; Ordovas cleaned shark-attack mirror","","",""
"pending","incident:3943de67d708df6391478460","3943de67d708df6391478460","2021","18-Jun-2021","USA","Florida","Bethune Beach, Volusia County","28.9491539","-80.83783","unreviewed location-only geocode cache match","2021.06.18","Global Shark Attack File","","",""
"pending","incident:771099be0ed00bb6d882ff01","771099be0ed00bb6d882ff01","2018","11-Oct-2018","USA","Florida","Bethune Beach, Volusia County","28.9491539","-80.83783","unreviewed location-only geocode cache match","2018.10.11","Global Shark Attack File","","",""
"pending","incident:a6e0f509caf063888b6fac22","a6e0f509caf063888b6fac22","2012","2-Jun-12","USA","Florida","Bethune Beach, Volusia County","28.9491539","-80.83783","unreviewed location-only geocode cache match","2012.06.02.b; 2012.06.02.b; 2012.06.02.b; 2012.06.02.b; 2012.06.02.b","AI1SAD local legacy incident file; Global Shark Attack File; N-Enzer SharkAttackAnalysis mirror; Ordovas shark-attack mirror; Ordovas cleaned shark-attack mirror","","",""
"pending","incident:fdd3589191c66a7f0e4d2332","fdd3589191c66a7f0e4d2332","2000","22-Jul-00","USA","Florida","Big Pine Key, Monroe County","24.6698652","-81.353969","unreviewed location-only geocode cache match","2000.07.22; 2000.07.22; 2000.07.22; 2000.07.22; 2000.07.22","AI1SAD local legacy incident file; Global Shark Attack File; N-Enzer SharkAttackAnalysis mirror; Ordovas shark-attack mirror; Ordovas cleaned shark-attack mirror","","",""
"pending","incident:3b414c151d0a842f10335d0d","3b414c151d0a842f10335d0d","2015","18-Sep-15","USA","Florida","Big Talbot Island, Duval County","30.4835724","-81.4400884","unreviewed location-only geocode cache match","2015.09.18; 2015.09.18; 2015.09.18; 2015.09.18; 2015.09.18","AI1SAD local legacy incident file; Global Shark Attack File; N-Enzer SharkAttackAnalysis mirror; Ordovas shark-attack mirror; Ordovas cleaned shark-attack mirror","","",""
"pending","incident:338194201218708ad6cdb10d","338194201218708ad6cdb10d","2009","4-Jul-09","USA","Florida","Biscayne National Park, Miami","25.5031224","-80.2348496","unreviewed location-only geocode cache match","2009.07.04; 2009.07.04; 2009.07.04; 2009.07.04; 2009.07.04","AI1SAD local legacy incident file; Global Shark Attack File; N-Enzer SharkAttackAnalysis mirror; Ordovas shark-attack mirror; Ordovas cleaned shark-attack mirror","","",""
"pending","incident:375331b30de3849d6fd1d9c5","375331b30de3849d6fd1d9c5","2005","1-Jul-05","USA","Florida","Boca Grande, Lee County","26.7489586","-82.262039","unreviewed location-only geocode cache match","2005.07.01; 2005.07.01; 2005.07.01; 2005.07.01; 2005.07.01","AI1SAD local legacy incident file; Global Shark Attack File; N-Enzer SharkAttackAnalysis mirror; Ordovas shark-attack mirror; Ordovas cleaned shark-attack mirror","","",""
"pending","incident:818e6a24cf8e31f6d8a53a2b","818e6a24cf8e31f6d8a53a2b","2003","Sep-03","USA","Florida","Boca Grande, Lee County","26.7489586","-82.262039","unreviewed location-only geocode cache match","2003.09.00; 2003.09.00; 2003.09.00; 2003.09.00; 2003.09.00","AI1SAD local legacy incident file; Global Shark Attack File; N-Enzer SharkAttackAnalysis mirror; Ordovas shark-attack mirror; Ordovas cleaned shark-attack mirror","","",""
"pending","incident:fb99391ffcb0831a8d021808","fb99391ffcb0831a8d021808","2000","2000","USA","Florida","Boca Grande, Lee County","26.7489586","-82.262039","unreviewed location-only geocode cache match","2000.00.00; 2000.00.00; 2000.00.00; 2000.00.00; 2000.00.00","AI1SAD local legacy incident file; Global Shark Attack File; N-Enzer SharkAttackAnalysis mirror; Ordovas shark-attack mirror; Ordovas cleaned shark-attack mirror","","",""
"pending","incident:2bf59d92f284ef0efe0f343f","2bf59d92f284ef0efe0f343f","2016","15-May-16","USA","Florida","Boca Raton, Palm Beach County","26.3586885","-80.0830984","unreviewed location-only geocode cache match","2016.05.15; 2016.05.15; 2016.05.15; 2016.05.15; 2016.05.15","AI1SAD local legacy incident file; Global Shark Attack File; N-Enzer SharkAttackAnalysis mirror; Ordovas shark-attack mirror; Ordovas cleaned shark-attack mirror","","",""
"pending","incident:3da20be651f22893a7266122","3da20be651f22893a7266122","2000","17-Nov-00","USA","Florida","Bonita Springs, Lee County","26.339806","-81.7786972","unreviewed location-only geocode cache match","2000.11.18; 2000.11.18; 2000.11.18; 2000.11.18; 2000.11.18","AI1SAD local legacy incident file; Global Shark Attack File; N-Enzer SharkAttackAnalysis mirror; Ordovas shark-attack mirror; Ordovas cleaned shark-attack mirror","","",""
"pending","incident:ec6170686b0719d4267a64d7","ec6170686b0719d4267a64d7","2003","5-Jul-03","USA","Florida","Canova Beach, Brevard County","28.1336985","-80.5785323","unreviewed location-only geocode cache match","2003.07.05.a; 2003.07.05.a; 2003.07.05.a; 2003.07.05.a; 2003.07.05.a","AI1SAD local legacy incident file; Global Shark Attack File; N-Enzer SharkAttackAnalysis mirror; Ordovas shark-attack mirror; Ordovas cleaned shark-attack mirror","","",""
"pending","incident:506d2efeda5fce48fc3ee8c9","506d2efeda5fce48fc3ee8c9","2011","11-Oct-11","USA","Florida","Cape Canaveral","28.4513556","-80.5283059","unreviewed location-only geocode cache match","2011.10.11; 2011.10.11; 2011.10.11; 2011.10.11; 2011.10.11","AI1SAD local legacy incident file; Global Shark Attack File; N-Enzer SharkAttackAnalysis mirror; Ordovas shark-attack mirror; Ordovas cleaned shark-attack mirror","","",""
"pending","incident:193668545ce98353e833129a","193668545ce98353e833129a","2022","19-Jul-2022","USA","Florida","Cape Canaveral, Brevard County","28.4513556","-80.5283059","unreviewed location-only geocode cache match","2022.07.19.b","Global Shark Attack File","","",""
"pending","incident:964ecd53a2fedd1eaa0b5817","964ecd53a2fedd1eaa0b5817","2022","03-Nov-2022","USA","Florida","Cape San Blas, Gulf County","29.7647058","-85.4037859","unreviewed location-only geocode cache match","","Global Shark Attack File","","",""
"pending","incident:6a1484d1b4653dbd167adcf3","6a1484d1b4653dbd167adcf3","2005","27-Jun-05","USA","Florida","Cape San Blas, Gulf County","29.7647058","-85.4037859","unreviewed location-only geocode cache match","2005.06.27; 2005.06.27; 2005.06.27; 2005.06.27; 2005.06.27","AI1SAD local legacy incident file; Global Shark Attack File; N-Enzer SharkAttackAnalysis mirror; Ordovas shark-attack mirror; Ordovas cleaned shark-attack mirror","","",""
"pending","incident:3761b62918a459721129170d","3761b62918a459721129170d","2005","Reported 29-Nov-2005","USA","Florida","Cape San Blas, Gulf County","29.7647058","-85.4037859","unreviewed location-only geocode cache match","2005.11.29.R; 2005.11.29.R; 2005.11.29.R; 2005.11.29.R; 2005.11.29.R","AI1SAD local legacy incident file; Global Shark Attack File; N-Enzer SharkAttackAnalysis mirror; Ordovas shark-attack mirror; Ordovas cleaned shark-attack mirror","","",""
"pending","incident:52a4e3e88f12d7b44e582902","52a4e3e88f12d7b44e582902","2014","7-Oct-14","USA","Florida","Cherie Down Park, Brevard County","28.3921357","-80.5969874","unreviewed location-only geocode cache match","2014.10.07; 2014.10.07; 2014.10.07; 2014.10.07; 2014.10.07","AI1SAD local legacy incident file; Global Shark Attack File; N-Enzer SharkAttackAnalysis mirror; Ordovas shark-attack mirror; Ordovas cleaned shark-attack mirror","","",""
"pending","incident:8e9776927f2743dad514e529","8e9776927f2743dad514e529","2009","25-May-09","USA","Florida","Clearwater Beach, Pinellas County","27.9774736","-82.8279313","unreviewed location-only geocode cache match","2009.05.25; 2009.05.25; 2009.05.25; 2009.05.25; 2009.05.25","AI1SAD local legacy incident file; Global Shark Attack File; N-Enzer SharkAttackAnalysis mirror; Ordovas shark-attack mirror; Ordovas cleaned shark-attack mirror","","",""
"pending","incident:f73f1ad22de35224aafdd529","f73f1ad22de35224aafdd529","2023","23-Jun-2023","USA","Florida","Cocoa Beach, Brevard County","28.3184107","-80.6094959","unreviewed location-only geocode cache match","","Global Shark Attack File","","",""
"pending","incident:103c7ce6092030d32b0a416c","103c7ce6092030d32b0a416c","2022","11-Feb-2022","USA","Florida","Cocoa Beach, Brevard County","28.3184107","-80.6094959","unreviewed location-only geocode cache match","2022.02.11","Global Shark Attack File","","",""
"pending","incident:4b8b1a2852917c546626dca7","4b8b1a2852917c546626dca7","2021","03-Jan-2021","USA","Florida","Cocoa Beach, Brevard County","28.3184107","-80.6094959","unreviewed location-only geocode cache match","2021.01.03","Global Shark Attack File","","",""
"pending","incident:6788cd4a8553fcad88413e52","6788cd4a8553fcad88413e52","2021","02-Jan-2021","USA","Florida","Cocoa Beach, Brevard County","28.3184107","-80.6094959","unreviewed location-only geocode cache match","2021.01.02.b","Global Shark Attack File","","",""
"pending","incident:8a267789ce4d792f83e4907a","8a267789ce4d792f83e4907a","2020","07-Apr-2020","USA","Florida","Cocoa Beach, Brevard County","28.3184107","-80.6094959","unreviewed location-only geocode cache match","2020.04.07","Global Shark Attack File","","",""
"pending","incident:81c356dd278a59ce06b910d1","81c356dd278a59ce06b910d1","2020","19-Jul-2020","USA","Florida","Cocoa Beach, Brevard County","28.3184107","-80.6094959","unreviewed location-only geocode cache match","2020.07.19","Global Shark Attack File","","",""
"pending","incident:724ca7ee5db7c47746138872","724ca7ee5db7c47746138872","2020","10-Jul-202","USA","Florida","Cocoa Beach, Brevard County","28.3184107","-80.6094959","unreviewed location-only geocode cache match","2020.07.10","Global Shark Attack File","","",""
"pending","incident:b12ae4d850acf3c15c144d9d","b12ae4d850acf3c15c144d9d","2019","12-Nov-2019","USA","Florida","Cocoa Beach, Brevard County","28.3184107","-80.6094959","unreviewed location-only geocode cache match","2019.11.12","Global Shark Attack File","","",""
"pending","incident:fa87972da48714d251753edf","fa87972da48714d251753edf","2018","26-May-18","USA","Florida","Cocoa Beach, Brevard County","28.3184107","-80.6094959","unreviewed location-only geocode cache match","2018.05.26.b; 2018.05.26.b; 2018.05.26.b; 2018.05.26.b; 2018.05.26.b","AI1SAD local legacy incident file; Global Shark Attack File; N-Enzer SharkAttackAnalysis mirror; Ordovas shark-attack mirror; Ordovas cleaned shark-attack mirror","","",""
"pending","incident:24202f6d824fd1028800e1aa","24202f6d824fd1028800e1aa","2015","24-May-15","USA","Florida","Cocoa Beach, Brevard County","28.3184107","-80.6094959","unreviewed location-only geocode cache match","2015.05.24; 2015.05.24; 2015.05.24; 2015.05.24; 2015.05.24","AI1SAD local legacy incident file; Global Shark Attack File; N-Enzer SharkAttackAnalysis mirror; Ordovas shark-attack mirror; Ordovas cleaned shark-attack mirror","","",""
"pending","incident:35d4e0bf8845e2cbec5be76b","35d4e0bf8845e2cbec5be76b","2015","1-Nov-15","USA","Florida","Cocoa Beach, Brevard County","28.3184107","-80.6094959","unreviewed location-only geocode cache match","2015.11.01.b; 2015.11.01.b; 2015.11.01.b; 2015.11.01.b; 2015.11.01.b","AI1SAD local legacy incident file; Global Shark Attack File; N-Enzer SharkAttackAnalysis mirror; Ordovas shark-attack mirror; Ordovas cleaned shark-attack mirror","","",""
"pending","incident:4192557a5b924081eb98eb3b","4192557a5b924081eb98eb3b","2015","29-May-15","USA","Florida","Cocoa Beach, Brevard County","28.3184107","-80.6094959","unreviewed location-only geocode cache match","2015.05.29.b; 2015.05.29.b; 2015.05.29.b; 2015.05.29.b; 2015.05.29.b","AI1SAD local legacy incident file; Global Shark Attack File; N-Enzer SharkAttackAnalysis mirror; Ordovas shark-attack mirror; Ordovas cleaned shark-attack mirror","","",""
"pending","incident:53fc2a9b99817810f018d843","53fc2a9b99817810f018d843","2015","7-May-15","USA","Florida","Cocoa Beach, Brevard County","28.3184107","-80.6094959","unreviewed location-only geocode cache match","2015.05.07; 2015.05.07; 2015.05.07; 2015.05.07; 2015.05.07","AI1SAD local legacy incident file; Global Shark Attack File; N-Enzer SharkAttackAnalysis mirror; Ordovas shark-attack mirror; Ordovas cleaned shark-attack mirror","","",""
"pending","incident:0556ea63bfa2ce478170078d","0556ea63bfa2ce478170078d","2014","5-Aug-14","USA","Florida","Cocoa Beach, Brevard County","28.3184107","-80.6094959","unreviewed location-only geocode cache match","2014.08.05; 2014.08.05; 2014.08.05; 2014.08.05; 2014.08.05","AI1SAD local legacy incident file; Global Shark Attack File; N-Enzer SharkAttackAnalysis mirror; Ordovas shark-attack mirror; Ordovas cleaned shark-attack mirror","","",""
"pending","incident:c85faf9dd8332ad993b67a8e","c85faf9dd8332ad993b67a8e","2014","22-Apr-14","USA","Florida","Cocoa Beach, Brevard County","28.3184107","-80.6094959","unreviewed location-only geocode cache match","2014.04.22; 2014.04.22; 2014.04.22; 2014.04.22; 2014.04.22","AI1SAD local legacy incident file; Global Shark Attack File; N-Enzer SharkAttackAnalysis mirror; Ordovas shark-attack mirror; Ordovas cleaned shark-attack mirror","","",""
"pending","incident:463a7625f651b7c8c0e6b1ea","463a7625f651b7c8c0e6b1ea","2013","10-Dec-13","USA","Florida","Cocoa Beach, Brevard County","28.3184107","-80.6094959","unreviewed location-only geocode cache match","2013.12.10; 2013.12.10; 2013.12.10; 2013.12.10; 2013.12.10","AI1SAD local legacy incident file; Global Shark Attack File; N-Enzer SharkAttackAnalysis mirror; Ordovas shark-attack mirror; Ordovas cleaned shark-attack mirror","","",""
"pending","incident:7e8df204d33522952786f7bc","7e8df204d33522952786f7bc","2012","16-Sep-12","USA","Florida","Cocoa Beach, Brevard County","28.3184107","-80.6094959","unreviewed location-only geocode cache match","2012.09.16; 2012.09.16; 2012.09.16; 2012.09.16; 2012.09.16","AI1SAD local legacy incident file; Global Shark Attack File; N-Enzer SharkAttackAnalysis mirror; Ordovas shark-attack mirror; Ordovas cleaned shark-attack mirror","","",""
"pending","incident:6eaaf4a12b623f7e74ac1bdf","6eaaf4a12b623f7e74ac1bdf","2008","7-Jun-08","USA","Florida","Cocoa Beach, Brevard County","28.3184107","-80.6094959","unreviewed location-only geocode cache match","2008.06.07; 2008.06.07; 2008.06.07; 2008.06.07; 2008.06.07","AI1SAD local legacy incident file; Global Shark Attack File; N-Enzer SharkAttackAnalysis mirror; Ordovas shark-attack mirror; Ordovas cleaned shark-attack mirror","","",""
"pending","incident:cde073c72598d01b126882e2","cde073c72598d01b126882e2","2006","5-May-06","USA","Florida","Cocoa Beach, Brevard County","28.3184107","-80.6094959","unreviewed location-only geocode cache match","2006.05.10; 2006.05.10; 2006.05.10; 2006.05.10; 2006.05.10","AI1SAD local legacy incident file; Global Shark Attack File; N-Enzer SharkAttackAnalysis mirror; Ordovas shark-attack mirror; Ordovas cleaned shark-attack mirror","","",""
"pending","incident:8e9f077053da1c3e49e84343","8e9f077053da1c3e49e84343","2004","31-Jul-04","USA","Florida","Cocoa Beach, Brevard County","28.3184107","-80.6094959","unreviewed location-only geocode cache match","2004.07.31; 2004.07.31; 2004.07.31; 2004.07.31; 2004.07.31","AI1SAD local legacy incident file; Global Shark Attack File; N-Enzer SharkAttackAnalysis mirror; Ordovas shark-attack mirror; Ordovas cleaned shark-attack mirror","","",""
"pending","incident:a78df9dd660f66b56015ec6d","a78df9dd660f66b56015ec6d","2003","15-Apr-03","USA","Florida","Cocoa Beach, Brevard County","28.3184107","-80.6094959","unreviewed location-only geocode cache match","2003.04.15; 2003.04.15; 2003.04.15; 2003.04.15; 2003.04.15","AI1SAD local legacy incident file; Global Shark Attack File; N-Enzer SharkAttackAnalysis mirror; Ordovas shark-attack mirror; Ordovas cleaned shark-attack mirror","","",""
"pending","incident:9d8f4b0d313b5cbe1d199e02","9d8f4b0d313b5cbe1d199e02","2003","24-Jun-03","USA","Florida","Cocoa Beach, Brevard County","28.3184107","-80.6094959","unreviewed location-only geocode cache match","2003.06.24.b; 2003.06.24.b; 2003.06.24.b; 2003.06.24.b; 2003.06.24.b","AI1SAD local legacy incident file; Global Shark Attack File; N-Enzer SharkAttackAnalysis mirror; Ordovas shark-attack mirror; Ordovas cleaned shark-attack mirror","","",""
"pending","incident:72fe9220ad4950e29688cda6","72fe9220ad4950e29688cda6","2002","25-Mar-02","USA","Florida","Cocoa Beach, Brevard County","28.3184107","-80.6094959","unreviewed location-only geocode cache match","2002.03.25.a; 2002.03.25.a; 2002.03.25.a; 2002.03.25.a; 2002.03.25.a","AI1SAD local legacy incident file; Global Shark Attack File; N-Enzer SharkAttackAnalysis mirror; Ordovas shark-attack mirror; Ordovas cleaned shark-attack mirror","","",""
"pending","incident:444add14c21c899d81435b2b","444add14c21c899d81435b2b","2011","31-Aug-11","USA","Florida","Crescent Beach St. Johns County","29.738289","-81.2423048","unreviewed location-only geocode cache match","2011.08.31; 2011.08.31; 2011.08.31; 2011.08.31; 2011.08.31","AI1SAD local legacy incident file; Global Shark Attack File; N-Enzer SharkAttackAnalysis mirror; Ordovas shark-attack mirror; Ordovas cleaned shark-attack mirror","","",""
"pending","incident:b3d1753dd74a7e948f92e51f","b3d1753dd74a7e948f92e51f","2010","18-Aug-10","USA","Florida","Crescent Beach St. Johns County","29.738289","-81.2423048","unreviewed location-only geocode cache match","2010.08.18; 2010.08.18; 2010.08.18; 2010.08.18; 2010.08.18","AI1SAD local legacy incident file; Global Shark Attack File; N-Enzer SharkAttackAnalysis mirror; Ordovas shark-attack mirror; Ordovas cleaned shark-attack mirror","","",""
"pending","incident:b3a4146e21c88958a48fafff","b3a4146e21c88958a48fafff","2005","13-Apr-05","USA","Florida","Crescent Beach, Sarasota County","27.2550518","-82.5402641","unreviewed location-only geocode cache match","2005.04.13; 2005.04.13; 2005.04.13; 2005.04.13; 2005.04.13","AI1SAD local legacy incident file; Global Shark Attack File; N-Enzer SharkAttackAnalysis mirror; Ordovas shark-attack mirror; Ordovas cleaned shark-attack mirror","","",""
"pending","incident:3bb9e2b6fd2f17b6533341e0","3bb9e2b6fd2f17b6533341e0","2019","12-Apr-2019","USA","Florida","Crescent Beach, St Johns County","29.738289","-81.2423048","unreviewed location-only geocode cache match","2019.04.12","Global Shark Attack File","","",""
"pending","incident:f95f345a304c24bd904d262d","f95f345a304c24bd904d262d","2015","17-Jun-15","USA","Florida","Daytona Beach Shores","29.1760933","-80.9828323","unreviewed location-only geocode cache match","2015.06.17; 2015.06.17; 2015.06.17; 2015.06.17; 2015.06.17","AI1SAD local legacy incident file; Global Shark Attack File; N-Enzer SharkAttackAnalysis mirror; Ordovas shark-attack mirror; Ordovas cleaned shark-attack mirror","","",""
"pending","incident:20f4389815b148ad86d998ca","20f4389815b148ad86d998ca","2005","28-May-05","USA","Florida","Daytona Beach Shores","29.1760933","-80.9828323","unreviewed location-only geocode cache match","2005.05.28; 2005.05.28; 2005.05.28; 2005.05.28; 2005.05.28","AI1SAD local legacy incident file; Global Shark Attack File; N-Enzer SharkAttackAnalysis mirror; Ordovas shark-attack mirror; Ordovas cleaned shark-attack mirror","","",""
"pending","incident:0d3a405a61091625cae8d1c2","0d3a405a61091625cae8d1c2","2022","16-Jul-2022","USA","Florida","Daytona Beach Shores, Volusia County","29.1760933","-80.9828323","unreviewed location-only geocode cache match","2022.07.16","Global Shark Attack File","","",""
"pending","incident:9a7d338e711bb1bc81b99ae5","9a7d338e711bb1bc81b99ae5","2021","06-May-2021","USA","Florida","Daytona Beach Shores, Volusia County","29.1760933","-80.9828323","unreviewed location-only geocode cache match","2021.05.06","Global Shark Attack File","","",""
"pending","incident:a66458df4153269b25d7ba1c","a66458df4153269b25d7ba1c","2020","16-Sep-2020","USA","Florida","Daytona Beach Shores, Volusia County","29.1760933","-80.9828323","unreviewed location-only geocode cache match","2020.09.16","Global Shark Attack File","","",""
"pending","incident:2708901331d113001b7a2168","2708901331d113001b7a2168","2004","10-Jun-04","USA","Florida","Daytona Beach Shores, Volusia County","29.1760933","-80.9828323","unreviewed location-only geocode cache match","2004.06.10.a; 2004.06.10.a; 2004.06.10.a; 2004.06.10.a; 2004.06.10.a","AI1SAD local legacy incident file; Global Shark Attack File; N-Enzer SharkAttackAnalysis mirror; Ordovas shark-attack mirror; Ordovas cleaned shark-attack mirror","","",""
"pending","incident:ade3fb3ce05f690a876f2a99","ade3fb3ce05f690a876f2a99","2003","3-May-03","USA","Florida","Daytona Beach Shores, Volusia County","29.1760933","-80.9828323","unreviewed location-only geocode cache match","2003.05.03; 2003.05.03; 2003.05.03; 2003.05.03; 2003.05.03","AI1SAD local legacy incident file; Global Shark Attack File; N-Enzer SharkAttackAnalysis mirror; Ordovas shark-attack mirror; Ordovas cleaned shark-attack mirror","","",""
"pending","incident:a5fc9784c2947ccf32445592","a5fc9784c2947ccf32445592","2002","19-Mar-02","USA","Florida","Daytona Beach Shores, Volusia County","29.1760933","-80.9828323","unreviewed location-only geocode cache match","2002.03.19; 2002.03.19; 2002.03.19; 2002.03.19; 2002.03.19","AI1SAD local legacy incident file; Global Shark Attack File; N-Enzer SharkAttackAnalysis mirror; Ordovas shark-attack mirror; Ordovas cleaned shark-attack mirror","","",""
"pending","incident:b2a45b647904f35e756f0c9b","b2a45b647904f35e756f0c9b","2002","5-Sep-02","USA","Florida","Daytona Beach Shores, Volusia County","29.1760933","-80.9828323","unreviewed location-only geocode cache match","2002.09.05; 2002.09.05; 2002.09.05; 2002.09.05; 2002.09.05","AI1SAD local legacy incident file; Global Shark Attack File; N-Enzer SharkAttackAnalysis mirror; Ordovas shark-attack mirror; Ordovas cleaned shark-attack mirror","","",""
"pending","incident:22b9365396a67ed627017fe7","22b9365396a67ed627017fe7","2000","11-Sep-00","USA","Florida","Daytona Beach Shores, Volusia County","29.1760933","-80.9828323","unreviewed location-only geocode cache match","2000.09.11; 2000.09.11; 2000.09.11; 2000.09.11; 2000.09.11","AI1SAD local legacy incident file; Global Shark Attack File; N-Enzer SharkAttackAnalysis mirror; Ordovas shark-attack mirror; Ordovas cleaned shark-attack mirror","","",""
"pending","incident:9e5f3897509e3e76050bf479","9e5f3897509e3e76050bf479","2022","25-Jul-2022","USA","Florida","Daytona Beach, Volusia County","29.2108147","-81.0228331","unreviewed location-only geocode cache match","2022.07.25","Global Shark Attack File","","",""
"pending","incident:68873ea821f9020bece9797d","68873ea821f9020bece9797d","2018","26-May-18","USA","Florida","Daytona Beach, Volusia County","29.2108147","-81.0228331","unreviewed location-only geocode cache match","2018.05.26.a; 2018.05.26.a; 2018.05.26.a; 2018.05.26.a; 2018.05.26.a","AI1SAD local legacy incident file; Global Shark Attack File; N-Enzer SharkAttackAnalysis mirror; Ordovas shark-attack mirror; Ordovas cleaned shark-attack mirror","","",""
"pending","incident:e3691005ee74cb00a43ed285","e3691005ee74cb00a43ed285","2017","17-Apr-17","USA","Florida","Daytona Beach, Volusia County","29.2108147","-81.0228331","unreviewed location-only geocode cache match","2017.04.17.b; 2017.04.17.b; 2017.04.17.b; 2017.04.17.b; 2017.04.17.b","AI1SAD local legacy incident file; Global Shark Attack File; N-Enzer SharkAttackAnalysis mirror; Ordovas shark-attack mirror; Ordovas cleaned shark-attack mirror","","",""
"pending","incident:f131aa41939419a010bd4fb0","f131aa41939419a010bd4fb0","2015","26-Jul-15","USA","Florida","Daytona Beach, Volusia County","29.2108147","-81.0228331","unreviewed location-only geocode cache match","2015.07.26.b; 2015.07.26.b; 2015.07.26.b; 2015.07.26.b; 2015.07.26.b","AI1SAD local legacy incident file; Global Shark Attack File; N-Enzer SharkAttackAnalysis mirror; Ordovas shark-attack mirror; Ordovas cleaned shark-attack mirror","","",""
"pending","incident:2e77af023556a2f1c0566e85","2e77af023556a2f1c0566e85","2009","5-Jul-09","USA","Florida","Daytona Beach, Volusia County","29.2108147","-81.0228331","unreviewed location-only geocode cache match","2009.07.05; 2009.07.05; 2009.07.05; 2009.07.05; 2009.07.05","AI1SAD local legacy incident file; Global Shark Attack File; N-Enzer SharkAttackAnalysis mirror; Ordovas shark-attack mirror; Ordovas cleaned shark-attack mirror","","",""
"pending","incident:ee76925e11883eb3e837eac4","ee76925e11883eb3e837eac4","2007","5-Sep-07","USA","Florida","Daytona Beach, Volusia County","29.2108147","-81.0228331","unreviewed location-only geocode cache match","2007.09.05; 2007.09.05; 2007.09.05; 2007.09.05; 2007.09.05","AI1SAD local legacy incident file; Global Shark Attack File; N-Enzer SharkAttackAnalysis mirror; Ordovas shark-attack mirror; Ordovas cleaned shark-attack mirror","","",""
"pending","incident:a233302a5df56a2f3b9faf65","a233302a5df56a2f3b9faf65","2007","3-Sep-07","USA","Florida","Daytona Beach, Volusia County","29.2108147","-81.0228331","unreviewed location-only geocode cache match","2007.09.03.b; 2007.09.03.b; 2007.09.03.b; 2007.09.03.b; 2007.09.03.b","AI1SAD local legacy incident file; Global Shark Attack File; N-Enzer SharkAttackAnalysis mirror; Ordovas shark-attack mirror; Ordovas cleaned shark-attack mirror","","",""
"pending","incident:9a509e2a1dda0c6494b12d46","9a509e2a1dda0c6494b12d46","2006","10-Oct-06","USA","Florida","Daytona Beach, Volusia County","29.2108147","-81.0228331","unreviewed location-only geocode cache match","2006.10.10; 2006.10.10; 2006.10.10; 2006.10.10; 2006.10.10","AI1SAD local legacy incident file; Global Shark Attack File; N-Enzer SharkAttackAnalysis mirror; Ordovas shark-attack mirror; Ordovas cleaned shark-attack mirror","","",""
"pending","incident:27ad4980a02baee6c4bf124c","27ad4980a02baee6c4bf124c","2006","19-Apr-06","USA","Florida","Daytona Beach, Volusia County","29.2108147","-81.0228331","unreviewed location-only geocode cache match","2006.04.19; 2006.04.19; 2006.04.19; 2006.04.19; 2006.04.19","AI1SAD local legacy incident file; Global Shark Attack File; N-Enzer SharkAttackAnalysis mirror; Ordovas shark-attack mirror; Ordovas cleaned shark-attack mirror","","",""
"pending","incident:100c1fcdd53f82be0eb8369b","100c1fcdd53f82be0eb8369b","2003","22-Nov-03","USA","Florida","Daytona Beach, Volusia County","29.2108147","-81.0228331","unreviewed location-only geocode cache match","2003.11.22; 2003.11.22; 2003.11.22; 2003.11.22; 2003.11.22","AI1SAD local legacy incident file; Global Shark Attack File; N-Enzer SharkAttackAnalysis mirror; Ordovas shark-attack mirror; Ordovas cleaned shark-attack mirror","","",""
"pending","incident:da4f7cae22720bbac2fcced1","da4f7cae22720bbac2fcced1","2003","13-Sep-03","USA","Florida","Daytona Beach, Volusia County","29.2108147","-81.0228331","unreviewed location-only geocode cache match","2003.09.13.b; 2003.09.13.b; 2003.09.13.b; 2003.09.13.b; 2003.09.13.b","AI1SAD local legacy incident file; Global Shark Attack File; N-Enzer SharkAttackAnalysis mirror; Ordovas shark-attack mirror; Ordovas cleaned shark-attack mirror","","",""
"pending","incident:e54300279a95b3317324d433","e54300279a95b3317324d433","2003","15-Jul-03","USA","Florida","Daytona Beach, Volusia County","29.2108147","-81.0228331","unreviewed location-only geocode cache match","2003.07.15; 2003.07.15; 2003.07.15; 2003.07.15; 2003.07.15","AI1SAD local legacy incident file; Global Shark Attack File; N-Enzer SharkAttackAnalysis mirror; Ordovas shark-attack mirror; Ordovas cleaned shark-attack mirror","","",""
"pending","incident:b4d4009d06353f062756103b","b4d4009d06353f062756103b","2000","4-Jul-00","USA","Florida","Daytona Beach, Volusia County","29.2108147","-81.0228331","unreviewed location-only geocode cache match","2000.07.04.b; 2000.07.04.b; 2000.07.04.b; 2000.07.04.b; 2000.07.04.b","AI1SAD local legacy incident file; Global Shark Attack File; N-Enzer SharkAttackAnalysis mirror; Ordovas shark-attack mirror; Ordovas cleaned shark-attack mirror","","",""
"pending","incident:c78417909cffd4dfce1d0822","c78417909cffd4dfce1d0822","2000","10-Jul-00","USA","Florida","Daytona Beach, Volusia County","29.2108147","-81.0228331","unreviewed location-only geocode cache match","2000.07.10; 2000.07.10; 2000.07.10; 2000.07.10; 2000.07.10","AI1SAD local legacy incident file; Global Shark Attack File; N-Enzer SharkAttackAnalysis mirror; Ordovas shark-attack mirror; Ordovas cleaned shark-attack mirror","","",""
"pending","incident:6fd4de66dd904890e339412f","6fd4de66dd904890e339412f","2017","6-Apr-17","USA","Florida","Daytona, Volusia County","29.2108147","-81.0228331","unreviewed location-only geocode cache match","2017.04.06; 2017.04.06; 2017.04.06; 2017.04.06; 2017.04.06","AI1SAD local legacy incident file; Global Shark Attack File; N-Enzer SharkAttackAnalysis mirror; Ordovas shark-attack mirror; Ordovas cleaned shark-attack mirror","","",""
"pending","incident:4d4d7d3b6de450e3df309863","4d4d7d3b6de450e3df309863","2001","22-Aug-01","USA","Florida","Daytona, Volusia County","29.2108147","-81.0228331","unreviewed location-only geocode cache match","2001.08.22; 2001.08.22; 2001.08.22; 2001.08.22; 2001.08.22","AI1SAD local legacy incident file; Global Shark Attack File; N-Enzer SharkAttackAnalysis mirror; Ordovas shark-attack mirror; Ordovas cleaned shark-attack mirror","","",""
"pending","incident:13c55471b17f557b5f7b232d","13c55471b17f557b5f7b232d","2015","19-Oct-15","USA","Florida","Deerfield Beach, Broward County","26.318342","-80.0996306","unreviewed location-only geocode cache match","2015.10.19; 2015.10.19; 2015.10.19; 2015.10.19; 2015.10.19","AI1SAD local legacy incident file; Global Shark Attack File; N-Enzer SharkAttackAnalysis mirror; Ordovas shark-attack mirror; Ordovas cleaned shark-attack mirror","","",""
"pending","incident:8ace85d3fb0bd44c438a5c4c","8ace85d3fb0bd44c438a5c4c","2014","22-Mar-14","USA","Florida","Delray Beach","26.4614625","-80.0728201","unreviewed location-only geocode cache match","2014.03.22.a; 2014.03.22.a; 2014.03.22.a; 2014.03.22.a; 2014.03.22.a","AI1SAD local legacy incident file; Global Shark Attack File; N-Enzer SharkAttackAnalysis mirror; Ordovas shark-attack mirror; Ordovas cleaned shark-attack mirror","","",""
"pending","incident:dd8cde163a005a31a2cc223d","dd8cde163a005a31a2cc223d","2007","Reported 14-Mar-2007","USA","Florida","Delray Beach","26.4614625","-80.0728201","unreviewed location-only geocode cache match","2007.03.14.R; 2007.03.14.R; 2007.03.14.R; 2007.03.14.R; 2007.03.14.R","AI1SAD local legacy incident file; Global Shark Attack File; N-Enzer SharkAttackAnalysis mirror; Ordovas shark-attack mirror; Ordovas cleaned shark-attack mirror","","",""
"pending","incident:41ffe708ff6356b358f34f98","41ffe708ff6356b358f34f98","2017","2-Apr-17","USA","Florida","Destin, Okaloosa County","30.3935337","-86.4957834","unreviewed location-only geocode cache match","2017.04.02.a; 2017.04.02.a; 2017.04.02.a; 2017.04.02.a; 2017.04.02.a","AI1SAD local legacy incident file; Global Shark Attack File; N-Enzer SharkAttackAnalysis mirror; Ordovas shark-attack mirror; Ordovas cleaned shark-attack mirror","","",""
"pending","incident:0f0a29fab8ef30c8a28a1bf9","0f0a29fab8ef30c8a28a1bf9","2005","25-Jun-05","USA","Florida","Destin, Walton County","30.3787219","-86.3426214","unreviewed location-only geocode cache match","2005.06.25; 2005.06.25; 2005.06.25; 2005.06.25; 2005.06.25","AI1SAD local legacy incident file; Global Shark Attack File; N-Enzer SharkAttackAnalysis mirror; Ordovas shark-attack mirror; Ordovas cleaned shark-attack mirror","","",""
"pending","incident:0d4f8b6629296aad54459e79","0d4f8b6629296aad54459e79","2010","6-Jan-10","USA","Florida","Elliot Key","36.2040311","-115.2732628","unreviewed location-only geocode cache match","2010.01.06; 2010.01.06; 2010.01.06; 2010.01.06; 2010.01.06","AI1SAD local legacy incident file; Global Shark Attack File; N-Enzer SharkAttackAnalysis mirror; Ordovas shark-attack mirror; Ordovas cleaned shark-attack mirror","","",""
"pending","incident:bd905eebe51d1f2e9f550375","bd905eebe51d1f2e9f550375","2018","13-Jul-2018","USA","Florida","Fernandina Beach, Nassau County","30.6696818","-81.4625919","unreviewed location-only geocode cache match","2018.07.11.a","Global Shark Attack File","","",""
"pending","incident:bae3135b828f4faf1edfff8f","bae3135b828f4faf1edfff8f","2018","13-Jul-2018","USA","Florida","Fernandina Beach, Nassau County","30.6696818","-81.4625919","unreviewed location-only geocode cache match","2018.07.11.b","Global Shark Attack File","","",""
"pending","incident:962975853147f8f2b480beb8","962975853147f8f2b480beb8","2008","20-Jun-08","USA","Florida","Fernandina Beach, Nassau County","30.6696818","-81.4625919","unreviewed location-only geocode cache match","2008.06.20; 2008.06.20; 2008.06.20; 2008.06.20; 2008.06.20","AI1SAD local legacy incident file; Global Shark Attack File; N-Enzer SharkAttackAnalysis mirror; Ordovas shark-attack mirror; Ordovas cleaned shark-attack mirror","","",""
"pending","incident:b849b3820befadc9a481199a","b849b3820befadc9a481199a","2016","5-Jun-16","USA","Florida","Flagler Beach, Flagler County","29.4749927","-81.1269982","unreviewed location-only geocode cache match","2016.06.05.b; 2016.06.05.b; 2016.06.05.b; 2016.06.05.b; 2016.06.05.b","AI1SAD local legacy incident file; Global Shark Attack File; N-Enzer SharkAttackAnalysis mirror; Ordovas shark-attack mirror; Ordovas cleaned shark-attack mirror","","",""
"pending","incident:9fadbad44657169cb22cd60a","9fadbad44657169cb22cd60a","2007","16-Sep-07","USA","Florida","Flagler Beach, Flagler County","29.4749927","-81.1269982","unreviewed location-only geocode cache match","2007.09.16.a; 2007.09.16.a; 2007.09.16.a; 2007.09.16.a; 2007.09.16.a","AI1SAD local legacy incident file; Global Shark Attack File; N-Enzer SharkAttackAnalysis mirror; Ordovas shark-attack mirror; Ordovas cleaned shark-attack mirror","","",""
"pending","incident:917a585f07ac67f4768ec1c6","917a585f07ac67f4768ec1c6","2020","29-Jul-2020","USA","Florida","Florida Keys","24.6736205","-81.4981792","unreviewed location-only geocode cache match","2020.07.29.b","Global Shark Attack File","","",""
"pending","incident:857777af766344af2f132011","857777af766344af2f132011","2022","27-Jul-2022","USA","Florida","Florida Keys, Monroe County","24.6736205","-81.4981792","unreviewed location-only geocode cache match","2022.07.27","Global Shark Attack File","","",""
"pending","incident:f0fa7bc9367636df5fb4d7ee","f0fa7bc9367636df5fb4d7ee","2016","27-Jul-16","USA","Florida","Florida Keys, Monroe County","24.6736205","-81.4981792","unreviewed location-only geocode cache match","2016.07.27; 2016.07.27; 2016.07.27; 2016.07.27; 2016.07.27","AI1SAD local legacy incident file; Global Shark Attack File; N-Enzer SharkAttackAnalysis mirror; Ordovas shark-attack mirror; Ordovas cleaned shark-attack mirror","","",""
"pending","incident:764fcbe5bdb970b7a8ab48e5","764fcbe5bdb970b7a8ab48e5","2016","7-Apr-16","USA","Florida","Florida Keys, Monroe County","24.6736205","-81.4981792","unreviewed location-only geocode cache match","2016.04.07.b; 2016.04.07.b; 2016.04.07.b; 2016.04.07.b; 2016.04.07.b","AI1SAD local legacy incident file; Global Shark Attack File; N-Enzer SharkAttackAnalysis mirror; Ordovas shark-attack mirror; Ordovas cleaned shark-attack mirror","","",""
"pending","incident:d14b3093648c28206e7c5b5f","d14b3093648c28206e7c5b5f","2015","13-Apr-15","USA","Florida","Florida Keys, Monroe County","24.6736205","-81.4981792","unreviewed location-only geocode cache match","2015.04.13; 2015.04.13; 2015.04.13; 2015.04.13; 2015.04.13","AI1SAD local legacy incident file; Global Shark Attack File; N-Enzer SharkAttackAnalysis mirror; Ordovas shark-attack mirror; Ordovas cleaned shark-attack mirror","","",""
"pending","incident:a54e54e9244a9e608c52c466","a54e54e9244a9e608c52c466","2007","Reported 13-Apr-2007","USA","Florida","Florida Keys, Monroe County","24.6736205","-81.4981792","unreviewed location-only geocode cache match","2007.04.13.R; 2007.04.13.R; 2007.04.13.R; 2007.04.13.R; 2007.04.13.R","AI1SAD local legacy incident file; Global Shark Attack File; N-Enzer SharkAttackAnalysis mirror; Ordovas shark-attack mirror; Ordovas cleaned shark-attack mirror","","",""
"pending","incident:04346c97c2389b9b740e5ddb","04346c97c2389b9b740e5ddb","2006","July 2006","USA","Florida","Florida Keys, Monroe County","24.6736205","-81.4981792","unreviewed location-only geocode cache match","2006.06.30.a; 2006.06.30.a; 2006.06.30.a; 2006.06.30.a","Global Shark Attack File; N-Enzer SharkAttackAnalysis mirror; Ordovas shark-attack mirror; Ordovas cleaned shark-attack mirror","","",""
"pending","incident:3954da9f47ff2087fec0ddfa","3954da9f47ff2087fec0ddfa","2006","Jul-06","USA","Florida","Florida Keys, Monroe County","24.6736205","-81.4981792","unreviewed location-only geocode cache match","2006.06.30.b; 2006.06.30.a; 2006.06.30.b; 2006.06.30.b; 2006.06.30.b; 2006.06.30.b","AI1SAD local legacy incident file; AI1SAD local legacy incident file; Global Shark Attack File; N-Enzer SharkAttackAnalysis mirror; Ordovas shark-attack mirror; Ordovas cleaned shark-attack mirror","","",""
"pending","incident:6eb88962fe040893d5797498","6eb88962fe040893d5797498","2017","18-Nov-17","USA","Florida","Floridana Beach, Brevard County","27.9462734","-80.4970188","unreviewed location-only geocode cache match","2017.11.18; 2017.11.18; 2017.11.18; 2017.11.18; 2017.11.18","AI1SAD local legacy incident file; Global Shark Attack File; N-Enzer SharkAttackAnalysis mirror; Ordovas shark-attack mirror; Ordovas cleaned shark-attack mirror","","",""
"pending","incident:474eada73b4fde1fb650f36a","474eada73b4fde1fb650f36a","2013","7-Nov-13","USA","Florida","Floridana Beach, Brevard County","27.9462734","-80.4970188","unreviewed location-only geocode cache match","2013.11.07.a; 2013.11.07.a; 2013.11.07.a; 2013.11.07.a; 2013.11.07.a","AI1SAD local legacy incident file; Global Shark Attack File; N-Enzer SharkAttackAnalysis mirror; Ordovas shark-attack mirror; Ordovas cleaned shark-attack mirror","","",""
"pending","incident:8245c421d23556c2b163c5a9","8245c421d23556c2b163c5a9","2000","24-Mar-00","USA","Florida","Floridana Beach, Brevard County","27.9462734","-80.4970188","unreviewed location-only geocode cache match","2000.03.24; 2000.03.24; 2000.03.24; 2000.03.24; 2000.03.24","AI1SAD local legacy incident file; Global Shark Attack File; N-Enzer SharkAttackAnalysis mirror; Ordovas shark-attack mirror; Ordovas cleaned shark-attack mirror","","",""
"pending","incident:b2d558c29ac5fe48cbcea174","b2d558c29ac5fe48cbcea174","2015","5-Jun-15","USA","Florida","Fort Lauderdale","26.1223084","-80.1433786","unreviewed location-only geocode cache match","2015.06.05; 2015.06.05; 2015.06.05; 2015.06.05; 2015.06.05","AI1SAD local legacy incident file; Global Shark Attack File; N-Enzer SharkAttackAnalysis mirror; Ordovas shark-attack mirror; Ordovas cleaned shark-attack mirror","","",""
"pending","incident:d225104dd9caf217a065492a","d225104dd9caf217a065492a","2014","1-Jun-14","USA","Florida","Fort Lauderdale","26.1223084","-80.1433786","unreviewed location-only geocode cache match","2014.06.01.c; 2014.06.01.c; 2014.06.01.c; 2014.06.01.c; 2014.06.01.c","AI1SAD local legacy incident file; Global Shark Attack File; N-Enzer SharkAttackAnalysis mirror; Ordovas shark-attack mirror; Ordovas cleaned shark-attack mirror","","",""
"pending","incident:c2272c43e12f60e2588ec6f2","c2272c43e12f60e2588ec6f2","2005","13-Feb-05","USA","Florida","Fort Lauderdale","26.1223084","-80.1433786","unreviewed location-only geocode cache match","2005.02.13; 2005.02.13; 2005.02.13; 2005.02.13; 2005.02.13","AI1SAD local legacy incident file; Global Shark Attack File; N-Enzer SharkAttackAnalysis mirror; Ordovas shark-attack mirror; Ordovas cleaned shark-attack mirror","","",""
"pending","incident:a6025dca5751d9f0ec524fb5","a6025dca5751d9f0ec524fb5","2021","25-Mar-2021","USA","Florida","Fort Lauderdale, Broward County","26.1223084","-80.1433786","unreviewed location-only geocode cache match","2021.03.25.a","Global Shark Attack File","","",""
"pending","incident:acdabf82d51c86ad4134c91e","acdabf82d51c86ad4134c91e","2019","21-Aug-2019","USA","Florida","Fort Lauderdale, Broward County","26.1223084","-80.1433786","unreviewed location-only geocode cache match","2019.08.21","Global Shark Attack File","","",""
"pending","incident:a386a652b0148f6f84fb5917","a386a652b0148f6f84fb5917","2007","3-Sep-07","USA","Florida","Fort Lauderdale, Broward County","26.1223084","-80.1433786","unreviewed location-only geocode cache match","2007.09.03.a; 2007.09.03.a; 2007.09.03.a; 2007.09.03.a; 2007.09.03.a","AI1SAD local legacy incident file; Global Shark Attack File; N-Enzer SharkAttackAnalysis mirror; Ordovas shark-attack mirror; Ordovas cleaned shark-attack mirror","","",""
"pending","incident:0e8a5e80b196ac7ef71a9117","0e8a5e80b196ac7ef71a9117","2003","Jul-03","USA","Florida","Fort Lauderdale, Broward County","26.1223084","-80.1433786","unreviewed location-only geocode cache match","2003.07.00.c; 2003.07.00.c; 2003.07.00.c; 2003.07.00.c; 2003.07.00.c","AI1SAD local legacy incident file; Global Shark Attack File; N-Enzer SharkAttackAnalysis mirror; Ordovas shark-attack mirror; Ordovas cleaned shark-attack mirror","","",""
"pending","incident:910b6da15c25e9f0a516fa30","910b6da15c25e9f0a516fa30","2006","26-Jun-06","USA","Florida","Fort Myers","26.640628","-81.8723084","unreviewed location-only geocode cache match","2006.06.26; 2006.06.26; 2006.06.26; 2006.06.26; 2006.06.26","AI1SAD local legacy incident file; Global Shark Attack File; N-Enzer SharkAttackAnalysis mirror; Ordovas shark-attack mirror; Ordovas cleaned shark-attack mirror","","",""
"pending","incident:81f609ef05d4efdc1f79753c","81f609ef05d4efdc1f79753c","2016","28-Mar-16","USA","Florida","Fort Myers Beach, Lee County","26.4520248","-81.948145","unreviewed location-only geocode cache match","2016.03.28.b; 2016.03.28.b; 2016.03.28.b; 2016.03.28.b","AI1SAD local legacy incident file; Global Shark Attack File; N-Enzer SharkAttackAnalysis mirror; Ordovas shark-attack mirror","","",""
"pending","incident:ab9d9e4becc8e9ea794d75a0","ab9d9e4becc8e9ea794d75a0","2000","20-Oct-00","USA","Florida","Fort Pierce Inlet State Park, St Lucie County","27.4786987","-80.3030766","unreviewed location-only geocode cache match","2000.10.20; 2000.10.20; 2000.10.20; 2000.10.20; 2000.10.20","AI1SAD local legacy incident file; Global Shark Attack File; N-Enzer SharkAttackAnalysis mirror; Ordovas shark-attack mirror; Ordovas cleaned shark-attack mirror","","",""
"pending","incident:6fba3d04f49075b47df88314","6fba3d04f49075b47df88314","2014","8-Nov-14","USA","Florida","Fort Pierce Inlet State Park, St. Lucie County","27.4786987","-80.3030766","unreviewed location-only geocode cache match","2014.11.08; 2014.11.08; 2014.11.08; 2014.11.08; 2014.11.08","AI1SAD local legacy incident file; Global Shark Attack File; N-Enzer SharkAttackAnalysis mirror; Ordovas shark-attack mirror; Ordovas cleaned shark-attack mirror","","",""
"pending","incident:b5436d3137ef862d2e621bff","b5436d3137ef862d2e621bff","2000","15-Sep-00","USA","Florida","Fort Pierce Inlet, St Lucie County","27.4669594","-80.3048551","unreviewed location-only geocode cache match","2000.09.15; 2000.09.15; 2000.09.15; 2000.09.15; 2000.09.15","AI1SAD local legacy incident file; Global Shark Attack File; N-Enzer SharkAttackAnalysis mirror; Ordovas shark-attack mirror; Ordovas cleaned shark-attack mirror","","",""
"pending","incident:6d77858fa696defa71feb144","6d77858fa696defa71feb144","2023","11-May-2023","USA","Florida","Fort Pierce, St. Lucie County","27.4467056","-80.3256056","unreviewed location-only geocode cache match","","Global Shark Attack File","","",""
"pending","incident:0b22d72699cf6474c88a07f3","0b22d72699cf6474c88a07f3","2019","08-Oct-2019","USA","Florida","Fort Pierce, St. Lucie County","27.4467056","-80.3256056","unreviewed location-only geocode cache match","2019.10.08","Global Shark Attack File","","",""
"pending","incident:e981f28710d323070e8a2cb2","e981f28710d323070e8a2cb2","2018","07-Sep-2018","USA","Florida","Fort Pierce, St. Lucie County","27.4467056","-80.3256056","unreviewed location-only geocode cache match","2018.09.07","Global Shark Attack File","","",""
"pending","incident:61e2ec283be4826189f2c334","61e2ec283be4826189f2c334","2017","24-Sep-17","USA","Florida","Fort Worth","32.753177","-97.3327459","unreviewed location-only geocode cache match","2017.09.24.a; 2017.09.24.a; 2017.09.24.a; 2017.09.24.a; 2017.09.24.a","AI1SAD local legacy incident file; Global Shark Attack File; N-Enzer SharkAttackAnalysis mirror; Ordovas shark-attack mirror; Ordovas cleaned shark-attack mirror","","",""
"pending","incident:de678ed57fe96fd355f4a090","de678ed57fe96fd355f4a090","2001","6-Jul-01","USA","Florida","Gulf Islands National Seashore","30.2369736","-88.6804295","unreviewed location-only geocode cache match","2001.07.06.a; 2001.07.06.a; 2001.07.06.a; 2001.07.06.a; 2001.07.06.a","AI1SAD local legacy incident file; Global Shark Attack File; N-Enzer SharkAttackAnalysis mirror; Ordovas shark-attack mirror; Ordovas cleaned shark-attack mirror","","",""
"pending","incident:0d8fb81a6105d5d714da4e16","0d8fb81a6105d5d714da4e16","2014","10-Aug-14","USA","Florida","Hallandale Beach, Broward County","25.9812025","-80.148379","unreviewed location-only geocode cache match","2014.08.10; 2014.08.10; 2014.08.10; 2014.08.10; 2014.08.10","AI1SAD local legacy incident file; Global Shark Attack File; N-Enzer SharkAttackAnalysis mirror; Ordovas shark-attack mirror; Ordovas cleaned shark-attack mirror","","",""
"pending","incident:c9b0c30103d60d0c9e7d0753","c9b0c30103d60d0c9e7d0753","2010","28-Apr-10","USA","Florida","Hanalei Bay","22.21","-159.5091667","unreviewed location-only geocode cache match","2010.04.28; 2010.04.28; 2010.04.28; 2010.04.28; 2010.04.28","AI1SAD local legacy incident file; Global Shark Attack File; N-Enzer SharkAttackAnalysis mirror; Ordovas shark-attack mirror; Ordovas cleaned shark-attack mirror","","",""
"pending","incident:13e1391521ca6f8e7a02294c","13e1391521ca6f8e7a02294c","2017","9-Jul-17","USA","Florida","Haulover Beach, Miami-Dade County","25.9075625","-80.1214099","unreviewed location-only geocode cache match","2017.07.09; 2017.07.09; 2017.07.09; 2017.07.09; 2017.07.09","AI1SAD local legacy incident file; Global Shark Attack File; N-Enzer SharkAttackAnalysis mirror; Ordovas shark-attack mirror; Ordovas cleaned shark-attack mirror","","",""
"pending","incident:35ee49e7d6ec3179bc992a24","35ee49e7d6ec3179bc992a24","2022","27-Nov-2022","USA","Florida","Hobe Sound","27.080492","-80.139918","unreviewed location-only geocode cache match","","Global Shark Attack File","","",""
"pending","incident:fe21fad36f602739531c3a4d","fe21fad36f602739531c3a4d","2019","22-Mar-2019","USA","Florida","Hobe Sound, Martin County","27.080492","-80.139918","unreviewed location-only geocode cache match","2019.03.22","Global Shark Attack File","","",""
"pending","incident:4cc5953cf5205c3e4d27fb8d","4cc5953cf5205c3e4d27fb8d","2007","22-Sep-07","USA","Florida","Huguenot Park","40.9228769","-73.7942996","unreviewed location-only geocode cache match","2007.09.22.a; 2007.09.22.a; 2007.09.22.a; 2007.09.22.a; 2007.09.22.a","AI1SAD local legacy incident file; Global Shark Attack File; N-Enzer SharkAttackAnalysis mirror; Ordovas shark-attack mirror; Ordovas cleaned shark-attack mirror","","",""
"pending","incident:408c1f607ee18bfcad8dc270","408c1f607ee18bfcad8dc270","2008","Sep-08","USA","Florida","Hutchinson Island","32.0982621","-81.1028898","unreviewed location-only geocode cache match","2008.09.00; 2008.09.00; 2008.09.00; 2008.09.00; 2008.09.00","AI1SAD local legacy incident file; Global Shark Attack File; N-Enzer SharkAttackAnalysis mirror; Ordovas shark-attack mirror; Ordovas cleaned shark-attack mirror","","",""
"pending","incident:64082818e3b82698c5675be1","64082818e3b82698c5675be1","2007","22-Apr-07","USA","Florida","Hutchinson Island, St. Lucie County","27.2961557","-80.2161581","unreviewed location-only geocode cache match","2007.04.22; 2007.04.22; 2007.04.22; 2007.04.22; 2007.04.22","AI1SAD local legacy incident file; Global Shark Attack File; N-Enzer SharkAttackAnalysis mirror; Ordovas shark-attack mirror; Ordovas cleaned shark-attack mirror","","",""
"pending","incident:62b943f6d205a5b0a12bb7c6","62b943f6d205a5b0a12bb7c6","2006","4-May-06","USA","Florida","Hutchinson Island, St. Lucie County","27.2961557","-80.2161581","unreviewed location-only geocode cache match","2006.05.04; 2006.05.04; 2006.05.04; 2006.05.04; 2006.05.04","AI1SAD local legacy incident file; Global Shark Attack File; N-Enzer SharkAttackAnalysis mirror; Ordovas shark-attack mirror; Ordovas cleaned shark-attack mirror","","",""
"pending","incident:90c410a6503fa15d3ed24572","90c410a6503fa15d3ed24572","2006","27-Jun-06","USA","Florida","Hutchinson Island, St. Lucie County","27.2961557","-80.2161581","unreviewed location-only geocode cache match","2006.06.27; 2006.06.27; 2006.06.27; 2006.06.27; 2006.06.27","AI1SAD local legacy incident file; Global Shark Attack File; N-Enzer SharkAttackAnalysis mirror; Ordovas shark-attack mirror; Ordovas cleaned shark-attack mirror","","",""
"pending","incident:d0978ffa7211b0db813c4de8","d0978ffa7211b0db813c4de8","2014","21-Jul-14","USA","Florida","Indialantic, Brevard County","28.0911921","-80.5679875","unreviewed location-only geocode cache match","2014.07.21; 2014.07.21; 2014.07.21; 2014.07.21; 2014.07.21","AI1SAD local legacy incident file; Global Shark Attack File; N-Enzer SharkAttackAnalysis mirror; Ordovas shark-attack mirror; Ordovas cleaned shark-attack mirror","","",""
"pending","incident:72e4d89b78d62b828dba832c","72e4d89b78d62b828dba832c","2012","19-Apr-12","USA","Florida","Indialantic, Brevard County","28.0911921","-80.5679875","unreviewed location-only geocode cache match","2012.04.19.b; 2012.04.19.b; 2012.04.19.b; 2012.04.19.b; 2012.04.19.b","AI1SAD local legacy incident file; Global Shark Attack File; N-Enzer SharkAttackAnalysis mirror; Ordovas shark-attack mirror; Ordovas cleaned shark-attack mirror","","",""
"pending","incident:78b8c84ed3b46edaf336956e","78b8c84ed3b46edaf336956e","2014","16-Nov-14","USA","Florida","Indian Harbor Beach, Brevard County","28.1561668","-80.5917399","unreviewed location-only geocode cache match","2014.11.16; 2014.11.16; 2014.11.16; 2014.11.16; 2014.11.16","AI1SAD local legacy incident file; Global Shark Attack File; N-Enzer SharkAttackAnalysis mirror; Ordovas shark-attack mirror; Ordovas cleaned shark-attack mirror","","",""
"pending","incident:2f0888d3ad6da5c8dd52fd09","2f0888d3ad6da5c8dd52fd09","2009","22-Jul-09","USA","Florida","Intracoastal Waterway, St. Petersburg","27.6753216","-82.6085457","unreviewed location-only geocode cache match","2009.07.22.a; 2009.07.22.a; 2009.07.22.a; 2009.07.22.a; 2009.07.22.a","AI1SAD local legacy incident file; Global Shark Attack File; N-Enzer SharkAttackAnalysis mirror; Ordovas shark-attack mirror; Ordovas cleaned shark-attack mirror","","",""
"pending","incident:351185172086e44d798d73e6","351185172086e44d798d73e6","2007","7-Aug-07","USA","Florida","Islamorada, Monroe County","24.9236561","-80.6291479","unreviewed location-only geocode cache match","2007.08.07; 2007.08.07; 2007.08.07; 2007.08.07; 2007.08.07","AI1SAD local legacy incident file; Global Shark Attack File; N-Enzer SharkAttackAnalysis mirror; Ordovas shark-attack mirror; Ordovas cleaned shark-attack mirror","","",""
"pending","incident:da764f65ce7ef78ea427b65c","da764f65ce7ef78ea427b65c","2010","10-Jun-10","USA","Florida","Jacksonville","30.3321838","-81.655651","unreviewed location-only geocode cache match","2010.06.10; 2010.06.10; 2010.06.10; 2010.06.10; 2010.06.10","AI1SAD local legacy incident file; Global Shark Attack File; N-Enzer SharkAttackAnalysis mirror; Ordovas shark-attack mirror; Ordovas cleaned shark-attack mirror","","",""
"pending","incident:6570e0eebdf8d9e0abfb9da7","6570e0eebdf8d9e0abfb9da7","2019","21-Apr-2019","USA","Florida","Jacksonville Beach, Duval County","30.2946859","-81.3931396","unreviewed location-only geocode cache match","2019.04.21","Global Shark Attack File","","",""
"pending","incident:82d3e4d5f6605ea02f27c07d","82d3e4d5f6605ea02f27c07d","2019","27-Jul-2019","USA","Florida","Jacksonville Beach, Duval County","30.2946859","-81.3931396","unreviewed location-only geocode cache match","2019.07.27.a","Global Shark Attack File","","",""
"pending","incident:f11e5cd51359a2c275e52535","f11e5cd51359a2c275e52535","2019","31-Aug-2019","USA","Florida","Jacksonville Beach, Duval County","30.2946859","-81.3931396","unreviewed location-only geocode cache match","2019.08.31.a","Global Shark Attack File","","",""
"pending","incident:2cbd162ed82f2a5cc3406702","2cbd162ed82f2a5cc3406702","2018","20-Sep-2018","USA","Florida","Jacksonville Beach, Duval County","30.2946859","-81.3931396","unreviewed location-only geocode cache match","2018.09.20.b","Global Shark Attack File","","",""
"pending","incident:18a8dfb06a382667b4afb03a","18a8dfb06a382667b4afb03a","2015","19-Aug-15","USA","Florida","Jacksonville Beach, Duval County","30.2946859","-81.3931396","unreviewed location-only geocode cache match","2015.08.19; 2015.08.19; 2015.08.19; 2015.08.19; 2015.08.19","AI1SAD local legacy incident file; Global Shark Attack File; N-Enzer SharkAttackAnalysis mirror; Ordovas shark-attack mirror; Ordovas cleaned shark-attack mirror","","",""
"pending","incident:99ea38c33bf821679095ce17","99ea38c33bf821679095ce17","2015","17-Sep-15","USA","Florida","Jacksonville Beach, Duval County","30.2946859","-81.3931396","unreviewed location-only geocode cache match","2015.09.17; 2015.09.17; 2015.09.17; 2015.09.17; 2015.09.17","AI1SAD local legacy incident file; Global Shark Attack File; N-Enzer SharkAttackAnalysis mirror; Ordovas shark-attack mirror; Ordovas cleaned shark-attack mirror","","",""
"pending","incident:b14bfe1abfabd8f63f5dcc36","b14bfe1abfabd8f63f5dcc36","2014","13-May-14","USA","Florida","Jacksonville Beach, Duval County","30.2946859","-81.3931396","unreviewed location-only geocode cache match","2014.05.13; 2014.05.13; 2014.05.13; 2014.05.13; 2014.05.13","AI1SAD local legacy incident file; Global Shark Attack File; N-Enzer SharkAttackAnalysis mirror; Ordovas shark-attack mirror; Ordovas cleaned shark-attack mirror","","",""
"pending","incident:2b4ab02f342af00ca83b8f28","2b4ab02f342af00ca83b8f28","2010","23-Jul-10","USA","Florida","Jacksonville Beach, Duval County","30.2946859","-81.3931396","unreviewed location-only geocode cache match","2010.07.23; 2010.07.23; 2010.07.23; 2010.07.23; 2010.07.23","AI1SAD local legacy incident file; Global Shark Attack File; N-Enzer SharkAttackAnalysis mirror; Ordovas shark-attack mirror; Ordovas cleaned shark-attack mirror","","",""
"pending","incident:e2c4482e026c525bfc0f3c05","e2c4482e026c525bfc0f3c05","2005","6-Apr-05","USA","Florida","Jacksonville Beach, Duval County","30.2946859","-81.3931396","unreviewed location-only geocode cache match","2005.04.06; 2005.04.06; 2005.04.06; 2005.04.06; 2005.04.06; 2005.04.06; 2005.04.06; 2005.04.06; 2005.04.06","AI1SAD local legacy incident file; AI1SAD local legacy incident file; Global Shark Attack File; Global Shark Attack File; N-Enzer SharkAttackAnalysis mirror; N-Enzer SharkAttackAnalysis mirror; Ordovas shark-attack mirror; Ordovas shark-attack mirror; Ordovas cleaned shark-attack mirror","","",""
"pending","incident:e5c03596a65e5c7619e7cc7f","e5c03596a65e5c7619e7cc7f","2004","22-May-04","USA","Florida","Jacksonville Beach, Duval County","30.2946859","-81.3931396","unreviewed location-only geocode cache match","2004.05.22.b; 2004.05.22.b; 2004.05.22.b; 2004.05.22.b; 2004.05.22.b","AI1SAD local legacy incident file; Global Shark Attack File; N-Enzer SharkAttackAnalysis mirror; Ordovas shark-attack mirror; Ordovas cleaned shark-attack mirror","","",""
"pending","incident:462758dae525937347d56270","462758dae525937347d56270","2013","25-Jun-13","USA","Florida","Jacksonville, Duval County","30.3321838","-81.655651","unreviewed location-only geocode cache match","2013.06.25.b; 2013.06.25.b; 2013.06.25.b; 2013.06.25.b; 2013.06.25.b","AI1SAD local legacy incident file; Global Shark Attack File; N-Enzer SharkAttackAnalysis mirror; Ordovas shark-attack mirror; Ordovas cleaned shark-attack mirror","","",""
"pending","incident:5d3af2433910e45d672dcb05","5d3af2433910e45d672dcb05","2012","23-May-12","USA","Florida","Jacksonville, Duval County","30.3321838","-81.655651","unreviewed location-only geocode cache match","2012.05.23; 2012.05.23; 2012.05.23; 2012.05.23; 2012.05.23","AI1SAD local legacy incident file; Global Shark Attack File; N-Enzer SharkAttackAnalysis mirror; Ordovas shark-attack mirror; Ordovas cleaned shark-attack mirror","","",""
"pending","incident:58010b4f5d45743fa47ad4db","58010b4f5d45743fa47ad4db","2001","3-May-01","USA","Florida","Jacksonville, Duval County","30.3321838","-81.655651","unreviewed location-only geocode cache match","2001.05.03; 2001.05.03; 2001.05.03; 2001.05.03; 2001.05.03","AI1SAD local legacy incident file; Global Shark Attack File; N-Enzer SharkAttackAnalysis mirror; Ordovas shark-attack mirror; Ordovas cleaned shark-attack mirror","","",""
"pending","incident:0f2e5cb7f9265ef3f39bf300","0f2e5cb7f9265ef3f39bf300","2017","13-Jan-17","USA","Florida","Jensen Beach","27.2500487","-80.2304161","unreviewed location-only geocode cache match","2017.01.13.a; 2017.01.13.a; 2017.01.13.a; 2017.01.13.a; 2017.01.13.a","AI1SAD local legacy incident file; Global Shark Attack File; N-Enzer SharkAttackAnalysis mirror; Ordovas shark-attack mirror; Ordovas cleaned shark-attack mirror","","",""
"pending","incident:81595149fd8da880f2b3e92a","81595149fd8da880f2b3e92a","2021","03-Oct-2021","USA","Florida","Jensen Beach, Martin County","27.2500487","-80.2304161","unreviewed location-only geocode cache match","2021.10.03.b","Global Shark Attack File","","",""
"pending","incident:3e26f7805e5d5c03f63dd3d0","3e26f7805e5d5c03f63dd3d0","2020","02-Sep-2020","USA","Florida","Jensen Beach, Martin County","27.2500487","-80.2304161","unreviewed location-only geocode cache match","2020.09.02.R","Global Shark Attack File","","",""
"pending","incident:bc83623ac77e844f49ccc557","bc83623ac77e844f49ccc557","2013","4-Apr-13","USA","Florida","Jensen Beach, Martin County","27.2500487","-80.2304161","unreviewed location-only geocode cache match","2013.04.04; 2013.04.04; 2013.04.04; 2013.04.04; 2013.04.04","AI1SAD local legacy incident file; Global Shark Attack File; N-Enzer SharkAttackAnalysis mirror; Ordovas shark-attack mirror; Ordovas cleaned shark-attack mirror","","",""
"pending","incident:756de56115ed688222b8b066","756de56115ed688222b8b066","2012","31-Dec-12","USA","Florida","Jensen Beach, Martin County","27.2500487","-80.2304161","unreviewed location-only geocode cache match","2012.12.31; 2012.12.31; 2012.12.31; 2012.12.31; 2012.12.31","AI1SAD local legacy incident file; Global Shark Attack File; N-Enzer SharkAttackAnalysis mirror; Ordovas shark-attack mirror; Ordovas cleaned shark-attack mirror","","",""
"pending","incident:81c223c20b6c13c2d28b7c84","81c223c20b6c13c2d28b7c84","2012","15-Mar-12","USA","Florida","Jensen Beach, Martin County","27.2500487","-80.2304161","unreviewed location-only geocode cache match","2012.03.15; 2012.03.15; 2012.03.15; 2012.03.15; 2012.03.15","AI1SAD local legacy incident file; Global Shark Attack File; N-Enzer SharkAttackAnalysis mirror; Ordovas shark-attack mirror; Ordovas cleaned shark-attack mirror","","",""
"pending","incident:2c374d67758547fada9b7a32","2c374d67758547fada9b7a32","2005","21-Nov-05","USA","Florida","Jensen Beach, Martin County","27.2500487","-80.2304161","unreviewed location-only geocode cache match","2005.11.21; 2005.11.21; 2005.11.21; 2005.11.21; 2005.11.21","AI1SAD local legacy incident file; Global Shark Attack File; N-Enzer SharkAttackAnalysis mirror; Ordovas shark-attack mirror; Ordovas cleaned shark-attack mirror","","",""
"pending","incident:b88b6134661ccc2f62085f0d","b88b6134661ccc2f62085f0d","2002","9-Jun-02","USA","Florida","Jensen Beach, Martin County","27.2500487","-80.2304161","unreviewed location-only geocode cache match","2002.06.09.a; 2002.06.09.a; 2002.06.09.a; 2002.06.09.a; 2002.06.09.a","AI1SAD local legacy incident file; Global Shark Attack File; N-Enzer SharkAttackAnalysis mirror; Ordovas shark-attack mirror; Ordovas cleaned shark-attack mirror","","",""
"pending","incident:142f44df098528e115e45829","142f44df098528e115e45829","2023","05 Nov-2023","USA","Florida","Juno Beach, Palm Beach County","26.8815475","-80.0539253","unreviewed location-only geocode cache match","","Global Shark Attack File","","",""
"pending","incident:0cf3845266e66c50cc7da5ad","0cf3845266e66c50cc7da5ad","2021","18-Mar-2021","USA","Florida","Juno Beach, Palm Beach County","26.8815475","-80.0539253","unreviewed location-only geocode cache match","2021.03.18","Global Shark Attack File","","",""
"pending","incident:8009c7e3732aa6a5f7b3fab8","8009c7e3732aa6a5f7b3fab8","2018","24-Nov-2018","USA","Florida","Juno Beach, Palm Beach County","26.8815475","-80.0539253","unreviewed location-only geocode cache match","2018.11.24","Global Shark Attack File","","",""
"pending","incident:39227e9edd350e1a6d791646","39227e9edd350e1a6d791646","2017","23-Oct-17","USA","Florida","Juno Beach, Palm Beach County","26.8815475","-80.0539253","unreviewed location-only geocode cache match","2017.10.23.b; 2017.10.23.b; 2017.10.23.b; 2017.10.23.b; 2017.10.23.b","AI1SAD local legacy incident file; Global Shark Attack File; N-Enzer SharkAttackAnalysis mirror; Ordovas shark-attack mirror; Ordovas cleaned shark-attack mirror","","",""
"pending","incident:ab99c4895fc28a49d1060d6d","ab99c4895fc28a49d1060d6d","2012","26-Jun-12","USA","Florida","Juno Beach, Palm Beach County","26.8815475","-80.0539253","unreviewed location-only geocode cache match","2012.06.26.c; 2012.06.26.c; 2012.06.26.c; 2012.06.26.c; 2012.06.26.c","AI1SAD local legacy incident file; Global Shark Attack File; N-Enzer SharkAttackAnalysis mirror; Ordovas shark-attack mirror; Ordovas cleaned shark-attack mirror","","",""
"pending","incident:ad42df0dc6babac01e46ba27","ad42df0dc6babac01e46ba27","2000","26-Mar-00","USA","Florida","Juno Beach, Palm Beach County","26.8815475","-80.0539253","unreviewed location-only geocode cache match","2000.03.26; 2000.03.26; 2000.03.26; 2000.03.26; 2000.03.26","AI1SAD local legacy incident file; Global Shark Attack File; N-Enzer SharkAttackAnalysis mirror; Ordovas shark-attack mirror; Ordovas cleaned shark-attack mirror","","",""
"pending","incident:61d1406fa3e6f465f38927a7","61d1406fa3e6f465f38927a7","2007","21-Mar-07","USA","Florida","Jupiter Inlet","26.9489465","-80.0747637","unreviewed location-only geocode cache match","2007.03.21; 2007.03.21; 2007.03.21; 2007.03.21; 2007.03.21","AI1SAD local legacy incident file; Global Shark Attack File; N-Enzer SharkAttackAnalysis mirror; Ordovas shark-attack mirror; Ordovas cleaned shark-attack mirror","","",""
"pending","incident:2301e73fa75ecc02de7bed61","2301e73fa75ecc02de7bed61","2011","31-Dec-11","USA","Florida","Jupiter, Palm Beach County","26.9342246","-80.0942087","unreviewed location-only geocode cache match","2011.12.31; 2011.12.31; 2011.12.31; 2011.12.31; 2011.12.31","AI1SAD local legacy incident file; Global Shark Attack File; N-Enzer SharkAttackAnalysis mirror; Ordovas shark-attack mirror; Ordovas cleaned shark-attack mirror","","",""
"pending","incident:720d060266e606c35c4ac3fd","720d060266e606c35c4ac3fd","2009","13-Nov-09","USA","Florida","Jupiter, Palm Beach County","26.9342246","-80.0942087","unreviewed location-only geocode cache match","2009.11.13; 2009.11.13; 2009.11.13; 2009.11.13; 2009.11.13","AI1SAD local legacy incident file; Global Shark Attack File; N-Enzer SharkAttackAnalysis mirror; Ordovas shark-attack mirror; Ordovas cleaned shark-attack mirror","","",""
"pending","incident:c135b77b3700ad92b90e9b24","c135b77b3700ad92b90e9b24","2009","16-Nov-09","USA","Florida","Jupiter, Palm Beach County","26.9342246","-80.0942087","unreviewed location-only geocode cache match","2009.11.16.a; 2009.11.16.a; 2009.11.16.a; 2009.11.16.a; 2009.11.16.a","AI1SAD local legacy incident file; Global Shark Attack File; N-Enzer SharkAttackAnalysis mirror; Ordovas shark-attack mirror; Ordovas cleaned shark-attack mirror","","",""
"pending","incident:1882043ba846d509bf1447be","1882043ba846d509bf1447be","2003","15-Feb-03","USA","Florida","Jupiter, Palm Beach County","26.9342246","-80.0942087","unreviewed location-only geocode cache match","2003.02.15.a; 2003.02.15.a; 2003.02.15.a; 2003.02.15.a; 2003.02.15.a","AI1SAD local legacy incident file; Global Shark Attack File; N-Enzer SharkAttackAnalysis mirror; Ordovas shark-attack mirror; Ordovas cleaned shark-attack mirror","","",""
"pending","incident:79a7ebc8c2330b77d3c22d0c","79a7ebc8c2330b77d3c22d0c","2019","02-Feb-2019","USA","Florida","Key Biscayne","25.6968351","-80.1635261","unreviewed location-only geocode cache match","2019.02.02.a; sharks_happen:0675","Global Shark Attack File; Hal / Sharks Happen Stats","","",""
"pending","incident:233c3e911d16c8762532c2c0","233c3e911d16c8762532c2c0","2001","7-Sep-01","USA","Florida","Key Biscayne, Dade County","25.6968351","-80.1635261","unreviewed location-only geocode cache match","2001.09.07.b; 2001.09.07.b; 2001.09.07.b; 2001.09.07.b; 2001.09.07.b","AI1SAD local legacy incident file; Global Shark Attack File; N-Enzer SharkAttackAnalysis mirror; Ordovas shark-attack mirror; Ordovas cleaned shark-attack mirror","","",""
"pending","incident:d203e7db50f8b64a0cf7b7b1","d203e7db50f8b64a0cf7b7b1","2021","02-Apr-2021","USA","Florida","Key Biscayne, Miami-Dade County","25.6968351","-80.1635261","unreviewed location-only geocode cache match","2021.04.03","Global Shark Attack File","","",""
"pending","incident:cd545facce0a131914ab4845","cd545facce0a131914ab4845","2009","26-Sep-09","USA","Florida","Key Colony Beach, Monroe County","24.7209744","-81.0186827","unreviewed location-only geocode cache match","2009.09.26; 2009.09.26; 2009.09.26; 2009.09.26; 2009.09.26","AI1SAD local legacy incident file; Global Shark Attack File; N-Enzer SharkAttackAnalysis mirror; Ordovas shark-attack mirror; Ordovas cleaned shark-attack mirror","","",""
"pending","incident:ba428e22d2866b6b9a36efa9","ba428e22d2866b6b9a36efa9","2012","8-Aug-12","USA","Florida","Key Largo","25.087035","-80.4472392","unreviewed location-only geocode cache match","2012.08.09; 2012.08.09; 2012.08.09; 2012.08.09; 2012.08.09","AI1SAD local legacy incident file; Global Shark Attack File; N-Enzer SharkAttackAnalysis mirror; Ordovas shark-attack mirror; Ordovas cleaned shark-attack mirror","","",""
"pending","incident:ed3036d8c1624a4c6f8255b3","ed3036d8c1624a4c6f8255b3","2022","10-Oct-2022","USA","Florida","Key Largo, Monroe County","25.091338","-80.4677741","unreviewed location-only geocode cache match","","Global Shark Attack File","","",""
"pending","incident:13530288e5ed93d51c3ac3ac","13530288e5ed93d51c3ac3ac","2021","07-Aug-2021","USA","Florida","Key Largo, Monroe County","25.091338","-80.4677741","unreviewed location-only geocode cache match","2021.08.07.a","Global Shark Attack File","","",""
"pending","incident:18a7114086dd144667dd5ae6","18a7114086dd144667dd5ae6","2002","27-Sep-02","USA","Florida","Key Largo, Monroe County","25.091338","-80.4677741","unreviewed location-only geocode cache match","2002.09.27.b; 2002.09.27.b; 2002.09.27.b; 2002.09.27.b; 2002.09.27.b","AI1SAD local legacy incident file; Global Shark Attack File; N-Enzer SharkAttackAnalysis mirror; Ordovas shark-attack mirror; Ordovas cleaned shark-attack mirror","","",""
"pending","incident:a1bd0a85b9568f203d984b0f","a1bd0a85b9568f203d984b0f","2013","01-Sep-2013","USA","Florida","Key West Aquarium","24.5590739","-81.8073197","unreviewed location-only geocode cache match","2013.09.01.c; 2013.09.01.c; 2013.09.01.c; 2013.09.01.c; 2013.09.01.c","AI1SAD local legacy incident file; Global Shark Attack File; N-Enzer SharkAttackAnalysis mirror; Ordovas shark-attack mirror; Ordovas cleaned shark-attack mirror","","",""
"pending","incident:e2fbed08d09443263429f17e","e2fbed08d09443263429f17e","2022","31-Mar-2022","USA","Florida","Lake Worth Beach, Palm Beach County","26.6159698","-80.0569927","unreviewed location-only geocode cache match","2022.03.31","Global Shark Attack File","","",""
"pending","incident:a865352f5ded23332810cc41","a865352f5ded23332810cc41","2017","18-Oct-17","USA","Florida","Lantana Beach, Palm Beach County","26.5934497","-80.085322","unreviewed location-only geocode cache match","2017.10.18; 2017.10.18; 2017.10.18; 2017.10.18; 2017.10.18","AI1SAD local legacy incident file; Global Shark Attack File; N-Enzer SharkAttackAnalysis mirror; Ordovas shark-attack mirror; Ordovas cleaned shark-attack mirror","","",""
"pending","incident:af7a20daafd468a95bd48ac3","af7a20daafd468a95bd48ac3","2010","11-Jul-10","USA","Florida","Lauderdale-by-the-Sea, Broward County","26.192028","-80.0964326","unreviewed location-only geocode cache match","2010.07.11; 2010.07.11; 2010.07.11; 2010.07.11; 2010.07.11","AI1SAD local legacy incident file; Global Shark Attack File; N-Enzer SharkAttackAnalysis mirror; Ordovas shark-attack mirror; Ordovas cleaned shark-attack mirror","","",""
"pending","incident:b7b16dc444ea0306b5953f3d","b7b16dc444ea0306b5953f3d","2007","13-Sep-07","USA","Florida","Lauderdale-by-the-Sea, Broward County","26.192028","-80.0964326","unreviewed location-only geocode cache match","2007.09.13; 2007.09.13; 2007.09.13; 2007.09.13; 2007.09.13","AI1SAD local legacy incident file; Global Shark Attack File; N-Enzer SharkAttackAnalysis mirror; Ordovas shark-attack mirror; Ordovas cleaned shark-attack mirror","","",""
"pending","incident:3896e85d04f48ea0bc892c5a","3896e85d04f48ea0bc892c5a","2002","1-Apr-02","USA","Florida","Lauderdale-By-The-Sea, Broward County","26.192028","-80.0964326","unreviewed location-only geocode cache match","2002.04.01; 2002.04.01; 2002.04.01; 2002.04.01; 2002.04.01","AI1SAD local legacy incident file; Global Shark Attack File; N-Enzer SharkAttackAnalysis mirror; Ordovas shark-attack mirror; Ordovas cleaned shark-attack mirror","","",""
"pending","incident:2b9421b23addc79683200257","2b9421b23addc79683200257","2005","22-Feb-05","USA","Florida","Long Key, Monroe County","24.819859","-80.821734","unreviewed location-only geocode cache match","2005.02.22; 2005.02.22; 2005.02.22; 2005.02.22; 2005.02.22","AI1SAD local legacy incident file; Global Shark Attack File; N-Enzer SharkAttackAnalysis mirror; Ordovas shark-attack mirror; Ordovas cleaned shark-attack mirror","","",""
"pending","incident:64d9ac40b2664e9dea68652c","64d9ac40b2664e9dea68652c","2014","21-Mar-14","USA","Florida","Macarthur State Park","-38.0772804","141.9004492","unreviewed location-only geocode cache match","2014.03.21; 2014.03.21; 2014.03.21; 2014.03.21; 2014.03.21","AI1SAD local legacy incident file; Global Shark Attack File; N-Enzer SharkAttackAnalysis mirror; Ordovas shark-attack mirror; Ordovas cleaned shark-attack mirror","","",""
"pending","incident:bc237aa30e275ac60ab3067a","bc237aa30e275ac60ab3067a","2023","18-May-2023","USA","Florida","Marathon, Monroe County","24.7137524","-81.0903512","unreviewed location-only geocode cache match","","Global Shark Attack File","","",""
"pending","incident:86e297c0ce7007f8532a2c30","86e297c0ce7007f8532a2c30","2022","22-Sep-2022","USA","Florida","Marathon, Monroe County","24.7137524","-81.0903512","unreviewed location-only geocode cache match","","Global Shark Attack File","","",""
"pending","incident:e36102a7cb5099f7f4d1a879","e36102a7cb5099f7f4d1a879","2017","2-Sep-17","USA","Florida","Marathon, Monroe County","24.7137524","-81.0903512","unreviewed location-only geocode cache match","2017.09.02.c; 2017.09.02.c; 2017.09.02.c; 2017.09.02.c; 2017.09.02.c","AI1SAD local legacy incident file; Global Shark Attack File; N-Enzer SharkAttackAnalysis mirror; Ordovas shark-attack mirror; Ordovas cleaned shark-attack mirror","","",""
"pending","incident:077aed4c6b4449fc9b20bbdf","077aed4c6b4449fc9b20bbdf","2001","24-Jul-01","USA","Florida","Marathon, Monroe County","24.7137524","-81.0903512","unreviewed location-only geocode cache match","2001.07.24; 2001.07.24; 2001.07.24; 2001.07.24; 2001.07.24","AI1SAD local legacy incident file; Global Shark Attack File; N-Enzer SharkAttackAnalysis mirror; Ordovas shark-attack mirror; Ordovas cleaned shark-attack mirror","","",""
"pending","incident:50505a00e2c92e32da789444","50505a00e2c92e32da789444","2006","3-Apr-06","USA","Florida","Marco Island, Collier County","25.9372513","-81.71573","unreviewed location-only geocode cache match","2006.04.03; 2006.04.03; 2006.04.03; 2006.04.03; 2006.04.03","AI1SAD local legacy incident file; Global Shark Attack File; N-Enzer SharkAttackAnalysis mirror; Ordovas shark-attack mirror; Ordovas cleaned shark-attack mirror","","",""
"pending","incident:cab9d18d59a294da6abc44d9","cab9d18d59a294da6abc44d9","2007","30-Jun-07","USA","Florida","Marques Island","-45.3534112","-69.1569481","unreviewed location-only geocode cache match","2007.06.30.b; 2007.06.30.b; 2007.06.30.b; 2007.06.30.b; 2007.06.30.b","AI1SAD local legacy incident file; Global Shark Attack File; N-Enzer SharkAttackAnalysis mirror; Ordovas shark-attack mirror; Ordovas cleaned shark-attack mirror","","",""
"pending","incident:8958142746d73f0ebe921bdc","8958142746d73f0ebe921bdc","2016","29-Oct-16","USA","Florida","Mayport Naval Station Duval County","30.3842526","-81.4153403","unreviewed location-only geocode cache match","2016.10.29; 2016.10.29; 2016.10.29; 2016.10.29; 2016.10.29","AI1SAD local legacy incident file; Global Shark Attack File; N-Enzer SharkAttackAnalysis mirror; Ordovas shark-attack mirror; Ordovas cleaned shark-attack mirror","","",""
"pending","incident:f0d1869a8a1886f82f17af5b","f0d1869a8a1886f82f17af5b","2020","14-Jul-2020","USA","Florida","Melbourne Beach, Brevard County","28.0684067","-80.5607951","unreviewed location-only geocode cache match","2020.07.14","Global Shark Attack File","","",""
"pending","incident:788d5bc822d7edaf164cc86c","788d5bc822d7edaf164cc86c","2020","15-Sep-2020","USA","Florida","Melbourne Beach, Brevard County","28.0684067","-80.5607951","unreviewed location-only geocode cache match","2020.09.15.a","Global Shark Attack File","","",""
"pending","incident:8184603f979020a18e64613d","8184603f979020a18e64613d","2017","11-Feb-17","USA","Florida","Melbourne Beach, Brevard County","28.0684067","-80.5607951","unreviewed location-only geocode cache match","2017.02.11; 2017.02.11; 2017.02.11; 2017.02.11; 2017.02.11","AI1SAD local legacy incident file; Global Shark Attack File; N-Enzer SharkAttackAnalysis mirror; Ordovas shark-attack mirror; Ordovas cleaned shark-attack mirror","","",""
"pending","incident:1139f4ff4fae4af03af85ccc","1139f4ff4fae4af03af85ccc","2017","10-Apr-17","USA","Florida","Melbourne Beach, Brevard County","28.0684067","-80.5607951","unreviewed location-only geocode cache match","2017.04.10.a; 2017.04.10.a; 2017.04.10.a; 2017.04.10.a; 2017.04.10.a","AI1SAD local legacy incident file; Global Shark Attack File; N-Enzer SharkAttackAnalysis mirror; Ordovas shark-attack mirror; Ordovas cleaned shark-attack mirror","","",""
"pending","incident:de90557786de34cc80d6f3d2","de90557786de34cc80d6f3d2","2017","10-Apr-17","USA","Florida","Melbourne Beach, Brevard County","28.0684067","-80.5607951","unreviewed location-only geocode cache match","2017.04.10.b; 2017.04.10.b; 2017.04.10.b; 2017.04.10.b; 2017.04.10.b","AI1SAD local legacy incident file; Global Shark Attack File; N-Enzer SharkAttackAnalysis mirror; Ordovas shark-attack mirror; Ordovas cleaned shark-attack mirror","","",""
"pending","incident:583fc66406bc1a080f4d7b9a","583fc66406bc1a080f4d7b9a","2016","6-Jul-16","USA","Florida","Melbourne Beach, Brevard County","28.0684067","-80.5607951","unreviewed location-only geocode cache match","2016.07.06; 2016.07.06; 2016.07.06; 2016.07.06; 2016.07.06","AI1SAD local legacy incident file; Global Shark Attack File; N-Enzer SharkAttackAnalysis mirror; Ordovas shark-attack mirror; Ordovas cleaned shark-attack mirror","","",""
"pending","incident:1f03c2dc0956f314483c78bf","1f03c2dc0956f314483c78bf","2014","12-Oct-14","USA","Florida","Melbourne Beach, Brevard County","28.0684067","-80.5607951","unreviewed location-only geocode cache match","2014.10.12; 2014.10.12; 2014.10.12; 2014.10.12; 2014.10.12","AI1SAD local legacy incident file; Global Shark Attack File; N-Enzer SharkAttackAnalysis mirror; Ordovas shark-attack mirror; Ordovas cleaned shark-attack mirror","","",""
"pending","incident:fdcec32cee3291c2b8815827","fdcec32cee3291c2b8815827","2013","4-May-13","USA","Florida","Melbourne Beach, Brevard County","28.0684067","-80.5607951","unreviewed location-only geocode cache match","2013.05.04.a; 2013.05.04.a; 2013.05.04.a; 2013.05.04.a; 2013.05.04.a","AI1SAD local legacy incident file; Global Shark Attack File; N-Enzer SharkAttackAnalysis mirror; Ordovas shark-attack mirror; Ordovas cleaned shark-attack mirror","","",""
"pending","incident:cffcdb18cc1bf3cbaa505884","cffcdb18cc1bf3cbaa505884","2013","29-Sep-13","USA","Florida","Melbourne Beach, Brevard County","28.0684067","-80.5607951","unreviewed location-only geocode cache match","2013.09.29.b; 2013.09.29.b; 2013.09.29.b; 2013.09.29.b; 2013.09.29.b","AI1SAD local legacy incident file; Global Shark Attack File; N-Enzer SharkAttackAnalysis mirror; Ordovas shark-attack mirror; Ordovas cleaned shark-attack mirror","","",""
"pending","incident:778a2e284b934f11d314134e","778a2e284b934f11d314134e","2012","19-Nov-12","USA","Florida","Melbourne Beach, Brevard County","28.0684067","-80.5607951","unreviewed location-only geocode cache match","2012.11.19; 2012.11.19; 2012.11.19; 2012.11.19; 2012.11.19","AI1SAD local legacy incident file; Global Shark Attack File; N-Enzer SharkAttackAnalysis mirror; Ordovas shark-attack mirror; Ordovas cleaned shark-attack mirror","","",""
"pending","incident:e1c37bdb7de460fc51dd5dc1","e1c37bdb7de460fc51dd5dc1","2012","25-Sep-12","USA","Florida","Melbourne Beach, Brevard County","28.0684067","-80.5607951","unreviewed location-only geocode cache match","2012.09.25; 2012.09.25; 2012.09.25; 2012.09.25; 2012.09.25","AI1SAD local legacy incident file; Global Shark Attack File; N-Enzer SharkAttackAnalysis mirror; Ordovas shark-attack mirror; Ordovas cleaned shark-attack mirror","","",""
"pending","incident:075c9532e0edca9ba9ef4841","075c9532e0edca9ba9ef4841","2012","4-Sep-12","USA","Florida","Melbourne Beach, Brevard County","28.0684067","-80.5607951","unreviewed location-only geocode cache match","2012.09.04; 2012.09.04; 2012.09.04; 2012.09.04; 2012.09.04","AI1SAD local legacy incident file; Global Shark Attack File; N-Enzer SharkAttackAnalysis mirror; Ordovas shark-attack mirror; Ordovas cleaned shark-attack mirror","","",""
"pending","incident:12a91257d9d21c2a9216333e","12a91257d9d21c2a9216333e","2003","13-Dec-03","USA","Florida","Melbourne Beach, Brevard County","28.0684067","-80.5607951","unreviewed location-only geocode cache match","2003.12.13.b; 2003.12.13.b; 2003.12.13.b; 2003.12.13.b; 2003.12.13.b","AI1SAD local legacy incident file; Global Shark Attack File; N-Enzer SharkAttackAnalysis mirror; Ordovas shark-attack mirror; Ordovas cleaned shark-attack mirror","","",""
"pending","incident:580e4b6a661460a9021ce6b8","580e4b6a661460a9021ce6b8","2003","21-Apr-03","USA","Florida","Melbourne Beach, Brevard County","28.0684067","-80.5607951","unreviewed location-only geocode cache match","2003.04.21.b; 2003.04.21.b; 2003.04.21.b; 2003.04.21.b; 2003.04.21.b","AI1SAD local legacy incident file; Global Shark Attack File; N-Enzer SharkAttackAnalysis mirror; Ordovas shark-attack mirror; Ordovas cleaned shark-attack mirror","","",""
"pending","incident:4d0ce5f40af4a3980809a7c0","4d0ce5f40af4a3980809a7c0","2003","9-Apr-03","USA","Florida","Melbourne Beach, Brevard County","28.0684067","-80.5607951","unreviewed location-only geocode cache match","2003.04.09; 2003.04.09; 2003.04.09; 2003.04.09; 2003.04.09","AI1SAD local legacy incident file; Global Shark Attack File; N-Enzer SharkAttackAnalysis mirror; Ordovas shark-attack mirror; Ordovas cleaned shark-attack mirror","","",""
"pending","incident:2941d0a8db5a302b3e9c3421","2941d0a8db5a302b3e9c3421","2011","10-May-11","USA","Florida","Miami","25.7741566","-80.1935973","unreviewed location-only geocode cache match","2011.05.10; 2011.05.10; 2011.05.10; 2011.05.10; 2011.05.10","AI1SAD local legacy incident file; Global Shark Attack File; N-Enzer SharkAttackAnalysis mirror; Ordovas shark-attack mirror; Ordovas cleaned shark-attack mirror","","",""
"pending","incident:8171a48a4832242653c1aac0","8171a48a4832242653c1aac0","2013","19-Oct-13","USA","Florida","Miami Beach","25.7929198","-80.1353006","unreviewed location-only geocode cache match","2013.10.19; 2013.10.19; 2013.10.19; 2013.10.19; 2013.10.19","AI1SAD local legacy incident file; Global Shark Attack File; N-Enzer SharkAttackAnalysis mirror; Ordovas shark-attack mirror; Ordovas cleaned shark-attack mirror","","",""
"pending","incident:bb204cf383a48299c86676b3","bb204cf383a48299c86676b3","2021","21-Mar-2021","USA","Florida","Miami Beach, Miami-Dade County","25.7929198","-80.1353006","unreviewed location-only geocode cache match","2021.03.21","Global Shark Attack File","","",""
"pending","incident:f0f2b516816d5adeda756008","f0f2b516816d5adeda756008","2020","07-Oct-2020","USA","Florida","Miami Beach, Miami-Dade County","25.7929198","-80.1353006","unreviewed location-only geocode cache match","2020.10.07","Global Shark Attack File","","",""
"pending","incident:82033ecdd28bfe588ab920e1","82033ecdd28bfe588ab920e1","2007","7-May-07","USA","Florida","Naples","40.8358846","14.2487679","unreviewed location-only geocode cache match","2007.05.07.a; 2007.05.07.a; 2007.05.07.a; 2007.05.07.a; 2007.05.07.a","AI1SAD local legacy incident file; Global Shark Attack File; N-Enzer SharkAttackAnalysis mirror; Ordovas shark-attack mirror; Ordovas cleaned shark-attack mirror","","",""
"pending","incident:e504fa80cf29feca4601cdb5","e504fa80cf29feca4601cdb5","2012","6-Sep-12","USA","Florida","Neptune Beach, Duval County","30.311908","-81.3964734","unreviewed location-only geocode cache match","2012.09.06.b; 2012.09.06.b; 2012.09.06.b; 2012.09.06.b; 2012.09.06.b","AI1SAD local legacy incident file; Global Shark Attack File; N-Enzer SharkAttackAnalysis mirror; Ordovas shark-attack mirror; Ordovas cleaned shark-attack mirror","","",""
"pending","incident:194ef1be5b9b86f52dfa64c9","194ef1be5b9b86f52dfa64c9","2016","29-May-16","USA","Florida","Neptune, Duval County","30.3194614","-81.3949948","unreviewed location-only geocode cache match","2016.05.29.a; 2016.05.29.a; 2016.05.29.a; 2016.05.29.a; 2016.05.29.a","AI1SAD local legacy incident file; Global Shark Attack File; N-Enzer SharkAttackAnalysis mirror; Ordovas shark-attack mirror; Ordovas cleaned shark-attack mirror","","",""
"pending","incident:7ac427501099af1bc4022687","7ac427501099af1bc4022687","2025","6th July","USA","Florida","New Smyrna Beach","29.0258132","-80.9271271","unreviewed location-only geocode cache match","","Global Shark Attack File","","",""
"pending","incident:b9d3c931e200d9c88d960453","b9d3c931e200d9c88d960453","2025","18th July","USA","Florida","New Smyrna Beach","29.0258132","-80.9271271","unreviewed location-only geocode cache match","","Global Shark Attack File","","",""
"pending","incident:9709a341525f91a54c6c9c09","9709a341525f91a54c6c9c09","2024","2024-07-05 00:00:00","USA","Florida","New Smyrna Beach","29.0258132","-80.9271271","unreviewed location-only geocode cache match","","Global Shark Attack File","","",""
"pending","incident:885d286b180b3bbbf1813cd6","885d286b180b3bbbf1813cd6","2023","14 Jul-2023","USA","Florida","New Smyrna Beach","29.0258132","-80.9271271","unreviewed location-only geocode cache match","","Global Shark Attack File","","",""
"pending","incident:ac8a0ab214ece9f064726298","ac8a0ab214ece9f064726298","2023","15 Jul-2023","USA","Florida","New Smyrna Beach","29.0258132","-80.9271271","unreviewed location-only geocode cache match","","Global Shark Attack File","","",""
"pending","incident:sharks_happen:0617",,"2016","2016-08-29","USA","Florida","New Smyrna Beach","29.0258132","-80.9271271","unreviewed location-only geocode cache match","sharks_happen:0617","Hal / Sharks Happen Stats","","",""
"pending","incident:2018348db660c55c8f8ae117","2018348db660c55c8f8ae117","2011","23-Dec-11","USA","Florida","New Smyrna Beach","29.0258132","-80.9271271","unreviewed location-only geocode cache match","2011.12.23; 2011.12.23; 2011.12.23; 2011.12.23; 2011.12.23","AI1SAD local legacy incident file; Global Shark Attack File; N-Enzer SharkAttackAnalysis mirror; Ordovas shark-attack mirror; Ordovas cleaned shark-attack mirror","","",""
"pending","incident:61b4cd12e66a1c5569cefa43","61b4cd12e66a1c5569cefa43","2011","16-Sep-11","USA","Florida","New Smyrna Beach","29.0258132","-80.9271271","unreviewed location-only geocode cache match","2011.09.16; 2011.09.16; 2011.09.16; 2011.09.16; 2011.09.16","AI1SAD local legacy incident file; Global Shark Attack File; N-Enzer SharkAttackAnalysis mirror; Ordovas shark-attack mirror; Ordovas cleaned shark-attack mirror","","",""
"pending","incident:c8bf85bdb1599e67076f7a60","c8bf85bdb1599e67076f7a60","2010","17-Jul-10","USA","Florida","New Smyrna Beach","29.0258132","-80.9271271","unreviewed location-only geocode cache match","2010.07.17.a; 2010.07.17.a; 2010.07.17.a; 2010.07.17.a; 2010.07.17.a","AI1SAD local legacy incident file; Global Shark Attack File; N-Enzer SharkAttackAnalysis mirror; Ordovas shark-attack mirror; Ordovas cleaned shark-attack mirror","","",""
"pending","incident:8c66b8ef830aa8ed0c5b4af7","8c66b8ef830aa8ed0c5b4af7","2010","1-May-10","USA","Florida","New Smyrna Beach","29.0258132","-80.9271271","unreviewed location-only geocode cache match","2010.05.01; 2010.05.01; 2010.05.01; 2010.05.01; 2010.05.01","AI1SAD local legacy incident file; Global Shark Attack File; N-Enzer SharkAttackAnalysis mirror; Ordovas shark-attack mirror; Ordovas cleaned shark-attack mirror","","",""
"pending","incident:sharks_happen:0515",,"2000","2000-10-06","USA","Florida","New Smyrna Beach","29.0258132","-80.9271271","unreviewed location-only geocode cache match","sharks_happen:0515","Hal / Sharks Happen Stats","","",""
"pending","incident:1784e92396a6e1721378c91b","1784e92396a6e1721378c91b","2023","12 Sep-2023","USA","Florida","New Smyrna Beach, Volusia County","29.0258132","-80.9271271","unreviewed location-only geocode cache match","","Global Shark Attack File","","",""
"pending","incident:6af7bd833c376534393cb525","6af7bd833c376534393cb525","2023","31 Jul-2023","USA","Florida","New Smyrna Beach, Volusia County","29.0258132","-80.9271271","unreviewed location-only geocode cache match","","Global Shark Attack File","","",""
"pending","incident:24cf92bbb8b43cb80f4b25e4","24cf92bbb8b43cb80f4b25e4","2022","03-Jul-2022","USA","Florida","New Smyrna Beach, Volusia County","29.0258132","-80.9271271","unreviewed location-only geocode cache match","2022.07.03.b","Global Shark Attack File","","",""
"pending","incident:64649ac882d041c475b1fd5e","64649ac882d041c475b1fd5e","2022","09-Mar-2022","USA","Florida","New Smyrna Beach, Volusia County","29.0258132","-80.9271271","unreviewed location-only geocode cache match","2022.03.09","Global Shark Attack File","","",""
"pending","incident:51045c6f397592652d6aff0d","51045c6f397592652d6aff0d","2022","10-Jul-2022","USA","Florida","New Smyrna Beach, Volusia County","29.0258132","-80.9271271","unreviewed location-only geocode cache match","2022.07.10","Global Shark Attack File","","",""
"pending","incident:92f9060c76afd4748cc5f11f","92f9060c76afd4748cc5f11f","2022","13-Mar-2022","USA","Florida","New Smyrna Beach, Volusia County","29.0258132","-80.9271271","unreviewed location-only geocode cache match","2022.03.13","Global Shark Attack File","","",""
"pending","incident:bc82a68f3e4b9cdadc85a69f","bc82a68f3e4b9cdadc85a69f","2021","07-Aug-2021","USA","Florida","New Smyrna Beach, Volusia County","29.0258132","-80.9271271","unreviewed location-only geocode cache match","2021..08.07.b","Global Shark Attack File","","",""
"pending","incident:e33d3df0ec4578e8159c110c","e33d3df0ec4578e8159c110c","2021","14-Jun-2021","USA","Florida","New Smyrna Beach, Volusia County","29.0258132","-80.9271271","unreviewed location-only geocode cache match","2021.06.14.b; 2021.06.14.a","Global Shark Attack File; Global Shark Attack File","","",""
"pending","incident:d1378424c9d3bcc4ba4013f2","d1378424c9d3bcc4ba4013f2","2021","15-Jul-2021","USA","Florida","New Smyrna Beach, Volusia County","29.0258132","-80.9271271","unreviewed location-only geocode cache match","2021.07.15","Global Shark Attack File","","",""
"pending","incident:b6a86914dfe21b3f47da0df2","b6a86914dfe21b3f47da0df2","2021","30-Apr-2021","USA","Florida","New Smyrna Beach, Volusia County","29.0258132","-80.9271271","unreviewed location-only geocode cache match","2021.04.30","Global Shark Attack File","","",""
"pending","incident:d572356d314a8e9b6e946e38","d572356d314a8e9b6e946e38","2020","22-Mar-2020","USA","Florida","New Smyrna Beach, Volusia County","29.0258132","-80.9271271","unreviewed location-only geocode cache match","2020.03.22.b; 2020.03.22.a","Global Shark Attack File; Global Shark Attack File","","",""
"pending","incident:070059cc3a79da9fe8175eef","070059cc3a79da9fe8175eef","2020","31-Jul-2020","USA","Florida","New Smyrna Beach, Volusia County","29.0258132","-80.9271271","unreviewed location-only geocode cache match","2020.07.31.c","Global Shark Attack File","","",""
"pending","incident:14cfaed80c614b252b2ca38b","14cfaed80c614b252b2ca38b","2020","23-Jul-2020","USA","Florida","New Smyrna Beach, Volusia County","29.0258132","-80.9271271","unreviewed location-only geocode cache match","2020.07.23.a","Global Shark Attack File","","",""
"pending","incident:e9231586a4e7b22cf1b52ff3","e9231586a4e7b22cf1b52ff3","2020","23-Aug-2020","USA","Florida","New Smyrna Beach, Volusia County","29.0258132","-80.9271271","unreviewed location-only geocode cache match","2020.08.23","Global Shark Attack File","","",""
"pending","incident:59b9fc9bd6ef436d6840d1ad","59b9fc9bd6ef436d6840d1ad","2020","20-Aug-2020","USA","Florida","New Smyrna Beach, Volusia County","29.0258132","-80.9271271","unreviewed location-only geocode cache match","2020.08.20","Global Shark Attack File","","",""
"pending","incident:88fcdbfff98de53678edfce1","88fcdbfff98de53678edfce1","2019","03-Aug-2019","USA","Florida","New Smyrna Beach, Volusia County","29.0258132","-80.9271271","unreviewed location-only geocode cache match","2019.08.03.c; 2019.08.03.b","Global Shark Attack File; Global Shark Attack File","","",""
"pending","incident:974d595d870e57dc2f0f0c38","974d595d870e57dc2f0f0c38","2019","27-Oct-2019","USA","Florida","New Smyrna Beach, Volusia County","29.0258132","-80.9271271","unreviewed location-only geocode cache match","2019.10.27","Global Shark Attack File","","",""
"pending","incident:1cb73381e717837ba4fa82dc","1cb73381e717837ba4fa82dc","2019","04-Aug-2019","USA","Florida","New Smyrna Beach, Volusia County","29.0258132","-80.9271271","unreviewed location-only geocode cache match","2019.08.04","Global Shark Attack File","","",""
"pending","incident:cbd805a8069c1370fb8acd40","cbd805a8069c1370fb8acd40","2019","27-Jul-2019","USA","Florida","New Smyrna Beach, Volusia County","29.0258132","-80.9271271","unreviewed location-only geocode cache match","2019.07.27.b","Global Shark Attack File","","",""
"pending","incident:820e6b2660a398ad331507cc","820e6b2660a398ad331507cc","2019","16-Aug-2019","USA","Florida","New Smyrna Beach, Volusia County","29.0258132","-80.9271271","unreviewed location-only geocode cache match","2019.08.16.a","Global Shark Attack File","","",""
"pending","incident:2f186a88b2265746a5fe8315","2f186a88b2265746a5fe8315","2019","30-Nov-2019","USA","Florida","New Smyrna Beach, Volusia County","29.0258132","-80.9271271","unreviewed location-only geocode cache match","2019.11.30.b","Global Shark Attack File","","",""
"pending","incident:55327506871986b0585c54f3","55327506871986b0585c54f3","2019","29-Jul-2019","USA","Florida","New Smyrna Beach, Volusia County","29.0258132","-80.9271271","unreviewed location-only geocode cache match","2019.07.29","Global Shark Attack File","","",""
"pending","incident:414877d24efbaf8c1ac84926","414877d24efbaf8c1ac84926","2019","27-Aug-2019","USA","Florida","New Smyrna Beach, Volusia County","29.0258132","-80.9271271","unreviewed location-only geocode cache match","2019.08.27","Global Shark Attack File","","",""
"pending","incident:e615946f739e509b55783110","e615946f739e509b55783110","2019","30-Jun-2019","USA","Florida","New Smyrna Beach, Volusia County","29.0258132","-80.9271271","unreviewed location-only geocode cache match","2019.06.30","Global Shark Attack File","","",""
"pending","incident:5481dbcf19a5062ecab9a85e","5481dbcf19a5062ecab9a85e","2018","11-Jul-2018","USA","Florida","New Smyrna Beach, Volusia County","29.0258132","-80.9271271","unreviewed location-only geocode cache match","2018.07.11","Global Shark Attack File","","",""
"pending","incident:6b7912a1997cb1d8b450e5d9","6b7912a1997cb1d8b450e5d9","2017","5-Apr-17","USA","Florida","New Smyrna Beach, Volusia County","29.0258132","-80.9271271","unreviewed location-only geocode cache match","2017.04.05; 2017.04.05; 2017.04.05; 2017.04.05; 2017.04.05","AI1SAD local legacy incident file; Global Shark Attack File; N-Enzer SharkAttackAnalysis mirror; Ordovas shark-attack mirror; Ordovas cleaned shark-attack mirror","","",""
"pending","incident:df63f5788b585ef1f650c0cd","df63f5788b585ef1f650c0cd","2017","2-Sep-17","USA","Florida","New Smyrna Beach, Volusia County","29.0258132","-80.9271271","unreviewed location-only geocode cache match","2017.09.02.a; 2017.09.02.a; 2017.09.02.a; 2017.09.02.a; 2017.09.02.a","AI1SAD local legacy incident file; Global Shark Attack File; N-Enzer SharkAttackAnalysis mirror; Ordovas shark-attack mirror; Ordovas cleaned shark-attack mirror","","",""
"pending","incident:2e5bf8d1b9b90557046caca0","2e5bf8d1b9b90557046caca0","2017","27-Mar-17","USA","Florida","New Smyrna Beach, Volusia County","29.0258132","-80.9271271","unreviewed location-only geocode cache match","2017.03.27; 2017.03.27; 2017.03.27; 2017.03.27; 2017.03.27","AI1SAD local legacy incident file; Global Shark Attack File; N-Enzer SharkAttackAnalysis mirror; Ordovas shark-attack mirror; Ordovas cleaned shark-attack mirror","","",""
"pending","incident:593f700bc18c08cd220e0a0d","593f700bc18c08cd220e0a0d","2016","4-Sep-16","USA","Florida","New Smyrna Beach, Volusia County","29.0258132","-80.9271271","unreviewed location-only geocode cache match","2016.09.04; 2016.09.04; 2016.09.04; 2016.09.04; 2016.09.04","AI1SAD local legacy incident file; Global Shark Attack File; N-Enzer SharkAttackAnalysis mirror; Ordovas shark-attack mirror; Ordovas cleaned shark-attack mirror","","",""
"pending","incident:d8ff6839967222d44fbd13f0","d8ff6839967222d44fbd13f0","2016","4-Aug-16","USA","Florida","New Smyrna Beach, Volusia County","29.0258132","-80.9271271","unreviewed location-only geocode cache match","2016.08.04; 2016.08.04; 2016.08.04; 2016.08.04; 2016.08.04","AI1SAD local legacy incident file; Global Shark Attack File; N-Enzer SharkAttackAnalysis mirror; Ordovas shark-attack mirror; Ordovas cleaned shark-attack mirror","","",""
"pending","incident:adbdc1090812e9f4f399c13a","adbdc1090812e9f4f399c13a","2016","29-Aug-16","USA","Florida","New Smyrna Beach, Volusia County","29.0258132","-80.9271271","unreviewed location-only geocode cache match","2016.08.29.b; 2016.08.29.a; 2016.08.29.b; 2016.08.29.a; 2016.08.29.b; 2016.08.29.a; 2016.08.29.b; 2016.08.29.a; 2016.08.29.b; 2016.08.29.a","AI1SAD local legacy incident file; AI1SAD local legacy incident file; Global Shark Attack File; Global Shark Attack File; N-Enzer SharkAttackAnalysis mirror; N-Enzer SharkAttackAnalysis mirror; Ordovas shark-attack mirror; Ordovas shark-attack mirror; Ordovas cleaned shark-attack mirror; Ordovas cleaned shark-attack mirror","","",""
"pending","incident:958ee609512e57e92f124c66","958ee609512e57e92f124c66","2016","1-Oct-16","USA","Florida","New Smyrna Beach, Volusia County","29.0258132","-80.9271271","unreviewed location-only geocode cache match","2016.10.01; 2016.10.01; 2016.10.01; 2016.10.01; 2016.10.01","AI1SAD local legacy incident file; Global Shark Attack File; N-Enzer SharkAttackAnalysis mirror; Ordovas shark-attack mirror; Ordovas cleaned shark-attack mirror","","",""
"pending","incident:25489a6f3c2b7be26676e902","25489a6f3c2b7be26676e902","2016","16-Jul-16","USA","Florida","New Smyrna Beach, Volusia County","29.0258132","-80.9271271","unreviewed location-only geocode cache match","2016.07.16.b; 2016.07.16.b; 2016.07.16.b; 2016.07.16.b; 2016.07.16.b","AI1SAD local legacy incident file; Global Shark Attack File; N-Enzer SharkAttackAnalysis mirror; Ordovas shark-attack mirror; Ordovas cleaned shark-attack mirror","","",""
"pending","incident:72c549f81e3f0b0ce837909e","72c549f81e3f0b0ce837909e","2016","18-Sep-16","USA","Florida","New Smyrna Beach, Volusia County","29.0258132","-80.9271271","unreviewed location-only geocode cache match","2016.09.18.c; 2016.09.18.b; 2016.09.18.a; 2016.09.18.c; 2016.09.18.b; 2016.09.18.a; 2016.09.18.c; 2016.09.18.b; 2016.09.18.a; 2016.09.18.c; 2016.09.18.b; 2016.09.18.a; 2016.09.18.c; 2016.09.18.b; 2016.09.18.a","AI1SAD local legacy incident file; AI1SAD local legacy incident file; AI1SAD local legacy incident file; Global Shark Attack File; Global Shark Attack File; Global Shark Attack File; N-Enzer SharkAttackAnalysis mirror; N-Enzer SharkAttackAnalysis mirror; N-Enzer SharkAttackAnalysis mirror; Ordovas shark-attack mirror; Ordovas shark-attack mirror; Ordovas shark-attack mirror; Ordovas cleaned shark-attack mirror; Ordovas cleaned shark-attack mirror; Ordovas cleaned shark-attack mirror","","",""
"pending","incident:df109c0960a9cb67da62b09a","df109c0960a9cb67da62b09a","2016","23-Apr-16","USA","Florida","New Smyrna Beach, Volusia County","29.0258132","-80.9271271","unreviewed location-only geocode cache match","2016.04.23; 2016.04.23; 2016.04.23; 2016.04.23; 2016.04.23","AI1SAD local legacy incident file; Global Shark Attack File; N-Enzer SharkAttackAnalysis mirror; Ordovas shark-attack mirror; Ordovas cleaned shark-attack mirror","","",""
"pending","incident:411a59bfcf303f022f8a2504","411a59bfcf303f022f8a2504","2016","2-Oct-16","USA","Florida","New Smyrna Beach, Volusia County","29.0258132","-80.9271271","unreviewed location-only geocode cache match","2016.10.02; 2016.10.02; 2016.10.02; 2016.10.02; 2016.10.02","AI1SAD local legacy incident file; Global Shark Attack File; N-Enzer SharkAttackAnalysis mirror; Ordovas shark-attack mirror; Ordovas cleaned shark-attack mirror","","",""
"pending","incident:5b270dd409e1a8e11d00e447","5b270dd409e1a8e11d00e447","2016","16-Jul-16","USA","Florida","New Smyrna Beach, Volusia County","29.0258132","-80.9271271","unreviewed location-only geocode cache match","2016.07.16.a; 2016.07.16.a; 2016.07.16.a; 2016.07.16.a; 2016.07.16.a","AI1SAD local legacy incident file; Global Shark Attack File; N-Enzer SharkAttackAnalysis mirror; Ordovas shark-attack mirror; Ordovas cleaned shark-attack mirror","","",""
"pending","incident:7da1d07d7d7e4a814bc0336f","7da1d07d7d7e4a814bc0336f","2015","20-Sep-15","USA","Florida","New Smyrna Beach, Volusia County","29.0258132","-80.9271271","unreviewed location-only geocode cache match","2015.09.20.d; 2015.09.20.d; 2015.09.20.d; 2015.09.20.d; 2015.09.20.d","AI1SAD local legacy incident file; Global Shark Attack File; N-Enzer SharkAttackAnalysis mirror; Ordovas shark-attack mirror; Ordovas cleaned shark-attack mirror","","",""
"pending","incident:ec4723c0751d39a8b96702a7","ec4723c0751d39a8b96702a7","2015","29-May-15","USA","Florida","New Smyrna Beach, Volusia County","29.0258132","-80.9271271","unreviewed location-only geocode cache match","2015.05.29.a; 2015.05.29.a; 2015.05.29.a; 2015.05.29.a; 2015.05.29.a","AI1SAD local legacy incident file; Global Shark Attack File; N-Enzer SharkAttackAnalysis mirror; Ordovas shark-attack mirror; Ordovas cleaned shark-attack mirror","","",""
"pending","incident:0980fe8693df686c15b6c3b7","0980fe8693df686c15b6c3b7","2015","4-Oct-15","USA","Florida","New Smyrna Beach, Volusia County","29.0258132","-80.9271271","unreviewed location-only geocode cache match","2015.10.04; 2015.10.04; 2015.10.04; 2015.10.04; 2015.10.04","AI1SAD local legacy incident file; Global Shark Attack File; N-Enzer SharkAttackAnalysis mirror; Ordovas shark-attack mirror; Ordovas cleaned shark-attack mirror","","",""
"pending","incident:749163e75e9292a52f52a669","749163e75e9292a52f52a669","2015","20-May-15","USA","Florida","New Smyrna Beach, Volusia County","29.0258132","-80.9271271","unreviewed location-only geocode cache match","2015.05.20; 2015.05.20; 2015.05.20; 2015.05.20; 2015.05.20","AI1SAD local legacy incident file; Global Shark Attack File; N-Enzer SharkAttackAnalysis mirror; Ordovas shark-attack mirror; Ordovas cleaned shark-attack mirror","","",""
"pending","incident:0c035cd4904e0735edfd7088","0c035cd4904e0735edfd7088","2014","5-Oct-14","USA","Florida","New Smyrna Beach, Volusia County","29.0258132","-80.9271271","unreviewed location-only geocode cache match","2014.10.05.b; 2014.10.05.a; 2014.10.05.b; 2014.10.05.a; 2014.10.05.b; 2014.10.05.a; 2014.10.05.b; 2014.10.05.a; 2014.10.05.b; 2014.10.05.a","AI1SAD local legacy incident file; AI1SAD local legacy incident file; Global Shark Attack File; Global Shark Attack File; N-Enzer SharkAttackAnalysis mirror; N-Enzer SharkAttackAnalysis mirror; Ordovas shark-attack mirror; Ordovas shark-attack mirror; Ordovas cleaned shark-attack mirror; Ordovas cleaned shark-attack mirror","","",""
"pending","incident:e44a629685554ded969046a6","e44a629685554ded969046a6","2014","4-Apr-14","USA","Florida","New Smyrna Beach, Volusia County","29.0258132","-80.9271271","unreviewed location-only geocode cache match","2014.04.04.b; 2014.04.04.a; 2014.04.04.b; 2014.04.04.a; 2014.04.04.b; 2014.04.04.a; 2014.04.04.b; 2014.04.04.a; 2014.04.04.b; 2014.04.04.a","AI1SAD local legacy incident file; AI1SAD local legacy incident file; Global Shark Attack File; Global Shark Attack File; N-Enzer SharkAttackAnalysis mirror; N-Enzer SharkAttackAnalysis mirror; Ordovas shark-attack mirror; Ordovas shark-attack mirror; Ordovas cleaned shark-attack mirror; Ordovas cleaned shark-attack mirror","","",""
"pending","incident:c99665f70c5badc35e31338d","c99665f70c5badc35e31338d","2014","1-May-14","USA","Florida","New Smyrna Beach, Volusia County","29.0258132","-80.9271271","unreviewed location-only geocode cache match","2014.05.01; 2014.05.01; 2014.05.01; 2014.05.01; 2014.05.01","AI1SAD local legacy incident file; Global Shark Attack File; N-Enzer SharkAttackAnalysis mirror; Ordovas shark-attack mirror; Ordovas cleaned shark-attack mirror","","",""
"pending","incident:b01480267a6bd4007c6fd006","b01480267a6bd4007c6fd006","2014","31-Aug-14","USA","Florida","New Smyrna Beach, Volusia County","29.0258132","-80.9271271","unreviewed location-only geocode cache match","2014.08.31; 2014.08.31; 2014.08.31; 2014.08.31; 2014.08.31","AI1SAD local legacy incident file; Global Shark Attack File; N-Enzer SharkAttackAnalysis mirror; Ordovas shark-attack mirror; Ordovas cleaned shark-attack mirror","","",""
"pending","incident:9c72be1087d3b3a9fd88b774","9c72be1087d3b3a9fd88b774","2014","9-Jul-14","USA","Florida","New Smyrna Beach, Volusia County","29.0258132","-80.9271271","unreviewed location-only geocode cache match","2014.07.09; 2014.07.09; 2014.07.09; 2014.07.09; 2014.07.09","AI1SAD local legacy incident file; Global Shark Attack File; N-Enzer SharkAttackAnalysis mirror; Ordovas shark-attack mirror; Ordovas cleaned shark-attack mirror","","",""
"pending","incident:b3aeb86e2902973ed938d1c1","b3aeb86e2902973ed938d1c1","2014","21-Sep-14","USA","Florida","New Smyrna Beach, Volusia County","29.0258132","-80.9271271","unreviewed location-only geocode cache match","2014.09.21; 2014.09.21; 2014.09.21; 2014.09.21; 2014.09.21","AI1SAD local legacy incident file; Global Shark Attack File; N-Enzer SharkAttackAnalysis mirror; Ordovas shark-attack mirror; Ordovas cleaned shark-attack mirror","","",""
"pending","incident:cc4972e7a326cde1d1da98cf","cc4972e7a326cde1d1da98cf","2014","15-Apr-14","USA","Florida","New Smyrna Beach, Volusia County","29.0258132","-80.9271271","unreviewed location-only geocode cache match","2014.04.15; 2014.04.15; 2014.04.15; 2014.04.15; 2014.04.15","AI1SAD local legacy incident file; Global Shark Attack File; N-Enzer SharkAttackAnalysis mirror; Ordovas shark-attack mirror; Ordovas cleaned shark-attack mirror","","",""
"pending","incident:0693854b6cca57fb7d38e775","0693854b6cca57fb7d38e775","2013","12-Sep-2013","USA","Florida","New Smyrna Beach, Volusia County","29.0258132","-80.9271271","unreviewed location-only geocode cache match","2013.09.12; 2013.09.12; 2013.09.12; 2013.09.12; 2013.09.12","AI1SAD local legacy incident file; Global Shark Attack File; N-Enzer SharkAttackAnalysis mirror; Ordovas shark-attack mirror; Ordovas cleaned shark-attack mirror","","",""
"pending","incident:efc4edf620f32acc95e5f788","efc4edf620f32acc95e5f788","2013","07-Sep-2013","USA","Florida","New Smyrna Beach, Volusia County","29.0258132","-80.9271271","unreviewed location-only geocode cache match","2013.09.07.a; 2013.09.07.a; 2013.09.07.a; 2013.09.07.a; 2013.09.07.a","AI1SAD local legacy incident file; Global Shark Attack File; N-Enzer SharkAttackAnalysis mirror; Ordovas shark-attack mirror; Ordovas cleaned shark-attack mirror","","",""
"pending","incident:07a4f9cadfaecffa64c5e8f9","07a4f9cadfaecffa64c5e8f9","2013","07-Sep-2013","USA","Florida","New Smyrna Beach, Volusia County","29.0258132","-80.9271271","unreviewed location-only geocode cache match","2013.09.07.b; 2013.09.07.b; 2013.09.07.b; 2013.09.07.b; 2013.09.07.b","AI1SAD local legacy incident file; Global Shark Attack File; N-Enzer SharkAttackAnalysis mirror; Ordovas shark-attack mirror; Ordovas cleaned shark-attack mirror","","",""
"pending","incident:e2aa2dacf442f813fdc25dec","e2aa2dacf442f813fdc25dec","2013","13-Apr-13","USA","Florida","New Smyrna Beach, Volusia County","29.0258132","-80.9271271","unreviewed location-only geocode cache match","2013.04.13.b; 2013.04.13.b; 2013.04.13.b; 2013.04.13.b; 2013.04.13.b","AI1SAD local legacy incident file; Global Shark Attack File; N-Enzer SharkAttackAnalysis mirror; Ordovas shark-attack mirror; Ordovas cleaned shark-attack mirror","","",""
"pending","incident:d94d9146558d912ff1a47a11","d94d9146558d912ff1a47a11","2012","9-Sep-12","USA","Florida","New Smyrna Beach, Volusia County","29.0258132","-80.9271271","unreviewed location-only geocode cache match","2012.09.09; 2012.09.09; 2012.09.09; 2012.09.09; 2012.09.09","AI1SAD local legacy incident file; Global Shark Attack File; N-Enzer SharkAttackAnalysis mirror; Ordovas shark-attack mirror; Ordovas cleaned shark-attack mirror","","",""
"pending","incident:ef24f186b450445d3d5aff34","ef24f186b450445d3d5aff34","2012","14-Mar-12","USA","Florida","New Smyrna Beach, Volusia County","29.0258132","-80.9271271","unreviewed location-only geocode cache match","2012.03.14.b; 2012.03.14.a; 2012.03.14.b; 2012.03.14.a; 2012.03.14.b; 2012.03.14.a; 2012.03.14.b; 2012.03.14.a; 2012.03.14.b; 2012.03.14.a","AI1SAD local legacy incident file; AI1SAD local legacy incident file; Global Shark Attack File; Global Shark Attack File; N-Enzer SharkAttackAnalysis mirror; N-Enzer SharkAttackAnalysis mirror; Ordovas shark-attack mirror; Ordovas shark-attack mirror; Ordovas cleaned shark-attack mirror; Ordovas cleaned shark-attack mirror","","",""
"pending","incident:c78247c94973df7676bc6f32","c78247c94973df7676bc6f32","2012","24-Mar-12","USA","Florida","New Smyrna Beach, Volusia County","29.0258132","-80.9271271","unreviewed location-only geocode cache match","2012.03.24; 2012.03.24; 2012.03.24; 2012.03.24; 2012.03.24","AI1SAD local legacy incident file; Global Shark Attack File; N-Enzer SharkAttackAnalysis mirror; Ordovas shark-attack mirror; Ordovas cleaned shark-attack mirror","","",""
"pending","incident:75d2c499904e21cad5975238","75d2c499904e21cad5975238","2012","26-Jun-12","USA","Florida","New Smyrna Beach, Volusia County","29.0258132","-80.9271271","unreviewed location-only geocode cache match","2012.06.26.b; 2012.06.26.b; 2012.06.26.b; 2012.06.26.b; 2012.06.26.b","AI1SAD local legacy incident file; Global Shark Attack File; N-Enzer SharkAttackAnalysis mirror; Ordovas shark-attack mirror; Ordovas cleaned shark-attack mirror","","",""
"pending","incident:87e6b55dec8d450b2a8fad2a","87e6b55dec8d450b2a8fad2a","2012","2-Sep-12","USA","Florida","New Smyrna Beach, Volusia County","29.0258132","-80.9271271","unreviewed location-only geocode cache match","2012.09.02.b; 2012.09.02.b; 2012.09.02.b; 2012.09.02.b; 2012.09.02.b; 2012.09.02.b; 2012.09.02.b; 2012.09.02.b; 2012.09.02.b; 2012.09.02.b","AI1SAD local legacy incident file; AI1SAD local legacy incident file; Global Shark Attack File; Global Shark Attack File; N-Enzer SharkAttackAnalysis mirror; N-Enzer SharkAttackAnalysis mirror; Ordovas shark-attack mirror; Ordovas shark-attack mirror; Ordovas cleaned shark-attack mirror; Ordovas cleaned shark-attack mirror","","",""
"pending","incident:32baf28a1b73628dd0b9b644","32baf28a1b73628dd0b9b644","2012","2-Sep-12","USA","Florida","New Smyrna Beach, Volusia County","29.0258132","-80.9271271","unreviewed location-only geocode cache match","2012.09.02.a; 2012.09.02.a; 2012.09.02.a; 2012.09.02.a; 2012.09.02.a","AI1SAD local legacy incident file; Global Shark Attack File; N-Enzer SharkAttackAnalysis mirror; Ordovas shark-attack mirror; Ordovas cleaned shark-attack mirror","","",""
"pending","incident:78311461220e164786af6248","78311461220e164786af6248","2011","6-Jun-11","USA","Florida","New Smyrna Beach, Volusia County","29.0258132","-80.9271271","unreviewed location-only geocode cache match","2011.06.06.a; 2011.06.06.a; 2011.06.06.a; 2011.06.06.a; 2011.06.06.a","AI1SAD local legacy incident file; Global Shark Attack File; N-Enzer SharkAttackAnalysis mirror; Ordovas shark-attack mirror; Ordovas cleaned shark-attack mirror","","",""
"pending","incident:858a5b40461446b64092310f","858a5b40461446b64092310f","2011","2-Sep-11","USA","Florida","New Smyrna Beach, Volusia County","29.0258132","-80.9271271","unreviewed location-only geocode cache match","2011.09.02; 2011.09.02; 2011.09.02; 2011.09.02; 2011.09.02","AI1SAD local legacy incident file; Global Shark Attack File; N-Enzer SharkAttackAnalysis mirror; Ordovas shark-attack mirror; Ordovas cleaned shark-attack mirror","","",""
"pending","incident:a5430cf0187d07551440d5fb","a5430cf0187d07551440d5fb","2011","22-Apr-11","USA","Florida","New Smyrna Beach, Volusia County","29.0258132","-80.9271271","unreviewed location-only geocode cache match","2011.04.22; 2011.04.22; 2011.04.22; 2011.04.22; 2011.04.22","AI1SAD local legacy incident file; Global Shark Attack File; N-Enzer SharkAttackAnalysis mirror; Ordovas shark-attack mirror; Ordovas cleaned shark-attack mirror","","",""
"pending","incident:6f0b49380c3ecba37f9f72d0","6f0b49380c3ecba37f9f72d0","2010","3-Sep-10","USA","Florida","New Smyrna Beach, Volusia County","29.0258132","-80.9271271","unreviewed location-only geocode cache match","2010.09.03.b; 2010.09.03.a; 2010.09.03.b; 2010.09.03.a; 2010.09.03.b; 2010.09.03.a; 2010.09.03.b; 2010.09.03.a; 2010.09.03.b; 2010.09.03.a","AI1SAD local legacy incident file; AI1SAD local legacy incident file; Global Shark Attack File; Global Shark Attack File; N-Enzer SharkAttackAnalysis mirror; N-Enzer SharkAttackAnalysis mirror; Ordovas shark-attack mirror; Ordovas shark-attack mirror; Ordovas cleaned shark-attack mirror; Ordovas cleaned shark-attack mirror","","",""
"pending","incident:1a18695bd815cace6d3809bc","1a18695bd815cace6d3809bc","2010","04-Sep-2010","USA","Florida","New Smyrna Beach, Volusia County","29.0258132","-80.9271271","unreviewed location-only geocode cache match","2010.09.04; 2010.09.04; 2010.09.04; 2010.09.04; 2010.09.04","AI1SAD local legacy incident file; Global Shark Attack File; N-Enzer SharkAttackAnalysis mirror; Ordovas shark-attack mirror; Ordovas cleaned shark-attack mirror","","",""
"pending","incident:83f32c619f645aaf726eefef","83f32c619f645aaf726eefef","2009","11-Nov-09","USA","Florida","New Smyrna Beach, Volusia County","29.0258132","-80.9271271","unreviewed location-only geocode cache match","2009.11.11; 2009.11.11; 2009.11.11; 2009.11.11; 2009.11.11","AI1SAD local legacy incident file; Global Shark Attack File; N-Enzer SharkAttackAnalysis mirror; Ordovas shark-attack mirror; Ordovas cleaned shark-attack mirror","","",""
"pending","incident:70576aa428b118bba82bdfe3","70576aa428b118bba82bdfe3","2009","17-May-09","USA","Florida","New Smyrna Beach, Volusia County","29.0258132","-80.9271271","unreviewed location-only geocode cache match","2009.05.17; 2009.05.17; 2009.05.17; 2009.05.17; 2009.05.17","AI1SAD local legacy incident file; Global Shark Attack File; N-Enzer SharkAttackAnalysis mirror; Ordovas shark-attack mirror; Ordovas cleaned shark-attack mirror","","",""
"pending","incident:bf369ab24946259b911fa792","bf369ab24946259b911fa792","2009","21-Apr-09","USA","Florida","New Smyrna Beach, Volusia County","29.0258132","-80.9271271","unreviewed location-only geocode cache match","2009.04.21; 2009.04.21; 2009.04.21; 2009.04.21; 2009.04.21","AI1SAD local legacy incident file; Global Shark Attack File; N-Enzer SharkAttackAnalysis mirror; Ordovas shark-attack mirror; Ordovas cleaned shark-attack mirror","","",""
"pending","incident:d34cb8dfdfdee73dc4642a04","d34cb8dfdfdee73dc4642a04","2009","16-May-09","USA","Florida","New Smyrna Beach, Volusia County","29.0258132","-80.9271271","unreviewed location-only geocode cache match","2009.05.16.b; 2009.05.16.a; 2009.05.16.b; 2009.05.16.a; 2009.05.16.b; 2009.05.16.a; 2009.05.16.b; 2009.05.16.a; 2009.05.16.b; 2009.05.16.a","AI1SAD local legacy incident file; AI1SAD local legacy incident file; Global Shark Attack File; Global Shark Attack File; N-Enzer SharkAttackAnalysis mirror; N-Enzer SharkAttackAnalysis mirror; Ordovas shark-attack mirror; Ordovas shark-attack mirror; Ordovas cleaned shark-attack mirror; Ordovas cleaned shark-attack mirror","","",""
"pending","incident:ff4bbbac62d59a2d1307b3ef","ff4bbbac62d59a2d1307b3ef","2008","23-Jul-08","USA","Florida","New Smyrna Beach, Volusia County","29.0258132","-80.9271271","unreviewed location-only geocode cache match","2008.07.23; 2008.07.23; 2008.07.23; 2008.07.23; 2008.07.23","AI1SAD local legacy incident file; Global Shark Attack File; N-Enzer SharkAttackAnalysis mirror; Ordovas shark-attack mirror; Ordovas cleaned shark-attack mirror","","",""
"pending","incident:54dd1cc919c581ca9cff3ea6","54dd1cc919c581ca9cff3ea6","2008","24-Aug-08","USA","Florida","New Smyrna Beach, Volusia County","29.0258132","-80.9271271","unreviewed location-only geocode cache match","2008.08.24; 2008.08.24; 2008.08.24; 2008.08.24; 2008.08.24","AI1SAD local legacy incident file; Global Shark Attack File; N-Enzer SharkAttackAnalysis mirror; Ordovas shark-attack mirror; Ordovas cleaned shark-attack mirror","","",""
"pending","incident:61de87029eed72206f69a0c8","61de87029eed72206f69a0c8","2008","12-Aug-08","USA","Florida","New Smyrna Beach, Volusia County","29.0258132","-80.9271271","unreviewed location-only geocode cache match","2008.08.12; 2008.08.12; 2008.08.12; 2008.08.12; 2008.08.12","AI1SAD local legacy incident file; Global Shark Attack File; N-Enzer SharkAttackAnalysis mirror; Ordovas shark-attack mirror; Ordovas cleaned shark-attack mirror","","",""
"pending","incident:5edab8cc12a8bc5f98442778","5edab8cc12a8bc5f98442778","2008","27-Apr-08","USA","Florida","New Smyrna Beach, Volusia County","29.0258132","-80.9271271","unreviewed location-only geocode cache match","2008.04.27; 2008.04.27; 2008.04.27; 2008.04.27; 2008.04.27","AI1SAD local legacy incident file; Global Shark Attack File; N-Enzer SharkAttackAnalysis mirror; Ordovas shark-attack mirror; Ordovas cleaned shark-attack mirror","","",""
"pending","incident:6c1667c49b4a5b77514b5c9b","6c1667c49b4a5b77514b5c9b","2008","28-Apr-08","USA","Florida","New Smyrna Beach, Volusia County","29.0258132","-80.9271271","unreviewed location-only geocode cache match","2008.04.28.a; 2008.04.28.a; 2008.04.28.a; 2008.04.28.a; 2008.04.28.a","AI1SAD local legacy incident file; Global Shark Attack File; N-Enzer SharkAttackAnalysis mirror; Ordovas shark-attack mirror; Ordovas cleaned shark-attack mirror","","",""
"pending","incident:4c917aedf8cd40bb1c0a8445","4c917aedf8cd40bb1c0a8445","2008","27-Aug-08","USA","Florida","New Smyrna Beach, Volusia County","29.0258132","-80.9271271","unreviewed location-only geocode cache match","2008.08.27; 2008.08.27; 2008.08.27; 2008.08.27; 2008.08.27","AI1SAD local legacy incident file; Global Shark Attack File; N-Enzer SharkAttackAnalysis mirror; Ordovas shark-attack mirror; Ordovas cleaned shark-attack mirror","","",""
"pending","incident:3a35c2f25e5a7b7abea85666","3a35c2f25e5a7b7abea85666","2008","26-Apr-08","USA","Florida","New Smyrna Beach, Volusia County","29.0258132","-80.9271271","unreviewed location-only geocode cache match","2008.04.26.a; 2008.04.26.a; 2008.04.26.a; 2008.04.26.a; 2008.04.26.a","AI1SAD local legacy incident file; Global Shark Attack File; N-Enzer SharkAttackAnalysis mirror; Ordovas shark-attack mirror; Ordovas cleaned shark-attack mirror","","",""
"pending","incident:6eee9987e3716021ae1f7d88","6eee9987e3716021ae1f7d88","2008","26-Jun-08","USA","Florida","New Smyrna Beach, Volusia County","29.0258132","-80.9271271","unreviewed location-only geocode cache match","2008.06.26.b; 2008.06.26.b; 2008.06.26.b; 2008.06.26.b; 2008.06.26.b","AI1SAD local legacy incident file; Global Shark Attack File; N-Enzer SharkAttackAnalysis mirror; Ordovas shark-attack mirror; Ordovas cleaned shark-attack mirror","","",""
"pending","incident:78a4d05ec4b62d043b59fe85","78a4d05ec4b62d043b59fe85","2008","28-Aug-08","USA","Florida","New Smyrna Beach, Volusia County","29.0258132","-80.9271271","unreviewed location-only geocode cache match","2008.08.28; 2008.08.28; 2008.08.28; 2008.08.28; 2008.08.28","AI1SAD local legacy incident file; Global Shark Attack File; N-Enzer SharkAttackAnalysis mirror; Ordovas shark-attack mirror; Ordovas cleaned shark-attack mirror","","",""
"pending","incident:a6fa472568628f6d46974bdc","a6fa472568628f6d46974bdc","2008","7-May-08","USA","Florida","New Smyrna Beach, Volusia County","29.0258132","-80.9271271","unreviewed location-only geocode cache match","2008.05.07.a; 2008.05.07.a; 2008.05.07.a; 2008.05.07.a; 2008.05.07.a","AI1SAD local legacy incident file; Global Shark Attack File; N-Enzer SharkAttackAnalysis mirror; Ordovas shark-attack mirror; Ordovas cleaned shark-attack mirror","","",""
"pending","incident:64153ccf718054da163fc116","64153ccf718054da163fc116","2008","19-Jul-08","USA","Florida","New Smyrna Beach, Volusia County","29.0258132","-80.9271271","unreviewed location-only geocode cache match","2008.07.19; 2008.07.19; 2008.07.19; 2008.07.19; 2008.07.19","AI1SAD local legacy incident file; Global Shark Attack File; N-Enzer SharkAttackAnalysis mirror; Ordovas shark-attack mirror; Ordovas cleaned shark-attack mirror","","",""
"pending","incident:df649e17cb785d71a8ca3191","df649e17cb785d71a8ca3191","2008","20-Apr-08","USA","Florida","New Smyrna Beach, Volusia County","29.0258132","-80.9271271","unreviewed location-only geocode cache match","2008.04.20.b; 2008.04.20.b; 2008.04.20.b; 2008.04.20.b; 2008.04.20.b","AI1SAD local legacy incident file; Global Shark Attack File; N-Enzer SharkAttackAnalysis mirror; Ordovas shark-attack mirror; Ordovas cleaned shark-attack mirror","","",""
"pending","incident:da108e11253edc9a920f117d","da108e11253edc9a920f117d","2008","1-Sep-08","USA","Florida","New Smyrna Beach, Volusia County","29.0258132","-80.9271271","unreviewed location-only geocode cache match","2008.09.01; 2008.09.01; 2008.09.01; 2008.09.01; 2008.09.01","AI1SAD local legacy incident file; Global Shark Attack File; N-Enzer SharkAttackAnalysis mirror; Ordovas shark-attack mirror; Ordovas cleaned shark-attack mirror","","",""
"pending","incident:a066f8d7e0fb56cc980d743a","a066f8d7e0fb56cc980d743a","2008","28-Sep-08","USA","Florida","New Smyrna Beach, Volusia County","29.0258132","-80.9271271","unreviewed location-only geocode cache match","2008.09.28.b; 2008.09.28.b; 2008.09.28.b; 2008.09.28.b; 2008.09.28.b","AI1SAD local legacy incident file; Global Shark Attack File; N-Enzer SharkAttackAnalysis mirror; Ordovas shark-attack mirror; Ordovas cleaned shark-attack mirror","","",""
"pending","incident:dc8c9581e944ffc9b444089c","dc8c9581e944ffc9b444089c","2008","25-Jul-08","USA","Florida","New Smyrna Beach, Volusia County","29.0258132","-80.9271271","unreviewed location-only geocode cache match","2008.07.25.b; 2008.07.25.b; 2008.07.25.b; 2008.07.25.b; 2008.07.25.b","AI1SAD local legacy incident file; Global Shark Attack File; N-Enzer SharkAttackAnalysis mirror; Ordovas shark-attack mirror; Ordovas cleaned shark-attack mirror","","",""
"pending","incident:8c7ab820ef9a5c20cca49f06","8c7ab820ef9a5c20cca49f06","2007","25-Aug-07","USA","Florida","New Smyrna Beach, Volusia County","29.0258132","-80.9271271","unreviewed location-only geocode cache match","2007.08.25; 2007.08.25; 2007.08.25; 2007.08.25; 2007.08.25","AI1SAD local legacy incident file; Global Shark Attack File; N-Enzer SharkAttackAnalysis mirror; Ordovas shark-attack mirror; Ordovas cleaned shark-attack mirror","","",""
"pending","incident:a062adccd84a9051da286276","a062adccd84a9051da286276","2007","25-Jun-07","USA","Florida","New Smyrna Beach, Volusia County","29.0258132","-80.9271271","unreviewed location-only geocode cache match","2007.06.25; 2007.06.25; 2007.06.25; 2007.06.25; 2007.06.25","AI1SAD local legacy incident file; Global Shark Attack File; N-Enzer SharkAttackAnalysis mirror; Ordovas shark-attack mirror; Ordovas cleaned shark-attack mirror","","",""
"pending","incident:ba33e1e85674219a67b2946d","ba33e1e85674219a67b2946d","2007","12-Aug-07","USA","Florida","New Smyrna Beach, Volusia County","29.0258132","-80.9271271","unreviewed location-only geocode cache match","2007.08.12; 2007.08.12; 2007.08.12; 2007.08.12; 2007.08.12","AI1SAD local legacy incident file; Global Shark Attack File; N-Enzer SharkAttackAnalysis mirror; Ordovas shark-attack mirror; Ordovas cleaned shark-attack mirror","","",""
"pending","incident:2676ce89af878c7585cb5d6f","2676ce89af878c7585cb5d6f","2007","10-May-07","USA","Florida","New Smyrna Beach, Volusia County","29.0258132","-80.9271271","unreviewed location-only geocode cache match","2007.05.10; 2007.05.10; 2007.05.10; 2007.05.10; 2007.05.10","AI1SAD local legacy incident file; Global Shark Attack File; N-Enzer SharkAttackAnalysis mirror; Ordovas shark-attack mirror; Ordovas cleaned shark-attack mirror","","",""
"pending","incident:b24a3e34657b010d10f6e1e3","b24a3e34657b010d10f6e1e3","2007","20-Sep-07","USA","Florida","New Smyrna Beach, Volusia County","29.0258132","-80.9271271","unreviewed location-only geocode cache match","2007.09.20; 2007.09.20; 2007.09.20; 2007.09.20; 2007.09.20","AI1SAD local legacy incident file; Global Shark Attack File; N-Enzer SharkAttackAnalysis mirror; Ordovas shark-attack mirror; Ordovas cleaned shark-attack mirror","","",""
"pending","incident:cc84e013456c4586e449831f","cc84e013456c4586e449831f","2007","1-Apr-07","USA","Florida","New Smyrna Beach, Volusia County","29.0258132","-80.9271271","unreviewed location-only geocode cache match","2007.04.01; 2007.04.01; 2007.04.01; 2007.04.01; 2007.04.01","AI1SAD local legacy incident file; Global Shark Attack File; N-Enzer SharkAttackAnalysis mirror; Ordovas shark-attack mirror; Ordovas cleaned shark-attack mirror","","",""
"pending","incident:a33fac9a275570a387434c2b","a33fac9a275570a387434c2b","2007","20-Apr-07","USA","Florida","New Smyrna Beach, Volusia County","29.0258132","-80.9271271","unreviewed location-only geocode cache match","2007.04.20; 2007.04.20; 2007.04.20; 2007.04.20; 2007.04.20","AI1SAD local legacy incident file; Global Shark Attack File; N-Enzer SharkAttackAnalysis mirror; Ordovas shark-attack mirror; Ordovas cleaned shark-attack mirror","","",""
"pending","incident:b71cf4dc93da5f22a2f64a2d","b71cf4dc93da5f22a2f64a2d","2007","16-Sep-07","USA","Florida","New Smyrna Beach, Volusia County","29.0258132","-80.9271271","unreviewed location-only geocode cache match","2007.09.16.b; 2007.09.16.b; 2007.09.16.b; 2007.09.16.b; 2007.09.16.b","AI1SAD local legacy incident file; Global Shark Attack File; N-Enzer SharkAttackAnalysis mirror; Ordovas shark-attack mirror; Ordovas cleaned shark-attack mirror","","",""
"pending","incident:dcb0149ca8bb5543f670a2ce","dcb0149ca8bb5543f670a2ce","2007","19-Aug-07","USA","Florida","New Smyrna Beach, Volusia County","29.0258132","-80.9271271","unreviewed location-only geocode cache match","2007.08.19.b; 2007.08.19.b; 2007.08.19.b; 2007.08.19.b; 2007.08.19.b","AI1SAD local legacy incident file; Global Shark Attack File; N-Enzer SharkAttackAnalysis mirror; Ordovas shark-attack mirror; Ordovas cleaned shark-attack mirror","","",""
"pending","incident:704694c9e20c9e21cd28d33e","704694c9e20c9e21cd28d33e","2007","6-Nov-07","USA","Florida","New Smyrna Beach, Volusia County","29.0258132","-80.9271271","unreviewed location-only geocode cache match","2007.11.06; 2007.11.06; 2007.11.06; 2007.11.06; 2007.11.06","AI1SAD local legacy incident file; Global Shark Attack File; N-Enzer SharkAttackAnalysis mirror; Ordovas shark-attack mirror; Ordovas cleaned shark-attack mirror","","",""
"pending","incident:9f6512f96dd9b8d44b97aa5c","9f6512f96dd9b8d44b97aa5c","2007","26-Aug-07","USA","Florida","New Smyrna Beach, Volusia County","29.0258132","-80.9271271","unreviewed location-only geocode cache match","2007.08.26; 2007.08.26; 2007.08.26; 2007.08.26; 2007.08.26","AI1SAD local legacy incident file; Global Shark Attack File; N-Enzer SharkAttackAnalysis mirror; Ordovas shark-attack mirror; Ordovas cleaned shark-attack mirror","","",""
"pending","incident:9c100aa8fe423b4f8d19365e","9c100aa8fe423b4f8d19365e","2006","3-Sep-06","USA","Florida","New Smyrna Beach, Volusia County","29.0258132","-80.9271271","unreviewed location-only geocode cache match","2006.09.03.a; 2006.09.03.a; 2006.09.03.a; 2006.09.03.a; 2006.09.03.a","AI1SAD local legacy incident file; Global Shark Attack File; N-Enzer SharkAttackAnalysis mirror; Ordovas shark-attack mirror; Ordovas cleaned shark-attack mirror","","",""
"pending","incident:e6a445f92994b20e72828e06","e6a445f92994b20e72828e06","2006","5-Oct-06","USA","Florida","New Smyrna Beach, Volusia County","29.0258132","-80.9271271","unreviewed location-only geocode cache match","2006.10.05; 2006.10.05; 2006.10.05; 2006.10.05; 2006.10.05","AI1SAD local legacy incident file; Global Shark Attack File; N-Enzer SharkAttackAnalysis mirror; Ordovas shark-attack mirror; Ordovas cleaned shark-attack mirror","","",""
"pending","incident:cc1d9cd9248a6a20e302e34a","cc1d9cd9248a6a20e302e34a","2006","29-Sep-06","USA","Florida","New Smyrna Beach, Volusia County","29.0258132","-80.9271271","unreviewed location-only geocode cache match","2006.09.29; 2006.09.29; 2006.09.29; 2006.09.29; 2006.09.29","AI1SAD local legacy incident file; Global Shark Attack File; N-Enzer SharkAttackAnalysis mirror; Ordovas shark-attack mirror; Ordovas cleaned shark-attack mirror","","",""
"pending","incident:fb88667bc681bc7c34b801b6","fb88667bc681bc7c34b801b6","2006","11-Sep-06","USA","Florida","New Smyrna Beach, Volusia County","29.0258132","-80.9271271","unreviewed location-only geocode cache match","2006.09.11; 2006.09.11; 2006.09.11; 2006.09.11; 2006.09.11","AI1SAD local legacy incident file; Global Shark Attack File; N-Enzer SharkAttackAnalysis mirror; Ordovas shark-attack mirror; Ordovas cleaned shark-attack mirror","","",""
"pending","incident:23efc0969d1e158a834298a5","23efc0969d1e158a834298a5","2006","20-Jun-06","USA","Florida","New Smyrna Beach, Volusia County","29.0258132","-80.9271271","unreviewed location-only geocode cache match","2006.06.20; 2006.06.20; 2006.06.20; 2006.06.20; 2006.06.20","AI1SAD local legacy incident file; Global Shark Attack File; N-Enzer SharkAttackAnalysis mirror; Ordovas shark-attack mirror; Ordovas cleaned shark-attack mirror","","",""
"pending","incident:2f3394325bfb274a963e9a69","2f3394325bfb274a963e9a69","2006","2-Sep-06","USA","Florida","New Smyrna Beach, Volusia County","29.0258132","-80.9271271","unreviewed location-only geocode cache match","2006.09.02; 2006.09.02; 2006.09.02; 2006.09.02; 2006.09.02; 2006.09.02; 2006.09.02; 2006.09.02; 2006.09.02; 2006.09.02","AI1SAD local legacy incident file; AI1SAD local legacy incident file; Global Shark Attack File; Global Shark Attack File; N-Enzer SharkAttackAnalysis mirror; N-Enzer SharkAttackAnalysis mirror; Ordovas shark-attack mirror; Ordovas shark-attack mirror; Ordovas cleaned shark-attack mirror; Ordovas cleaned shark-attack mirror","","",""
"pending","incident:6aa862a57fda33c43b07f323","6aa862a57fda33c43b07f323","2006","15-Jun-06","USA","Florida","New Smyrna Beach, Volusia County","29.0258132","-80.9271271","unreviewed location-only geocode cache match","2006.06.15; 2006.06.15; 2006.06.15; 2006.06.15; 2006.06.15","AI1SAD local legacy incident file; Global Shark Attack File; N-Enzer SharkAttackAnalysis mirror; Ordovas shark-attack mirror; Ordovas cleaned shark-attack mirror","","",""
"pending","incident:b5d930c616fb0f4dc0b51368","b5d930c616fb0f4dc0b51368","2006","25-Jul-06","USA","Florida","New Smyrna Beach, Volusia County","29.0258132","-80.9271271","unreviewed location-only geocode cache match","2006.07.25; 2006.07.25; 2006.07.25; 2006.07.25; 2006.07.25","AI1SAD local legacy incident file; Global Shark Attack File; N-Enzer SharkAttackAnalysis mirror; Ordovas shark-attack mirror; Ordovas cleaned shark-attack mirror","","",""
"pending","incident:c1c16990d324e8c3ff22055e","c1c16990d324e8c3ff22055e","2006","9-Jul-06","USA","Florida","New Smyrna Beach, Volusia County","29.0258132","-80.9271271","unreviewed location-only geocode cache match","2006.07.09.b; 2006.07.09.b; 2006.07.09.b; 2006.07.09.b; 2006.07.09.b","AI1SAD local legacy incident file; Global Shark Attack File; N-Enzer SharkAttackAnalysis mirror; Ordovas shark-attack mirror; Ordovas cleaned shark-attack mirror","","",""
"pending","incident:7b7233df6380052c5b66ee6c","7b7233df6380052c5b66ee6c","2005","20-Nov-05","USA","Florida","New Smyrna Beach, Volusia County","29.0258132","-80.9271271","unreviewed location-only geocode cache match","2005.11.20; 2005.11.20; 2005.11.20; 2005.11.20; 2005.11.20","AI1SAD local legacy incident file; Global Shark Attack File; N-Enzer SharkAttackAnalysis mirror; Ordovas shark-attack mirror; Ordovas cleaned shark-attack mirror","","",""
"pending","incident:74066f2c6ddc0200a4d039cd","74066f2c6ddc0200a4d039cd","2005","12-Nov-05","USA","Florida","New Smyrna Beach, Volusia County","29.0258132","-80.9271271","unreviewed location-only geocode cache match","2005.11.12; 2005.11.12; 2005.11.12; 2005.11.12; 2005.11.12","AI1SAD local legacy incident file; Global Shark Attack File; N-Enzer SharkAttackAnalysis mirror; Ordovas shark-attack mirror; Ordovas cleaned shark-attack mirror","","",""
"pending","incident:a24358c2c5844f57f1fba1a0","a24358c2c5844f57f1fba1a0","2003","14-Sep-03","USA","Florida","New Smyrna Beach, Volusia County","29.0258132","-80.9271271","unreviewed location-only geocode cache match","2003.09.14.c; 2003.09.14.c; 2003.09.14.c; 2003.09.14.c; 2003.09.14.c","AI1SAD local legacy incident file; Global Shark Attack File; N-Enzer SharkAttackAnalysis mirror; Ordovas shark-attack mirror; Ordovas cleaned shark-attack mirror","","",""
"pending","incident:2e771ae79ae89f4d78e34639","2e771ae79ae89f4d78e34639","2003","17-Sep-03","USA","Florida","New Smyrna Beach, Volusia County","29.0258132","-80.9271271","unreviewed location-only geocode cache match","2003.09.17; 2003.09.17; 2003.09.17; 2003.09.17; 2003.09.17","AI1SAD local legacy incident file; Global Shark Attack File; N-Enzer SharkAttackAnalysis mirror; Ordovas shark-attack mirror; Ordovas cleaned shark-attack mirror","","",""
"pending","incident:838d554695946419145e81b2","838d554695946419145e81b2","2003","19-Apr-03","USA","Florida","New Smyrna Beach, Volusia County","29.0258132","-80.9271271","unreviewed location-only geocode cache match","2003.04.19; 2003.04.19; 2003.04.19; 2003.04.19; 2003.04.19","AI1SAD local legacy incident file; Global Shark Attack File; N-Enzer SharkAttackAnalysis mirror; Ordovas shark-attack mirror; Ordovas cleaned shark-attack mirror","","",""
"pending","incident:02f748c0188cd5ea95294554","02f748c0188cd5ea95294554","2003","20-Apr-03","USA","Florida","New Smyrna Beach, Volusia County","29.0258132","-80.9271271","unreviewed location-only geocode cache match","2003.04.20.a; 2003.04.20.a; 2003.04.20.a; 2003.04.20.a; 2003.04.20.a","AI1SAD local legacy incident file; Global Shark Attack File; N-Enzer SharkAttackAnalysis mirror; Ordovas shark-attack mirror; Ordovas cleaned shark-attack mirror","","",""
"pending","incident:4560e6d0c65ecaaf961e8619","4560e6d0c65ecaaf961e8619","2003","27-Oct-03","USA","Florida","New Smyrna Beach, Volusia County","29.0258132","-80.9271271","unreviewed location-only geocode cache match","2003.10.27; 2003.10.27; 2003.10.27; 2003.10.27; 2003.10.27","AI1SAD local legacy incident file; Global Shark Attack File; N-Enzer SharkAttackAnalysis mirror; Ordovas shark-attack mirror; Ordovas cleaned shark-attack mirror","","",""
"pending","incident:1257621d4deb443758a310f8","1257621d4deb443758a310f8","2003","30-Jun-03","USA","Florida","New Smyrna Beach, Volusia County","29.0258132","-80.9271271","unreviewed location-only geocode cache match","2003.06.30; 2003.06.30; 2003.06.30; 2003.06.30; 2003.06.30","AI1SAD local legacy incident file; Global Shark Attack File; N-Enzer SharkAttackAnalysis mirror; Ordovas shark-attack mirror; Ordovas cleaned shark-attack mirror","","",""
"pending","incident:4d3fecdacf54d2af809ae2cb","4d3fecdacf54d2af809ae2cb","2003","4-Apr-03","USA","Florida","New Smyrna Beach, Volusia County","29.0258132","-80.9271271","unreviewed location-only geocode cache match","2003.04.04; 2003.04.04; 2003.04.04; 2003.04.04; 2003.04.04","AI1SAD local legacy incident file; Global Shark Attack File; N-Enzer SharkAttackAnalysis mirror; Ordovas shark-attack mirror; Ordovas cleaned shark-attack mirror","","",""
"pending","incident:620210be44c84a59e57b70be","620210be44c84a59e57b70be","2003","7-May-03","USA","Florida","New Smyrna Beach, Volusia County","29.0258132","-80.9271271","unreviewed location-only geocode cache match","2003.05.07; 2003.05.07; 2003.05.07; 2003.05.07; 2003.05.07","AI1SAD local legacy incident file; Global Shark Attack File; N-Enzer SharkAttackAnalysis mirror; Ordovas shark-attack mirror; Ordovas cleaned shark-attack mirror","","",""
"pending","incident:a8ace6cba5997717528b2261","a8ace6cba5997717528b2261","2002","18-Apr-02","USA","Florida","New Smyrna Beach, Volusia County","29.0258132","-80.9271271","unreviewed location-only geocode cache match","2002.04.18; 2002.04.18; 2002.04.18; 2002.04.18; 2002.04.18","AI1SAD local legacy incident file; Global Shark Attack File; N-Enzer SharkAttackAnalysis mirror; Ordovas shark-attack mirror; Ordovas cleaned shark-attack mirror","","",""
"pending","incident:4c3b73e3cb4daf59917082d6","4c3b73e3cb4daf59917082d6","2002","15-Mar-02","USA","Florida","New Smyrna Beach, Volusia County","29.0258132","-80.9271271","unreviewed location-only geocode cache match","2002.03.15.a; 2002.03.15.a; 2002.03.15.a; 2002.03.15.a; 2002.03.15.a","AI1SAD local legacy incident file; Global Shark Attack File; N-Enzer SharkAttackAnalysis mirror; Ordovas shark-attack mirror; Ordovas cleaned shark-attack mirror","","",""
"pending","incident:93ea2c047119f24b512e668f","93ea2c047119f24b512e668f","2002","5-Oct-02","USA","Florida","New Smyrna Beach, Volusia County","29.0258132","-80.9271271","unreviewed location-only geocode cache match","2002.10.05.b; 2002.10.05.a; 2002.10.05.b; 2002.10.05.a; 2002.10.05.b; 2002.10.05.a; 2002.10.05.b; 2002.10.05.a; 2002.10.05.b; 2002.10.05.a","AI1SAD local legacy incident file; AI1SAD local legacy incident file; Global Shark Attack File; Global Shark Attack File; N-Enzer SharkAttackAnalysis mirror; N-Enzer SharkAttackAnalysis mirror; Ordovas shark-attack mirror; Ordovas shark-attack mirror; Ordovas cleaned shark-attack mirror; Ordovas cleaned shark-attack mirror","","",""
"pending","incident:437a7f10fc577ebb68530324","437a7f10fc577ebb68530324","2002","2-Apr-02","USA","Florida","New Smyrna Beach, Volusia County","29.0258132","-80.9271271","unreviewed location-only geocode cache match","2002.04.02; 2002.04.02; 2002.04.02; 2002.04.02; 2002.04.02","AI1SAD local legacy incident file; Global Shark Attack File; N-Enzer SharkAttackAnalysis mirror; Ordovas shark-attack mirror; Ordovas cleaned shark-attack mirror","","",""
"pending","incident:b166398b2f98b3384390b85d","b166398b2f98b3384390b85d","2002","2-Nov-02","USA","Florida","New Smyrna Beach, Volusia County","29.0258132","-80.9271271","unreviewed location-only geocode cache match","2002.11.02; 2002.11.02; 2002.11.02; 2002.11.02; 2002.11.02","AI1SAD local legacy incident file; Global Shark Attack File; N-Enzer SharkAttackAnalysis mirror; Ordovas shark-attack mirror; Ordovas cleaned shark-attack mirror","","",""
"pending","incident:8a48356465e46568394a384e","8a48356465e46568394a384e","2002","3-Oct-02","USA","Florida","New Smyrna Beach, Volusia County","29.0258132","-80.9271271","unreviewed location-only geocode cache match","2002.10.03; 2002.10.03; 2002.10.03; 2002.10.03; 2002.10.03","AI1SAD local legacy incident file; Global Shark Attack File; N-Enzer SharkAttackAnalysis mirror; Ordovas shark-attack mirror; Ordovas cleaned shark-attack mirror","","",""
"pending","incident:571eff3062efdbacafbc0ff9","571eff3062efdbacafbc0ff9","2002","20-Jun-02","USA","Florida","New Smyrna Beach, Volusia County","29.0258132","-80.9271271","unreviewed location-only geocode cache match","2002.06.20.a; 2002.06.20.a; 2002.06.20.a; 2002.06.20.a; 2002.06.20.a","AI1SAD local legacy incident file; Global Shark Attack File; N-Enzer SharkAttackAnalysis mirror; Ordovas shark-attack mirror; Ordovas cleaned shark-attack mirror","","",""
"pending","incident:4c822483cfe36321e7b5d2a3","4c822483cfe36321e7b5d2a3","2002","14-Aug-02","USA","Florida","New Smyrna Beach, Volusia County","29.0258132","-80.9271271","unreviewed location-only geocode cache match","2002.08.14; 2002.08.14; 2002.08.14; 2002.08.14; 2002.08.14","AI1SAD local legacy incident file; Global Shark Attack File; N-Enzer SharkAttackAnalysis mirror; Ordovas shark-attack mirror; Ordovas cleaned shark-attack mirror","","",""
"pending","incident:03b1912b0b1d52783d6eb00f","03b1912b0b1d52783d6eb00f","2001","28-Apr-01","USA","Florida","New Smyrna Beach, Volusia County","29.0258132","-80.9271271","unreviewed location-only geocode cache match","2001.04.28; 2001.04.28; 2001.04.28; 2001.04.28; 2001.04.28","AI1SAD local legacy incident file; Global Shark Attack File; N-Enzer SharkAttackAnalysis mirror; Ordovas shark-attack mirror; Ordovas cleaned shark-attack mirror","","",""
"pending","incident:dd1bd4f24e84bb1a04ea4ef9","dd1bd4f24e84bb1a04ea4ef9","2001","19-Aug-01","USA","Florida","New Smyrna Beach, Volusia County","29.0258132","-80.9271271","unreviewed location-only geocode cache match","2001.08.19.c; 2001.08.19.b; 2001.08.19.c; 2001.08.19.b; 2001.08.19.c; 2001.08.19.b; 2001.08.19.c; 2001.08.19.b; 2001.08.19.c; 2001.08.19.b","AI1SAD local legacy incident file; AI1SAD local legacy incident file; Global Shark Attack File; Global Shark Attack File; N-Enzer SharkAttackAnalysis mirror; N-Enzer SharkAttackAnalysis mirror; Ordovas shark-attack mirror; Ordovas shark-attack mirror; Ordovas cleaned shark-attack mirror; Ordovas cleaned shark-attack mirror","","",""
"pending","incident:bf515dfdb35eb77ecd562d51","bf515dfdb35eb77ecd562d51","2001","11-Apr-01","USA","Florida","New Smyrna Beach, Volusia County","29.0258132","-80.9271271","unreviewed location-only geocode cache match","2001.04.11.d; 2001.04.11.d; 2001.04.11.d; 2001.04.11.d; 2001.04.11.d","AI1SAD local legacy incident file; Global Shark Attack File; N-Enzer SharkAttackAnalysis mirror; Ordovas shark-attack mirror; Ordovas cleaned shark-attack mirror","","",""
"pending","incident:1d0e9362dcf4004f10d2f134","1d0e9362dcf4004f10d2f134","2001","18-Sep-01","USA","Florida","New Smyrna Beach, Volusia County","29.0258132","-80.9271271","unreviewed location-only geocode cache match","2001.09.18; 2001.09.18; 2001.09.18; 2001.09.18; 2001.09.18","AI1SAD local legacy incident file; Global Shark Attack File; N-Enzer SharkAttackAnalysis mirror; Ordovas shark-attack mirror; Ordovas cleaned shark-attack mirror","","",""
"pending","incident:3d97861a0fff636c2b3b3b4d","3d97861a0fff636c2b3b3b4d","2001","18-Aug-01","USA","Florida","New Smyrna Beach, Volusia County","29.0258132","-80.9271271","unreviewed location-only geocode cache match","2001.08.18.c; 2001.08.18.b; 2001.08.18.a; 2001.08.18.c; 2001.08.18.b; 2001.08.18.a; 2001.08.18.c; 2001.08.18.b; 2001.08.18.a; 2001.08.18.c; 2001.08.18.b; 2001.08.18.a; 2001.08.18.c; 2001.08.18.b; 2001.08.18.a","AI1SAD local legacy incident file; AI1SAD local legacy incident file; AI1SAD local legacy incident file; Global Shark Attack File; Global Shark Attack File; Global Shark Attack File; N-Enzer SharkAttackAnalysis mirror; N-Enzer SharkAttackAnalysis mirror; N-Enzer SharkAttackAnalysis mirror; Ordovas shark-attack mirror; Ordovas shark-attack mirror; Ordovas shark-attack mirror; Ordovas cleaned shark-attack mirror; Ordovas cleaned shark-attack mirror; Ordovas cleaned shark-attack mirror","","",""
"pending","incident:b2ca3e2d6d6105fa2b7f7ce9","b2ca3e2d6d6105fa2b7f7ce9","2001","13-Apr-01","USA","Florida","New Smyrna Beach, Volusia County","29.0258132","-80.9271271","unreviewed location-only geocode cache match","2001.04.13.b; 2001.04.13.a; 2001.04.13.b; 2001.04.13.a; 2001.04.13.b; 2001.04.13.a; 2001.04.13.b; 2001.04.13.a; 2001.04.13.b; 2001.04.13.a","AI1SAD local legacy incident file; AI1SAD local legacy incident file; Global Shark Attack File; Global Shark Attack File; N-Enzer SharkAttackAnalysis mirror; N-Enzer SharkAttackAnalysis mirror; Ordovas shark-attack mirror; Ordovas shark-attack mirror; Ordovas cleaned shark-attack mirror; Ordovas cleaned shark-attack mirror","","",""
"pending","incident:e7476a89415ec8a228563d09","e7476a89415ec8a228563d09","2001","26-Aug-01","USA","Florida","New Smyrna Beach, Volusia County","29.0258132","-80.9271271","unreviewed location-only geocode cache match","2001.08.26; 2001.08.26; 2001.08.26; 2001.08.26; 2001.08.26","AI1SAD local legacy incident file; Global Shark Attack File; N-Enzer SharkAttackAnalysis mirror; Ordovas shark-attack mirror; Ordovas cleaned shark-attack mirror","","",""
"pending","incident:c3e77fed1a8c9f87b71934b7","c3e77fed1a8c9f87b71934b7","2001","21-Aug-01","USA","Florida","New Smyrna Beach, Volusia County","29.0258132","-80.9271271","unreviewed location-only geocode cache match","2001.08.21; 2001.08.21; 2001.08.21; 2001.08.21; 2001.08.21","AI1SAD local legacy incident file; Global Shark Attack File; N-Enzer SharkAttackAnalysis mirror; Ordovas shark-attack mirror; Ordovas cleaned shark-attack mirror","","",""
"pending","incident:d618b784d00b1f216ced311a","d618b784d00b1f216ced311a","2001","12-Apr-01","USA","Florida","New Smyrna Beach, Volusia County","29.0258132","-80.9271271","unreviewed location-only geocode cache match","2001.04.12.d; 2001.04.12.c; 2001.04.12.d; 2001.04.12.c; 2001.04.12.d; 2001.04.12.c; 2001.04.12.d; 2001.04.12.c; 2001.04.12.d; 2001.04.12.c","AI1SAD local legacy incident file; AI1SAD local legacy incident file; Global Shark Attack File; Global Shark Attack File; N-Enzer SharkAttackAnalysis mirror; N-Enzer SharkAttackAnalysis mirror; Ordovas shark-attack mirror; Ordovas shark-attack mirror; Ordovas cleaned shark-attack mirror; Ordovas cleaned shark-attack mirror","","",""
"pending","incident:69569ad196cf10ab443321d0","69569ad196cf10ab443321d0","2001","10-Apr-01","USA","Florida","New Smyrna Beach, Volusia County","29.0258132","-80.9271271","unreviewed location-only geocode cache match","2001.04.10; 2001.04.10; 2001.04.10; 2001.04.10; 2001.04.10","AI1SAD local legacy incident file; Global Shark Attack File; N-Enzer SharkAttackAnalysis mirror; Ordovas shark-attack mirror; Ordovas cleaned shark-attack mirror","","",""
"pending","incident:cd821c1a072c770bb3544e7c","cd821c1a072c770bb3544e7c","2001","27-Aug-01","USA","Florida","New Smyrna Beach, Volusia County","29.0258132","-80.9271271","unreviewed location-only geocode cache match","2001.08.27; 2001.08.27; 2001.08.27; 2001.08.27; 2001.08.27","AI1SAD local legacy incident file; Global Shark Attack File; N-Enzer SharkAttackAnalysis mirror; Ordovas shark-attack mirror; Ordovas cleaned shark-attack mirror","","",""
"pending","incident:3f6b4751da5144e139e30b4e","3f6b4751da5144e139e30b4e","2001","25-Aug-01","USA","Florida","New Smyrna Beach, Volusia County","29.0258132","-80.9271271","unreviewed location-only geocode cache match","2001.08.25; 2001.08.25; 2001.08.25; 2001.08.25; 2001.08.25","AI1SAD local legacy incident file; Global Shark Attack File; N-Enzer SharkAttackAnalysis mirror; Ordovas shark-attack mirror; Ordovas cleaned shark-attack mirror","","",""
"pending","incident:fe9a889d827ab528bdf81ef7","fe9a889d827ab528bdf81ef7","2001","12-Apr-01","USA","Florida","New Smyrna Beach, Volusia County","29.0258132","-80.9271271","unreviewed location-only geocode cache match","2001.04.12.b; 2001.04.12.b; 2001.04.12.b; 2001.04.12.b; 2001.04.12.b","AI1SAD local legacy incident file; Global Shark Attack File; N-Enzer SharkAttackAnalysis mirror; Ordovas shark-attack mirror; Ordovas cleaned shark-attack mirror","","",""
"pending","incident:e20d51275ca1079523e0e091","e20d51275ca1079523e0e091","2000","6-Oct-00","USA","Florida","New Smyrna Beach, Volusia County","29.0258132","-80.9271271","unreviewed location-only geocode cache match","2000.10.06.b; 2000.10.06.b; 2000.10.06.b; 2000.10.06.b; 2000.10.06.b","AI1SAD local legacy incident file; Global Shark Attack File; N-Enzer SharkAttackAnalysis mirror; Ordovas shark-attack mirror; Ordovas cleaned shark-attack mirror","","",""
"pending","incident:d312dc63df1eee15ebde76f5","d312dc63df1eee15ebde76f5","2000","31-Aug-00","USA","Florida","New Smyrna Beach, Volusia County","29.0258132","-80.9271271","unreviewed location-only geocode cache match","2000.08.31; 2000.08.31; 2000.08.31; 2000.08.31; 2000.08.31","AI1SAD local legacy incident file; Global Shark Attack File; N-Enzer SharkAttackAnalysis mirror; Ordovas shark-attack mirror; Ordovas cleaned shark-attack mirror","","",""
"pending","incident:f971d7fdc00a377b7bacf0ae","f971d7fdc00a377b7bacf0ae","2000","6-Oct-00","USA","Florida","New Smyrna Beach, Volusia County","29.0258132","-80.9271271","unreviewed location-only geocode cache match","2000.10.06.a; 2000.10.06.a; 2000.10.06.a; 2000.10.06.a; 2000.10.06.a","AI1SAD local legacy incident file; Global Shark Attack File; N-Enzer SharkAttackAnalysis mirror; Ordovas shark-attack mirror; Ordovas cleaned shark-attack mirror","","",""
"pending","incident:c42f206efe6a9613db746848","c42f206efe6a9613db746848","2000","25-Jul-00","USA","Florida","New Smyrna Beach, Volusia County","29.0258132","-80.9271271","unreviewed location-only geocode cache match","2000.07.25; 2000.07.25; 2000.07.25; 2000.07.25; 2000.07.25","AI1SAD local legacy incident file; Global Shark Attack File; N-Enzer SharkAttackAnalysis mirror; Ordovas shark-attack mirror; Ordovas cleaned shark-attack mirror","","",""
"pending","incident:577f55cf035f0114d2fb7699","577f55cf035f0114d2fb7699","2000","8-Sep-00","USA","Florida","New Smyrna Beach, Volusia County","29.0258132","-80.9271271","unreviewed location-only geocode cache match","2000.09.08.b; 2000.09.08.b; 2000.09.08.b; 2000.09.08.b; 2000.09.08.b","AI1SAD local legacy incident file; Global Shark Attack File; N-Enzer SharkAttackAnalysis mirror; Ordovas shark-attack mirror; Ordovas cleaned shark-attack mirror","","",""
"pending","incident:ea67026a2a6295a7f408bc8c","ea67026a2a6295a7f408bc8c","2008","Fall 2008","USA","Florida","Off Fort Pierce, St. Lucie County","27.3931017","-80.3716778","unreviewed location-only geocode cache match","2008.00.00.b; 2008.00.00.b; 2008.00.00.b; 2008.00.00.b; 2008.00.00.b","AI1SAD local legacy incident file; Global Shark Attack File; N-Enzer SharkAttackAnalysis mirror; Ordovas shark-attack mirror; Ordovas cleaned shark-attack mirror","","",""
"pending","incident:3afb57f08c1396dee01ea39b","3afb57f08c1396dee01ea39b","2014","14-Jul-14","USA","Florida","Okaloosa Island","30.392096","-86.5930752","unreviewed location-only geocode cache match","2014.07.14; 2014.07.14; 2014.07.14; 2014.07.14; 2014.07.14","AI1SAD local legacy incident file; Global Shark Attack File; N-Enzer SharkAttackAnalysis mirror; Ordovas shark-attack mirror; Ordovas cleaned shark-attack mirror","","",""
"pending","incident:35b53e46530b5fa042be4dda","35b53e46530b5fa042be4dda","2017","11-Apr-17","USA","Florida","Ormond Beach, Volusia County","29.2854132","-81.0557921","unreviewed location-only geocode cache match","2017.04.11; 2017.04.11; 2017.04.11; 2017.04.11; 2017.04.11","AI1SAD local legacy incident file; Global Shark Attack File; N-Enzer SharkAttackAnalysis mirror; Ordovas shark-attack mirror; Ordovas cleaned shark-attack mirror","","",""
"pending","incident:ea2604384e4e3812a6445f71","ea2604384e4e3812a6445f71","2013","21-Sep-2013","USA","Florida","Ormond Beach, Volusia County","29.2854132","-81.0557921","unreviewed location-only geocode cache match","2013.09.21.b; 2013.09.21.b; 2013.09.21.b; 2013.09.21.b; 2013.09.21.b","AI1SAD local legacy incident file; Global Shark Attack File; N-Enzer SharkAttackAnalysis mirror; Ordovas shark-attack mirror; Ordovas cleaned shark-attack mirror","","",""
"pending","incident:fa048d20b867e301e0a8d5fc","fa048d20b867e301e0a8d5fc","2013","02-Sep-2013","USA","Florida","Ormond Beach, Volusia County","29.2854132","-81.0557921","unreviewed location-only geocode cache match","2013.09.02; 2013.09.02; 2013.09.02; 2013.09.02; 2013.09.02","AI1SAD local legacy incident file; Global Shark Attack File; N-Enzer SharkAttackAnalysis mirror; Ordovas shark-attack mirror; Ordovas cleaned shark-attack mirror","","",""
"pending","incident:340417e3116bd825a82051e6","340417e3116bd825a82051e6","2013","27-May-13","USA","Florida","Ormond Beach, Volusia County","29.2854132","-81.0557921","unreviewed location-only geocode cache match","2013.05.27.a; 2013.05.27.a; 2013.05.27.a; 2013.05.27.a; 2013.05.27.a","AI1SAD local legacy incident file; Global Shark Attack File; N-Enzer SharkAttackAnalysis mirror; Ordovas shark-attack mirror; Ordovas cleaned shark-attack mirror","","",""
"pending","incident:5a073e78a95be6d1000e96b6","5a073e78a95be6d1000e96b6","2011","13-May-11","USA","Florida","Ormond Beach, Volusia County","29.2854132","-81.0557921","unreviewed location-only geocode cache match","2011.05.13.a; 2011.05.13.a; 2011.05.13.a; 2011.05.13.a; 2011.05.13.a","AI1SAD local legacy incident file; Global Shark Attack File; N-Enzer SharkAttackAnalysis mirror; Ordovas shark-attack mirror; Ordovas cleaned shark-attack mirror","","",""
"pending","incident:45d969d6d4f54e59996fb1ed","45d969d6d4f54e59996fb1ed","2005","23-Jul-05","USA","Florida","Ormond Beach, Volusia County","29.2854132","-81.0557921","unreviewed location-only geocode cache match","2005.07.23; 2005.07.23; 2005.07.23; 2005.07.23; 2005.07.23","AI1SAD local legacy incident file; Global Shark Attack File; N-Enzer SharkAttackAnalysis mirror; Ordovas shark-attack mirror; Ordovas cleaned shark-attack mirror","","",""
"pending","incident:418ce9b97b119e6e4574d1e9","418ce9b97b119e6e4574d1e9","2002","30-Sep-02","USA","Florida","Ormond Beach, Volusia County","29.2854132","-81.0557921","unreviewed location-only geocode cache match","2002.09.30; 2002.09.30; 2002.09.30; 2002.09.30; 2002.09.30","AI1SAD local legacy incident file; Global Shark Attack File; N-Enzer SharkAttackAnalysis mirror; Ordovas shark-attack mirror; Ordovas cleaned shark-attack mirror","","",""
"pending","incident:b51526d926acccfd4842aa06","b51526d926acccfd4842aa06","2008","14-Sep-08","USA","Florida","Ormond-by-the-Sea, Volusia County","29.3451855","-81.0683775","unreviewed location-only geocode cache match","2008.09.14; 2008.09.14; 2008.09.14; 2008.09.14; 2008.09.14","AI1SAD local legacy incident file; Global Shark Attack File; N-Enzer SharkAttackAnalysis mirror; Ordovas shark-attack mirror; Ordovas cleaned shark-attack mirror","","",""
"pending","incident:77de735644f7e4f1cd1f042f","77de735644f7e4f1cd1f042f","2017","20-Sep-17","USA","Florida","Palm Beach County","26.6279798","-80.4494174","unreviewed location-only geocode cache match","2017.09.20; 2017.09.20; 2017.09.20; 2017.09.20; 2017.09.20","AI1SAD local legacy incident file; Global Shark Attack File; N-Enzer SharkAttackAnalysis mirror; Ordovas shark-attack mirror; Ordovas cleaned shark-attack mirror","","",""
"pending","incident:dfc05fcb88fe9e2ba4fcde4b","dfc05fcb88fe9e2ba4fcde4b","2008","25-Mar-08","USA","Florida","Palm Beach Shores, Palm Beach County","26.7781183","-80.0355962","unreviewed location-only geocode cache match","2008.03.25; 2008.03.25; 2008.03.25; 2008.03.25; 2008.03.25","AI1SAD local legacy incident file; Global Shark Attack File; N-Enzer SharkAttackAnalysis mirror; Ordovas shark-attack mirror; Ordovas cleaned shark-attack mirror","","",""
"pending","incident:00940aea9cd37e8d70cd1d00","00940aea9cd37e8d70cd1d00","2015","15-Nov-15","USA","Florida","Palm Beach, Palm Beach County","26.7056172","-80.0361517","unreviewed location-only geocode cache match","2015.11.15.b; 2015.11.15.b; 2015.11.15.b; 2015.11.15.b; 2015.11.15.b","AI1SAD local legacy incident file; Global Shark Attack File; N-Enzer SharkAttackAnalysis mirror; Ordovas shark-attack mirror; Ordovas cleaned shark-attack mirror","","",""
"pending","incident:29d0c25b2003fdd654eb121e","29d0c25b2003fdd654eb121e","2013","25-Sep-2013","USA","Florida","Panama City, Bay County","30.1586518","-85.6602936","unreviewed location-only geocode cache match","2013.09.25; 2013.09.25; 2013.09.25; 2013.09.25; 2013.09.25","AI1SAD local legacy incident file; Global Shark Attack File; N-Enzer SharkAttackAnalysis mirror; Ordovas shark-attack mirror; Ordovas cleaned shark-attack mirror","","",""
"pending","incident:5b24adc11c222962a24d3a46","5b24adc11c222962a24d3a46","2000","13-Jun-00","USA","Florida","Pensacola Bay, Escambia County","30.388064","-87.1876779","unreviewed location-only geocode cache match","2000.06.13; 2000.06.13; 2000.06.13; 2000.06.13; 2000.06.13","AI1SAD local legacy incident file; Global Shark Attack File; N-Enzer SharkAttackAnalysis mirror; Ordovas shark-attack mirror; Ordovas cleaned shark-attack mirror","","",""
"pending","incident:7c4eeb5210d9575b0f79a083","7c4eeb5210d9575b0f79a083","2011","21-Jun-11","USA","Florida","Perdido Key, Escambia County","30.3180487","-87.4259275","unreviewed location-only geocode cache match","2011.06.21; 2011.06.21; 2011.06.21; 2011.06.21; 2011.06.21","AI1SAD local legacy incident file; Global Shark Attack File; N-Enzer SharkAttackAnalysis mirror; Ordovas shark-attack mirror; Ordovas cleaned shark-attack mirror","","",""
"pending","incident:069b752a8937e5b19ee7ca96","069b752a8937e5b19ee7ca96","2018","14-Jul-2018","USA","Florida","Playalinda Beach, Brevard County","28.7043045","-80.6683756","unreviewed location-only geocode cache match","2018.07.14.a","Global Shark Attack File","","",""
"pending","incident:eb29b820ce791a3e46e8ce36","eb29b820ce791a3e46e8ce36","2015","21-Oct-15","USA","Florida","Playalinda Beach, Brevard County","28.7043045","-80.6683756","unreviewed location-only geocode cache match","2015.10.21; 2015.10.21; 2015.10.21; 2015.10.21; 2015.10.21","AI1SAD local legacy incident file; Global Shark Attack File; N-Enzer SharkAttackAnalysis mirror; Ordovas shark-attack mirror; Ordovas cleaned shark-attack mirror","","",""
"pending","incident:466f41a632ef7611e997ffaa","466f41a632ef7611e997ffaa","2015","16-Nov-15","USA","Florida","Playalinda Beach, Brevard County","28.7043045","-80.6683756","unreviewed location-only geocode cache match","2015.11.16; 2015.11.16; 2015.11.16; 2015.11.16; 2015.11.16","AI1SAD local legacy incident file; Global Shark Attack File; N-Enzer SharkAttackAnalysis mirror; Ordovas shark-attack mirror; Ordovas cleaned shark-attack mirror","","",""
"pending","incident:4f400b5e104a7a5ce6ff25ca","4f400b5e104a7a5ce6ff25ca","2012","4-Mar-12","USA","Florida","Playalinda Beach, Brevard County","28.7043045","-80.6683756","unreviewed location-only geocode cache match","2012.03.04; 2012.03.04; 2012.03.04; 2012.03.04; 2012.03.04","AI1SAD local legacy incident file; Global Shark Attack File; N-Enzer SharkAttackAnalysis mirror; Ordovas shark-attack mirror; Ordovas cleaned shark-attack mirror","","",""
"pending","incident:914fb80cb4575649585a4e4c","914fb80cb4575649585a4e4c","2003","20-Apr-03","USA","Florida","Playalinda Beach, Brevard County","28.7043045","-80.6683756","unreviewed location-only geocode cache match","2003.04.20.c; 2003.04.20.c; 2003.04.20.c; 2003.04.20.c; 2003.04.20.c","AI1SAD local legacy incident file; Global Shark Attack File; N-Enzer SharkAttackAnalysis mirror; Ordovas shark-attack mirror; Ordovas cleaned shark-attack mirror","","",""
"pending","incident:d218ef8a72eaaecfae021fa1","d218ef8a72eaaecfae021fa1","2024","2024-07-08 00:00:00","USA","Florida","Ponce de Leon Inlet Volusia County","29.0768191","-80.9176166","unreviewed location-only geocode cache match","","Global Shark Attack File","","",""
"pending","incident:a34ddcee2d15e8936a3f2bab","a34ddcee2d15e8936a3f2bab","2005","29-Oct-05","USA","Florida","Ponce de Leon Inlet, Volusia County","29.0768191","-80.9176166","unreviewed location-only geocode cache match","2005.10.29; 2005.10.29; 2005.10.29; 2005.10.29; 2005.10.29","AI1SAD local legacy incident file; Global Shark Attack File; N-Enzer SharkAttackAnalysis mirror; Ordovas shark-attack mirror; Ordovas cleaned shark-attack mirror","","",""
"pending","incident:335b02f40459a36d422607a6","335b02f40459a36d422607a6","2003","14-May-03","USA","Florida","Ponce de Leon Inlet, Volusia County","29.0768191","-80.9176166","unreviewed location-only geocode cache match","2003.05.14; 2003.05.14; 2003.05.14; 2003.05.14; 2003.05.14","AI1SAD local legacy incident file; Global Shark Attack File; N-Enzer SharkAttackAnalysis mirror; Ordovas shark-attack mirror; Ordovas cleaned shark-attack mirror","","",""
"pending","incident:082bbd238fbbf0d59adb7fcf","082bbd238fbbf0d59adb7fcf","2002","7-Aug-02","USA","Florida","Ponce De Leon Inlet, Volusia County","29.0768191","-80.9176166","unreviewed location-only geocode cache match","2002.08.07; 2002.08.07; 2002.08.07; 2002.08.07; 2002.08.07","AI1SAD local legacy incident file; Global Shark Attack File; N-Enzer SharkAttackAnalysis mirror; Ordovas shark-attack mirror; Ordovas cleaned shark-attack mirror","","",""
"pending","incident:112ef056a467713de4808987","112ef056a467713de4808987","2023","04 Sep 2023","USA","Florida","Ponce Inlet, Volusia County","29.0963729","-80.9369983","unreviewed location-only geocode cache match","","Global Shark Attack File","","",""
"pending","incident:36340e01f1639294d4e260b8","36340e01f1639294d4e260b8","2023","04 Sep 2023","USA","Florida","Ponce Inlet, Volusia County","29.0963729","-80.9369983","unreviewed location-only geocode cache match","","Global Shark Attack File","","",""
"pending","incident:aaf5b8e53b09414d0736dc7d","aaf5b8e53b09414d0736dc7d","2021","09-Sep-2021","USA","Florida","Ponce Inlet, Volusia County","29.0963729","-80.9369983","unreviewed location-only geocode cache match","2021.09.09","Global Shark Attack File","","",""
"pending","incident:b630620b4ad73e023fdd265a","b630620b4ad73e023fdd265a","2021","30-Jul-2021","USA","Florida","Ponce Inlet, Volusia County","29.0963729","-80.9369983","unreviewed location-only geocode cache match","2021.07.30","Global Shark Attack File","","",""
"pending","incident:86f17a6fe113564730b5c21c","86f17a6fe113564730b5c21c","2021","04-Jul-2021","USA","Florida","Ponce Inlet, Volusia County","29.0963729","-80.9369983","unreviewed location-only geocode cache match","2021.07.04; 2021.07.04","Global Shark Attack File; Global Shark Attack File","","",""
"pending","incident:a07938d7a69861198cadf0b5","a07938d7a69861198cadf0b5","2020","15-Sep-2020","USA","Florida","Ponce Inlet, Volusia County","29.0963729","-80.9369983","unreviewed location-only geocode cache match","2020.09.15.b","Global Shark Attack File","","",""
"pending","incident:8c05027ce5eeb1a075da4a36","8c05027ce5eeb1a075da4a36","2018","23-Oct-2018","USA","Florida","Ponce Inlet, Volusia County","29.0963729","-80.9369983","unreviewed location-only geocode cache match","2018.10.23.b","Global Shark Attack File","","",""
"pending","incident:ac24a119490c1ff2d8a437e7","ac24a119490c1ff2d8a437e7","2018","08-Sep-2018","USA","Florida","Ponce Inlet, Volusia County","29.0963729","-80.9369983","unreviewed location-only geocode cache match","2018.09.08.b","Global Shark Attack File","","",""
"pending","incident:b6e3785e501cda1db50f013b","b6e3785e501cda1db50f013b","2017","10-Jun-17","USA","Florida","Ponce Inlet, Volusia County","29.0963729","-80.9369983","unreviewed location-only geocode cache match","2017.06.10.a; 2017.06.10.a; 2017.06.10.a; 2017.06.10.a; 2017.06.10.a","AI1SAD local legacy incident file; Global Shark Attack File; N-Enzer SharkAttackAnalysis mirror; Ordovas shark-attack mirror; Ordovas cleaned shark-attack mirror","","",""
"pending","incident:43f82636b975444e53cdfd15","43f82636b975444e53cdfd15","2017","13-Sep-17","USA","Florida","Ponce Inlet, Volusia County","29.0963729","-80.9369983","unreviewed location-only geocode cache match","2017.09.13; 2017.09.13; 2017.09.13; 2017.09.13; 2017.09.13","AI1SAD local legacy incident file; Global Shark Attack File; N-Enzer SharkAttackAnalysis mirror; Ordovas shark-attack mirror; Ordovas cleaned shark-attack mirror","","",""
"pending","incident:02bdc79a3dce5b273dd940ae","02bdc79a3dce5b273dd940ae","2017","16-Sep-17","USA","Florida","Ponce Inlet, Volusia County","29.0963729","-80.9369983","unreviewed location-only geocode cache match","2017.09.16.a; 2017.09.16.a; 2017.09.16.a; 2017.09.16.a; 2017.09.16.a","AI1SAD local legacy incident file; Global Shark Attack File; N-Enzer SharkAttackAnalysis mirror; Ordovas shark-attack mirror; Ordovas cleaned shark-attack mirror","","",""
"pending","incident:e47069bc2a74c3dc7753adaf","e47069bc2a74c3dc7753adaf","2014","29-Aug-14","USA","Florida","Ponce Inlet, Volusia County","29.0963729","-80.9369983","unreviewed location-only geocode cache match","2014.08.29.b; 2014.08.29.b; 2014.08.29.b; 2014.08.29.b; 2014.08.29.b","AI1SAD local legacy incident file; Global Shark Attack File; N-Enzer SharkAttackAnalysis mirror; Ordovas shark-attack mirror; Ordovas cleaned shark-attack mirror","","",""
"pending","incident:dbb03eea2431667d8b0db32d","dbb03eea2431667d8b0db32d","2012","18-Oct-12","USA","Florida","Ponce Inlet, Volusia County","29.0963729","-80.9369983","unreviewed location-only geocode cache match","2012.10.18.b; 2012.10.18.b; 2012.10.18.b; 2012.10.18.b; 2012.10.18.b","AI1SAD local legacy incident file; Global Shark Attack File; N-Enzer SharkAttackAnalysis mirror; Ordovas shark-attack mirror; Ordovas cleaned shark-attack mirror","","",""
"pending","incident:577e66e4d376ab0ee53052eb","577e66e4d376ab0ee53052eb","2009","18-Mar-09","USA","Florida","Ponce Inlet, Volusia County","29.0963729","-80.9369983","unreviewed location-only geocode cache match","2009.03.18.a; 2009.03.18.a; 2009.03.18.a; 2009.03.18.a; 2009.03.18.a","AI1SAD local legacy incident file; Global Shark Attack File; N-Enzer SharkAttackAnalysis mirror; Ordovas shark-attack mirror; Ordovas cleaned shark-attack mirror","","",""
"pending","incident:9043ec73c6b47185b3eb0bba","9043ec73c6b47185b3eb0bba","2008","15-Feb-08","USA","Florida","Ponce Inlet, Volusia County","29.0963729","-80.9369983","unreviewed location-only geocode cache match","2008.02.15; 2008.02.15; 2008.02.15; 2008.02.15; 2008.02.15","AI1SAD local legacy incident file; Global Shark Attack File; N-Enzer SharkAttackAnalysis mirror; Ordovas shark-attack mirror; Ordovas cleaned shark-attack mirror","","",""
"pending","incident:cb8e991886ef75b69e8babcb","cb8e991886ef75b69e8babcb","2007","5-Jul-07","USA","Florida","Ponce Inlet, Volusia County","29.0963729","-80.9369983","unreviewed location-only geocode cache match","2007.07.05; 2007.07.05; 2007.07.05; 2007.07.05; 2007.07.05","AI1SAD local legacy incident file; Global Shark Attack File; N-Enzer SharkAttackAnalysis mirror; Ordovas shark-attack mirror; Ordovas cleaned shark-attack mirror","","",""
"pending","incident:6fc90a3d9b2ea34bd921df0a","6fc90a3d9b2ea34bd921df0a","2007","29-Jul-07","USA","Florida","Ponce Inlet, Volusia County","29.0963729","-80.9369983","unreviewed location-only geocode cache match","2007.07.29; 2007.07.29; 2007.07.29; 2007.07.29; 2007.07.29","AI1SAD local legacy incident file; Global Shark Attack File; N-Enzer SharkAttackAnalysis mirror; Ordovas shark-attack mirror; Ordovas cleaned shark-attack mirror","","",""
"pending","incident:30e71e66d3b5aaf388b093ef","30e71e66d3b5aaf388b093ef","2005","2-Sep-05","USA","Florida","Ponce Inlet, Volusia County","29.0963729","-80.9369983","unreviewed location-only geocode cache match","2005.09.02.b; 2005.09.02.b; 2005.09.02.b; 2005.09.02.b; 2005.09.02.b","AI1SAD local legacy incident file; Global Shark Attack File; N-Enzer SharkAttackAnalysis mirror; Ordovas shark-attack mirror; Ordovas cleaned shark-attack mirror","","",""
"pending","incident:e7d2da515742d85f28abe11a","e7d2da515742d85f28abe11a","2005","15-Oct-05","USA","Florida","Ponce Inlet, Volusia County","29.0963729","-80.9369983","unreviewed location-only geocode cache match","2005.10.15; 2005.10.15; 2005.10.15; 2005.10.15; 2005.10.15","AI1SAD local legacy incident file; Global Shark Attack File; N-Enzer SharkAttackAnalysis mirror; Ordovas shark-attack mirror; Ordovas cleaned shark-attack mirror","","",""
"pending","incident:f3b8753569e271d593d7d303","f3b8753569e271d593d7d303","2005","6-Oct-05","USA","Florida","Ponce Inlet, Volusia County","29.0963729","-80.9369983","unreviewed location-only geocode cache match","2005.10.06; 2005.10.06; 2005.10.06; 2005.10.06; 2005.10.06","AI1SAD local legacy incident file; Global Shark Attack File; N-Enzer SharkAttackAnalysis mirror; Ordovas shark-attack mirror; Ordovas cleaned shark-attack mirror","","",""
"pending","incident:0b9c6b5bf25f7887079b4b24","0b9c6b5bf25f7887079b4b24","2003","8-Jun-03","USA","Florida","Ponce Inlet, Volusia County","29.0963729","-80.9369983","unreviewed location-only geocode cache match","2003.06.08; 2003.06.08; 2003.06.08; 2003.06.08; 2003.06.08","AI1SAD local legacy incident file; Global Shark Attack File; N-Enzer SharkAttackAnalysis mirror; Ordovas shark-attack mirror; Ordovas cleaned shark-attack mirror","","",""
"pending","incident:7ac43cc884422030e7e3504c","7ac43cc884422030e7e3504c","2001","24-Sep-01","USA","Florida","Ponce Inlet, Volusia County","29.0963729","-80.9369983","unreviewed location-only geocode cache match","2001.09.24; 2001.09.24; 2001.09.24; 2001.09.24; 2001.09.24","AI1SAD local legacy incident file; Global Shark Attack File; N-Enzer SharkAttackAnalysis mirror; Ordovas shark-attack mirror; Ordovas cleaned shark-attack mirror","","",""
"pending","incident:8db2000694ad4d935b014c0c","8db2000694ad4d935b014c0c","2009","10-Aug-09","USA","Florida","Ponce, Volusia County","29.0963729","-80.9369983","unreviewed location-only geocode cache match","2009.08.10; 2009.08.10; 2009.08.10; 2009.08.10; 2009.08.10","AI1SAD local legacy incident file; Global Shark Attack File; N-Enzer SharkAttackAnalysis mirror; Ordovas shark-attack mirror; Ordovas cleaned shark-attack mirror","","",""
"pending","incident:b41159dc55b1084d605e93b3","b41159dc55b1084d605e93b3","2011","13-May-11","USA","Florida","Ponte Vedra Beach, St Johns County","30.2396865","-81.3856384","unreviewed location-only geocode cache match","2011.05.13.b; 2011.05.13.b; 2011.05.13.b; 2011.05.13.b; 2011.05.13.b","AI1SAD local legacy incident file; Global Shark Attack File; N-Enzer SharkAttackAnalysis mirror; Ordovas shark-attack mirror; Ordovas cleaned shark-attack mirror","","",""
"pending","incident:0831db90d232c4afc4bda67f","0831db90d232c4afc4bda67f","2010","Jun-10","USA","Florida","Ponte Vedra Beach, St Johns County","30.2396865","-81.3856384","unreviewed location-only geocode cache match","2010.06.00; 2010.06.00; 2010.06.00; 2010.06.00; 2010.06.00","AI1SAD local legacy incident file; Global Shark Attack File; N-Enzer SharkAttackAnalysis mirror; Ordovas shark-attack mirror; Ordovas cleaned shark-attack mirror","","",""
"pending","incident:ba60b0b89a7afb24c3604ed0","ba60b0b89a7afb24c3604ed0","2006","09-Jul-2006.","USA","Florida","Ponte Vedra Beach, St Johns County","30.2396865","-81.3856384","unreviewed location-only geocode cache match","2006.07.09.a; 2006.07.09.a; 2006.07.09.a; 2006.07.09.a; 2006.07.09.a","AI1SAD local legacy incident file; Global Shark Attack File; N-Enzer SharkAttackAnalysis mirror; Ordovas shark-attack mirror; Ordovas cleaned shark-attack mirror","","",""
"pending","incident:6f1649fe5e8844c322c31d12","6f1649fe5e8844c322c31d12","2003","31-Oct-03","USA","Florida","Ponte Vedra Beach, St. Johns County","30.2396865","-81.3856384","unreviewed location-only geocode cache match","2003.10.31.c; 2003.10.31.c; 2003.10.31.c; 2003.10.31.c; 2003.10.31.c","AI1SAD local legacy incident file; Global Shark Attack File; N-Enzer SharkAttackAnalysis mirror; Ordovas shark-attack mirror; Ordovas cleaned shark-attack mirror","","",""
"pending","incident:d573294884391c9ae49a5ee5","d573294884391c9ae49a5ee5","2016","25-Aug-16","USA","Florida","Ponte Vedra, St. Johns County","30.2274645","-81.3800824","unreviewed location-only geocode cache match","2016.08.25; 2016.08.25; 2016.08.25; 2016.08.25; 2016.08.25","AI1SAD local legacy incident file; Global Shark Attack File; N-Enzer SharkAttackAnalysis mirror; Ordovas shark-attack mirror; Ordovas cleaned shark-attack mirror","","",""
"pending","incident:605bdd6ecd28dcde532dfae6","605bdd6ecd28dcde532dfae6","2016","11-Sep-16","USA","Florida","Ponte Vedra, St. Johns County","30.2274645","-81.3800824","unreviewed location-only geocode cache match","2016.09.11; 2016.09.11; 2016.09.11; 2016.09.11; 2016.09.11","AI1SAD local legacy incident file; Global Shark Attack File; N-Enzer SharkAttackAnalysis mirror; Ordovas shark-attack mirror; Ordovas cleaned shark-attack mirror","","",""
"pending","incident:3944cec00d892d7ea3363625","3944cec00d892d7ea3363625","2016","18-May-16","USA","Florida","Ponte Vedra, St. Johns County","30.2274645","-81.3800824","unreviewed location-only geocode cache match","2016.05.18; 2016.05.18; 2016.05.18; 2016.05.18; 2016.05.18","AI1SAD local legacy incident file; Global Shark Attack File; N-Enzer SharkAttackAnalysis mirror; Ordovas shark-attack mirror; Ordovas cleaned shark-attack mirror","","",""
"pending","incident:eccaa50827c0918dc97fd9b6","eccaa50827c0918dc97fd9b6","2006","13-Apr-06","USA","Florida","Port of the Islands, Collier County","25.9585929","-81.5108005","unreviewed location-only geocode cache match","2006.04.13; 2006.04.13; 2006.04.13; 2006.04.13; 2006.04.13","AI1SAD local legacy incident file; Global Shark Attack File; N-Enzer SharkAttackAnalysis mirror; Ordovas shark-attack mirror; Ordovas cleaned shark-attack mirror","","",""
"pending","incident:182ef4cad24856e64e469fce","182ef4cad24856e64e469fce","2015","26-Apr-15","USA","Florida","Resident's Beach, Marco Island","25.9351352","-81.733757","unreviewed location-only geocode cache match","2015.04.26; 2015.04.26; 2015.04.26; 2015.04.26; 2015.04.26","AI1SAD local legacy incident file; Global Shark Attack File; N-Enzer SharkAttackAnalysis mirror; Ordovas shark-attack mirror; Ordovas cleaned shark-attack mirror","","",""
"pending","incident:sharks_happen:0503",,"2011","2011-04-26","USA","Florida","Riviera Beach","26.784343","-80.0650293","unreviewed location-only geocode cache match","sharks_happen:0503","Hal / Sharks Happen Stats","","",""
"pending","incident:5c28a182673e1e5872d18110","5c28a182673e1e5872d18110","2010","6-Feb-10","USA","Florida","Riviera Beach","26.784343","-80.0650293","unreviewed location-only geocode cache match","2010.02.06.a; 2010.02.06.a; 2010.02.06.a; 2010.02.06.a; 2010.02.06.a","AI1SAD local legacy incident file; Global Shark Attack File; N-Enzer SharkAttackAnalysis mirror; Ordovas shark-attack mirror; Ordovas cleaned shark-attack mirror","","",""
"pending","incident:b056b2b36b86f8cd2c7be39a","b056b2b36b86f8cd2c7be39a","2011","26-Apr-11","USA","Florida","Riviera Beach, Palm Beach County","26.784343","-80.0650293","unreviewed location-only geocode cache match","2011.04.26; 2011.04.26; 2011.04.26; 2011.04.26; 2011.04.26","AI1SAD local legacy incident file; Global Shark Attack File; N-Enzer SharkAttackAnalysis mirror; Ordovas shark-attack mirror; Ordovas cleaned shark-attack mirror","","",""
"pending","incident:6c757e95bda691c799756d48","6c757e95bda691c799756d48","2000","21-Feb-00","USA","Florida","Riviera Beach, Palm Beach County","26.784343","-80.0650293","unreviewed location-only geocode cache match","2000.02.21; 2000.02.21; 2000.02.21; 2000.02.21; 2000.02.21","AI1SAD local legacy incident file; Global Shark Attack File; N-Enzer SharkAttackAnalysis mirror; Ordovas shark-attack mirror; Ordovas cleaned shark-attack mirror","","",""
"pending","incident:0f58c303e8b1fd5fe7f1972a","0f58c303e8b1fd5fe7f1972a","2007","4-Nov-07","USA","Florida","Round Island Park, Indian River County","27.5613428","-80.3267064","unreviewed location-only geocode cache match","2007.11.04; 2007.11.04; 2007.11.04; 2007.11.04; 2007.11.04","AI1SAD local legacy incident file; Global Shark Attack File; N-Enzer SharkAttackAnalysis mirror; Ordovas shark-attack mirror; Ordovas cleaned shark-attack mirror","","",""
"pending","incident:c44193ce966671e0862e32b5","c44193ce966671e0862e32b5","2006","4-Jan-06","USA","Florida","Round Island Park, Indian River County","27.5613428","-80.3267064","unreviewed location-only geocode cache match","2006.01.04; 2006.01.04; 2006.01.04; 2006.01.04; 2006.01.04","AI1SAD local legacy incident file; Global Shark Attack File; N-Enzer SharkAttackAnalysis mirror; Ordovas shark-attack mirror; Ordovas cleaned shark-attack mirror","","",""
"pending","incident:743ea13f23de098df64e3097","743ea13f23de098df64e3097","2013","05-Aug-2013","USA","Florida","Sanibel Island, Lee County","26.440359","-82.1137049","unreviewed location-only geocode cache match","2013.08.05; 2013.08.05; 2013.08.05; 2013.08.05; 2013.08.05","AI1SAD local legacy incident file; Global Shark Attack File; N-Enzer SharkAttackAnalysis mirror; Ordovas shark-attack mirror; Ordovas cleaned shark-attack mirror","","",""
"pending","incident:ec27531e2309172d9e774e71","ec27531e2309172d9e774e71","2012","Apr-13","USA","Florida","Sanibel Island, Lee County","26.440359","-82.1137049","unreviewed location-only geocode cache match","2012.04.00; 2012.04.00; 2012.04.00; 2012.04.00; 2012.04.00","AI1SAD local legacy incident file; Global Shark Attack File; N-Enzer SharkAttackAnalysis mirror; Ordovas shark-attack mirror; Ordovas cleaned shark-attack mirror","","",""
"pending","incident:f8a083736ca986f0d800928c","f8a083736ca986f0d800928c","2009","3-Apr-09","USA","Florida","Sanibel Island, Lee County","26.440359","-82.1137049","unreviewed location-only geocode cache match","2009.04.03; 2009.04.03; 2009.04.03; 2009.04.03; 2009.04.03","AI1SAD local legacy incident file; Global Shark Attack File; N-Enzer SharkAttackAnalysis mirror; Ordovas shark-attack mirror; Ordovas cleaned shark-attack mirror","","",""
"pending","incident:72c511b2ead837b88f30bce5","72c511b2ead837b88f30bce5","2008","20-Aug-08","USA","Florida","Sanibel Island, Lee County","26.440359","-82.1137049","unreviewed location-only geocode cache match","2008.08.20; 2008.08.20; 2008.08.20; 2008.08.20; 2008.08.20","AI1SAD local legacy incident file; Global Shark Attack File; N-Enzer SharkAttackAnalysis mirror; Ordovas shark-attack mirror; Ordovas cleaned shark-attack mirror","","",""
"pending","incident:489cbc1d2bb377c9e092ff02","489cbc1d2bb377c9e092ff02","2004","27-Mar-04","USA","Florida","Sanibel Island, Lee County","26.440359","-82.1137049","unreviewed location-only geocode cache match","2004.03.27.a; 2004.03.27.a; 2004.03.27.a; 2004.03.27.a; 2004.03.27.a","AI1SAD local legacy incident file; Global Shark Attack File; N-Enzer SharkAttackAnalysis mirror; Ordovas shark-attack mirror; Ordovas cleaned shark-attack mirror","","",""
"pending","incident:90237f3ae5a33a1c076bea90","90237f3ae5a33a1c076bea90","2008","8-Oct-08","USA","Florida","Santa Rosa Beach, Walton County","30.3466423","-86.2307992","unreviewed location-only geocode cache match","2008.10.08; 2008.10.08; 2008.10.08; 2008.10.08; 2008.10.08","AI1SAD local legacy incident file; Global Shark Attack File; N-Enzer SharkAttackAnalysis mirror; Ordovas shark-attack mirror; Ordovas cleaned shark-attack mirror","","",""
"pending","incident:43a740fd3a4bd92e6d4d93d3","43a740fd3a4bd92e6d4d93d3","2001","15-Jul-01","USA","Florida","Santa Rosa Island, Escambia County","30.3607942","-86.9898483","unreviewed location-only geocode cache match","2001.07.15.b; 2001.07.15.b; 2001.07.15.b; 2001.07.15.b; 2001.07.15.b","AI1SAD local legacy incident file; Global Shark Attack File; N-Enzer SharkAttackAnalysis mirror; Ordovas shark-attack mirror; Ordovas cleaned shark-attack mirror","","",""
"pending","incident:d7b28d8f83d8d0db4dae7f58","d7b28d8f83d8d0db4dae7f58","2000","31-Mar-00","USA","Florida","Santa Rosa Sound Escambia County","30.3691634","-87.0327139","unreviewed location-only geocode cache match","2000.03.31; 2000.03.31; 2000.03.31; 2000.03.31; 2000.03.31","AI1SAD local legacy incident file; Global Shark Attack File; N-Enzer SharkAttackAnalysis mirror; Ordovas shark-attack mirror; Ordovas cleaned shark-attack mirror","","",""
"pending","incident:aae447fdd9bb99c26a979c8c","aae447fdd9bb99c26a979c8c","2007","15-Aug-07","USA","Florida","Sarasota Bay","27.3506005","-82.5720423","unreviewed location-only geocode cache match","2007.08.15; 2007.08.15; 2007.08.15; 2007.08.15; 2007.08.15; sharks_happen:0351","AI1SAD local legacy incident file; Global Shark Attack File; N-Enzer SharkAttackAnalysis mirror; Ordovas shark-attack mirror; Ordovas cleaned shark-attack mirror; Hal / Sharks Happen Stats","","",""
"pending","incident:659b2f4909c6c30869afd569","659b2f4909c6c30869afd569","2023","11 Sep-2023","USA","Florida","Satellite Beach, Brevard County","28.1760051","-80.5904623","unreviewed location-only geocode cache match","","Global Shark Attack File","","",""
"pending","incident:f0176b7b904f205d2700eb73","f0176b7b904f205d2700eb73","2019","24-Sep-2019","USA","Florida","Satellite Beach, Brevard County","28.1760051","-80.5904623","unreviewed location-only geocode cache match","2019.09.24.a","Global Shark Attack File","","",""
"pending","incident:accc81075038063bd8c7b67e","accc81075038063bd8c7b67e","2012","19-Oct-12","USA","Florida","Seaport, Brevard County","28.4168126","-80.6130373","unreviewed location-only geocode cache match","2012.10.19; 2012.10.19; 2012.10.19; 2012.10.19; 2012.10.19","AI1SAD local legacy incident file; Global Shark Attack File; N-Enzer SharkAttackAnalysis mirror; Ordovas shark-attack mirror; Ordovas cleaned shark-attack mirror","","",""
"pending","incident:2b19404a18074e05392af68e","2b19404a18074e05392af68e","2006","16-Oct-06","USA","Florida","Sebastian Inlet","27.8557604","-80.4535013","unreviewed location-only geocode cache match","2006.10.16; 2006.10.16; 2006.10.16; 2006.10.16; 2006.10.16","AI1SAD local legacy incident file; Global Shark Attack File; N-Enzer SharkAttackAnalysis mirror; Ordovas shark-attack mirror; Ordovas cleaned shark-attack mirror","","",""
"pending","incident:ea24fb0cfddd67f616bfcb31","ea24fb0cfddd67f616bfcb31","2006","21-Apr-06","USA","Florida","Sebastian Inlet, Brevard County","27.8557604","-80.4535013","unreviewed location-only geocode cache match","2006.04.21; 2006.04.21; 2006.04.21; 2006.04.21; 2006.04.21","AI1SAD local legacy incident file; Global Shark Attack File; N-Enzer SharkAttackAnalysis mirror; Ordovas shark-attack mirror; Ordovas cleaned shark-attack mirror","","",""
"pending","incident:43a6d366604c19729db638b8","43a6d366604c19729db638b8","2002","29-Sep-02","USA","Florida","Sebastian Inlet, Brevard County","27.8557604","-80.4535013","unreviewed location-only geocode cache match","2002.09.29; 2002.09.29; 2002.09.29; 2002.09.29; 2002.09.29","AI1SAD local legacy incident file; Global Shark Attack File; N-Enzer SharkAttackAnalysis mirror; Ordovas shark-attack mirror; Ordovas cleaned shark-attack mirror","","",""
"pending","incident:380e1a1f21e6b3b08a5849cb","380e1a1f21e6b3b08a5849cb","2017","19-Jun-17","USA","Florida","Singer Island, Palm Beach County","26.7850625","-80.0375408","unreviewed location-only geocode cache match","2017.06.19; 2017.06.19; 2017.06.19; 2017.06.19; 2017.06.19","AI1SAD local legacy incident file; Global Shark Attack File; N-Enzer SharkAttackAnalysis mirror; Ordovas shark-attack mirror; Ordovas cleaned shark-attack mirror","","",""
"pending","incident:14429d88f08248dddfed7df1","14429d88f08248dddfed7df1","2006","14-Sep-06","USA","Florida","Singer Island, Riviera Beach","26.7850625","-80.0375408","unreviewed location-only geocode cache match","2006.09.14; 2006.09.14; 2006.09.14; 2006.09.14; 2006.09.14","AI1SAD local legacy incident file; Global Shark Attack File; N-Enzer SharkAttackAnalysis mirror; Ordovas shark-attack mirror; Ordovas cleaned shark-attack mirror","","",""
"pending","incident:cfeaa088f17093b9eca08493","cfeaa088f17093b9eca08493","2012","8-Sep-12","USA","Florida","South Beach, Miami-Dade County","25.7744291","-80.1332415","unreviewed location-only geocode cache match","2012.09.08.a; 2012.09.08.a; 2012.09.08.a; 2012.09.08.a; 2012.09.08.a","AI1SAD local legacy incident file; Global Shark Attack File; N-Enzer SharkAttackAnalysis mirror; Ordovas shark-attack mirror; Ordovas cleaned shark-attack mirror","","",""
"pending","incident:77f168cc2f806f00f65e34fa","77f168cc2f806f00f65e34fa","2000","13-Aug-00","USA","Florida","South Jacksonville Beach, Duval County","30.2559615","-81.3883506","unreviewed location-only geocode cache match","2000.08.13; 2000.08.13; 2000.08.13; 2000.08.13; 2000.08.13","AI1SAD local legacy incident file; Global Shark Attack File; N-Enzer SharkAttackAnalysis mirror; Ordovas shark-attack mirror; Ordovas cleaned shark-attack mirror","","",""
"pending","incident:95c02959334cb4a54cd49fab","95c02959334cb4a54cd49fab","2013","01-Sep-2013","USA","Florida","St Augustine Beach, St Johns County","29.8508613","-81.2716634","unreviewed location-only geocode cache match","2013.09.01.a; 2013.09.01.a; 2013.09.01.a; 2013.09.01.a; 2013.09.01.a","AI1SAD local legacy incident file; Global Shark Attack File; N-Enzer SharkAttackAnalysis mirror; Ordovas shark-attack mirror; Ordovas cleaned shark-attack mirror","","",""
"pending","incident:837dc120be7a5083225be01d","837dc120be7a5083225be01d","2002","10-Jun-02","USA","Florida","St Augustine Beach, St Johns County","29.8508613","-81.2716634","unreviewed location-only geocode cache match","2002.06.11.a; 2002.06.11.a; 2002.06.11.a; 2002.06.11.a; 2002.06.11.a","AI1SAD local legacy incident file; Global Shark Attack File; N-Enzer SharkAttackAnalysis mirror; Ordovas shark-attack mirror; Ordovas cleaned shark-attack mirror","","",""
"pending","incident:df8c313a916089f473d802c7","df8c313a916089f473d802c7","2003","26-Jun-03","USA","Florida","St Augustine Beach. St. Johns County","29.8508613","-81.2716634","unreviewed location-only geocode cache match","2003.06.26; 2003.06.26; 2003.06.26; 2003.06.26; 2003.06.26","AI1SAD local legacy incident file; Global Shark Attack File; N-Enzer SharkAttackAnalysis mirror; Ordovas shark-attack mirror; Ordovas cleaned shark-attack mirror","","",""
"pending","incident:2472db362517be66a32f07bd","2472db362517be66a32f07bd","2018","29-Jul-2018","USA","Florida","St Augustine, St Johns County","29.8946952","-81.3145395","unreviewed location-only geocode cache match","2018.07.29","Global Shark Attack File","","",""
"pending","incident:28d793c3a5c4315b622edb5e","28d793c3a5c4315b622edb5e","2017","12-Apr-17","USA","Florida","St. Augustine","29.8946952","-81.3145395","unreviewed location-only geocode cache match","2017.04.12.b; 2017.04.12.b; 2017.04.12.b; 2017.04.12.b; 2017.04.12.b","AI1SAD local legacy incident file; Global Shark Attack File; N-Enzer SharkAttackAnalysis mirror; Ordovas shark-attack mirror; Ordovas cleaned shark-attack mirror","","",""
"pending","incident:673644c251c2550e78ca4b2b","673644c251c2550e78ca4b2b","2002","20-Apr-02","USA","Florida","St. Augustine Beach, St. Johns County","29.8508613","-81.2716634","unreviewed location-only geocode cache match","2002.04.20; 2002.04.20; 2002.04.20; 2002.04.20; 2002.04.20","AI1SAD local legacy incident file; Global Shark Attack File; N-Enzer SharkAttackAnalysis mirror; Ordovas shark-attack mirror; Ordovas cleaned shark-attack mirror","","",""
"pending","incident:484602a7af35235e152ed85c","484602a7af35235e152ed85c","2010","7-Sep-10","USA","Florida","St. Augustine, St. John's County","52.6684402","-8.6237389","unreviewed location-only geocode cache match","2010.09.07; 2010.09.07; 2010.09.07; 2010.09.07; 2010.09.07","AI1SAD local legacy incident file; Global Shark Attack File; N-Enzer SharkAttackAnalysis mirror; Ordovas shark-attack mirror; Ordovas cleaned shark-attack mirror","","",""
"pending","incident:a1917838ead70b99636464d2","a1917838ead70b99636464d2","2009","28-Apr-09","USA","Florida","St. Augustine, St. John's County","52.6684402","-8.6237389","unreviewed location-only geocode cache match","2009.04.28; 2009.04.28; 2009.04.28; 2009.04.28; 2009.04.28","AI1SAD local legacy incident file; Global Shark Attack File; N-Enzer SharkAttackAnalysis mirror; Ordovas shark-attack mirror; Ordovas cleaned shark-attack mirror","","",""
"pending","incident:8637a2d47f3eb039ea49356e","8637a2d47f3eb039ea49356e","2004","23-May-04","USA","Florida","St. Augustine, St. John's County","52.6684402","-8.6237389","unreviewed location-only geocode cache match","2004.05.23.a; 2004.05.23.a; 2004.05.23.a; 2004.05.23.a; 2004.05.23.a","AI1SAD local legacy incident file; Global Shark Attack File; N-Enzer SharkAttackAnalysis mirror; Ordovas shark-attack mirror; Ordovas cleaned shark-attack mirror","","",""
"pending","incident:de0dbe096b7b57e4dcd578d9","de0dbe096b7b57e4dcd578d9","2000","12-Aug-00","USA","Florida","St. Augustine, St. Johns County","29.8946952","-81.3145395","unreviewed location-only geocode cache match","2000.08.12; 2000.08.12; 2000.08.12; 2000.08.12; 2000.08.12","AI1SAD local legacy incident file; Global Shark Attack File; N-Enzer SharkAttackAnalysis mirror; Ordovas shark-attack mirror; Ordovas cleaned shark-attack mirror","","",""
"pending","incident:e9e48236c8b2f0d3b4ced3e2","e9e48236c8b2f0d3b4ced3e2","2016","21-May-16","USA","Florida","St. Petersburg, Pinellas County","27.7700475","-82.6359078","unreviewed location-only geocode cache match","2016.05.21.b; 2016.05.21.b; 2016.05.21.b; 2016.05.21.b; 2016.05.21.b","AI1SAD local legacy incident file; Global Shark Attack File; N-Enzer SharkAttackAnalysis mirror; Ordovas shark-attack mirror; Ordovas cleaned shark-attack mirror","","",""
"pending","incident:53be66a7f4b11efd8304600e","53be66a7f4b11efd8304600e","2019","12-Mar-2019","USA","Florida","Stuart Beach, Martin County","27.1948969","-80.2357","unreviewed location-only geocode cache match","2019.03.12","Global Shark Attack File","","",""
"pending","incident:2deccbf4e8815962ca658d1d","2deccbf4e8815962ca658d1d","2010","3-Feb-10","USA","Florida","Stuart, Martin County","27.197983","-80.2519175","unreviewed location-only geocode cache match","2010.02.03; 2010.02.03; 2010.02.03; 2010.02.03; 2010.02.03","AI1SAD local legacy incident file; Global Shark Attack File; N-Enzer SharkAttackAnalysis mirror; Ordovas shark-attack mirror; Ordovas cleaned shark-attack mirror","","",""
"pending","incident:21523ebf34beeed62def879b","21523ebf34beeed62def879b","2022","29-Jun-2022","USA","Florida","Summerland Key, Monroe County","24.6645905","-81.4470555","unreviewed location-only geocode cache match","2022.06.29.a","Global Shark Attack File","","",""
"pending","incident:4c9502049b6f809cb06ec5d2","4c9502049b6f809cb06ec5d2","2012","15-Jun-12","USA","Florida","Summerland Key, Monroe County","24.6645905","-81.4470555","unreviewed location-only geocode cache match","2012.06.15; 2012.06.15; 2012.06.15; 2012.06.15; 2012.06.15","AI1SAD local legacy incident file; Global Shark Attack File; N-Enzer SharkAttackAnalysis mirror; Ordovas shark-attack mirror; Ordovas cleaned shark-attack mirror","","",""
"pending","incident:358ff7e9b65eb7d75f3d34dd","358ff7e9b65eb7d75f3d34dd","2002","13-May-02","USA","Florida","Ten Thousand Islands National Wildlife Refuge, Collier County","25.8975832","-81.5570283","unreviewed location-only geocode cache match","2002.05.13; 2002.05.13; 2002.05.13; 2002.05.13; 2002.05.13","AI1SAD local legacy incident file; Global Shark Attack File; N-Enzer SharkAttackAnalysis mirror; Ordovas shark-attack mirror; Ordovas cleaned shark-attack mirror","","",""
"pending","incident:ea1452732c75a7ba9386a0f0","ea1452732c75a7ba9386a0f0","2021","30-Mar-2021","USA","Florida","Vero Beach, Indian River County","27.6387163","-80.3975399","unreviewed location-only geocode cache match","2021.03.30","Global Shark Attack File","","",""
"pending","incident:3761ca1d5336e756b6aa0df8","3761ca1d5336e756b6aa0df8","2021","29-Apr-2021","USA","Florida","Vero Beach, Indian River County","27.6387163","-80.3975399","unreviewed location-only geocode cache match","2021.04.29","Global Shark Attack File","","",""
"pending","incident:4a4ccc9c9c1dd769798bace9","4a4ccc9c9c1dd769798bace9","2017","22-Jan-17","USA","Florida","Vero Beach, Indian River County","27.6387163","-80.3975399","unreviewed location-only geocode cache match","2017.01.22; 2017.01.22; 2017.01.22; 2017.01.22; 2017.01.22","AI1SAD local legacy incident file; Global Shark Attack File; N-Enzer SharkAttackAnalysis mirror; Ordovas shark-attack mirror; Ordovas cleaned shark-attack mirror","","",""
"pending","incident:b1cfa4b546c7a86c1e17746a","b1cfa4b546c7a86c1e17746a","2016","22-May-16","USA","Florida","Vero Beach, Indian River County","27.6387163","-80.3975399","unreviewed location-only geocode cache match","2016.05.22; 2016.05.22; 2016.05.22; 2016.05.22; 2016.05.22","AI1SAD local legacy incident file; Global Shark Attack File; N-Enzer SharkAttackAnalysis mirror; Ordovas shark-attack mirror; Ordovas cleaned shark-attack mirror","","",""
"pending","incident:f3c72fd0e18cae3147217255","f3c72fd0e18cae3147217255","2012","9-May-12","USA","Florida","Vero Beach, Indian River County","27.6387163","-80.3975399","unreviewed location-only geocode cache match","2012.05.09; 2012.05.09; 2012.05.09; 2012.05.09; 2012.05.09","AI1SAD local legacy incident file; Global Shark Attack File; N-Enzer SharkAttackAnalysis mirror; Ordovas shark-attack mirror; Ordovas cleaned shark-attack mirror","","",""
"pending","incident:4e2ee9bfec7623764bc18034","4e2ee9bfec7623764bc18034","2002","11-Aug-02","USA","Florida","Vero Beach, Indian River County","27.6387163","-80.3975399","unreviewed location-only geocode cache match","2002.08.11; 2002.08.11; 2002.08.11; 2002.08.11; 2002.08.11","AI1SAD local legacy incident file; Global Shark Attack File; N-Enzer SharkAttackAnalysis mirror; Ordovas shark-attack mirror; Ordovas cleaned shark-attack mirror","","",""
"pending","incident:061a9370676b6135c7beab36","061a9370676b6135c7beab36","2000","10-Sep-00","USA","Florida","Vero Beach, Indian River County","27.6387163","-80.3975399","unreviewed location-only geocode cache match","2000.09.10.b; 2000.09.10.b; 2000.09.10.b; 2000.09.10.b; 2000.09.10.b","AI1SAD local legacy incident file; Global Shark Attack File; N-Enzer SharkAttackAnalysis mirror; Ordovas shark-attack mirror; Ordovas cleaned shark-attack mirror","","",""
"pending","incident:050271aed67e27520c462d6c","050271aed67e27520c462d6c","2016","11-Mar-16","USA","Florida","Vero Beach, St. Lucie County","27.5562652","-80.3237204","unreviewed location-only geocode cache match","2016.03.11; 2016.03.11; 2016.03.11; 2016.03.11; 2016.03.11","AI1SAD local legacy incident file; Global Shark Attack File; N-Enzer SharkAttackAnalysis mirror; Ordovas shark-attack mirror; Ordovas cleaned shark-attack mirror","","",""
"pending","incident:29e767447ddc88da3f0a8d87","29e767447ddc88da3f0a8d87","2015","29-Sep-15","USA","Florida","Vilano Beach, St. Johns County","29.9188576","-81.2928499","unreviewed location-only geocode cache match","2015.09.29; 2015.09.29; 2015.09.29; 2015.09.29; 2015.09.29","AI1SAD local legacy incident file; Global Shark Attack File; N-Enzer SharkAttackAnalysis mirror; Ordovas shark-attack mirror; Ordovas cleaned shark-attack mirror","","",""
"pending","incident:c08659a6f6c86170be814ae3","c08659a6f6c86170be814ae3","2015","20-Sep-15","USA","Florida","Vilano Beach, St. Johns County","29.9188576","-81.2928499","unreviewed location-only geocode cache match","2015.09.20.a; 2015.09.20.a; 2015.09.20.a; 2015.09.20.a; 2015.09.20.a","AI1SAD local legacy incident file; Global Shark Attack File; N-Enzer SharkAttackAnalysis mirror; Ordovas shark-attack mirror; Ordovas cleaned shark-attack mirror","","",""
"pending","incident:04af3018e8d759017ff10bb8","04af3018e8d759017ff10bb8","2009","17-Apr-09","USA","Florida","Walton Rocks, St Lucie County","27.3387984","-80.232924","unreviewed location-only geocode cache match","2009.04.17.; 2009.04.17.; 2009.04.17.; 2009.04.17.; 2009.04.17.","AI1SAD local legacy incident file; Global Shark Attack File; N-Enzer SharkAttackAnalysis mirror; Ordovas shark-attack mirror; Ordovas cleaned shark-attack mirror","","",""
"pending","incident:c047a5f96a583227931f05e8","c047a5f96a583227931f05e8","2001","19-Aug-01","USA","Florida","Wilbur-by-the-Sea, Volusia County","29.1313721","-80.9575542","unreviewed location-only geocode cache match","2001.08.19.a; 2001.08.19.a; 2001.08.19.a; 2001.08.19.a; 2001.08.19.a","AI1SAD local legacy incident file; Global Shark Attack File; N-Enzer SharkAttackAnalysis mirror; Ordovas shark-attack mirror; Ordovas cleaned shark-attack mirror","","",""
"pending","incident:6cba7d1019d78ea81212bdf6","6cba7d1019d78ea81212bdf6","2015","1-Jan-15","USA","Florida","Windsor Beach, Indian River County","27.7871367","-80.4097395","unreviewed location-only geocode cache match","2015.01.01; 2015.01.01; 2015.01.01; 2015.01.01; 2015.01.01","AI1SAD local legacy incident file; Global Shark Attack File; N-Enzer SharkAttackAnalysis mirror; Ordovas shark-attack mirror; Ordovas cleaned shark-attack mirror","","",""
"pending","incident:555f4f9540d8a478da43a034","555f4f9540d8a478da43a034","2001","Jul-01","USA","Georgia","Jekyll Island, Glynn County","31.0655864","-81.4140495","unreviewed location-only geocode cache match","2001.07.00; 2001.07.00; 2001.07.00; 2001.07.00; 2001.07.00","AI1SAD local legacy incident file; Global Shark Attack File; N-Enzer SharkAttackAnalysis mirror; Ordovas shark-attack mirror; Ordovas cleaned shark-attack mirror","","",""
"pending","incident:878403c5926a4a83ddfe1968","878403c5926a4a83ddfe1968","2018","18-Jun-18","USA","Georgia","St. Simon Island, Glynn County","31.1621906","-81.3959175","unreviewed location-only geocode cache match","2018.06.18; 2018.06.18.a; 2018.06.18; 2018.06.18; 2018.06.18","AI1SAD local legacy incident file; Global Shark Attack File; N-Enzer SharkAttackAnalysis mirror; Ordovas shark-attack mirror; Ordovas cleaned shark-attack mirror","","",""
"pending","incident:55650e95e701b2d2ff62c503","55650e95e701b2d2ff62c503","2021","27-Jul-2021","USA","Georgia","Tybee Island, Chatham County","31.9987321","-80.8469427","unreviewed location-only geocode cache match","2021.07.27.b","Global Shark Attack File","","",""
"pending","incident:f20ebf3643ceaed787082b67","f20ebf3643ceaed787082b67","2014","11-May-14","USA","Georgia","Tybee Island, Chatham County","31.9987321","-80.8469427","unreviewed location-only geocode cache match","2014.05.11; 2014.05.11; 2014.05.11; 2014.05.11","AI1SAD local legacy incident file; Global Shark Attack File; N-Enzer SharkAttackAnalysis mirror; Ordovas shark-attack mirror","","",""
"pending","incident:6cf3583818e0ff45499ddb65","6cf3583818e0ff45499ddb65","2006","19-May-06","USA","Guam","Gun Beach","13.5251637","144.8039164","unreviewed location-only geocode cache match","2006.05.19; 2006.05.19; 2006.05.19; 2006.05.19; 2006.05.19","AI1SAD local legacy incident file; Global Shark Attack File; N-Enzer SharkAttackAnalysis mirror; Ordovas shark-attack mirror; Ordovas cleaned shark-attack mirror","","",""
"pending","incident:ed9b6131860ffb782c7bc4ae","ed9b6131860ffb782c7bc4ae","2009","17-Mar-09","USA","Hawaii","Alenuihaha Channel","20.5292418","-155.90323","unreviewed location-only geocode cache match","2009.03.17; 2009.03.17; 2009.03.17; 2009.03.17; 2009.03.17","AI1SAD local legacy incident file; Global Shark Attack File; N-Enzer SharkAttackAnalysis mirror; Ordovas shark-attack mirror; Ordovas cleaned shark-attack mirror","","",""
"pending","incident:a8d78964c7886015138ccaa0","a8d78964c7886015138ccaa0","2006","28-May-06","USA","Hawaii","French Frigate Shoals","23.8066952","-166.2608577","unreviewed location-only geocode cache match","2006.05.28; 2006.05.28; 2006.05.28; 2006.05.28; 2006.05.28","AI1SAD local legacy incident file; Global Shark Attack File; N-Enzer SharkAttackAnalysis mirror; Ordovas shark-attack mirror; Ordovas cleaned shark-attack mirror","","",""
"pending","incident:31eac5e5b94366a1c59a6273","31eac5e5b94366a1c59a6273","2023","15 Oct 2023","USA","Hawaii","Hanalei Bay, Kauai","22.21","-159.5091667","unreviewed location-only geocode cache match","","Global Shark Attack File","","",""
"pending","incident:b191584f005f84e431c0a235","b191584f005f84e431c0a235","2019","04-Feb-2019","USA","Hawaii","Hanalei Bay, Kauai","22.21","-159.5091667","unreviewed location-only geocode cache match","2019.02.04.b","Global Shark Attack File","","",""
"pending","incident:601a7561859143176979ddca","601a7561859143176979ddca","2016","25-Jan-16","USA","Hawaii","Hanalei Bay, Kauai","22.21","-159.5091667","unreviewed location-only geocode cache match","2016.01.25; 2016.01.25; 2016.01.25; 2016.01.25; 2016.01.25","AI1SAD local legacy incident file; Global Shark Attack File; N-Enzer SharkAttackAnalysis mirror; Ordovas shark-attack mirror; Ordovas cleaned shark-attack mirror","","",""
"pending","incident:6cefd3e042169de4e9d18ac7","6cefd3e042169de4e9d18ac7","2016","28-Jan-16","USA","Hawaii","Hanalei Bay, Kauai","22.21","-159.5091667","unreviewed location-only geocode cache match","2016.01.28; 2016.01.28; 2016.01.28; 2016.01.28; 2016.01.28","AI1SAD local legacy incident file; Global Shark Attack File; N-Enzer SharkAttackAnalysis mirror; Ordovas shark-attack mirror; Ordovas cleaned shark-attack mirror","","",""
"pending","incident:b47083a82d2e6b5acf14dbe2","b47083a82d2e6b5acf14dbe2","2010","19-Apr-10","USA","Hawaii","Hanalei Bay, Kauai","22.21","-159.5091667","unreviewed location-only geocode cache match","2010.04.19; 2010.04.19; 2010.04.19; 2010.04.19; 2010.04.19","AI1SAD local legacy incident file; Global Shark Attack File; N-Enzer SharkAttackAnalysis mirror; Ordovas shark-attack mirror; Ordovas cleaned shark-attack mirror","","",""
"pending","incident:55cc70d0bbec57bd4ae1593f","55cc70d0bbec57bd4ae1593f","2015","18-Mar-15","USA","Hawaii","Hapuna Beach","19.9922472","-155.8257564","unreviewed location-only geocode cache match","2015.03.18; 2015.03.18; 2015.03.18; 2015.03.18; 2015.03.18","AI1SAD local legacy incident file; Global Shark Attack File; N-Enzer SharkAttackAnalysis mirror; Ordovas shark-attack mirror; Ordovas cleaned shark-attack mirror","","",""
"pending","incident:a9b966a69de74f5dc51c7dd8","a9b966a69de74f5dc51c7dd8","2008","26-Jul-08","USA","Hawaii","Honokowai, Maui","20.953821","-156.6862836","unreviewed location-only geocode cache match","2008.07.26.a; 2008.07.26.a; 2008.07.26.a; 2008.07.26.a; 2008.07.26.a","AI1SAD local legacy incident file; Global Shark Attack File; N-Enzer SharkAttackAnalysis mirror; Ordovas shark-attack mirror; Ordovas cleaned shark-attack mirror","","",""
"pending","incident:6208706fae3f1056ae09b30e","6208706fae3f1056ae09b30e","2005","13-Oct-05","USA","Hawaii","Honokowai, Maui","20.953821","-156.6862836","unreviewed location-only geocode cache match","2005.10.13; 2005.10.13; 2005.10.13; 2005.10.13; 2005.10.13","AI1SAD local legacy incident file; Global Shark Attack File; N-Enzer SharkAttackAnalysis mirror; Ordovas shark-attack mirror; Ordovas cleaned shark-attack mirror","","",""
"pending","incident:fa03714e010ac37e08e41842","fa03714e010ac37e08e41842","2020","08-Dec-2020","USA","Hawaii","Honolua Bay","21.0146954","-156.6394964","unreviewed location-only geocode cache match","2020.12.08; sharks_happen:0030","Global Shark Attack File; Hal / Sharks Happen Stats","","",""
"pending","incident:7b2804aa6860595ac892e7a3","7b2804aa6860595ac892e7a3","2002","17-Nov-02","USA","Hawaii","Ka'anapali","20.9150196","-156.6952588","unreviewed location-only geocode cache match","2002.11.17; 2002.11.17; 2002.11.17; 2002.11.17; 2002.11.17","AI1SAD local legacy incident file; Global Shark Attack File; N-Enzer SharkAttackAnalysis mirror; Ordovas shark-attack mirror; Ordovas cleaned shark-attack mirror","","",""
"pending","incident:0fde8922aac118052ced69a5","0fde8922aac118052ced69a5","2014","20-Oct-14","USA","Hawaii","Kahului, Maui","20.8894101","-156.4727118","unreviewed location-only geocode cache match","2014.10.20; 2014.10.20; 2014.10.20; 2014.10.20; 2014.10.20","AI1SAD local legacy incident file; Global Shark Attack File; N-Enzer SharkAttackAnalysis mirror; Ordovas shark-attack mirror; Ordovas cleaned shark-attack mirror","","",""
"pending","incident:88f2cd12e8c7557f226f68f5","88f2cd12e8c7557f226f68f5","2010","26-Dec-10","USA","Hawaii","Kahului, Maui","20.8894101","-156.4727118","unreviewed location-only geocode cache match","2010.12.26; 2010.12.26; 2010.12.26; 2010.12.26; 2010.12.26","AI1SAD local legacy incident file; Global Shark Attack File; N-Enzer SharkAttackAnalysis mirror; Ordovas shark-attack mirror; Ordovas cleaned shark-attack mirror","","",""
"pending","incident:20deb0c5acc61450a29915a9","20deb0c5acc61450a29915a9","2009","19-Oct-09","USA","Hawaii","Kalama Park, Maui","20.7315443","-156.4530373","unreviewed location-only geocode cache match","2009.10.19; 2009.10.19; 2009.10.19; 2009.10.19; 2009.10.19","AI1SAD local legacy incident file; Global Shark Attack File; N-Enzer SharkAttackAnalysis mirror; Ordovas shark-attack mirror; Ordovas cleaned shark-attack mirror","","",""
"pending","incident:c98b3143c15f891ba50a1a37","c98b3143c15f891ba50a1a37","2016","15-Jun-16","USA","Hawaii","Kalapaki Beach, Kauai","21.9602293","-159.3517224","unreviewed location-only geocode cache match","2016.06.15.b; 2016.06.15.b; 2016.06.15.b; 2016.06.15.b; 2016.06.15.b","AI1SAD local legacy incident file; Global Shark Attack File; N-Enzer SharkAttackAnalysis mirror; Ordovas shark-attack mirror; Ordovas cleaned shark-attack mirror","","",""
"pending","incident:c876947ae69ff8068556d16b","c876947ae69ff8068556d16b","2004","16-Mar-04","USA","Hawaii","Kalihiwai Beach, Kauai","22.2166272","-159.4267246","unreviewed location-only geocode cache match","2004.03.16; 2004.03.16; 2004.03.16; 2004.03.16; 2004.03.16","AI1SAD local legacy incident file; Global Shark Attack File; N-Enzer SharkAttackAnalysis mirror; Ordovas shark-attack mirror; Ordovas cleaned shark-attack mirror","","",""
"pending","incident:6dc01493d54368e42ffbc220","6dc01493d54368e42ffbc220","2016","14-Nov-16","USA","Hawaii","Kamaole Beach Park I, Maui","20.721331","-156.4474007","unreviewed location-only geocode cache match","2016.11.14; 2016.11.14; 2016.11.14; 2016.11.14; 2016.11.14","AI1SAD local legacy incident file; Global Shark Attack File; N-Enzer SharkAttackAnalysis mirror; Ordovas shark-attack mirror; Ordovas cleaned shark-attack mirror","","",""
"pending","incident:e40a0af1388f4d6366048319","e40a0af1388f4d6366048319","2013","31-Oct-13","USA","Hawaii","Kanaha Beach, Maui","20.8997765","-156.4418937","unreviewed location-only geocode cache match","2013.10.31; 2013.10.31; 2013.10.31; 2013.10.31; 2013.10.31","AI1SAD local legacy incident file; Global Shark Attack File; N-Enzer SharkAttackAnalysis mirror; Ordovas shark-attack mirror; Ordovas cleaned shark-attack mirror","","",""
"pending","incident:b8980b7bc26f29b87294ae35","b8980b7bc26f29b87294ae35","2012","18-Oct-12","USA","Hawaii","Kanaha Beach, Maui","20.8997765","-156.4418937","unreviewed location-only geocode cache match","2012.10.18.a; 2012.10.18.a; 2012.10.18.a; 2012.10.18.a; 2012.10.18.a","AI1SAD local legacy incident file; Global Shark Attack File; N-Enzer SharkAttackAnalysis mirror; Ordovas shark-attack mirror; Ordovas cleaned shark-attack mirror","","",""
"pending","incident:c0456e0a149db036e4080f10","c0456e0a149db036e4080f10","2000","15-Aug-00","USA","Hawaii","Kanaha Beach, Maui","20.8997765","-156.4418937","unreviewed location-only geocode cache match","2000.08.15; 2000.08.15; 2000.08.15; 2000.08.15; 2000.08.15","AI1SAD local legacy incident file; Global Shark Attack File; N-Enzer SharkAttackAnalysis mirror; Ordovas shark-attack mirror; Ordovas cleaned shark-attack mirror","","",""
"pending","incident:3328c7307469849b5c07c78f","3328c7307469849b5c07c78f","2001","14-Nov-01","USA","Hawaii","Kapalua, Maui","20.994904","-156.656234","unreviewed location-only geocode cache match","2001.11.14; 2001.11.14; 2001.11.14; 2001.11.14; 2001.11.14","AI1SAD local legacy incident file; Global Shark Attack File; N-Enzer SharkAttackAnalysis mirror; Ordovas shark-attack mirror; Ordovas cleaned shark-attack mirror","","",""
"pending","incident:25a321886cdf17264f3a71ba","25a321886cdf17264f3a71ba","2022","25 Oct-2022","USA","Hawaii","Kauai","22.0503838","-159.5588624","unreviewed location-only geocode cache match","","Global Shark Attack File","","",""
"pending","incident:7aa9499795c28f27372b04b2","7aa9499795c28f27372b04b2","2012","5-Dec-12","USA","Hawaii","Kauai","22.0503838","-159.5588624","unreviewed location-only geocode cache match","2012.12.05; 2012.12.05; 2012.12.05; 2012.12.05; 2012.12.05","AI1SAD local legacy incident file; Global Shark Attack File; N-Enzer SharkAttackAnalysis mirror; Ordovas shark-attack mirror; Ordovas cleaned shark-attack mirror","","",""
"pending","incident:2efc94c9389eae6d50f1f995","2efc94c9389eae6d50f1f995","2011","20-Sep-11","USA","Hawaii","Kauai","22.0503838","-159.5588624","unreviewed location-only geocode cache match","2011.09.20; 2011.09.20; 2011.09.20; 2011.09.20; 2011.09.20","AI1SAD local legacy incident file; Global Shark Attack File; N-Enzer SharkAttackAnalysis mirror; Ordovas shark-attack mirror; Ordovas cleaned shark-attack mirror","","",""
"pending","incident:bca8e91f200597ee6686b430","bca8e91f200597ee6686b430","2009","6-Aug-09","USA","Hawaii","Kawa'a","33.1172782","75.3354808","unreviewed location-only geocode cache match","2009.08.06; 2009.08.06; 2009.08.06; 2009.08.06; 2009.08.06; sharks_happen:0561","AI1SAD local legacy incident file; Global Shark Attack File; N-Enzer SharkAttackAnalysis mirror; Ordovas shark-attack mirror; Ordovas cleaned shark-attack mirror; Hal / Sharks Happen Stats","","",""
"pending","incident:f12c030ccd751b9bb5c21739","f12c030ccd751b9bb5c21739","2007","7-May-07","USA","Hawaii","Keawakapu Beach, Maui","20.7022177","-156.4457036","unreviewed location-only geocode cache match","2007.05.07.b; 2007.05.07.b; 2007.05.07.b; 2007.05.07.b; 2007.05.07.b","AI1SAD local legacy incident file; Global Shark Attack File; N-Enzer SharkAttackAnalysis mirror; Ordovas shark-attack mirror; Ordovas cleaned shark-attack mirror","","",""
"pending","incident:0bad458d24fde9595c3d5898","0bad458d24fde9595c3d5898","2005","21-Dec-05","USA","Hawaii","Keawakapu Beach, Maui","20.7022177","-156.4457036","unreviewed location-only geocode cache match","2005.12.21; 2005.12.21; 2005.12.21; 2005.12.21; 2005.12.21","AI1SAD local legacy incident file; Global Shark Attack File; N-Enzer SharkAttackAnalysis mirror; Ordovas shark-attack mirror; Ordovas cleaned shark-attack mirror","","",""
"pending","incident:1fe66ff7b2951d003f1e0d6e","1fe66ff7b2951d003f1e0d6e","2015","3-Nov-15","USA","Hawaii","Kehena Beach, Hawaii","19.3949741","-154.9286682","unreviewed location-only geocode cache match","2015.11.03; 2015.11.03; 2015.11.03; 2015.11.03; 2015.11.03","AI1SAD local legacy incident file; Global Shark Attack File; N-Enzer SharkAttackAnalysis mirror; Ordovas shark-attack mirror; Ordovas cleaned shark-attack mirror","","",""
"pending","incident:39d1d3831fc6a7219fdeb0fa","39d1d3831fc6a7219fdeb0fa","2017","14-Apr-17","USA","Hawaii","Kekaha Beach, Kauai","21.9746981","-159.7424363","unreviewed location-only geocode cache match","2017.04.14; 2017.04.14; 2017.04.14; 2017.04.14; 2017.04.14","AI1SAD local legacy incident file; Global Shark Attack File; N-Enzer SharkAttackAnalysis mirror; Ordovas shark-attack mirror; Ordovas cleaned shark-attack mirror","","",""
"pending","incident:178d5f04bf46d2c2c85ee648","178d5f04bf46d2c2c85ee648","2014","22-Oct-14","USA","Hawaii","Kihei, Maui","20.7476261","-156.4549898","unreviewed location-only geocode cache match","2014.10.22; 2014.10.22; 2014.10.22; 2014.10.22; 2014.10.22","AI1SAD local legacy incident file; Global Shark Attack File; N-Enzer SharkAttackAnalysis mirror; Ordovas shark-attack mirror; Ordovas cleaned shark-attack mirror","","",""
"pending","incident:24cba9f3bd12070eb5d81efb","24cba9f3bd12070eb5d81efb","2012","30-Nov-12","USA","Hawaii","Kihei, Maui","20.7476261","-156.4549898","unreviewed location-only geocode cache match","2012.11.30; 2012.11.30; 2012.11.30; 2012.11.30; 2012.11.30","AI1SAD local legacy incident file; Global Shark Attack File; N-Enzer SharkAttackAnalysis mirror; Ordovas shark-attack mirror; Ordovas cleaned shark-attack mirror","","",""
"pending","incident:b5a1938311fdc8b6308a9483","b5a1938311fdc8b6308a9483","2006","11-Nov-06","USA","Hawaii","Kihei, Maui","20.7476261","-156.4549898","unreviewed location-only geocode cache match","2006.11.11; 2006.11.11; 2006.11.11; 2006.11.11; 2006.11.11","AI1SAD local legacy incident file; Global Shark Attack File; N-Enzer SharkAttackAnalysis mirror; Ordovas shark-attack mirror; Ordovas cleaned shark-attack mirror","","",""
"pending","incident:9d66e03e8995036b523b1cae","9d66e03e8995036b523b1cae","2013","16-Jan-13","USA","Hawaii","Kiholo Bay","19.8594444","-155.933333","unreviewed location-only geocode cache match","2013.01.16; 2013.01.16; 2013.01.16; 2013.01.16; 2013.01.16","AI1SAD local legacy incident file; Global Shark Attack File; N-Enzer SharkAttackAnalysis mirror; Ordovas shark-attack mirror; Ordovas cleaned shark-attack mirror","","",""
"pending","incident:dad28204fb4a0c33ab7ae8e2","dad28204fb4a0c33ab7ae8e2","2018","31-Mar-18","USA","Hawaii","Kukio Beach","19.8180534","-156.0003198","unreviewed location-only geocode cache match","2018.03.31; 2018.03.31; 2018.03.31; 2018.03.31; 2018.03.31","AI1SAD local legacy incident file; Global Shark Attack File; N-Enzer SharkAttackAnalysis mirror; Ordovas shark-attack mirror; Ordovas cleaned shark-attack mirror","","",""
"pending","incident:ac5f68f24f38cb4ad1cc5e07","ac5f68f24f38cb4ad1cc5e07","2015","27-Jan-15","USA","Hawaii","Lahaina","20.8871774","-156.6748024","unreviewed location-only geocode cache match","2015.01.27; 2015.01.27; 2015.01.27; 2015.01.27; 2015.01.27","AI1SAD local legacy incident file; Global Shark Attack File; N-Enzer SharkAttackAnalysis mirror; Ordovas shark-attack mirror; Ordovas cleaned shark-attack mirror","","",""
"pending","incident:2d9702dc772fa8885a54d1aa","2d9702dc772fa8885a54d1aa","2021","07-Nov-2021","USA","Hawaii","Lahaina, Maui","20.8738769","-156.677678","unreviewed location-only geocode cache match","2021.11.07","Global Shark Attack File","","",""
"pending","incident:c6b5a1768815ce4eaffeb64e","c6b5a1768815ce4eaffeb64e","2012","27-Jan-12","USA","Hawaii","Lanai","20.8305441","-156.9029493","unreviewed location-only geocode cache match","2012.01.27; 2012.01.27; 2012.01.27; 2012.01.27; 2012.01.27","AI1SAD local legacy incident file; Global Shark Attack File; N-Enzer SharkAttackAnalysis mirror; Ordovas shark-attack mirror; Ordovas cleaned shark-attack mirror","","",""
"pending","incident:6442b28cc8a7764ec07d786c","6442b28cc8a7764ec07d786c","2006","24-May-06","USA","Hawaii","Lanai","20.8305441","-156.9029493","unreviewed location-only geocode cache match","2006.05.24; 2006.05.24; 2006.05.24; 2006.05.24; 2006.05.24","AI1SAD local legacy incident file; Global Shark Attack File; N-Enzer SharkAttackAnalysis mirror; Ordovas shark-attack mirror; Ordovas cleaned shark-attack mirror","","",""
"pending","incident:7be1b4dedc7612b5082dc2b7","7be1b4dedc7612b5082dc2b7","2011","21-Dec-11","USA","Hawaii","Makahuena Point, Kauai","21.8683987","-159.4442803","unreviewed location-only geocode cache match","2011.12.21.b; 2011.12.21.b; 2011.12.21.b; 2011.12.21.b; 2011.12.21.b","AI1SAD local legacy incident file; Global Shark Attack File; N-Enzer SharkAttackAnalysis mirror; Ordovas shark-attack mirror; Ordovas cleaned shark-attack mirror","","",""
"pending","incident:43b4d8aa3ecaeed6399a5685","43b4d8aa3ecaeed6399a5685","2012","27-Oct-12","USA","Hawaii","Makena Landing, Maui","20.6539101","-156.4410367","unreviewed location-only geocode cache match","2012.10.27; 2012.10.27; 2012.10.27; 2012.10.27; 2012.10.27","AI1SAD local legacy incident file; Global Shark Attack File; N-Enzer SharkAttackAnalysis mirror; Ordovas shark-attack mirror; Ordovas cleaned shark-attack mirror","","",""
"pending","incident:d93df6a0054172f55e99225c","d93df6a0054172f55e99225c","2012","4-Nov-12","USA","Hawaii","Makena Landing, Maui","20.6539101","-156.4410367","unreviewed location-only geocode cache match","2012.11.04.b; 2012.11.04.b; 2012.11.04.b; 2012.11.04.b; 2012.11.04.b","AI1SAD local legacy incident file; Global Shark Attack File; N-Enzer SharkAttackAnalysis mirror; Ordovas shark-attack mirror; Ordovas cleaned shark-attack mirror","","",""
"pending","incident:9cf1cd91b1760181034ac96d","9cf1cd91b1760181034ac96d","2006","27-Feb-06","USA","Hawaii","Makena, Maui","20.655027","-156.4424385","unreviewed location-only geocode cache match","2006.02.27; 2006.02.27; 2006.02.27; 2006.02.27; 2006.02.27","AI1SAD local legacy incident file; Global Shark Attack File; N-Enzer SharkAttackAnalysis mirror; Ordovas shark-attack mirror; Ordovas cleaned shark-attack mirror","","",""
"pending","incident:caf1c2a6bf584a6b41a5adad","caf1c2a6bf584a6b41a5adad","2021","22-Jan-2021","USA","Hawaii","Maui","20.8029568","-156.3106833","unreviewed location-only geocode cache match","2021.01.22.a","Global Shark Attack File","","",""
"pending","incident:726909767288922e4e7a968f","726909767288922e4e7a968f","2020","26-Nov-2020","USA","Hawaii","Maui","20.8029568","-156.3106833","unreviewed location-only geocode cache match","2020.11.26","Global Shark Attack File","","",""
"pending","incident:07c054b1ef338795a25ef717","07c054b1ef338795a25ef717","2016","6-Aug-16","USA","Hawaii","Maui","20.8029568","-156.3106833","unreviewed location-only geocode cache match","2016.08.06; 2016.08.06; 2016.08.06; 2016.08.06; 2016.08.06","AI1SAD local legacy incident file; Global Shark Attack File; N-Enzer SharkAttackAnalysis mirror; Ordovas shark-attack mirror; Ordovas cleaned shark-attack mirror","","",""
"pending","incident:b5b361e518a3011b2eb90f49","b5b361e518a3011b2eb90f49","2004","9-Oct-04","USA","Hawaii","Moloka'i","21.1631647","-157.0482432","unreviewed location-only geocode cache match","2004.10.09.b; 2004.10.09.b; 2004.10.09.b; 2004.10.09.b; 2004.10.09.b","AI1SAD local legacy incident file; Global Shark Attack File; N-Enzer SharkAttackAnalysis mirror; Ordovas shark-attack mirror; Ordovas cleaned shark-attack mirror","","",""
"pending","incident:4929117eb85c374923ac94f9","4929117eb85c374923ac94f9","2013","11-Dec-13","USA","Hawaii","Ninole Bay, Hawaii County","19.128776","-155.5101478","unreviewed location-only geocode cache match","2013.12.11; 2013.12.11; 2013.12.11; 2013.12.11; 2013.12.11","AI1SAD local legacy incident file; Global Shark Attack File; N-Enzer SharkAttackAnalysis mirror; Ordovas shark-attack mirror; Ordovas cleaned shark-attack mirror","","",""
"pending","incident:484f9ba1f04c31e5c7bf208f","484f9ba1f04c31e5c7bf208f","2005","14-May-05","USA","Hawaii","North Kihei, Maui","20.8114253","-156.5064214","unreviewed location-only geocode cache match","2005.05.14; 2005.05.14; 2005.05.14; 2005.05.14; 2005.05.14","AI1SAD local legacy incident file; Global Shark Attack File; N-Enzer SharkAttackAnalysis mirror; Ordovas shark-attack mirror; Ordovas cleaned shark-attack mirror","","",""
"pending","incident:c4bd0253c1d644024ce66bb7","c4bd0253c1d644024ce66bb7","2014","31-Oct-14","USA","Hawaii","North Kohala, Hawaii County","20.2346292","-155.8005738","unreviewed location-only geocode cache match","2014.10.31; 2014.10.31; 2014.10.31; 2014.10.31; 2014.10.31","AI1SAD local legacy incident file; Global Shark Attack File; N-Enzer SharkAttackAnalysis mirror; Ordovas shark-attack mirror; Ordovas cleaned shark-attack mirror","","",""
"pending","incident:f7db47e4ce0a641e62767175","f7db47e4ce0a641e62767175","2019","08-May-2019","USA","Hawaii","O'ahu","48.8533189","2.3881653","unreviewed location-only geocode cache match","2019.05.08","Global Shark Attack File","","",""
"pending","incident:6dd91fe109a15973828e2933","6dd91fe109a15973828e2933","2006","31-May-06","USA","Hawaii","O'ahu","48.8533189","2.3881653","unreviewed location-only geocode cache match","2006.05.31; 2006.05.31; 2006.05.31; 2006.05.31; 2006.05.31","AI1SAD local legacy incident file; Global Shark Attack File; N-Enzer SharkAttackAnalysis mirror; Ordovas shark-attack mirror; Ordovas cleaned shark-attack mirror","","",""
"pending","incident:a94d441ab81b152ba7c49c21","a94d441ab81b152ba7c49c21","2000","18-Oct-00","USA","Hawaii","Olowalu","20.811858","-156.6221108","unreviewed location-only geocode cache match","2000.10.18; 2000.10.18; 2000.10.18; 2000.10.18; 2000.10.18; sharks_happen:0654","AI1SAD local legacy incident file; Global Shark Attack File; N-Enzer SharkAttackAnalysis mirror; Ordovas shark-attack mirror; Ordovas cleaned shark-attack mirror; Hal / Sharks Happen Stats","","",""
"pending","incident:c8dbbfbb973586feb0b3ffc4","c8dbbfbb973586feb0b3ffc4","2016","31-Mar-16","USA","Hawaii","Olowalu, Maui","20.811858","-156.6221108","unreviewed location-only geocode cache match","2016.03.31; 2016.03.31; 2016.03.31; 2016.03.31; 2016.03.31","AI1SAD local legacy incident file; Global Shark Attack File; N-Enzer SharkAttackAnalysis mirror; Ordovas shark-attack mirror; Ordovas cleaned shark-attack mirror","","",""
"pending","incident:24c804f6a7886613d3cac79a","24c804f6a7886613d3cac79a","2002","1-Jan-02","USA","Hawaii","Olowalu, Maui","20.811858","-156.6221108","unreviewed location-only geocode cache match","2002.01.01.a; 2002.01.01.a; 2002.01.01.a; 2002.01.01.a; 2002.01.01.a","AI1SAD local legacy incident file; Global Shark Attack File; N-Enzer SharkAttackAnalysis mirror; Ordovas shark-attack mirror; Ordovas cleaned shark-attack mirror","","",""
"pending","incident:c35d63239faa371fc2a40d45","c35d63239faa371fc2a40d45","2014","16-Jul-14","USA","Hawaii","Paia Bay, Maui","20.9202778","-156.386388","unreviewed location-only geocode cache match","2014.07.16; 2014.07.16; 2014.07.16; 2014.07.16; 2014.07.16","AI1SAD local legacy incident file; Global Shark Attack File; N-Enzer SharkAttackAnalysis mirror; Ordovas shark-attack mirror; Ordovas cleaned shark-attack mirror","","",""
"pending","incident:f5689afdd5fb95f2d19d9149","f5689afdd5fb95f2d19d9149","2013","21-Feb-13","USA","Hawaii","Paia Bay, Maui","20.9202778","-156.386388","unreviewed location-only geocode cache match","2013.02.21.a; 2013.02.21.a; 2013.02.21.a; 2013.02.21.a; 2013.02.21.a","AI1SAD local legacy incident file; Global Shark Attack File; N-Enzer SharkAttackAnalysis mirror; Ordovas shark-attack mirror; Ordovas cleaned shark-attack mirror","","",""
"pending","incident:5a447b5c48e779b3810cb140","5a447b5c48e779b3810cb140","2013","18-Aug-2013","USA","Hawaii","Pohoiki","19.4598015","-154.8444875","unreviewed location-only geocode cache match","2013.08.18; 2013.08.18; 2013.08.18; 2013.08.18; 2013.08.18","AI1SAD local legacy incident file; Global Shark Attack File; N-Enzer SharkAttackAnalysis mirror; Ordovas shark-attack mirror; Ordovas cleaned shark-attack mirror","","",""
"pending","incident:4fc09216d8daebda7256ed88","4fc09216d8daebda7256ed88","2004","14-Mar-04","USA","Hawaii","Punaluu","21.588489","-157.892075","unreviewed location-only geocode cache match","2004.03.24; 2004.03.24; 2004.03.24; 2004.03.24; 2004.03.24","AI1SAD local legacy incident file; Global Shark Attack File; N-Enzer SharkAttackAnalysis mirror; Ordovas shark-attack mirror; Ordovas cleaned shark-attack mirror","","",""
"pending","incident:10b3b8055aa57156ae5e4bb1","10b3b8055aa57156ae5e4bb1","2013","31-Jul-2013","USA","Hawaii","Ulua Beach, Maui","20.6905308","-156.4436696","unreviewed location-only geocode cache match","2013.07.31; 2013.07.31; 2013.07.31; 2013.07.31; 2013.07.31","AI1SAD local legacy incident file; Global Shark Attack File; N-Enzer SharkAttackAnalysis mirror; Ordovas shark-attack mirror; Ordovas cleaned shark-attack mirror","","",""
"pending","incident:71757b3a2297b178f1bf87eb","71757b3a2297b178f1bf87eb","2013","23-Oct-13","USA","Hawaii","Waiehu, Maui","20.9208377","-156.4956999","unreviewed location-only geocode cache match","2013.10.23; 2013.10.23; 2013.10.23; 2013.10.23; 2013.10.23","AI1SAD local legacy incident file; Global Shark Attack File; N-Enzer SharkAttackAnalysis mirror; Ordovas shark-attack mirror; Ordovas cleaned shark-attack mirror","","",""
"pending","incident:a459003a860102343ec9ebf8","a459003a860102343ec9ebf8","2016","3-May-16","USA","Hawaii","Wailea Beach, Maui","20.6825633","-156.4431133","unreviewed location-only geocode cache match","2016.05.03; 2016.05.03; 2016.05.03; 2016.05.03; 2016.05.03","AI1SAD local legacy incident file; Global Shark Attack File; N-Enzer SharkAttackAnalysis mirror; Ordovas shark-attack mirror; Ordovas cleaned shark-attack mirror","","",""
"pending","incident:4b652f06a44db636cc5aa94b","4b652f06a44db636cc5aa94b","2016","23-Jan-16","USA","Hawaii","Wailea Beach, Maui","20.6825633","-156.4431133","unreviewed location-only geocode cache match","2016.01.23; 2016.01.23; 2016.01.23; 2016.01.23; 2016.01.23","AI1SAD local legacy incident file; Global Shark Attack File; N-Enzer SharkAttackAnalysis mirror; Ordovas shark-attack mirror; Ordovas cleaned shark-attack mirror","","",""
"pending","incident:991d2d0c826f669f85e8c3ee","991d2d0c826f669f85e8c3ee","2007","29-Oct-07","USA","Hawaii","Wailea, Maui","20.6871749","-156.4390415","unreviewed location-only geocode cache match","2007.10.29; 2007.10.29; 2007.10.29; 2007.10.29; 2007.10.29","AI1SAD local legacy incident file; Global Shark Attack File; N-Enzer SharkAttackAnalysis mirror; Ordovas shark-attack mirror; Ordovas cleaned shark-attack mirror","","",""
"pending","incident:sharks_happen:0667",,"2016","2016-03-18","USA","Hi","Hapuna Beach","19.9922472","-155.8257564","unreviewed location-only geocode cache match","sharks_happen:0667","Hal / Sharks Happen Stats","","",""
"pending","incident:c803b7c44cb226b63a59611d","c803b7c44cb226b63a59611d","2006","31-Jul-06","USA","Kentucky","Newport Aquarium, Newport","39.0943703","-84.4977161","unreviewed location-only geocode cache match","2006.07.31.R; 2006.07.31.R; 2006.07.31.R; 2006.07.31.R; 2006.07.31.R","AI1SAD local legacy incident file; Global Shark Attack File; N-Enzer SharkAttackAnalysis mirror; Ordovas shark-attack mirror; Ordovas cleaned shark-attack mirror","","",""
"pending","incident:f7f889823db62f87f5e9bd50","f7f889823db62f87f5e9bd50","2014","28-Aug-14","USA","Maryland","Assateague National Seashore","38.1485979","-75.1858333","unreviewed location-only geocode cache match","2014.08.28; 2014.08.28; 2014.08.28; 2014.08.28; 2014.08.28","AI1SAD local legacy incident file; Global Shark Attack File; N-Enzer SharkAttackAnalysis mirror; Ordovas shark-attack mirror; Ordovas cleaned shark-attack mirror","","",""
"pending","incident:73f5b6ae7b02efb3fc38612d","73f5b6ae7b02efb3fc38612d","2001","21-Jul-01","USA","Massachusetts","Chatham Island","-43.912705","-176.475029","unreviewed location-only geocode cache match","2001.07.21; 2001.07.21; 2001.07.21; 2001.07.21; 2001.07.21","AI1SAD local legacy incident file; Global Shark Attack File; N-Enzer SharkAttackAnalysis mirror; Ordovas shark-attack mirror; Ordovas cleaned shark-attack mirror","","",""
"pending","incident:f8fa69447920eed07c6aeb8c","f8fa69447920eed07c6aeb8c","2017","3-Aug-17","USA","Massachusetts","Menauhant Beach, Falmouth","41.5497635","-70.5551593","unreviewed location-only geocode cache match","2017.08.03; 2017.08.03; 2017.08.03; 2017.08.03; 2017.08.03","AI1SAD local legacy incident file; Global Shark Attack File; N-Enzer SharkAttackAnalysis mirror; Ordovas shark-attack mirror; Ordovas cleaned shark-attack mirror","","",""
"pending","incident:sharks_happen:0278",,"2002","2002-01-01","USA","Maui, Ha","Olowalu","20.811858","-156.6221108","unreviewed location-only geocode cache match","sharks_happen:0278","Hal / Sharks Happen Stats","","",""
"pending","incident:481972be7f7e293d2cf5d711","481972be7f7e293d2cf5d711","2022","27-Oct-2022","USA","Mississippi","Horn Island","-10.6061881","142.2810533","unreviewed location-only geocode cache match","","Global Shark Attack File","","",""
"pending","incident:sharks_happen:0813",,"2000","2000-10-02","USA","NC","Wrightsville Beach","34.2079917","-77.7955907","unreviewed location-only geocode cache match","sharks_happen:0813","Hal / Sharks Happen Stats","","",""
"pending","incident:65d9d1f13d7ec60c46ed08bc","65d9d1f13d7ec60c46ed08bc","2009","5-Dec-09","USA","New Jersey","Adventure Aquarium, Camden","39.9454428","-75.1314961","unreviewed location-only geocode cache match","2009.12.06; 2009.12.06; 2009.12.06; 2009.12.06; 2009.12.06","AI1SAD local legacy incident file; Global Shark Attack File; N-Enzer SharkAttackAnalysis mirror; Ordovas shark-attack mirror; Ordovas cleaned shark-attack mirror","","",""
"pending","incident:7c9f0adf20c71ec4d2941ad4","7c9f0adf20c71ec4d2941ad4","2013","7-Nov-13","USA","New Jersey","Bay Head, Ocean County","40.0717828","-74.0543036","unreviewed location-only geocode cache match","2013.11.07.b; 2013.11.07.b; 2013.11.07.b; 2013.11.07.b; 2013.11.07.b","AI1SAD local legacy incident file; Global Shark Attack File; N-Enzer SharkAttackAnalysis mirror; Ordovas shark-attack mirror; Ordovas cleaned shark-attack mirror","","",""
"pending","incident:4b8eac5d7aca090ae669d160","4b8eac5d7aca090ae669d160","2011","25-Jul-11","USA","New Jersey","Egg Harbor, Atlantic County","39.3820672","-74.6171489","unreviewed location-only geocode cache match","2011.07.25; 2011.07.25; 2011.07.25; 2011.07.25; 2011.07.25","AI1SAD local legacy incident file; Global Shark Attack File; N-Enzer SharkAttackAnalysis mirror; Ordovas shark-attack mirror; Ordovas cleaned shark-attack mirror","","",""
"pending","incident:16141df25c9368679e13eec8","16141df25c9368679e13eec8","2017","23-Jul-17","USA","New Jersey","Ventnor","50.594976","-1.2029747","unreviewed location-only geocode cache match","2017.07.23.b; 2017.07.23.b; 2017.07.23.b; 2017.07.23.b; 2017.07.23.b","AI1SAD local legacy incident file; Global Shark Attack File; N-Enzer SharkAttackAnalysis mirror; Ordovas shark-attack mirror; Ordovas cleaned shark-attack mirror","","",""
"pending","incident:ad65d10f3a2245085e2401da","ad65d10f3a2245085e2401da","2010","3-Jul-10","USA","New York","Off Long Island","-51.5894429","-57.9753685","unreviewed location-only geocode cache match","2010.07.03; 2010.07.03; 2010.07.03; 2010.07.03; 2010.07.03","AI1SAD local legacy incident file; Global Shark Attack File; N-Enzer SharkAttackAnalysis mirror; Ordovas shark-attack mirror; Ordovas cleaned shark-attack mirror","","",""
"pending","incident:a13a05448ce6a8d50133236e","a13a05448ce6a8d50133236e","2023","07 Aug-2023","USA","New York","Rockaway","40.9012101","-74.5143232","unreviewed location-only geocode cache match","","Global Shark Attack File","","",""
"pending","incident:74a76a06d5e28105327a1c70","74a76a06d5e28105327a1c70","2022","19-Jul-2022","USA","Noirth Carolina","Topsail Beach, Pender County","34.3651685","-77.6305293","unreviewed location-only geocode cache match","2022.07.19.a","Global Shark Attack File","","",""
"pending","incident:88a6c0278476c0bb80211fbc","88a6c0278476c0bb80211fbc","2018","18-Aug-2018","USA","North Carolina","Atlantic Beach, Carteret County","34.6990505","-76.7402108","unreviewed location-only geocode cache match","2018.08.19","Global Shark Attack File","","",""
"pending","incident:97d1b445b8e88c8209541173","97d1b445b8e88c8209541173","2007","17-Jul-07","USA","North Carolina","Atlantic Beach, Carteret County","34.6990505","-76.7402108","unreviewed location-only geocode cache match","2007.07.17.a; 2007.07.17.a; 2007.07.17.a; 2007.07.17.a; 2007.07.17.a","AI1SAD local legacy incident file; Global Shark Attack File; N-Enzer SharkAttackAnalysis mirror; Ordovas shark-attack mirror; Ordovas cleaned shark-attack mirror","","",""
"pending","incident:83c4532614d2bc4f109c1aa7","83c4532614d2bc4f109c1aa7","2019","16-Jun-2019","USA","North Carolina","Bald Head Island, Brunswick County","33.8618933","-77.995528","unreviewed location-only geocode cache match","2019.06.16.b","Global Shark Attack File","","",""
"pending","incident:ddb83de580369af9f0696d90","ddb83de580369af9f0696d90","2018","05-Aug-2018","USA","North Carolina","Bald Head Island, Brunswick County","33.8618933","-77.995528","unreviewed location-only geocode cache match","2018.08.05.a","Global Shark Attack File","","",""
"pending","incident:134bbcea614fcf78baf46cd0","134bbcea614fcf78baf46cd0","2018","05-Aug-2018","USA","North Carolina","Bald Head Island, Brunswick County","33.8618933","-77.995528","unreviewed location-only geocode cache match","2018.08.05.b","Global Shark Attack File","","",""
"pending","incident:e49c4914c0b63170aaa0a7a1","e49c4914c0b63170aaa0a7a1","2011","11-Aug--2011","USA","North Carolina","Beaufort Inlet","-34.4603112","118.8865812","unreviewed location-only geocode cache match","2011.08.11; 2011.08.11; 2011.08.11; 2011.08.11; 2011.08.11","AI1SAD local legacy incident file; Global Shark Attack File; N-Enzer SharkAttackAnalysis mirror; Ordovas shark-attack mirror; Ordovas cleaned shark-attack mirror","","",""
"pending","incident:cb38012a94a5bff5fa5bc3ff","cb38012a94a5bff5fa5bc3ff","2011","24-Aug-11","USA","North Carolina","Buxton Beach, Dare County","35.2581815","-75.523312","unreviewed location-only geocode cache match","2011.08.24.b; 2011.08.24.b; 2011.08.24.b; 2011.08.24.b; 2011.08.24.b","AI1SAD local legacy incident file; Global Shark Attack File; N-Enzer SharkAttackAnalysis mirror; Ordovas shark-attack mirror; Ordovas cleaned shark-attack mirror","","",""
"pending","incident:0df1533f3d44e5b23983644e","0df1533f3d44e5b23983644e","2004","27-Jul-04","USA","North Carolina","Carolina Beach, New Hanover County","34.0351727","-77.8935966","unreviewed location-only geocode cache match","2004.07.27.b; 2004.07.27.b; 2004.07.27.b; 2004.07.27.b; 2004.07.27.b","AI1SAD local legacy incident file; Global Shark Attack File; N-Enzer SharkAttackAnalysis mirror; Ordovas shark-attack mirror; Ordovas cleaned shark-attack mirror","","",""
"pending","incident:63e8ac5d83ac24574e907d88","63e8ac5d83ac24574e907d88","2020","21-Oct-2020","USA","North Carolina","Emerald Isle, Carteret County","34.6653135","-77.0382187","unreviewed location-only geocode cache match","2020.10.21","Global Shark Attack File","","",""
"pending","incident:541760a2b4e2951b950a5b2b","541760a2b4e2951b950a5b2b","2008","9-Jul-08","USA","North Carolina","Emerald Isle, Carteret County","34.6653135","-77.0382187","unreviewed location-only geocode cache match","2008.07.09; 2008.07.09; 2008.07.09; 2008.07.09; 2008.07.09","AI1SAD local legacy incident file; Global Shark Attack File; N-Enzer SharkAttackAnalysis mirror; Ordovas shark-attack mirror; Ordovas cleaned shark-attack mirror","","",""
"pending","incident:b552293848740df68932a83c","b552293848740df68932a83c","2002","20-Jul-02","USA","North Carolina","Emerald Isle, Carteret County","34.6653135","-77.0382187","unreviewed location-only geocode cache match","2002.07.20; 2002.07.20; 2002.07.20; 2002.07.20; 2002.07.20","AI1SAD local legacy incident file; Global Shark Attack File; N-Enzer SharkAttackAnalysis mirror; Ordovas shark-attack mirror; Ordovas cleaned shark-attack mirror","","",""
"pending","incident:1159f15f94f8a39bdf31be3f","1159f15f94f8a39bdf31be3f","2014","27-Aug-14","USA","North Carolina","Figure Eight Island, New Hanover County","34.2701077","-77.7580881","unreviewed location-only geocode cache match","2014.08.27.b; 2014.08.27.b; 2014.08.27.b; 2014.08.27.b; 2014.08.27.b","AI1SAD local legacy incident file; Global Shark Attack File; N-Enzer SharkAttackAnalysis mirror; Ordovas shark-attack mirror; Ordovas cleaned shark-attack mirror","","",""
"pending","incident:1154c1918cd8237abc546d16","1154c1918cd8237abc546d16","2005","15-Jul-05","USA","North Carolina","Holden Beach, Brunswick County","33.9135061","-78.3038892","unreviewed location-only geocode cache match","2005.07.15; 2005.07.15; 2005.07.15; 2005.07.15; 2005.07.15","AI1SAD local legacy incident file; Global Shark Attack File; N-Enzer SharkAttackAnalysis mirror; Ordovas shark-attack mirror; Ordovas cleaned shark-attack mirror","","",""
"pending","incident:c2410adfda8417d5f996ac82","c2410adfda8417d5f996ac82","2000","16-Jul-00","USA","North Carolina","Holden Beach, Brunswick County","33.9135061","-78.3038892","unreviewed location-only geocode cache match","2000.07.16.b; 2000.07.16.b; 2000.07.16.b; 2000.07.16.b; 2000.07.16.b","AI1SAD local legacy incident file; Global Shark Attack File; N-Enzer SharkAttackAnalysis mirror; Ordovas shark-attack mirror; Ordovas cleaned shark-attack mirror","","",""
"pending","incident:4f1b44f1ac34f350cd666154","4f1b44f1ac34f350cd666154","2013","11-Jul-13","USA","North Carolina","Holden Beach. Brunswick County","33.9135061","-78.3038892","unreviewed location-only geocode cache match","2013.07.11; 2013.07.11; 2013.07.11; 2013.07.11; 2013.07.11","AI1SAD local legacy incident file; Global Shark Attack File; N-Enzer SharkAttackAnalysis mirror; Ordovas shark-attack mirror; Ordovas cleaned shark-attack mirror","","",""
"pending","incident:fe6c10a2817a0a7dc1a5f34f","fe6c10a2817a0a7dc1a5f34f","2011","24-Aug-11","USA","North Carolina","Holden Beach. Brunswick County","33.9135061","-78.3038892","unreviewed location-only geocode cache match","2011.08.24.a; 2011.08.24.a; 2011.08.24.a; 2011.08.24.a; 2011.08.24.a","AI1SAD local legacy incident file; Global Shark Attack File; N-Enzer SharkAttackAnalysis mirror; Ordovas shark-attack mirror; Ordovas cleaned shark-attack mirror","","",""
"pending","incident:d06e69a44c7c8de5f800dc40","d06e69a44c7c8de5f800dc40","2009","22-Jul-09","USA","North Carolina","Holden Beach. Brunswick County","33.9135061","-78.3038892","unreviewed location-only geocode cache match","2009.07.22.b; 2009.07.22.b; 2009.07.22.b; 2009.07.22.b; 2009.07.22.b","AI1SAD local legacy incident file; Global Shark Attack File; N-Enzer SharkAttackAnalysis mirror; Ordovas shark-attack mirror; Ordovas cleaned shark-attack mirror","","",""
"pending","incident:21b21334c9da27dbeba3bdfa","21b21334c9da27dbeba3bdfa","2011","17-Aug-11","USA","North Carolina","Kure Beach, New Hanover County","33.9968399","-77.9072081","unreviewed location-only geocode cache match","2011.08.17.c.; 2011.08.17.c.; 2011.08.17.c.; 2011.08.17.c.; 2011.08.17.c.","AI1SAD local legacy incident file; Global Shark Attack File; N-Enzer SharkAttackAnalysis mirror; Ordovas shark-attack mirror; Ordovas cleaned shark-attack mirror","","",""
"pending","incident:65241d82279523ab62477e89","65241d82279523ab62477e89","2014","12-Jul-14","USA","North Carolina","Masonboro Island, New Hanover County","34.1254492","-77.8580398","unreviewed location-only geocode cache match","2014.07.12; 2014.07.12; 2014.07.12; 2014.07.12; 2014.07.12","AI1SAD local legacy incident file; Global Shark Attack File; N-Enzer SharkAttackAnalysis mirror; Ordovas shark-attack mirror; Ordovas cleaned shark-attack mirror","","",""
"pending","incident:8cffff107b6ce8d06331a7a5","8cffff107b6ce8d06331a7a5","2006","Aug-06","USA","North Carolina","Masonboro Island, New Hanover County","34.1254492","-77.8580398","unreviewed location-only geocode cache match","2006.08.00.b; 2006.08.00.b; 2006.08.00.b; 2006.08.00.b; 2006.08.00.b","AI1SAD local legacy incident file; Global Shark Attack File; N-Enzer SharkAttackAnalysis mirror; Ordovas shark-attack mirror; Ordovas cleaned shark-attack mirror","","",""
"pending","incident:160f57bb144f7c5c95732305","160f57bb144f7c5c95732305","2003","19-Jun-03","USA","North Carolina","Masonboro Island, New Hanover County","34.1254492","-77.8580398","unreviewed location-only geocode cache match","2003.06.19; 2003.06.19; 2003.06.19; 2003.06.19; 2003.06.19","AI1SAD local legacy incident file; Global Shark Attack File; N-Enzer SharkAttackAnalysis mirror; Ordovas shark-attack mirror; Ordovas cleaned shark-attack mirror","","",""
"pending","incident:1a358213b54924b497e71015","1a358213b54924b497e71015","2007","22-Aug-07","USA","North Carolina","North Carolina Aquarium at Fort Fisher","33.9633315","-77.9266723","unreviewed location-only geocode cache match","2007.08.22; 2007.08.22; 2007.08.22; 2007.08.22; 2007.08.22","AI1SAD local legacy incident file; Global Shark Attack File; N-Enzer SharkAttackAnalysis mirror; Ordovas shark-attack mirror; Ordovas cleaned shark-attack mirror","","",""
"pending","incident:da16179aa110520f026fbe71","da16179aa110520f026fbe71","2012","8-Jul-12","USA","North Carolina","North Topsail Beach, Onslow County","34.4751366","-77.4580663","unreviewed location-only geocode cache match","2012.07.08; 2012.07.08; 2012.07.08; 2012.07.08; 2012.07.08","AI1SAD local legacy incident file; Global Shark Attack File; N-Enzer SharkAttackAnalysis mirror; Ordovas shark-attack mirror; Ordovas cleaned shark-attack mirror","","",""
"pending","incident:66abf5a0cd132c4696662fd5","66abf5a0cd132c4696662fd5","2011","26-Jun-08","USA","North Carolina","North Topsail Beach, Onslow County","34.4751366","-77.4580663","unreviewed location-only geocode cache match","2011.06.26; 2011.06.26; 2011.06.26; 2011.06.26; 2011.06.26","AI1SAD local legacy incident file; Global Shark Attack File; N-Enzer SharkAttackAnalysis mirror; Ordovas shark-attack mirror; Ordovas cleaned shark-attack mirror","","",""
"pending","incident:fb8a08384274eedd3c887386","fb8a08384274eedd3c887386","2007","18-Jul-07","USA","North Carolina","North Topsail Beach, Onslow County","34.4751366","-77.4580663","unreviewed location-only geocode cache match","2007.07.18.b; 2007.07.18.b; 2007.07.18.b; 2007.07.18.b; 2007.07.18.b","AI1SAD local legacy incident file; Global Shark Attack File; N-Enzer SharkAttackAnalysis mirror; Ordovas shark-attack mirror; Ordovas cleaned shark-attack mirror","","",""
"pending","incident:a531245c04778fe44eb57210","a531245c04778fe44eb57210","2005","5-Sep-05","USA","North Carolina","North Topsail Beach, Onslow County","34.4751366","-77.4580663","unreviewed location-only geocode cache match","2005.09.05; 2005.09.05; 2005.09.05; 2005.09.05; 2005.09.05","AI1SAD local legacy incident file; Global Shark Attack File; N-Enzer SharkAttackAnalysis mirror; Ordovas shark-attack mirror; Ordovas cleaned shark-attack mirror","","",""
"pending","incident:668c7374ec92bb72f5ebaab6","668c7374ec92bb72f5ebaab6","2001","15-Sep-01","USA","North Carolina","North Topsail Beach, Onslow County","34.4751366","-77.4580663","unreviewed location-only geocode cache match","2001.09.15.a; 2001.09.15.a; 2001.09.15.a; 2001.09.15.a; 2001.09.15.a","AI1SAD local legacy incident file; Global Shark Attack File; N-Enzer SharkAttackAnalysis mirror; Ordovas shark-attack mirror; Ordovas cleaned shark-attack mirror","","",""
"pending","incident:a0a0b439f0707ac54045d18f","a0a0b439f0707ac54045d18f","2023","23 Aug-2023","USA","North Carolina","Oak Island, Brunswick County","33.9165623","-78.161106","unreviewed location-only geocode cache match","","Global Shark Attack File","","",""
"pending","incident:2de60f4c931406308ee189cb","2de60f4c931406308ee189cb","2015","14-Jun-15","USA","North Carolina","Oak Island, Brunswick County","33.9165623","-78.161106","unreviewed location-only geocode cache match","2015.06.14.b; 2015.06.14.a; 2015.06.14.b; 2015.06.14.a; 2015.06.14.b; 2015.06.14.a; 2015.06.14.b; 2015.06.14.a; 2015.06.14.b; 2015.06.14.a","AI1SAD local legacy incident file; AI1SAD local legacy incident file; Global Shark Attack File; Global Shark Attack File; N-Enzer SharkAttackAnalysis mirror; N-Enzer SharkAttackAnalysis mirror; Ordovas shark-attack mirror; Ordovas shark-attack mirror; Ordovas cleaned shark-attack mirror; Ordovas cleaned shark-attack mirror","","",""
"pending","incident:67cf44aeee5ff591d77d8981","67cf44aeee5ff591d77d8981","2021","27-Jun-2021","USA","North Carolina","Ocean Isle, Brunswick County","33.8943393","-78.426672","unreviewed location-only geocode cache match","2021.06.27","Global Shark Attack File","","",""
"pending","incident:d3530fb177cc533086a68b1f","d3530fb177cc533086a68b1f","2019","10-Jun-2019","USA","North Carolina","Ocean Isle, Brunswick County","33.8943393","-78.426672","unreviewed location-only geocode cache match","2019.06.10","Global Shark Attack File","","",""
"pending","incident:f6c44bf21537e4944f635b09","f6c44bf21537e4944f635b09","2015","11-Jun-15","USA","North Carolina","Ocean Isle, Brunswick County","33.8943393","-78.426672","unreviewed location-only geocode cache match","2015.06.11; 2015.06.11; 2015.06.11; 2015.06.11; 2015.06.11","AI1SAD local legacy incident file; Global Shark Attack File; N-Enzer SharkAttackAnalysis mirror; Ordovas shark-attack mirror; Ordovas cleaned shark-attack mirror","","",""
"pending","incident:755a101baacf7613a782600e","755a101baacf7613a782600e","2012","18-Jun-12","USA","North Carolina","Ocean Isle, Brunswick County","33.8943393","-78.426672","unreviewed location-only geocode cache match","2012.06.18; 2012.06.18; 2012.06.18; 2012.06.18; 2012.06.18","AI1SAD local legacy incident file; Global Shark Attack File; N-Enzer SharkAttackAnalysis mirror; Ordovas shark-attack mirror; Ordovas cleaned shark-attack mirror","","",""
"pending","incident:0b5c82d470f605cdcbdc2c1b","0b5c82d470f605cdcbdc2c1b","2011","19-Jul-11","USA","North Carolina","Ocracoke Island, Hyde County","35.1279594","-75.9220813","unreviewed location-only geocode cache match","2011.07.19; 2011.07.19; 2011.07.19; 2011.07.19; 2011.07.19","AI1SAD local legacy incident file; Global Shark Attack File; N-Enzer SharkAttackAnalysis mirror; Ordovas shark-attack mirror; Ordovas cleaned shark-attack mirror","","",""
"pending","incident:f4bcc359377ecd636c0801b4","f4bcc359377ecd636c0801b4","2006","16-Sep-06","USA","North Carolina","Onslow Beach","34.5539654","-77.2953066","unreviewed location-only geocode cache match","2006.09.16; 2006.09.16; 2006.09.16; 2006.09.16; 2006.09.16","AI1SAD local legacy incident file; Global Shark Attack File; N-Enzer SharkAttackAnalysis mirror; Ordovas shark-attack mirror; Ordovas cleaned shark-attack mirror","","",""
"pending","incident:b67c3a332e0ffd535704d33c","b67c3a332e0ffd535704d33c","2020","13-Jan-2020","USA","North Carolina","Rodanthe, Dare County","35.5934472","-75.4678084","unreviewed location-only geocode cache match","2020.01.13","Global Shark Attack File","","",""
"pending","incident:419d4edfde7cc50cdffdda73","419d4edfde7cc50cdffdda73","2015","27-Jun-15","USA","North Carolina","Rodanthe, Dare County","35.5934472","-75.4678084","unreviewed location-only geocode cache match","2015.06.27.b; 2015.06.27.b; 2015.06.27.b; 2015.06.27.b; 2015.06.27.b","AI1SAD local legacy incident file; Global Shark Attack File; N-Enzer SharkAttackAnalysis mirror; Ordovas shark-attack mirror; Ordovas cleaned shark-attack mirror","","",""
"pending","incident:69afbaa370b4015b1000b88e","69afbaa370b4015b1000b88e","2004","28-Jul-04","USA","North Carolina","Rodanthe, Dare County","35.5934472","-75.4678084","unreviewed location-only geocode cache match","2004.07.28; 2004.07.28; 2004.07.28; 2004.07.28; 2004.07.28","AI1SAD local legacy incident file; Global Shark Attack File; N-Enzer SharkAttackAnalysis mirror; Ordovas shark-attack mirror; Ordovas cleaned shark-attack mirror","","",""
"pending","incident:eed6b8a8c2c8db285c1c230a","eed6b8a8c2c8db285c1c230a","2020","20-Jun-2020","USA","North Carolina","Salvo, Dare County","35.54018","-75.4729347","unreviewed location-only geocode cache match","2020.06.20.b","Global Shark Attack File","","",""
"pending","incident:93c8990085e77713870cda37","93c8990085e77713870cda37","2019","16-Jul-2019","USA","North Carolina","Sunset Beach, Brunswick County","33.880728","-78.512231","unreviewed location-only geocode cache match","2019.07.16","Global Shark Attack File","","",""
"pending","incident:a84c858a0e9b5ba233c82dea","a84c858a0e9b5ba233c82dea","2014","27-Jul-14","USA","North Carolina","Sunset Beach, Brunswick County","33.880728","-78.512231","unreviewed location-only geocode cache match","2014.07.27; 2014.07.27; 2014.07.27; 2014.07.27; 2014.07.27","AI1SAD local legacy incident file; Global Shark Attack File; N-Enzer SharkAttackAnalysis mirror; Ordovas shark-attack mirror; Ordovas cleaned shark-attack mirror","","",""
"pending","incident:9dc3df5da4da4c0e3d746bd6","9dc3df5da4da4c0e3d746bd6","2015","24-Jun-15","USA","North Carolina","Surf City","39.6587349","-74.168292","unreviewed location-only geocode cache match","2015.06.24.b; 2015.06.24.b; 2015.06.24.b; 2015.06.24.b; 2015.06.24.b","AI1SAD local legacy incident file; Global Shark Attack File; N-Enzer SharkAttackAnalysis mirror; Ordovas shark-attack mirror; Ordovas cleaned shark-attack mirror","","",""
"pending","incident:13087d60fed7c1c0d1899661","13087d60fed7c1c0d1899661","2002","5-Aug-02","USA","North Carolina","Topsail Beach, Pender County","34.3651685","-77.6305293","unreviewed location-only geocode cache match","2002.08.05; 2002.08.05; 2002.08.05; 2002.08.05; 2002.08.05","AI1SAD local legacy incident file; Global Shark Attack File; N-Enzer SharkAttackAnalysis mirror; Ordovas shark-attack mirror; Ordovas cleaned shark-attack mirror","","",""
"pending","incident:b36f3caf6fb354c05c8a7e94","b36f3caf6fb354c05c8a7e94","2010","25-Jun-10","USA","North Carolina","Topsail Island, Pender County","34.4437309","-77.5302187","unreviewed location-only geocode cache match","2010.06.25.a; 2010.06.25.a; 2010.06.25.a; 2010.06.25.a; 2010.06.25.a","AI1SAD local legacy incident file; Global Shark Attack File; N-Enzer SharkAttackAnalysis mirror; Ordovas shark-attack mirror; Ordovas cleaned shark-attack mirror","","",""
"pending","incident:3c0c2aba445002fda2475d10","3c0c2aba445002fda2475d10","2008","24-Jul-08","USA","North Carolina","Topsail Island, Pender County","34.4437309","-77.5302187","unreviewed location-only geocode cache match","2008.07.24.a; 2008.07.24.a; 2008.07.24.a; 2008.07.24.a; 2008.07.24.a","AI1SAD local legacy incident file; Global Shark Attack File; N-Enzer SharkAttackAnalysis mirror; Ordovas shark-attack mirror; Ordovas cleaned shark-attack mirror","","",""
"pending","incident:c3bc3c56843c212b79ebd1e9","c3bc3c56843c212b79ebd1e9","2021","27-Jul-2021","USA","North Carolina","Wrightsville Beach","34.2079917","-77.7955907","unreviewed location-only geocode cache match","2021.07.27.c","Global Shark Attack File","","",""
"pending","incident:a515b0e65aabcf9696a889c9","a515b0e65aabcf9696a889c9","2010","17-Jul-10","USA","North Carolina","Wrightsville Beach, New Hanover County","34.2079917","-77.7955907","unreviewed location-only geocode cache match","2010.07.17.b; 2010.07.17.b; 2010.07.17.b; 2010.07.17.b; 2010.07.17.b","AI1SAD local legacy incident file; Global Shark Attack File; N-Enzer SharkAttackAnalysis mirror; Ordovas shark-attack mirror; Ordovas cleaned shark-attack mirror","","",""
"pending","incident:fec2afb25e2c37ca2f640915","fec2afb25e2c37ca2f640915","2002","4-Jul-02","USA","North Carolina","Wrightsville Beach, New Hanover County","34.2079917","-77.7955907","unreviewed location-only geocode cache match","2002.07.04; 2002.07.04; 2002.07.04; 2002.07.04; 2002.07.04","AI1SAD local legacy incident file; Global Shark Attack File; N-Enzer SharkAttackAnalysis mirror; Ordovas shark-attack mirror; Ordovas cleaned shark-attack mirror","","",""
"pending","incident:cc3706dde4835a9cdff2fe7c","cc3706dde4835a9cdff2fe7c","2000","2-Oct-00","USA","North Carolina","Wrightsville Beach, New Hanover County","34.2079917","-77.7955907","unreviewed location-only geocode cache match","2000.10.02; 2000.10.02; 2000.10.02; 2000.10.02; 2000.10.02","AI1SAD local legacy incident file; Global Shark Attack File; N-Enzer SharkAttackAnalysis mirror; Ordovas shark-attack mirror; Ordovas cleaned shark-attack mirror","","",""
"pending","incident:f8e5d2f1089b9f7e18c5694d","f8e5d2f1089b9f7e18c5694d","2025","29th September","USA","Off California","Catalina Island","18.3588724","-69.0081006","unreviewed location-only geocode cache match","","Global Shark Attack File","","",""
"pending","incident:26539d7382e33fce36635a0a","26539d7382e33fce36635a0a","2002","21-Sep-02","USA","Oregon","Cape Kiwanda","45.2167126","-123.9803347","unreviewed location-only geocode cache match","2002.09.21.b; 2002.09.21.b; 2002.09.21.b; 2002.09.21.b; 2002.09.21.b; sharks_happen:0723","AI1SAD local legacy incident file; Global Shark Attack File; N-Enzer SharkAttackAnalysis mirror; Ordovas shark-attack mirror; Ordovas cleaned shark-attack mirror; Hal / Sharks Happen Stats","","",""
"pending","incident:a7b8f1aae32ed1a42dc7f8ac","a7b8f1aae32ed1a42dc7f8ac","2019","05-Mar-2019","USA","Oregon","Cape Kiwanda, Tillamook County","45.2167126","-123.9803347","unreviewed location-only geocode cache match","2019.03.05.b","Global Shark Attack File","","",""
"pending","incident:fa9a5ee30b6e3eb042eed8f7","fa9a5ee30b6e3eb042eed8f7","2010","28-Oct-10","USA","Oregon","Florence","43.7697955","11.2556404","unreviewed location-only geocode cache match","2010.10.28; 2010.10.28; 2010.10.28; 2010.10.28; 2010.10.28","AI1SAD local legacy incident file; Global Shark Attack File; N-Enzer SharkAttackAnalysis mirror; Ordovas shark-attack mirror; Ordovas cleaned shark-attack mirror","","",""
"pending","incident:6036da85ee4e6e2b9ce9b398","6036da85ee4e6e2b9ce9b398","2006","29-Aug-06","USA","Oregon","Florence, Lane County","43.9800086","-124.1013089","unreviewed location-only geocode cache match","2006.08.29.b; 2006.08.29.b; 2006.08.29.b; 2006.08.29.b; 2006.08.29.b","AI1SAD local legacy incident file; Global Shark Attack File; N-Enzer SharkAttackAnalysis mirror; Ordovas shark-attack mirror; Ordovas cleaned shark-attack mirror","","",""
"pending","incident:sharks_happen:0810",,"2013","2013-11-22","USA","Oregon","Gleneden Beach","44.8789911","-124.0346728","unreviewed location-only geocode cache match","sharks_happen:0810","Hal / Sharks Happen Stats","","",""
"pending","incident:13575bab756ce3ddca04cce6","13575bab756ce3ddca04cce6","2013","22-Nov-13","USA","Oregon","Gleneden Beach, Lincoln County","44.8789911","-124.0346728","unreviewed location-only geocode cache match","2013.11.22; 2013.11.22; 2013.11.22; 2013.11.22; 2013.11.22","AI1SAD local legacy incident file; Global Shark Attack File; N-Enzer SharkAttackAnalysis mirror; Ordovas shark-attack mirror; Ordovas cleaned shark-attack mirror","","",""
"pending","incident:fd419f77e2b7782d7630df1b","fd419f77e2b7782d7630df1b","2004","20-Sep-04","USA","Oregon","Gold Beach","42.4074459","-124.4217418","unreviewed location-only geocode cache match","2004.09.20; 2004.09.20; 2004.09.20; 2004.09.20; 2004.09.20; sharks_happen:0303","AI1SAD local legacy incident file; Global Shark Attack File; N-Enzer SharkAttackAnalysis mirror; Ordovas shark-attack mirror; Ordovas cleaned shark-attack mirror; Hal / Sharks Happen Stats","","",""
"pending","incident:6201011bac54da909a5d4cd3","6201011bac54da909a5d4cd3","2012","13-Jan-12","USA","Oregon","Lincoln City, Lincoln County","44.9617922","-124.0159522","unreviewed location-only geocode cache match","2012.01.13; 2012.01.13; 2012.01.13; 2012.01.13; 2012.01.13","AI1SAD local legacy incident file; Global Shark Attack File; N-Enzer SharkAttackAnalysis mirror; Ordovas shark-attack mirror; Ordovas cleaned shark-attack mirror","","",""
"pending","incident:3a4d032b92dac518a1892ae6","3a4d032b92dac518a1892ae6","2011","20-Oct-11","USA","Oregon","Newport, Lincoln County","44.636755","-124.053442","unreviewed location-only geocode cache match","2011.10.20; 2011.10.20; 2011.10.20; 2011.10.20; 2011.10.20","AI1SAD local legacy incident file; Global Shark Attack File; N-Enzer SharkAttackAnalysis mirror; Ordovas shark-attack mirror; Ordovas cleaned shark-attack mirror","","",""
"pending","incident:7b5777e60ef1bff51a0ae452","7b5777e60ef1bff51a0ae452","2006","31-Jul-06","USA","Oregon","Oswald State Park","40.7977646","-77.864514","unreviewed location-only geocode cache match","2006.07.31.a; 2006.07.31.a; 2006.07.31.a; 2006.07.31.a; 2006.07.31.a","AI1SAD local legacy incident file; Global Shark Attack File; N-Enzer SharkAttackAnalysis mirror; Ordovas shark-attack mirror; Ordovas cleaned shark-attack mirror","","",""
"pending","incident:19b3b43554f4121a542f8276","19b3b43554f4121a542f8276","2011","10-Oct-11","USA","Oregon","Seaside","36.62593","-121.816926","unreviewed location-only geocode cache match","2011.10.10; 2011.10.10; 2011.10.10; 2011.10.10; 2011.10.10","AI1SAD local legacy incident file; Global Shark Attack File; N-Enzer SharkAttackAnalysis mirror; Ordovas shark-attack mirror; Ordovas cleaned shark-attack mirror","","",""
"pending","incident:93c45a76c4a81f275526c7a3","93c45a76c4a81f275526c7a3","2011","6-Dec-11","USA","Oregon","Seaside Cove","33.8527131","-117.9501199","unreviewed location-only geocode cache match","2011.12.06; 2011.12.06; 2011.12.06; 2011.12.06; 2011.12.06","AI1SAD local legacy incident file; Global Shark Attack File; N-Enzer SharkAttackAnalysis mirror; Ordovas shark-attack mirror; Ordovas cleaned shark-attack mirror","","",""
"pending","incident:sharks_happen:0466",,"2001","2001-10-20","USA","Oregon","South Beach","25.7744291","-80.1332415","unreviewed location-only geocode cache match","sharks_happen:0466","Hal / Sharks Happen Stats","","",""
"pending","incident:9b974532caa0961f91710546","9b974532caa0961f91710546","2005","24-Dec-05","USA","Oregon","Tillamook Head, Clatsop County","45.9465254","-123.9933921","unreviewed location-only geocode cache match","2005.12.24; 2005.12.24; 2005.12.24; 2005.12.24; 2005.12.24","AI1SAD local legacy incident file; Global Shark Attack File; N-Enzer SharkAttackAnalysis mirror; Ordovas shark-attack mirror; Ordovas cleaned shark-attack mirror","","",""
"pending","incident:52fb09b6eafa3a56cb69dc71","52fb09b6eafa3a56cb69dc71","2010","27-Sep-10","USA","Oregon","Winchester Bay","43.6776066","-124.1737886","unreviewed location-only geocode cache match","2010.09.27; 2010.09.27; 2010.09.27; 2010.09.27; 2010.09.27","AI1SAD local legacy incident file; Global Shark Attack File; N-Enzer SharkAttackAnalysis mirror; Ordovas shark-attack mirror; Ordovas cleaned shark-attack mirror","","",""
"pending","incident:c20238180c2e57b625e71629","c20238180c2e57b625e71629","2009","8-Feb-09","USA","Puerto Rico","Quebradillas","18.4288325","-66.9225514","unreviewed location-only geocode cache match","2009.02.08; 2009.02.08; 2009.02.08; 2009.02.08; 2009.02.08","AI1SAD local legacy incident file; Global Shark Attack File; N-Enzer SharkAttackAnalysis mirror; Ordovas shark-attack mirror; Ordovas cleaned shark-attack mirror","","",""
"pending","incident:8d4ef734c9066b14a2a073d6","8d4ef734c9066b14a2a073d6","2011","16-Aug--2011","USA","Puerto Rico","Vieques","18.121674","-65.4571194","unreviewed location-only geocode cache match","2011.08.16.b; 2011.08.16.b; 2011.08.16.b; 2011.08.16.b; 2011.08.16.b","AI1SAD local legacy incident file; Global Shark Attack File; N-Enzer SharkAttackAnalysis mirror; Ordovas shark-attack mirror; Ordovas cleaned shark-attack mirror","","",""
"pending","incident:2e5ce980afc518a770a47d14","2e5ce980afc518a770a47d14","2017","30-May-17","USA","South Carolina","Awendaw, Charleston County","33.0376703","-79.613127","unreviewed location-only geocode cache match","2017.05.30; 2017.05.30; 2017.05.30; 2017.05.30; 2017.05.30","AI1SAD local legacy incident file; Global Shark Attack File; N-Enzer SharkAttackAnalysis mirror; Ordovas shark-attack mirror; Ordovas cleaned shark-attack mirror","","",""
"pending","incident:716c08b2baf7195dfe9299aa","716c08b2baf7195dfe9299aa","2008","1-Jun-08","USA","South Carolina","Cherry Grove","39.080896","-84.3218715","unreviewed location-only geocode cache match","2008.06.01.b; 2008.06.01.b; 2008.06.01.b; 2008.06.01.b; 2008.06.01.b","AI1SAD local legacy incident file; Global Shark Attack File; N-Enzer SharkAttackAnalysis mirror; Ordovas shark-attack mirror; Ordovas cleaned shark-attack mirror","","",""
"pending","incident:98770693cd9ffa444bf4d95b","98770693cd9ffa444bf4d95b","2006","8-Jul-06","USA","South Carolina","Debordieu Beach, Georgetown County","33.3541739","-79.1529139","unreviewed location-only geocode cache match","2006.07.08.b; 2006.07.08.b; 2006.07.08.b; 2006.07.08.b; 2006.07.08.b","AI1SAD local legacy incident file; Global Shark Attack File; N-Enzer SharkAttackAnalysis mirror; Ordovas shark-attack mirror; Ordovas cleaned shark-attack mirror","","",""
"pending","incident:94086c02e4818edbf40142b3","94086c02e4818edbf40142b3","2017","29-Jul-17","USA","South Carolina","DeBordieu Colony, Georgetown County","33.3690565","-79.1517111","unreviewed location-only geocode cache match","2017.07.29.a; 2017.07.29.a; 2017.07.29.a; 2017.07.29.a; 2017.07.29.a","AI1SAD local legacy incident file; Global Shark Attack File; N-Enzer SharkAttackAnalysis mirror; Ordovas shark-attack mirror; Ordovas cleaned shark-attack mirror","","",""
"pending","incident:c3c2f94a84ea733db52ba0ee","c3c2f94a84ea733db52ba0ee","2013","11-Aug-13","USA","South Carolina","Folly Beach","32.6554848","-79.9407802","unreviewed location-only geocode cache match","2013.08.11; 2013.08.11; 2013.08.11; 2013.08.11; 2013.08.11; sharks_happen:0409","AI1SAD local legacy incident file; Global Shark Attack File; N-Enzer SharkAttackAnalysis mirror; Ordovas shark-attack mirror; Ordovas cleaned shark-attack mirror; Hal / Sharks Happen Stats","","",""
"pending","incident:8912ab924c64d7835e92cbb4","8912ab924c64d7835e92cbb4","2005","11-Sep-05","USA","South Carolina","Folly Beach","32.6554848","-79.9407802","unreviewed location-only geocode cache match","2005.09.11; 2005.09.11; 2005.09.11; 2005.09.11; 2005.09.11; sharks_happen:0282","AI1SAD local legacy incident file; Global Shark Attack File; N-Enzer SharkAttackAnalysis mirror; Ordovas shark-attack mirror; Ordovas cleaned shark-attack mirror; Hal / Sharks Happen Stats","","",""
"pending","incident:4f59d0821d52f6edec48f94a","4f59d0821d52f6edec48f94a","2020","30-Aug-2020","USA","South Carolina","Folly Beach, Charleston County","32.6554848","-79.9407802","unreviewed location-only geocode cache match","2020.08.30","Global Shark Attack File","","",""
"pending","incident:91c216632ec141d5c0fcfdbd","91c216632ec141d5c0fcfdbd","2017","29-Apr-17","USA","South Carolina","Folly Beach, Charleston County","32.6554848","-79.9407802","unreviewed location-only geocode cache match","2017.04.29.b; 2017.04.29.b; 2017.04.29.b; 2017.04.29.b; 2017.04.29.b","AI1SAD local legacy incident file; Global Shark Attack File; N-Enzer SharkAttackAnalysis mirror; Ordovas shark-attack mirror; Ordovas cleaned shark-attack mirror","","",""
"pending","incident:79341cefed5d72dbb6ba8bdc","79341cefed5d72dbb6ba8bdc","2014","6-Aug-14","USA","South Carolina","Folly Beach, Charleston County","32.6554848","-79.9407802","unreviewed location-only geocode cache match","2014.08.06; 2014.08.06; 2014.08.06; 2014.08.06; 2014.08.06","AI1SAD local legacy incident file; Global Shark Attack File; N-Enzer SharkAttackAnalysis mirror; Ordovas shark-attack mirror; Ordovas cleaned shark-attack mirror","","",""
"pending","incident:09375f5721dd2f2aa1b16432","09375f5721dd2f2aa1b16432","2010","25-Jun-10","USA","South Carolina","Fripp Island","32.32397","-80.4712228","unreviewed location-only geocode cache match","2010.06.25.b; 2010.06.25.b; 2010.06.25.b; 2010.06.25.b; 2010.06.25.b","AI1SAD local legacy incident file; Global Shark Attack File; N-Enzer SharkAttackAnalysis mirror; Ordovas shark-attack mirror; Ordovas cleaned shark-attack mirror","","",""
"pending","incident:1d2aaaa9a6bdc0b6b874248e","1d2aaaa9a6bdc0b6b874248e","2001","20-May-01","USA","South Carolina","Fripp Island, Beaufort County","32.32397","-80.4712228","unreviewed location-only geocode cache match","2001.05.20; 2001.05.20; 2001.05.20; 2001.05.20; 2001.05.20","AI1SAD local legacy incident file; Global Shark Attack File; N-Enzer SharkAttackAnalysis mirror; Ordovas shark-attack mirror; Ordovas cleaned shark-attack mirror","","",""
"pending","incident:4ffabc60eb80d79ee8584137","4ffabc60eb80d79ee8584137","2007","26-May-07","USA","South Carolina","Garden City","37.9716898","-100.8726618","unreviewed location-only geocode cache match","2007.05.26; 2007.05.26; 2007.05.26; 2007.05.26; 2007.05.26","AI1SAD local legacy incident file; Global Shark Attack File; N-Enzer SharkAttackAnalysis mirror; Ordovas shark-attack mirror; Ordovas cleaned shark-attack mirror","","",""
"pending","incident:016fe53fc5d1ff6275be8cce","016fe53fc5d1ff6275be8cce","2021","03-Aug-2021","USA","South Carolina","Hilton Head Island, Beaufort County","32.1618488","-80.7512616","unreviewed location-only geocode cache match","2021.08.03","Global Shark Attack File","","",""
"pending","incident:af6c8bedd6470171df547460","af6c8bedd6470171df547460","2018","13-May-18","USA","South Carolina","Hilton Head Island, Beaufort County","32.1618488","-80.7512616","unreviewed location-only geocode cache match","2018.05.13.b; 2018.05.13.b; 2018.05.13.b; 2018.05.13.b; 2018.05.13.b","AI1SAD local legacy incident file; Global Shark Attack File; N-Enzer SharkAttackAnalysis mirror; Ordovas shark-attack mirror; Ordovas cleaned shark-attack mirror","","",""
"pending","incident:85977f1f8f6ffda426579211","85977f1f8f6ffda426579211","2014","14-Oct-14","USA","South Carolina","Hilton Head Island, Beaufort County","32.1618488","-80.7512616","unreviewed location-only geocode cache match","2014.10.14; 2014.10.14; 2014.10.14; 2014.10.14; 2014.10.14","AI1SAD local legacy incident file; Global Shark Attack File; N-Enzer SharkAttackAnalysis mirror; Ordovas shark-attack mirror; Ordovas cleaned shark-attack mirror","","",""
"pending","incident:f28d5011a098b1d69c9022aa","f28d5011a098b1d69c9022aa","2023","14-May-2023","USA","South Carolina","Isle of Palms, Charleston County","32.7867697","-79.7880359","unreviewed location-only geocode cache match","","Global Shark Attack File","","",""
"pending","incident:0ad2f879d78ed1816eec0788","0ad2f879d78ed1816eec0788","2019","15-Sep-2019","USA","South Carolina","Isle of Palms, Charleston County","32.7867697","-79.7880359","unreviewed location-only geocode cache match","2019.09.15","Global Shark Attack File","","",""
"pending","incident:7324fa4870b13c543dcf5847","7324fa4870b13c543dcf5847","2018","21-May-18","USA","South Carolina","Isle of Palms, Charleston County","32.7867697","-79.7880359","unreviewed location-only geocode cache match","2018.05.21; 2018.05.21; 2018.05.21; 2018.05.21; 2018.05.21","AI1SAD local legacy incident file; Global Shark Attack File; N-Enzer SharkAttackAnalysis mirror; Ordovas shark-attack mirror; Ordovas cleaned shark-attack mirror","","",""
"pending","incident:0a094062eebbc38faabfb9eb","0a094062eebbc38faabfb9eb","2014","3-Jul-14","USA","South Carolina","Isle of Palms, Charleston County","32.7867697","-79.7880359","unreviewed location-only geocode cache match","2014.07.03; 2014.07.03; 2014.07.03; 2014.07.03; 2014.07.03","AI1SAD local legacy incident file; Global Shark Attack File; N-Enzer SharkAttackAnalysis mirror; Ordovas shark-attack mirror; Ordovas cleaned shark-attack mirror","","",""
"pending","incident:322271af884fd0a3a540cdd9","322271af884fd0a3a540cdd9","2013","30-Jul-2013","USA","South Carolina","Isle of Palms, Charleston County","32.7867697","-79.7880359","unreviewed location-only geocode cache match","2013.07.30; 2013.07.30; 2013.07.30; 2013.07.30; 2013.07.30","AI1SAD local legacy incident file; Global Shark Attack File; N-Enzer SharkAttackAnalysis mirror; Ordovas shark-attack mirror; Ordovas cleaned shark-attack mirror","","",""
"pending","incident:efe878ab981a2a10f374eae9","efe878ab981a2a10f374eae9","2010","25-Jul-10","USA","South Carolina","Isle of Palms, Charleston County","32.7867697","-79.7880359","unreviewed location-only geocode cache match","2010.07.25; 2010.07.25; 2010.07.25; 2010.07.25; 2010.07.25","AI1SAD local legacy incident file; Global Shark Attack File; N-Enzer SharkAttackAnalysis mirror; Ordovas shark-attack mirror; Ordovas cleaned shark-attack mirror","","",""
"pending","incident:c4063041cc77c2ba04995435","c4063041cc77c2ba04995435","2008","26-Jun-08","USA","South Carolina","Isle of Palms, Charleston County","32.7867697","-79.7880359","unreviewed location-only geocode cache match","2008.06.26.a; 2008.06.26.a; 2008.06.26.a; 2008.06.26.a; 2008.06.26.a","AI1SAD local legacy incident file; Global Shark Attack File; N-Enzer SharkAttackAnalysis mirror; Ordovas shark-attack mirror; Ordovas cleaned shark-attack mirror","","",""
"pending","incident:64f3af80c827cc9fbf97ed7d","64f3af80c827cc9fbf97ed7d","2008","11-Jul-08","USA","South Carolina","Isle of Palms, Charleston County","32.7867697","-79.7880359","unreviewed location-only geocode cache match","2008.07.11; 2008.07.11; 2008.07.11; 2008.07.11; 2008.07.11","AI1SAD local legacy incident file; Global Shark Attack File; N-Enzer SharkAttackAnalysis mirror; Ordovas shark-attack mirror; Ordovas cleaned shark-attack mirror","","",""
"pending","incident:a0fc93496305a2343e587b40","a0fc93496305a2343e587b40","2007","9-Aug-07","USA","South Carolina","Isle of Palms, Charleston County","32.7867697","-79.7880359","unreviewed location-only geocode cache match","2007.08.09.b; 2007.08.09.b; 2007.08.09.b; 2007.08.09.b; 2007.08.09.b","AI1SAD local legacy incident file; Global Shark Attack File; N-Enzer SharkAttackAnalysis mirror; Ordovas shark-attack mirror; Ordovas cleaned shark-attack mirror","","",""
"pending","incident:1759ad90069c72508fd1c638","1759ad90069c72508fd1c638","2007","9-Aug-07","USA","South Carolina","Isle of Palms, Charleston County","32.7867697","-79.7880359","unreviewed location-only geocode cache match","2007.08.09.a; 2007.08.09.a; 2007.08.09.a; 2007.08.09.a; 2007.08.09.a","AI1SAD local legacy incident file; Global Shark Attack File; N-Enzer SharkAttackAnalysis mirror; Ordovas shark-attack mirror; Ordovas cleaned shark-attack mirror","","",""
"pending","incident:c4dcd2e3276e464aaa772f2e","c4dcd2e3276e464aaa772f2e","2005","6-Aug-05","USA","South Carolina","Isle of Palms, Charleston County","32.7867697","-79.7880359","unreviewed location-only geocode cache match","2005.08.06; 2005.08.06; 2005.08.06; 2005.08.06; 2005.08.06","AI1SAD local legacy incident file; Global Shark Attack File; N-Enzer SharkAttackAnalysis mirror; Ordovas shark-attack mirror; Ordovas cleaned shark-attack mirror","","",""
"pending","incident:9e867ad5dcd80b816f8e1cba","9e867ad5dcd80b816f8e1cba","2003","13-Sep-03","USA","South Carolina","Isle of Palms, Charleston County","32.7867697","-79.7880359","unreviewed location-only geocode cache match","2003.09.13.a; 2003.09.13.a; 2003.09.13.a; 2003.09.13.a; 2003.09.13.a","AI1SAD local legacy incident file; Global Shark Attack File; N-Enzer SharkAttackAnalysis mirror; Ordovas shark-attack mirror; Ordovas cleaned shark-attack mirror","","",""
"pending","incident:1b6bd466f0c0e6b4879d077c","1b6bd466f0c0e6b4879d077c","2001","3-Jul-01","USA","South Carolina","Isle of Palms, Charleston County","32.7867697","-79.7880359","unreviewed location-only geocode cache match","2001.07.03; 2001.07.03; 2001.07.03; 2001.07.03; 2001.07.03","AI1SAD local legacy incident file; Global Shark Attack File; N-Enzer SharkAttackAnalysis mirror; Ordovas shark-attack mirror; Ordovas cleaned shark-attack mirror","","",""
"pending","incident:12e3657076a3581a13ee4f45","12e3657076a3581a13ee4f45","2000","16-Sep-00","USA","South Carolina","Isle of Palms, Charleston County","32.7867697","-79.7880359","unreviewed location-only geocode cache match","2000.09.16.a; 2000.09.16.a; 2000.09.16.a; 2000.09.16.a; 2000.09.16.a","AI1SAD local legacy incident file; Global Shark Attack File; N-Enzer SharkAttackAnalysis mirror; Ordovas shark-attack mirror; Ordovas cleaned shark-attack mirror","","",""
"pending","incident:b722a8584fead29d8de1c1eb","b722a8584fead29d8de1c1eb","2013","25-Jun-13","USA","South Carolina","Kiawah Island, Charleston County","32.6082373","-80.0848166","unreviewed location-only geocode cache match","2013.06.25.a; 2013.06.25.a; 2013.06.25.a; 2013.06.25.a; 2013.06.25.a","AI1SAD local legacy incident file; Global Shark Attack File; N-Enzer SharkAttackAnalysis mirror; Ordovas shark-attack mirror; Ordovas cleaned shark-attack mirror","","",""
"pending","incident:c8e13cd3ca06a83649170f3b","c8e13cd3ca06a83649170f3b","2006","12-Jul-06","USA","South Carolina","Kiawah Island, Charleston County","32.6082373","-80.0848166","unreviewed location-only geocode cache match","2006.07.12; 2006.07.12; 2006.07.12; 2006.07.12; 2006.07.12","AI1SAD local legacy incident file; Global Shark Attack File; N-Enzer SharkAttackAnalysis mirror; Ordovas shark-attack mirror; Ordovas cleaned shark-attack mirror","","",""
"pending","incident:6615e1f14f9609f85439395f","6615e1f14f9609f85439395f","2005","7-Jun-05","USA","South Carolina","Kiawah Island, Charleston County","32.6082373","-80.0848166","unreviewed location-only geocode cache match","2005.06.07; 2005.06.07; 2005.06.07; 2005.06.07; 2005.06.07","AI1SAD local legacy incident file; Global Shark Attack File; N-Enzer SharkAttackAnalysis mirror; Ordovas shark-attack mirror; Ordovas cleaned shark-attack mirror","","",""
"pending","incident:e0cf7607fc0232e2ae462786","e0cf7607fc0232e2ae462786","2008","5-Jul-08","USA","South Carolina","Litchfield Beach, Georgetown County","33.4668348","-79.0997632","unreviewed location-only geocode cache match","2008.07.05; 2008.07.05; 2008.07.05; 2008.07.05; 2008.07.05","AI1SAD local legacy incident file; Global Shark Attack File; N-Enzer SharkAttackAnalysis mirror; Ordovas shark-attack mirror; Ordovas cleaned shark-attack mirror","","",""
"pending","incident:118f3e3d3ff7e22fe2cfaf3b","118f3e3d3ff7e22fe2cfaf3b","2015","20-Aug-15","USA","South Carolina","Murrells Inlet, Georgetown County","33.547481","-79.0640058","unreviewed location-only geocode cache match","2015.08.20; 2015.08.20; 2015.08.20; 2015.08.20; 2015.08.20","AI1SAD local legacy incident file; Global Shark Attack File; N-Enzer SharkAttackAnalysis mirror; Ordovas shark-attack mirror; Ordovas cleaned shark-attack mirror","","",""
"pending","incident:516edb0bd7a43a2c96a7632f","516edb0bd7a43a2c96a7632f","2018","02-Jul-2018","USA","South Carolina","Myrtle Beach","33.6956461","-78.8900409","unreviewed location-only geocode cache match","2018.07.02","Global Shark Attack File","","",""
"pending","incident:2a3c054ad821086a075c461a","2a3c054ad821086a075c461a","2010","19-Jul-10","USA","South Carolina","Myrtle Beach","33.6956461","-78.8900409","unreviewed location-only geocode cache match","2010.07.19; 2010.07.19; 2010.07.19; 2010.07.19; 2010.07.19","AI1SAD local legacy incident file; Global Shark Attack File; N-Enzer SharkAttackAnalysis mirror; Ordovas shark-attack mirror; Ordovas cleaned shark-attack mirror","","",""
"pending","incident:6b1781095fcb63356e803fa6","6b1781095fcb63356e803fa6","2023","18 Sep-2023","USA","South Carolina","Myrtle Beach, Horry County","33.6956461","-78.8900409","unreviewed location-only geocode cache match","","Global Shark Attack File","","",""
"pending","incident:6c39bf5e30cdac5532c5be3a","6c39bf5e30cdac5532c5be3a","2022","21-Jun-2022","USA","South Carolina","Myrtle Beach, Horry County","33.6956461","-78.8900409","unreviewed location-only geocode cache match","2022.06.21","Global Shark Attack File","","",""
"pending","incident:5f87f03d06a0cd5c233d1b47","5f87f03d06a0cd5c233d1b47","2022","15-Aug-2022","USA","South Carolina","Myrtle Beach, Horry County","33.6956461","-78.8900409","unreviewed location-only geocode cache match","2022.08.15.c","Global Shark Attack File","","",""
"pending","incident:6c36e73117db09468a336c0c","6c36e73117db09468a336c0c","2022","15-Aug-2022","USA","South Carolina","Myrtle Beach, Horry County","33.6956461","-78.8900409","unreviewed location-only geocode cache match","2022.08.15.b","Global Shark Attack File","","",""
"pending","incident:9a453d54f6ac35db47f99d38","9a453d54f6ac35db47f99d38","2020","19-Aug-2020","USA","South Carolina","Myrtle Beach, Horry County","33.6956461","-78.8900409","unreviewed location-only geocode cache match","2020.08.19","Global Shark Attack File","","",""
"pending","incident:1a10fa9c3ea304d54c1568ba","1a10fa9c3ea304d54c1568ba","2015","3-Sep-15","USA","South Carolina","Myrtle Beach, Horry County","33.6956461","-78.8900409","unreviewed location-only geocode cache match","2015.09.03; 2015.09.03; 2015.09.03; 2015.09.03; 2015.09.03","AI1SAD local legacy incident file; Global Shark Attack File; N-Enzer SharkAttackAnalysis mirror; Ordovas shark-attack mirror; Ordovas cleaned shark-attack mirror","","",""
"pending","incident:88ef611d1375eeeeeb807602","88ef611d1375eeeeeb807602","2013","Reported 14-Jun-2013","USA","South Carolina","Myrtle Beach, Horry County","33.6956461","-78.8900409","unreviewed location-only geocode cache match","2013.06.14.R; 2013.06.14.R; 2013.06.14.R; 2013.06.14.R; 2013.06.14.R","AI1SAD local legacy incident file; Global Shark Attack File; N-Enzer SharkAttackAnalysis mirror; Ordovas shark-attack mirror; Ordovas cleaned shark-attack mirror","","",""
"pending","incident:1ecb022658c75eea3ad3402e","1ecb022658c75eea3ad3402e","2012","2-Jun-12","USA","South Carolina","Myrtle Beach, Horry County","33.6956461","-78.8900409","unreviewed location-only geocode cache match","2012.06.02.a; 2012.06.02.a; 2012.06.02.a; 2012.06.02.a; 2012.06.02.a","AI1SAD local legacy incident file; Global Shark Attack File; N-Enzer SharkAttackAnalysis mirror; Ordovas shark-attack mirror; Ordovas cleaned shark-attack mirror","","",""
"pending","incident:d4efe270cadf5b6712be28e0","d4efe270cadf5b6712be28e0","2012","14-Jun-12","USA","South Carolina","Myrtle Beach, Horry County","33.6956461","-78.8900409","unreviewed location-only geocode cache match","2012.06.14.d; 2012.06.14.c; 2012.06.14.b; 2012.06.14.a; 2012.06.14.d; 2012.06.14.c; 2012.06.14.b; 2012.06.14.a; 2012.06.14.d; 2012.06.14.c; 2012.06.14.b; 2012.06.14.a; 2012.06.14.d; 2012.06.14.c; 2012.06.14.b; 2012.06.14.a; 2012.06.14.d; 2012.06.14.b; 2012.06.14.a","AI1SAD local legacy incident file; AI1SAD local legacy incident file; AI1SAD local legacy incident file; AI1SAD local legacy incident file; Global Shark Attack File; Global Shark Attack File; Global Shark Attack File; Global Shark Attack File; N-Enzer SharkAttackAnalysis mirror; N-Enzer SharkAttackAnalysis mirror; N-Enzer SharkAttackAnalysis mirror; N-Enzer SharkAttackAnalysis mirror; Ordovas shark-attack mirror; Ordovas shark-attack mirror; Ordovas shark-attack mirror; Ordovas shark-attack mirror; Ordovas cleaned shark-attack mirror; Ordovas cleaned shark-attack mirror; Ordovas cleaned shark-attack mirror","","",""
"pending","incident:f8487b13ed1a5680b76f9c99","f8487b13ed1a5680b76f9c99","2005","20-Sep-05","USA","South Carolina","Myrtle Beach, Horry County","33.6956461","-78.8900409","unreviewed location-only geocode cache match","2005.09.20; 2005.09.20; 2005.09.20; 2005.09.20; 2005.09.20","AI1SAD local legacy incident file; Global Shark Attack File; N-Enzer SharkAttackAnalysis mirror; Ordovas shark-attack mirror; Ordovas cleaned shark-attack mirror","","",""
"pending","incident:30f2e61f694433be67641307","30f2e61f694433be67641307","2002","26-Jul-02","USA","South Carolina","Myrtle Beach, Horry County","33.6956461","-78.8900409","unreviewed location-only geocode cache match","2002.07.26; 2002.07.26; 2002.07.26; 2002.07.26; 2002.07.26","AI1SAD local legacy incident file; Global Shark Attack File; N-Enzer SharkAttackAnalysis mirror; Ordovas shark-attack mirror; Ordovas cleaned shark-attack mirror","","",""
"pending","incident:a3c9e2f3983f62354fd007c4","a3c9e2f3983f62354fd007c4","2001","26-Jul-01","USA","South Carolina","Myrtle Beach, Horry County","33.6956461","-78.8900409","unreviewed location-only geocode cache match","2001.07.26; 2001.07.26; 2001.07.26; 2001.07.26; 2001.07.26","AI1SAD local legacy incident file; Global Shark Attack File; N-Enzer SharkAttackAnalysis mirror; Ordovas shark-attack mirror; Ordovas cleaned shark-attack mirror","","",""
"pending","incident:f2e6bea1f181b590ecfb546d","f2e6bea1f181b590ecfb546d","2016","15-Jul-16","USA","South Carolina","North Myrtle Beach, Horry County","33.8278405","-78.6800323","unreviewed location-only geocode cache match","2016.07.15.a; 2016.07.15.a; 2016.07.15.a; 2016.07.15.a; 2016.07.15.a","AI1SAD local legacy incident file; Global Shark Attack File; N-Enzer SharkAttackAnalysis mirror; Ordovas shark-attack mirror; Ordovas cleaned shark-attack mirror","","",""
"pending","incident:f32f4ad607b8b5a820824ec3","f32f4ad607b8b5a820824ec3","2016","21-Jun-16","USA","South Carolina","North Myrtle Beach, Horry County","33.8278405","-78.6800323","unreviewed location-only geocode cache match","2016.06.21.b; 2016.06.21.b; 2016.06.21.b; 2016.06.21.b; 2016.06.21.b","AI1SAD local legacy incident file; Global Shark Attack File; N-Enzer SharkAttackAnalysis mirror; Ordovas shark-attack mirror; Ordovas cleaned shark-attack mirror","","",""
"pending","incident:eb813ba95427499724bba5cb","eb813ba95427499724bba5cb","2011","24-Sep-11","USA","South Carolina","North Myrtle Beach, Horry County","33.8278405","-78.6800323","unreviewed location-only geocode cache match","2011.09.24.a; 2011.09.24.a; 2011.09.24.a; 2011.09.24.a; 2011.09.24.a","AI1SAD local legacy incident file; Global Shark Attack File; N-Enzer SharkAttackAnalysis mirror; Ordovas shark-attack mirror; Ordovas cleaned shark-attack mirror","","",""
"pending","incident:870f16ac0a920370aeddf6b4","870f16ac0a920370aeddf6b4","2015","23-Jun-15","USA","South Carolina","St. Helena Island, Beaufort County","32.3868607","-80.5606622","unreviewed location-only geocode cache match","2015.06.23; 2015.06.23; 2015.06.23; 2015.06.23; 2015.06.23","AI1SAD local legacy incident file; Global Shark Attack File; N-Enzer SharkAttackAnalysis mirror; Ordovas shark-attack mirror; Ordovas cleaned shark-attack mirror","","",""
"pending","incident:be47e78ae1d48531c992bbf5","be47e78ae1d48531c992bbf5","2013","8-Sep-13","USA","South Carolina","St. Helena Island, Beaufort County","32.3868607","-80.5606622","unreviewed location-only geocode cache match","2013.09.08; 2013.09.08; 2013.09.08; 2013.09.08; 2013.09.08","AI1SAD local legacy incident file; Global Shark Attack File; N-Enzer SharkAttackAnalysis mirror; Ordovas shark-attack mirror; Ordovas cleaned shark-attack mirror","","",""
"pending","incident:ad95e0df71ff455bef11c6e9","ad95e0df71ff455bef11c6e9","2016","27-Jun-16","USA","South Carolina","Sullivan's Island","32.770151","-79.8313355","unreviewed location-only geocode cache match","2016.06.27; 2016.06.27; 2016.06.27; 2016.06.27; 2016.06.27","AI1SAD local legacy incident file; Global Shark Attack File; N-Enzer SharkAttackAnalysis mirror; Ordovas shark-attack mirror; Ordovas cleaned shark-attack mirror","","",""
"pending","incident:e4c4210e52109ba7ef9a4e8e","e4c4210e52109ba7ef9a4e8e","2015","15-May-15","USA","South Carolina","Sullivan's Island","32.770151","-79.8313355","unreviewed location-only geocode cache match","2015.05.15; 2015.05.15; 2015.05.15; 2015.05.15; 2015.05.15","AI1SAD local legacy incident file; Global Shark Attack File; N-Enzer SharkAttackAnalysis mirror; Ordovas shark-attack mirror; Ordovas cleaned shark-attack mirror","","",""
"pending","incident:5369da460272fcc8b04be9e6","5369da460272fcc8b04be9e6","2007","4-Sep-07","USA","South Carolina","Sullivan's Island","32.770151","-79.8313355","unreviewed location-only geocode cache match","2007.09.04; 2007.09.04; 2007.09.04; 2007.09.04; 2007.09.04","AI1SAD local legacy incident file; Global Shark Attack File; N-Enzer SharkAttackAnalysis mirror; Ordovas shark-attack mirror; Ordovas cleaned shark-attack mirror","","",""
"pending","incident:69c95fd60782dade520fde73","69c95fd60782dade520fde73","2014","27-Aug-14","USA","South Carolina","Surfside Beach, Horry County","33.6060031","-78.9730887","unreviewed location-only geocode cache match","2014.08.27.a; 2014.08.27.a; 2014.08.27.a; 2014.08.27.a; 2014.08.27.a","AI1SAD local legacy incident file; Global Shark Attack File; N-Enzer SharkAttackAnalysis mirror; Ordovas shark-attack mirror; Ordovas cleaned shark-attack mirror","","",""
"pending","incident:bad97c37ca9440beea0b000d","bad97c37ca9440beea0b000d","2004","25-Jul-04","USA","Texas","Bryan Beach, Brazoria County","28.8833061","-95.3785523","unreviewed location-only geocode cache match","2004.07.25; 2004.07.25; 2004.07.25; 2004.07.25; 2004.07.25","AI1SAD local legacy incident file; Global Shark Attack File; N-Enzer SharkAttackAnalysis mirror; Ordovas shark-attack mirror; Ordovas cleaned shark-attack mirror","","",""
"pending","incident:fadd95359f4028e7df72088f","fadd95359f4028e7df72088f","2025","30th August","USA","Texas","Galveston","29.3872254","-94.992736","unreviewed location-only geocode cache match","","Global Shark Attack File","","",""
"pending","incident:d22756506e787be93244321b","d22756506e787be93244321b","2015","5-Oct-15","USA","Texas","Galveston","29.3872254","-94.992736","unreviewed location-only geocode cache match","2015.10.05.a; 2015.10.05.a; 2015.10.05.a; 2015.10.05.a; 2015.10.05.a","AI1SAD local legacy incident file; Global Shark Attack File; N-Enzer SharkAttackAnalysis mirror; Ordovas shark-attack mirror; Ordovas cleaned shark-attack mirror","","",""
"pending","incident:0b6296186776d73ff099d7f4","0b6296186776d73ff099d7f4","2010","16-Jul-10","USA","Texas","Galveston","29.3872254","-94.992736","unreviewed location-only geocode cache match","2010.07.16.a; 2010.07.16.a; 2010.07.16.a; 2010.07.16.a; 2010.07.16.a","AI1SAD local legacy incident file; Global Shark Attack File; N-Enzer SharkAttackAnalysis mirror; Ordovas shark-attack mirror; Ordovas cleaned shark-attack mirror","","",""
"pending","incident:6ebe5b25aa888293845439d7","6ebe5b25aa888293845439d7","2018","28-Apr-2018","USA","Texas","Galveston Bay","29.5696734","-94.936592","unreviewed location-only geocode cache match","2018.04.28.c","Global Shark Attack File","","",""
"pending","incident:21071b66507baf29e7eb80cd","21071b66507baf29e7eb80cd","2004","27-Jul-04","USA","Texas","Galveston Island","29.2221833","-94.90881","unreviewed location-only geocode cache match","2004.07.27.a; 2004.07.27.a; 2004.07.27.a; 2004.07.27.a; 2004.07.27.a","AI1SAD local legacy incident file; Global Shark Attack File; N-Enzer SharkAttackAnalysis mirror; Ordovas shark-attack mirror; Ordovas cleaned shark-attack mirror","","",""
"pending","incident:d82903920844c645d1ea7963","d82903920844c645d1ea7963","2001","29-May-01","USA","Texas","Galveston Island","29.2221833","-94.90881","unreviewed location-only geocode cache match","2001.05.29; 2001.05.29; 2001.05.29; 2001.05.29; 2001.05.29","AI1SAD local legacy incident file; Global Shark Attack File; N-Enzer SharkAttackAnalysis mirror; Ordovas shark-attack mirror; Ordovas cleaned shark-attack mirror","","",""
"pending","incident:62ebaa20048f9edc948484ae","62ebaa20048f9edc948484ae","2011","28-Aug-11","USA","Texas","Grass Island, Aransas County","28.0514053","-97.1538796","unreviewed location-only geocode cache match","2011.08.28.a; 2011.08.28.a; 2011.08.28.a; 2011.08.28.a; 2011.08.28.a","AI1SAD local legacy incident file; Global Shark Attack File; N-Enzer SharkAttackAnalysis mirror; Ordovas shark-attack mirror; Ordovas cleaned shark-attack mirror","","",""
"pending","incident:7f39dafb084fe59dcdf217b6","7f39dafb084fe59dcdf217b6","2006","7-Oct-06","USA","Texas","Isla Blanca Park, South Padre Island","26.0713946","-97.1586918","unreviewed location-only geocode cache match","2006.10.07; 2006.10.07; 2006.10.07; 2006.10.07; 2006.10.07","AI1SAD local legacy incident file; Global Shark Attack File; N-Enzer SharkAttackAnalysis mirror; Ordovas shark-attack mirror; Ordovas cleaned shark-attack mirror","","",""
"pending","incident:46354eb72a039121e9496388","46354eb72a039121e9496388","2005","7-Apr-05","USA","Texas","Isla Blanca Park, South Padre Island","26.0713946","-97.1586918","unreviewed location-only geocode cache match","2005.04.07; 2005.04.07; 2005.04.07; 2005.04.07; 2005.04.07","AI1SAD local legacy incident file; Global Shark Attack File; N-Enzer SharkAttackAnalysis mirror; Ordovas shark-attack mirror; Ordovas cleaned shark-attack mirror","","",""
"pending","incident:1993e071736d1c9459e55132","1993e071736d1c9459e55132","2011","Reported 29-Mar-2011","USA","Texas","Matagorda Beach","28.6118222","-95.9400871","unreviewed location-only geocode cache match","2011.03.29.R; 2011.03.29.R; 2011.03.29.R; 2011.03.29.R; 2011.03.29.R","AI1SAD local legacy incident file; Global Shark Attack File; N-Enzer SharkAttackAnalysis mirror; Ordovas shark-attack mirror; Ordovas cleaned shark-attack mirror","","",""
"pending","incident:8ee424e1dbbbb8c1aaaa358c","8ee424e1dbbbb8c1aaaa358c","2005","2-Jun-05","USA","Texas","Mustang Island, Corpus Christi","27.739476","-97.1316551","unreviewed location-only geocode cache match","2005.06.02; 2005.06.02; 2005.06.02; 2005.06.02; 2005.06.02","AI1SAD local legacy incident file; Global Shark Attack File; N-Enzer SharkAttackAnalysis mirror; Ordovas shark-attack mirror; Ordovas cleaned shark-attack mirror","","",""
"pending","incident:70a810b234cc9a499cf9c6e5","70a810b234cc9a499cf9c6e5","2000","7-Jul-00","USA","Texas","Mustang Island, Corpus Christi","27.739476","-97.1316551","unreviewed location-only geocode cache match","2000.07.07; 2000.07.07; 2000.07.07; 2000.07.07; 2000.07.07","AI1SAD local legacy incident file; Global Shark Attack File; N-Enzer SharkAttackAnalysis mirror; Ordovas shark-attack mirror; Ordovas cleaned shark-attack mirror","","",""
"pending","incident:60b56c5759de23087e819987","60b56c5759de23087e819987","2011","7-Jul-11","USA","Texas","Mustang Island, Nueces County","27.739476","-97.1316551","unreviewed location-only geocode cache match","2011.07.07.a; 2011.07.07.a; 2011.07.07.a; 2011.07.07.a; 2011.07.07.a","AI1SAD local legacy incident file; Global Shark Attack File; N-Enzer SharkAttackAnalysis mirror; Ordovas shark-attack mirror; Ordovas cleaned shark-attack mirror","","",""
"pending","incident:ac77744bb8b43f62ef17a8b9","ac77744bb8b43f62ef17a8b9","2001","12-Jun-01","USA","Texas","Padre Island National Seashore","27.045536","-97.3978908","unreviewed location-only geocode cache match","2001.06.12; 2001.06.12; 2001.06.12; 2001.06.12; 2001.06.12","AI1SAD local legacy incident file; Global Shark Attack File; N-Enzer SharkAttackAnalysis mirror; Ordovas shark-attack mirror; Ordovas cleaned shark-attack mirror","","",""
"pending","incident:f810eb0e261c6a70e8e59a00","f810eb0e261c6a70e8e59a00","2016","14-Jun-16","USA","Texas","Pirates Beach, Galveston","29.2013987","-94.9380989","unreviewed location-only geocode cache match","2016.06.14; 2016.06.14; 2016.06.14; 2016.06.14; 2016.06.14","AI1SAD local legacy incident file; Global Shark Attack File; N-Enzer SharkAttackAnalysis mirror; Ordovas shark-attack mirror; Ordovas cleaned shark-attack mirror","","",""
"pending","incident:13f60ebb65c38d56f971c7c0","13f60ebb65c38d56f971c7c0","2005","13-Jul-05","USA","Texas","Port Bolivar, Galveston County","29.3799791","-94.7645679","unreviewed location-only geocode cache match","2005.07.13; 2005.07.13; 2005.07.13; 2005.07.13; 2005.07.13","AI1SAD local legacy incident file; Global Shark Attack File; N-Enzer SharkAttackAnalysis mirror; Ordovas shark-attack mirror; Ordovas cleaned shark-attack mirror","","",""
"pending","incident:ad24ce0bd326c27d21a06e00","ad24ce0bd326c27d21a06e00","2026","2024-07-04 00:00:00","USA","Texas","South Padre Island","26.1036887","-97.1646938","unreviewed location-only geocode cache match","","Global Shark Attack File","","",""
"pending","incident:ca1d9c4281bb293c014435b3","ca1d9c4281bb293c014435b3","2025","2024-07-04 00:00:00","USA","Texas","South Padre Island","26.1036887","-97.1646938","unreviewed location-only geocode cache match","","Global Shark Attack File","","",""
"pending","incident:4afefd68d86e56601b8e2c69","4afefd68d86e56601b8e2c69","2024","2024-07-04 00:00:00","USA","Texas","South Padre Island","26.1036887","-97.1646938","unreviewed location-only geocode cache match","","Global Shark Attack File","","",""
"pending","incident:43eae394f603135219dd9be8","43eae394f603135219dd9be8","2009","24-Jul-09","USA","Texas","South Padre Island","26.1036887","-97.1646938","unreviewed location-only geocode cache match","2009.07.24.b; 2009.07.24.b; 2009.07.24.b; 2009.07.24.b; 2009.07.24.b","AI1SAD local legacy incident file; Global Shark Attack File; N-Enzer SharkAttackAnalysis mirror; Ordovas shark-attack mirror; Ordovas cleaned shark-attack mirror","","",""
"pending","incident:6144875a33b1ac019dfaf429","6144875a33b1ac019dfaf429","2017","2-Sep-17","USA","Texas","South Padre Island, Cameron County","26.1036887","-97.1646938","unreviewed location-only geocode cache match","2017.09.02.b; 2017.09.02.b; 2017.09.02.b; 2017.09.02.b; 2017.09.02.b","AI1SAD local legacy incident file; Global Shark Attack File; N-Enzer SharkAttackAnalysis mirror; Ordovas shark-attack mirror; Ordovas cleaned shark-attack mirror","","",""
"pending","incident:be128d9ac827546f3730a693","be128d9ac827546f3730a693","2011","13-Jul-11","USA","Texas","South Padre Island, Cameron County","26.1036887","-97.1646938","unreviewed location-only geocode cache match","2011.07.13.b; 2011.07.13.b; 2011.07.13.b; 2011.07.13.b; 2011.07.13.b","AI1SAD local legacy incident file; Global Shark Attack File; N-Enzer SharkAttackAnalysis mirror; Ordovas shark-attack mirror; Ordovas cleaned shark-attack mirror","","",""
"pending","incident:dee0d7c32eedc018c246cd2b","dee0d7c32eedc018c246cd2b","2013","17-Jun-13","USA","Texas","Surfside Beach, Brazoria County","28.950706","-95.2874288","unreviewed location-only geocode cache match","2013.06.17; 2013.06.17; 2013.06.17; 2013.06.17; 2013.06.17","AI1SAD local legacy incident file; Global Shark Attack File; N-Enzer SharkAttackAnalysis mirror; Ordovas shark-attack mirror; Ordovas cleaned shark-attack mirror","","",""
"pending","incident:1dd6996f76b4dcc4fb5ad41f","1dd6996f76b4dcc4fb5ad41f","2014","7-Jun-14","USA","Texas","West Beach, Galveston","29.1578731","-95.0110478","unreviewed location-only geocode cache match","2014.06.07; 2014.06.07; 2014.06.07; 2014.06.07; 2014.06.07","AI1SAD local legacy incident file; Global Shark Attack File; N-Enzer SharkAttackAnalysis mirror; Ordovas shark-attack mirror; Ordovas cleaned shark-attack mirror","","",""
"pending","incident:90e13ff5d347834a9e2093ce","90e13ff5d347834a9e2093ce","2008","16-Aug-08","USA","US Virgin Islands","Buck Island","18.4256274","-64.5589922","unreviewed location-only geocode cache match","2008.08.16; 2008.08.16; 2008.08.16; 2008.08.16; 2008.08.16","AI1SAD local legacy incident file; Global Shark Attack File; N-Enzer SharkAttackAnalysis mirror; Ordovas shark-attack mirror; Ordovas cleaned shark-attack mirror","","",""
"pending","incident:sharks_happen:0079",,"2018","2018-10-11","USA","Velusa Cty, Fl","Bethune Beach","28.9491539","-80.83783","unreviewed location-only geocode cache match","sharks_happen:0079","Hal / Sharks Happen Stats","","",""
"pending","incident:66453aac684f86806f1e6de9","66453aac684f86806f1e6de9","2010","24-Sep-10","USA","Virginia","Sandridge Beach","-37.8409176","144.9149601","unreviewed location-only geocode cache match","2010.09.24; 2010.09.24; 2010.09.24; 2010.09.24; 2010.09.24","AI1SAD local legacy incident file; Global Shark Attack File; N-Enzer SharkAttackAnalysis mirror; Ordovas shark-attack mirror; Ordovas cleaned shark-attack mirror","","",""
"pending","incident:f59d24f40f9876b07937a0ff","f59d24f40f9876b07937a0ff","2004","11-Nov-04","VANUATU","Malampa Province","Malakula (Malakula Island)","-16.2343919","167.4991724","unreviewed location-only geocode cache match","2004.11.11.a; 2004.11.11.a; 2004.11.11.a; 2004.11.11.a; 2004.11.11.a","AI1SAD local legacy incident file; Global Shark Attack File; N-Enzer SharkAttackAnalysis mirror; Ordovas shark-attack mirror; Ordovas cleaned shark-attack mirror","","",""
"pending","incident:c8f2c6c07b12a769748f20dd","c8f2c6c07b12a769748f20dd","2005","25-Mar-05","VENEZUELA",,"Punta Caracas","10.3748896","-64.4586432","unreviewed location-only geocode cache match","2005.03.25; 2005.03.25; 2005.03.25; 2005.03.25; 2005.03.25","AI1SAD local legacy incident file; Global Shark Attack File; N-Enzer SharkAttackAnalysis mirror; Ordovas shark-attack mirror; Ordovas cleaned shark-attack mirror","","",""
"pending","incident:bc658b8ce90e0fef5c349292","bc658b8ce90e0fef5c349292","2010","15-Jun-10","VIETNAM","Binh Dinh Province","Quy Nhon","13.7696121","109.2313768","unreviewed location-only geocode cache match","2010.06.15; 2010.06.15; 2010.06.15; 2010.06.15; 2010.06.15","AI1SAD local legacy incident file; Global Shark Attack File; N-Enzer SharkAttackAnalysis mirror; Ordovas shark-attack mirror; Ordovas cleaned shark-attack mirror","","",""
"pending","incident:475fb1cb8ca4427571dabd72","475fb1cb8ca4427571dabd72","2010","18-May-10","VIETNAM","Binh Dinh Province","Quy Nhon","13.7696121","109.2313768","unreviewed location-only geocode cache match","2010.05.18.b; 2010.05.18.b; 2010.05.18.b; 2010.05.18.b; 2010.05.18.b","AI1SAD local legacy incident file; Global Shark Attack File; N-Enzer SharkAttackAnalysis mirror; Ordovas shark-attack mirror; Ordovas cleaned shark-attack mirror","","",""
"pending","incident:388cf32061d1529732dddaaa","388cf32061d1529732dddaaa","2010","9-Jan-10","VIETNAM","Binh Dinh Province","Quy Nhon","13.7696121","109.2313768","unreviewed location-only geocode cache match","2010.01.09.c; 2010.01.09.b; 2010.01.09.c; 2010.01.09.b; 2010.01.09.c; 2010.01.09.b; 2010.01.09.c; 2010.01.09.b; 2010.01.09.c; 2010.01.09.b","AI1SAD local legacy incident file; AI1SAD local legacy incident file; Global Shark Attack File; Global Shark Attack File; N-Enzer SharkAttackAnalysis mirror; N-Enzer SharkAttackAnalysis mirror; Ordovas shark-attack mirror; Ordovas shark-attack mirror; Ordovas cleaned shark-attack mirror; Ordovas cleaned shark-attack mirror","","",""
"pending","incident:36c35479dba8002dc71bdc3b","36c35479dba8002dc71bdc3b","2010","9-Jan-10","VIETNAM","Binh Dinh Province","Quy Nhon","13.7696121","109.2313768","unreviewed location-only geocode cache match","2010.01.09.a; 2010.01.09.a; 2010.01.09.a; 2010.01.09.a; 2010.01.09.a","AI1SAD local legacy incident file; Global Shark Attack File; N-Enzer SharkAttackAnalysis mirror; Ordovas shark-attack mirror; Ordovas cleaned shark-attack mirror","","",""
"pending","incident:32de6cbe89d785fd1810ebcd","32de6cbe89d785fd1810ebcd","2010","18-May-10","VIETNAM","Binh Dinh Province","Quy Nhon","13.7696121","109.2313768","unreviewed location-only geocode cache match","2010.05.18.c; 2010.05.18.c; 2010.05.18.c; 2010.05.18.c; 2010.05.18.c","AI1SAD local legacy incident file; Global Shark Attack File; N-Enzer SharkAttackAnalysis mirror; Ordovas shark-attack mirror; Ordovas cleaned shark-attack mirror","","",""
"pending","incident:ecc07b4c626964223eb551f7","ecc07b4c626964223eb551f7","2009","18-Jul-09","VIETNAM","Binh Dinh Province","Quy Nhon","13.7696121","109.2313768","unreviewed location-only geocode cache match","2009.07.18; 2009.07.18; 2009.07.18; 2009.07.18; 2009.07.18","AI1SAD local legacy incident file; Global Shark Attack File; N-Enzer SharkAttackAnalysis mirror; Ordovas shark-attack mirror; Ordovas cleaned shark-attack mirror","","",""
"pending","incident:e4f4a52ce885e1123a41eda7","e4f4a52ce885e1123a41eda7","2009","29-Jul-09","VIETNAM","Binh Dinh Province","Quy Nhon","13.7696121","109.2313768","unreviewed location-only geocode cache match","2009.07.29; 2009.07.29; 2009.07.29; 2009.07.29; 2009.07.29","AI1SAD local legacy incident file; Global Shark Attack File; N-Enzer SharkAttackAnalysis mirror; Ordovas shark-attack mirror; Ordovas cleaned shark-attack mirror","","",""
"pending","incident:sharks_happen:0610",,"2014","2014-05-23","WALLIS AND FUTUNA",,"Wallis Island","-13.2846405","-176.2066568","unreviewed location-only geocode cache match","sharks_happen:0610","Hal / Sharks Happen Stats","","",""
