query_id,address,location,region,country,incident_count
16ce9da49c2381fa,"New Smyrna Beach, Volusia County, Florida, USA","New Smyrna Beach, Volusia County",Florida,USA,864
f392fa8b5c8afcf4,"Daytona Beach, Volusia County, Florida, USA","Daytona Beach, Volusia County",Florida,USA,171
5cf57532aa8ca944,"Cocoa Beach, Brevard County, Florida, USA","Cocoa Beach, Brevard County",Florida,USA,128
cfd0363a4c97f8e6,"Ponce Inlet, Volusia County, Florida, USA","Ponce Inlet, Volusia County",Florida,USA,108
d2fc05e716be35a5,"Melbourne Beach, Brevard County, Florida, USA","Melbourne Beach, Brevard County",Florida,USA,92
ec04ee37020cf64f,"Isle of Palms, Charleston County, South Carolina, USA","Isle of Palms, Charleston County",South Carolina,USA,82
8bb0dbadd5d5b90e,"Myrtle Beach, Horry County, South Carolina, USA","Myrtle Beach, Horry County",South Carolina,USA,80
86f7e2c6e34e2dbe,"Boa Viagem, Recife, Pernambuco, BRAZIL","Boa Viagem, Recife",Pernambuco,BRAZIL,70
956b499e2a153594,"Ponce Inlet, New Smyrna Beach, Florida, USA","Ponce Inlet, New Smyrna Beach",Florida,USA,65
1094549b1b3c7aa3,"Piedade, Pernambuco, BRAZIL",Piedade,Pernambuco,BRAZIL,62
e62caceb16e17617,"Mossel Bay, Western Cape Province, SOUTH AFRICA",Mossel Bay,Western Cape Province,SOUTH AFRICA,55
7cc143301b099362,"Ormond Beach, Volusia County, Florida, USA","Ormond Beach, Volusia County",Florida,USA,55
0bd3d5790e861b1a,"Singer Island, Riviera Beach, Florida, USA","Singer Island, Riviera Beach",Florida,USA,55
f9450ea5da6b5c95,"Jensen Beach, Martin County, Florida, USA","Jensen Beach, Martin County",Florida,USA,52
28f7a3b75c4f4d57,"Boa Viagem Beach, Recife, Pernambuco, BRAZIL","Boa Viagem Beach, Recife",Pernambuco,BRAZIL,50
42c081583f71d606,"Xai Xai, Gaza, MOZAMBIQUE",Xai Xai,Gaza,MOZAMBIQUE,50
d1e1e1ccd6382f15,"Nahoon, Eastern Cape Province, SOUTH AFRICA",Nahoon,Eastern Cape Province,SOUTH AFRICA,50
9177426b5f796e75,"Palm Beach, Palm Beach County, Florida, USA","Palm Beach, Palm Beach County",Florida,USA,50
ee33bd02a3d4263b,"Juno Beach, Palm Beach County, Florida, USA","Juno Beach, Palm Beach County",Florida,USA,48
33abdcebe838bb87,"Florida Keys, Monroe County, Florida, USA","Florida Keys, Monroe County",Florida,USA,46
182fa4f4137b2754,"Thursday Island, Torres Strait, AUSTRALIA",Thursday Island,Torres Strait,AUSTRALIA,45
38ee9670ce3fc689,"Jacksonville Beach, Duval County, Florida, USA","Jacksonville Beach, Duval County",Florida,USA,44
0824158b2dc7a798,"Vero Beach, Indian River County, Florida, USA","Vero Beach, Indian River County",Florida,USA,42
3606cdec5416e853,"North Beach, Durban, KwaZulu-Natal, SOUTH AFRICA","North Beach, Durban",KwaZulu-Natal,SOUTH AFRICA,41
b4036484a2f0037a,"Near Thursday Island, Torres Strait, AUSTRALIA",Near Thursday Island,Torres Strait,AUSTRALIA,40
683f9e1d9bfffd4e,"Ahvaz, on the Karun River, Khuzestan Province, IRAN","Ahvaz, on the Karun River",Khuzestan Province,IRAN,40
fd4d6655fa9ff840,"Nahoon, East London, Eastern Cape Province, SOUTH AFRICA","Nahoon, East London",Eastern Cape Province,SOUTH AFRICA,40
a668e7cf85ba3a84,"Country Club Beach, Durban, KwaZulu-Natal, SOUTH AFRICA","Country Club Beach, Durban",KwaZulu-Natal,SOUTH AFRICA,40
3e1086dd8451a7ae,"Sanibel Island, Lee County, Florida, USA","Sanibel Island, Lee County",Florida,USA,40
2837d44225f09141,"Quy Nhon, Binh Dinh Province, VIETNAM",Quy Nhon,Binh Dinh Province,VIETNAM,40
637763b27b5df24e,"Florida Keys, Florida, USA",Florida Keys,Florida,USA,37
fe55af3f2754c1f9,"Ross River, Townsville, Queensland, AUSTRALIA","Ross River, Townsville",Queensland,AUSTRALIA,35
96df84b3650e2162,"False Bay, Western Cape Province, SOUTH AFRICA",False Bay,Western Cape Province,SOUTH AFRICA,35
00e2e1be2c30494a,"Plettenberg Bay, Western Cape Province, SOUTH AFRICA",Plettenberg Bay,Western Cape Province,SOUTH AFRICA,35
488d2c1c5ee1635c,"Daytona Beach Shores, Volusia County, Florida, USA","Daytona Beach Shores, Volusia County",Florida,USA,33
f48f5bb25ef33664,"Folly Beach, Charleston County, South Carolina, USA","Folly Beach, Charleston County",South Carolina,USA,32
395347fa27b34755,"Coogee, New South Wales, AUSTRALIA",Coogee,New South Wales,AUSTRALIA,31
b3904b5396bb6465,"Amanzimtoti, KwaZulu-Natal, SOUTH AFRICA",Amanzimtoti,KwaZulu-Natal,SOUTH AFRICA,31
300814762cb86677,"Gulf Shores, Baldwin County, Alabama, USA","Gulf Shores, Baldwin County",Alabama,USA,31
003b3d5efa7ed10e,"Byron Bay, New South Wales, AUSTRALIA",Byron Bay,New South Wales,AUSTRALIA,30
3ab21a08a2e171aa,"Sydney, New South Wales, AUSTRALIA",Sydney,New South Wales,AUSTRALIA,30
54ed0661007346ab,"Wollongong, New South Wales, AUSTRALIA",Wollongong,New South Wales,AUSTRALIA,30
840d016b2442f2dc,"Port Alfred, Eastern Cape Province, SOUTH AFRICA",Port Alfred,Eastern Cape Province,SOUTH AFRICA,30
29943a5ebc45ce44,"South Beach, Durban, KwaZulu-Natal, SOUTH AFRICA","South Beach, Durban",KwaZulu-Natal,SOUTH AFRICA,30
b55c311ae8a18e1a,"Jacksonville, Duval County, Florida, USA","Jacksonville, Duval County",Florida,USA,30
30b142066cfb1782,"Jupiter, Palm Beach County, Florida, USA","Jupiter, Palm Beach County",Florida,USA,30
e5d15b4b570d03f2,"Riviera Beach, Palm Beach County, Florida, USA","Riviera Beach, Palm Beach County",Florida,USA,30
b18ee70cee8ff83e,"Marathon, Monroe County, Florida, USA","Marathon, Monroe County",Florida,USA,27
a6cd1c818acb7d23,"Great Barrier Reef, Queensland, AUSTRALIA",Great Barrier Reef,Queensland,AUSTRALIA,26
aded34116ae3e1ba,"East London, Eastern Cape Province, SOUTH AFRICA",East London,Eastern Cape Province,SOUTH AFRICA,26
4764289b39626a20,"Panama City, Bay County, Florida, USA","Panama City, Bay County",Florida,USA,26
aba9e64566e3c0b9,"Playalinda Beach, Brevard County, Florida, USA","Playalinda Beach, Brevard County",Florida,USA,26
61192d7b929d918a,"Bondi, New South Wales, AUSTRALIA",Bondi,New South Wales,AUSTRALIA,25
e9c23a590d99afa8,"Brisbane, Queensland, AUSTRALIA",Brisbane,Queensland,AUSTRALIA,25
26ca6fdbaa7369f2,"Brisbane River, Queensland, AUSTRALIA",Brisbane River,Queensland,AUSTRALIA,25
7c98d3d8e8a8778d,"Townsville, Queensland, AUSTRALIA",Townsville,Queensland,AUSTRALIA,25
5bb65b0803df8ad4,"Bunbury, Western Australia, AUSTRALIA",Bunbury,Western Australia,AUSTRALIA,25
6df97ce6ccec32d1,"Oreti Beach, South Island, NEW ZEALAND",Oreti Beach,South Island,NEW ZEALAND,25
8112b26a0ad4ad8c,"Macassar, Western Cape Province, SOUTH AFRICA",Macassar,Western Cape Province,SOUTH AFRICA,25
bcd6957fc0cdb49a,"Muizenberg, Western Cape Province, SOUTH AFRICA",Muizenberg,Western Cape Province,SOUTH AFRICA,25
c6d0edd3fd43cd5c,"La Jolla, San Diego County, California, USA","La Jolla, San Diego County",California,USA,25
579cf69f2b7ec7a4,"Flagler Beach, Flagler County, Florida, USA","Flagler Beach, Flagler County",Florida,USA,25
208df15aa640270d,"Key West, Monroe County, Florida, USA","Key West, Monroe County",Florida,USA,25
735ef71ee61f7784,"New Smyrna Beach, Florida, USA",New Smyrna Beach,Florida,USA,25
f32a310828e39f0c,"Ocean Reef Park, Singer Island, Florida, USA","Ocean Reef Park, Singer Island",Florida,USA,25
b0471aa9f1357737,"Playalinda Beach, Canaveral National Seashore, Florida, USA","Playalinda Beach, Canaveral National Seashore",Florida,USA,25
8a306555851ec840,"Ponce de Leon Inlet, Volusia County, Florida, USA","Ponce de Leon Inlet, Volusia County",Florida,USA,25
b6beab709c207043,"North Topsail Beach, Onslow County, North Carolina, USA","North Topsail Beach, Onslow County",North Carolina,USA,25
e5c6cac6d57f0c1e,"South Padre Island, Texas, USA",South Padre Island,Texas,USA,23
152c107d9877a827,"Darwin, Northern Territory, AUSTRALIA",Darwin,Northern Territory,AUSTRALIA,21
c0c4f7d0bf0228ba,"Streaky Bay, South Australia, AUSTRALIA",Streaky Bay,South Australia,AUSTRALIA,21
eea36b2db0f03f9d,"Rottnest Island, Western Australia, AUSTRALIA",Rottnest Island,Western Australia,AUSTRALIA,21
ce605bb64d3704d2,"Nahoon Beach, East London, Eastern Cape Province, SOUTH AFRICA","Nahoon Beach, East London",Eastern Cape Province,SOUTH AFRICA,21
6ffb9c99e2ffe1a2,"Isipingo, KwaZulu-Natal, SOUTH AFRICA",Isipingo,KwaZulu-Natal,SOUTH AFRICA,21
4e14d5bf6b474344,"San Onofre, San Diego County, California, USA","San Onofre, San Diego County",California,USA,21
3d6b52e98bc64698,"Stuart Beach, Martin County, Florida, USA","Stuart Beach, Martin County",Florida,USA,21
897e4bcc41df15df,"Galveston, Texas, USA",Galveston,Texas,USA,21
dece36be55e67584,"Avoca Beach, New South Wales, AUSTRALIA",Avoca Beach,New South Wales,AUSTRALIA,20
268ffa01c3544d10,"Cronulla, New South Wales, AUSTRALIA",Cronulla,New South Wales,AUSTRALIA,20
15c096daf8bbeff8,"Marineland, Sydney, New South Wales, AUSTRALIA","Marineland, Sydney",New South Wales,AUSTRALIA,20
9d06678e3ad2b248,"Newcastle, New South Wales, AUSTRALIA",Newcastle,New South Wales,AUSTRALIA,20
ed6d82d3b78de2cb,"Stockton Beach, Newcastle, New South Wales, AUSTRALIA","Stockton Beach, Newcastle",New South Wales,AUSTRALIA,20
218ddabe355994a2,"Albany, Western Australia, AUSTRALIA",Albany,Western Australia,AUSTRALIA,20
bb73523c2eaf715c,"Nassau, New Providence Island, BAHAMAS",Nassau,New Providence Island,BAHAMAS,20
abdd36ae826c4f57,"Paiva, Pernambuco, BRAZIL",Paiva,Pernambuco,BRAZIL,20
7e28e4eac32175ae,"Piedade Beach, Recife, Pernambuco, BRAZIL","Piedade Beach, Recife",Pernambuco,BRAZIL,20
5b5b44f88e3be681,"Piedade, Recife, Pernambuco, BRAZIL","Piedade, Recife",Pernambuco,BRAZIL,20
51be53c0bd03e012,"Copacabana Beach, Rio de Janiero, Rio de Janeiro, BRAZIL","Copacabana Beach, Rio de Janiero",Rio de Janeiro,BRAZIL,20
08dd7abaa721b300,"Balian, Bali, INDONESIA",Balian,Bali,INDONESIA,20
538edb48bf391efe,"Kei River Mouth, Eastern Cape Province, SOUTH AFRICA",Kei River Mouth,Eastern Cape Province,SOUTH AFRICA,20
b42378f3d60fbbc9,"Second Beach, Port St. John's, Eastern Cape Province, SOUTH AFRICA","Second Beach, Port St. John's",Eastern Cape Province,SOUTH AFRICA,20
d45a9b2e336929da,"St. Francis Bay, Eastern Cape Province, SOUTH AFRICA",St. Francis Bay,Eastern Cape Province,SOUTH AFRICA,20
355a984ef711a37e,"Battery Beach, Durban, KwaZulu-Natal, SOUTH AFRICA","Battery Beach, Durban",KwaZulu-Natal,SOUTH AFRICA,20
444705dd1c4dc311,"Inyoni Rocks, Amanzimtoti, KwaZulu-Natal, SOUTH AFRICA","Inyoni Rocks, Amanzimtoti",KwaZulu-Natal,SOUTH AFRICA,20
1ee3adbccc0661ac,"Margate, KwaZulu-Natal, SOUTH AFRICA",Margate,KwaZulu-Natal,SOUTH AFRICA,20
27bb78a3a77d29a3,"Scottburgh, KwaZulu-Natal, SOUTH AFRICA",Scottburgh,KwaZulu-Natal,SOUTH AFRICA,20
046f7a3b6270865f,"Winkelspruit, KwaZulu-Natal, SOUTH AFRICA",Winkelspruit,KwaZulu-Natal,SOUTH AFRICA,20
4e5a5e9ef97aeec3,"Arniston, Western Cape Province, SOUTH AFRICA",Arniston,Western Cape Province,SOUTH AFRICA,20
9b7cde536c0ae675,"Hartenbos, Western Cape Province, SOUTH AFRICA",Hartenbos,Western Cape Province,SOUTH AFRICA,20
01596d6926448868,"Moonstone Beach, Humboldt County, California, USA","Moonstone Beach, Humboldt County",California,USA,20
96f88a76f0bbd76e,"San Onofre State Beach, San Diego County, California, USA","San Onofre State Beach, San Diego County",California,USA,20
42a158f78f49073e,"Santa Monica, Los Angeles County, California, USA","Santa Monica, Los Angeles County",California,USA,20
e524a6aa699f1167,"Tomales Point, Marin County, California, USA","Tomales Point, Marin County",California,USA,20
c33b7856da41fab2,"Floridana Beach, Brevard County, Florida, USA","Floridana Beach, Brevard County",Florida,USA,20
3dc682df18ca2c2d,"Indialantic, Brevard County, Florida, USA","Indialantic, Brevard County",Florida,USA,20
f3351bdd8782275f,"Indiatlantic, Brevard County, Florida, USA","Indiatlantic, Brevard County",Florida,USA,20
d19a7af9aaaf2aec,"Lori Wilson Park, Cocoa Beach, Florida, USA","Lori Wilson Park, Cocoa Beach",Florida,USA,20
1a6ddb2fe66cc70e,"Palm Beach County, Florida, USA",Palm Beach County,Florida,USA,20
6f526468ac74345d,"South Jetty, New Smyrna Beach, Florida, USA","South Jetty, New Smyrna Beach",Florida,USA,20
ad986475f0e3ae55,"Olowalu, Maui, Hawaii, USA","Olowalu, Maui",Hawaii,USA,20
b5dc04c447058732,"Atlantic City, Atlantic County, New Jersey, USA","Atlantic City, Atlantic County",New Jersey,USA,20
29998a0bcee726c9,"Avon, Hatteras Island, North Carolina, USA","Avon, Hatteras Island",North Carolina,USA,20
110fdfe15ed05111,"Wrightsville Beach, New Hanover County, North Carolina, USA","Wrightsville Beach, New Hanover County",North Carolina,USA,20
547439f26d60f88e,"Charleston, South Carolina, USA",Charleston,South Carolina,USA,20
530c61c694ac4bff,"North Myrtle Beach, Horry County, South Carolina, USA","North Myrtle Beach, Horry County",South Carolina,USA,20
6184c48b36705141,"Sullivan's Island, South Carolina, USA",Sullivan's Island,South Carolina,USA,20
7ac51cc8f4e2a6f4,"Bethune Beach, Volusia County, Florida, USA","Bethune Beach, Volusia County",Florida,USA,17
48306b3eca2e37dc,"Fort Lauderdale, Broward County, Florida, USA","Fort Lauderdale, Broward County",Florida,USA,17
7c812b838db18962,"Miami Beach, Miami-Dade County, Florida, USA","Miami Beach, Miami-Dade County",Florida,USA,17
247cca46e1305a44,"Hanalei Bay, Kauai, Hawaii, USA","Hanalei Bay, Kauai",Hawaii,USA,17
752fad60998bc19b,"Emerald Isle, Carteret County, North Carolina, USA","Emerald Isle, Carteret County",North Carolina,USA,17
d9aead705e80bad9,"Ocean Isle, Brunswick County, North Carolina, USA","Ocean Isle, Brunswick County",North Carolina,USA,17
4af4fd39cdc91ac3,"Lennox Head, New South Wales, AUSTRALIA",Lennox Head,New South Wales,AUSTRALIA,16
bbc436739023268e,"Maroubra, New South Wales, AUSTRALIA",Maroubra,New South Wales,AUSTRALIA,16
36229e2ebe2138c2,"Glenelg, South Australia, AUSTRALIA",Glenelg,South Australia,AUSTRALIA,16
7d754c5571f59643,"Cojimar, Havana Province, CUBA",Cojimar,Havana Province,CUBA,16
3b29ecdc2b3ac1b7,"Villa del Mar Beach, Veracruz, Veracruz, MEXICO","Villa del Mar Beach, Veracruz",Veracruz,MEXICO,16
78d9750f1c905c0d,"Durban, KwaZulu-Natal, SOUTH AFRICA",Durban,KwaZulu-Natal,SOUTH AFRICA,16
b592ec7bb25e92dc,"Mtunzini, KwaZulu-Natal, SOUTH AFRICA",Mtunzini,KwaZulu-Natal,SOUTH AFRICA,16
6a3d725d43aec056,"Dyer Island, Western Cape Province, SOUTH AFRICA",Dyer Island,Western Cape Province,SOUTH AFRICA,16
193b57d1c325418e,"Farallon Islands, California, USA",Farallon Islands,California,USA,16
19346da111e77121,"Franklin Point, San Mateo County, California, USA","Franklin Point, San Mateo County",California,USA,16
5b693217cd6ba6f5,"Huntington Beach, Orange County, California, USA","Huntington Beach, Orange County",California,USA,16
1597c820c321070f,"Kauai, Hawaii, USA",Kauai,Hawaii,USA,16
efb62e15dc3a4efd,"Bar Beach, Newcastle, New South Wales, AUSTRALIA","Bar Beach, Newcastle",New South Wales,AUSTRALIA,15
7e3fd79b7c92378e,"Newcastle Beach, New South Wales, AUSTRALIA",Newcastle Beach,New South Wales,AUSTRALIA,15
9d6c2ac9401d5f10,"North Bondi, New South Wales, AUSTRALIA",North Bondi,New South Wales,AUSTRALIA,15
0fa0b9e9cb46e946,"Parramatta River, New South Wales, AUSTRALIA",Parramatta River,New South Wales,AUSTRALIA,15
796a063aff6f1beb,"Tallow Beach, Byron Bay, New South Wales, AUSTRALIA","Tallow Beach, Byron Bay",New South Wales,AUSTRALIA,15
c7bbf01a0a488f7c,"Lizard Island, Queensland, AUSTRALIA",Lizard Island,Queensland,AUSTRALIA,15
81fdcbfb1b210660,"Mermaid Waters, Queensland, AUSTRALIA",Mermaid Waters,Queensland,AUSTRALIA,15
ce14b348deb7c9cd,"Moreton Bay, Queensland, AUSTRALIA",Moreton Bay,Queensland,AUSTRALIA,15
0925c573e7e7c669,"Near Moreton Island in Moreton Bay, Queensland, AUSTRALIA",Near Moreton Island in Moreton Bay,Queensland,AUSTRALIA,15
a80e038e11894d4d,"Off Lodestone Reef, Great Barrier Reef, Queensland, AUSTRALIA","Off Lodestone Reef, Great Barrier Reef",Queensland,AUSTRALIA,15
5547dae713a7bd0c,"Sunshine Beach, Queensland, AUSTRALIA",Sunshine Beach,Queensland,AUSTRALIA,15
8301bd708753d4c5,"Adelaide, South Australia, AUSTRALIA",Adelaide,South Australia,AUSTRALIA,15
d2999bc1161f8590,"Ardrossan, South Australia, AUSTRALIA",Ardrossan,South Australia,AUSTRALIA,15
29b0d5c455612186,"Middleton Beach, South Australia, AUSTRALIA",Middleton Beach,South Australia,AUSTRALIA,15
08f52aab11feb3ac,"Near Mabuiag Island, Torres Strait, AUSTRALIA",Near Mabuiag Island,Torres Strait,AUSTRALIA,15
dc2e63f86f992ff8,"Coral Bay, Western Australia, AUSTRALIA",Coral Bay,Western Australia,AUSTRALIA,15
f000b34c7dcf8b69,"Cottesloe Beach, Western Australia, AUSTRALIA",Cottesloe Beach,Western Australia,AUSTRALIA,15
188a3126f55c4044,"Cottesloe Beach, Perth, Western Australia, AUSTRALIA","Cottesloe Beach, Perth",Western Australia,AUSTRALIA,15
46e3df71043742d8,"Geraldton, Western Australia, AUSTRALIA",Geraldton,Western Australia,AUSTRALIA,15
f9044bf7f4c0ca05,"Grand Cay, Abaco Islands, BAHAMAS",Grand Cay,Abaco Islands,BAHAMAS,15
b369f935e520bedb,"Green Turtle Cay, Abaco Islands, BAHAMAS",Green Turtle Cay,Abaco Islands,BAHAMAS,15
bc4f92b185ef50e9,"Manuelita, Cocos Island, COSTA RICA",Manuelita,Cocos Island,COSTA RICA,15
d7415d646aa13b22,"Playa Grande, Guanacaste, COSTA RICA",Playa Grande,Guanacaste,COSTA RICA,15
69f7f9957bff63c9,"Habili Gafar, St. Johns Reef, EGYPT",Habili Gafar,St. Johns Reef,EGYPT,15
a7252006c102e401,"Tahiti, Society Islands, FRENCH POLYNESIA",Tahiti,Society Islands,FRENCH POLYNESIA,15
f025ce9b59e96705,"Grenville, St. Andrew Parish, GRENADA",Grenville,St. Andrew Parish,GRENADA,15
51ab8e4f063bf4b5,"Bashamir, Shatt-al-Arab River, IRAN",Bashamir,Shatt-al-Arab River,IRAN,15
52f6200c7d5da199,"Shatt-al-Arab River, Basrah, IRAQ",Shatt-al-Arab River,Basrah,IRAQ,15
bafb4ec476fe1365,"Kingston Harbor, Kingston Parish, JAMAICA",Kingston Harbor,Kingston Parish,JAMAICA,15
5353259ff765db8e,"Matsuyama, Ehime Prefecture, JAPAN",Matsuyama,Ehime Prefecture,JAPAN,15
2c92d1b20dab1314,"Revolcadero Beach, Acapulco, Guerrero, MEXICO","Revolcadero Beach, Acapulco",Guerrero,MEXICO,15
f06c2cb262c41a25,"Tampico, Tamaulipas, MEXICO",Tampico,Tamaulipas,MEXICO,15
bb4a63e34ca1c645,"Mocambo, Veracruz, MEXICO",Mocambo,Veracruz,MEXICO,15
02e2611308b29c88,"Gijana, 150 km inland, Limpopo River, MOZAMBIQUE","Gijana, 150 km inland",Limpopo River,MOZAMBIQUE,15
1daa888fe8111ba0,"Noumea, South Province, NEW CALEDONIA",Noumea,South Province,NEW CALEDONIA,15
7b1c25bab67fbcb7,"Long Island near Madang, about 500 km (310 miles) north of the South Pacific nation's capital of Port Moresby, Madang Province, PAPUA NEW GUINEA","Long Island near Madang, about 500 km (310 miles) north of the South Pacific nation's capital of Port Moresby",Madang Province,PAPUA NEW GUINEA,15
c524f729391a7c6f,"Madang, Madang Province, PAPUA NEW GUINEA",Madang,Madang Province,PAPUA NEW GUINEA,15
f9c8460e5cdc4417,"Fort Mills, Manila, PHILIPPINES",Fort Mills,Manila,PHILIPPINES,15
1779192cbd12904e,"Mogadishu, Banaadir Region, SOMALIA",Mogadishu,Banaadir Region,SOMALIA,15
86de628d46cd9905,"Cape Recife, Eastern Cape Province, SOUTH AFRICA",Cape Recife,Eastern Cape Province,SOUTH AFRICA,15
b2034ce22a2c9ae2,"Cape St. Francis, Eastern Cape Province, SOUTH AFRICA",Cape St. Francis,Eastern Cape Province,SOUTH AFRICA,15
eda2cd5aabbe3644,"Jeffreys Bay, Eastern Cape Province, SOUTH AFRICA",Jeffreys Bay,Eastern Cape Province,SOUTH AFRICA,15
e56ba7d5680227cd,"Port Elizabeth, Eastern Cape Province, SOUTH AFRICA",Port Elizabeth,Eastern Cape Province,SOUTH AFRICA,15
f4130ad3ad9692d5,"Port St. John's, Eastern Cape Province, SOUTH AFRICA",Port St. John's,Eastern Cape Province,SOUTH AFRICA,15
83a1a7c05308603e,"Second Beach, Port St. Johns, Eastern Cape Province, SOUTH AFRICA","Second Beach, Port St. Johns",Eastern Cape Province,SOUTH AFRICA,15
c078a5d6c8b39ea3,"Richards Bay, KwaZulu-Natal, SOUTH AFRICA",Richards Bay,KwaZulu-Natal,SOUTH AFRICA,15
e7a24b3d51929c5d,"Salt Rock, KwaZulu-Natal, SOUTH AFRICA",Salt Rock,KwaZulu-Natal,SOUTH AFRICA,15
1f5ffbc0a193d952,"Sodwana, KwaZulu-Natal, SOUTH AFRICA",Sodwana,KwaZulu-Natal,SOUTH AFRICA,15
b411b755e39861ae,"Umkomaas, KwaZulu-Natal, SOUTH AFRICA",Umkomaas,KwaZulu-Natal,SOUTH AFRICA,15
f6f7a806bc7feec1,"Melkbosstrand, Western Cape Province, SOUTH AFRICA",Melkbosstrand,Western Cape Province,SOUTH AFRICA,15
ff3e35f26ea77b7e,"Seal Island, False Bay, Western Cape Province, SOUTH AFRICA","Seal Island, False Bay",Western Cape Province,SOUTH AFRICA,15
ac30afa38b2cc37a,"Coco Beach, Dar-es-Salaam, TANZANIA","Coco Beach, Dar-es-Salaam",,TANZANIA,15
2959498931cd5def,"Bunkers, Humboldt Bay, California, USA","Bunkers, Humboldt Bay",California,USA,15
6eebee572976ddde,"Dillon Beach, Marin County, California, USA","Dillon Beach, Marin County",California,USA,15
606a2d889f43d780,"Imperial Beach, San Diego County, California, USA","Imperial Beach, San Diego County",California,USA,15
5c65f1f3845e60f9,"Pigeon Point, San Mateo County, California, USA","Pigeon Point, San Mateo County",California,USA,15
ff2aa502333d1743,"Pismo Beach, San Luis Obispo County, California, USA","Pismo Beach, San Luis Obispo County",California,USA,15
25d2e2e27131d687,"San Francisco Bay, California, USA",San Francisco Bay,California,USA,15
5947e00141615f89,"San Miguel Island, Santa Barbara County, California, USA","San Miguel Island, Santa Barbara County",California,USA,15
583588a0841faa94,"Santa Barbara County, California, USA",Santa Barbara County,California,USA,15
8b916370cbca4909,"Venice Beach, Los Angeles County, California, USA","Venice Beach, Los Angeles County",California,USA,15
026a13b9a4428ecb,"Boca Grande, Lee County, Florida, USA","Boca Grande, Lee County",Florida,USA,15
d0a1ccb286b8ae5b,"Boca Raton, Palm Beach County, Florida, USA","Boca Raton, Palm Beach County",Florida,USA,15
12206fee06427fa4,"Crescent Beach, St. Johns County, Florida, USA","Crescent Beach, St. Johns County",Florida,USA,15
c769518f7bf775a8,"Fort Lauderdale, Florida, USA",Fort Lauderdale,Florida,USA,15
cdb8c99c53a8c79d,"Hutchinson Island, St. Lucie County, Florida, USA","Hutchinson Island, St. Lucie County",Florida,USA,15
64b2fc858a58bee1,"Ormond Beach, Daytona Beach, Florida, USA","Ormond Beach, Daytona Beach",Florida,USA,15
ab0a9e663196ba82,"Pablo Beach, Jacksonville, Florida, USA","Pablo Beach, Jacksonville",Florida,USA,15
201148d90f810710,"Pensacola Bay, Escambia County, Florida, USA","Pensacola Bay, Escambia County",Florida,USA,15
8427b5559cd5d65f,"Ponte Vedra Beach, St Johns County, Florida, USA","Ponte Vedra Beach, St Johns County",Florida,USA,15
ad59d34f9a0cc566,"Ponte Vedra, St. Johns County, Florida, USA","Ponte Vedra, St. Johns County",Florida,USA,15
bd58f07db996828f,"St. Augustine, St. John's County, Florida, USA","St. Augustine, St. John's County",Florida,USA,15
1865e02eb9f88875,"Tiger Shores Beach, Martin County, Florida, USA","Tiger Shores Beach, Martin County",Florida,USA,15
48bf8e75a7763fb5,"Volusia County, Florida, USA",Volusia County,Florida,USA,15
e8b104ed687c4609,"Tybee Island, Chatham County, Georgia, USA","Tybee Island, Chatham County",Georgia,USA,15
3e78b863bc085457,"Ho'okipa Beach, Pa'ia, Hawaii, USA","Ho'okipa Beach, Pa'ia",Hawaii,USA,15
8186b931daa09c97,"Kanaha Beach, Maui, Hawaii, USA","Kanaha Beach, Maui",Hawaii,USA,15
78366100c8f806cb,"Kihei, Maui, Hawaii, USA","Kihei, Maui",Hawaii,USA,15
2c9abc20f4fb0f91,"Holden Beach, Brunswick County, North Carolina, USA","Holden Beach, Brunswick County",North Carolina,USA,15
db3346c5ca60937b,"Holden Beach. Brunswick County, North Carolina, USA",Holden Beach. Brunswick County,North Carolina,USA,15
ff4a0f1cb64920e3,"Masonboro Island, New Hanover County, North Carolina, USA","Masonboro Island, New Hanover County",North Carolina,USA,15
18c25eded1189e95,"Winchester Bay, Oregon, USA",Winchester Bay,Oregon,USA,15
74acc7d83f854a87,"Condado Beach, San Juan, Puerto Rico, USA","Condado Beach, San Juan",Puerto Rico,USA,15
b3ff26ce8b41f9e6,"Coligny Beach, Hilton Head, South Carolina, USA","Coligny Beach, Hilton Head",South Carolina,USA,15
c65dc1cb94a2df30,"Folly Island, near Charleston, South Carolina, USA","Folly Island, near Charleston",South Carolina,USA,15
6d3cdb44585b82e9,"Kiawah Island, Charleston County, South Carolina, USA","Kiawah Island, Charleston County",South Carolina,USA,15
8c07d41fb88bd1db,"Pawleys Island, Georgetown County, South Carolina, USA","Pawleys Island, Georgetown County",South Carolina,USA,15
f7e97c8ecd552434,"Mustang Island, near Port Aransas, Texas, USA","Mustang Island, near Port Aransas",Texas,USA,15
eedfedba0673c4c6,"Virginia Beach, Princess Anne County, Virginia, USA","Virginia Beach, Princess Anne County",Virginia,USA,15
cf1dc536fc3da77a,"Sharpes Beach, Ballina, New South Wales, AUSTRALIA","Sharpes Beach, Ballina",New South Wales,AUSTRALIA,14
a6b2a5cbade34f41,"Long Beach, Los Angeles County, California, USA","Long Beach, Los Angeles County",California,USA,14
c052efb6c47225ab,"Fort Pierce, St. Lucie County, Florida, USA","Fort Pierce, St. Lucie County",Florida,USA,13
52f4fe6d859be325,"Maui, Hawaii, USA",Maui,Hawaii,USA,13
e09df1c849be2a70,"Piedade Beach, Pernambuco, BRAZIL",Piedade Beach,Pernambuco,BRAZIL,12
998f45e7ef1ed679,"Hilton Head Island, Beaufort County, South Carolina, USA","Hilton Head Island, Beaufort County",South Carolina,USA,12
c25f1d764ad45aca,"Crescent Head, New South Wales, AUSTRALIA",Crescent Head,New South Wales,AUSTRALIA,11
a651e69f19260d6d,"Evans Head, New South Wales, AUSTRALIA",Evans Head,New South Wales,AUSTRALIA,11
88d2512fb1326776,"Lake Macquarie, New South Wales, AUSTRALIA",Lake Macquarie,New South Wales,AUSTRALIA,11
852b829ff0a9b1a1,"Lighthouse Beach, New South Wales, AUSTRALIA",Lighthouse Beach,New South Wales,AUSTRALIA,11
b7ed58e14ce4bf0e,"Bimini, BAHAMAS",Bimini,,BAHAMAS,11
a3f9186dbf48a8b5,"Guadalupe Island, Baja California, MEXICO",Guadalupe Island,Baja California,MEXICO,11
ebdfcb0d53679839,"Acapulco, Guerrero, MEXICO",Acapulco,Guerrero,MEXICO,11
40307bd9a70a7184,"Bonza Bay, Eastern Cape Province, SOUTH AFRICA",Bonza Bay,Eastern Cape Province,SOUTH AFRICA,11
ffa8c986adcb86f5,"Jeffrey's Bay, Eastern Cape Province, SOUTH AFRICA",Jeffrey's Bay,Eastern Cape Province,SOUTH AFRICA,11
5245d6cf1cd1a71a,"LaMercy, KwaZulu-Natal, SOUTH AFRICA",LaMercy,KwaZulu-Natal,SOUTH AFRICA,11
71bf4faae34188a6,"Umhlanga Rocks, KwaZulu-Natal, SOUTH AFRICA",Umhlanga Rocks,KwaZulu-Natal,SOUTH AFRICA,11
8418095e3d973d63,"Hermosa Beach, Los Angeles County, California, USA","Hermosa Beach, Los Angeles County",California,USA,11
5bfd219d9776bf90,"Cape Canaveral, Brevard County, Florida, USA","Cape Canaveral, Brevard County",Florida,USA,11
b967e85d1ee9ba96,"Cape San Blas, Gulf County, Florida, USA","Cape San Blas, Gulf County",Florida,USA,11
1f6f7a068d095e55,"Hobe Sound, Martin County, Florida, USA","Hobe Sound, Martin County",Florida,USA,11
81c02ff89edd3942,"Pearl Harbor, O'ahu, Hawaii, USA","Pearl Harbor, O'ahu",Hawaii,USA,11
f94cf124205de494,"Oak Island, Brunswick County, North Carolina, USA","Oak Island, Brunswick County",North Carolina,USA,11
c81ff73c40b0b8fd,"Rodanthe, Dare County, North Carolina, USA","Rodanthe, Dare County",North Carolina,USA,11
25d27c0e1fe4d27b,"Avalon, New South Wales, AUSTRALIA",Avalon,New South Wales,AUSTRALIA,10
256e98116fc8aaf5,"Bellambi Reef, New South Wales, AUSTRALIA",Bellambi Reef,New South Wales,AUSTRALIA,10
e8ac7c028ab741d4,"Bondi Beach, New South Wales, AUSTRALIA",Bondi Beach,New South Wales,AUSTRALIA,10
e18ceecf5cb7d899,"Bondi Beach, Sydney, New South Wales, AUSTRALIA","Bondi Beach, Sydney",New South Wales,AUSTRALIA,10
2adff488ad508ebe,"Broken Head, New South Wales, AUSTRALIA",Broken Head,New South Wales,AUSTRALIA,10
b81067b91552df1e,"Bronte Beach, New South Wales, AUSTRALIA",Bronte Beach,New South Wales,AUSTRALIA,10
b189b377e9829a6e,"Brunswick Heads, New South Wales, AUSTRALIA",Brunswick Heads,New South Wales,AUSTRALIA,10
499fbdf37fa46a1a,"Clarence River, New South Wales, AUSTRALIA",Clarence River,New South Wales,AUSTRALIA,10
70a4d121d41c520c,"Crowdy Head, New South Wales, AUSTRALIA",Crowdy Head,New South Wales,AUSTRALIA,10
b501cea3cbd66246,"East Ballina, New South Wales, AUSTRALIA",East Ballina,New South Wales,AUSTRALIA,10
7eebd79b459e6bb6,"Georges River, New South Wales, AUSTRALIA",Georges River,New South Wales,AUSTRALIA,10
b46d981b660cffe9,"Jervis Bay, New South Wales, AUSTRALIA",Jervis Bay,New South Wales,AUSTRALIA,10
8b18849949ce7e48,"Julian Rocks, Byron Bay, New South Wales, AUSTRALIA","Julian Rocks, Byron Bay",New South Wales,AUSTRALIA,10
213f184cc21d8a01,"Kempsey, New South Wales, AUSTRALIA",Kempsey,New South Wales,AUSTRALIA,10
7c1313e5c6d5ed2f,"Knobby's Beach, Newcastle, New South Wales, AUSTRALIA","Knobby's Beach, Newcastle",New South Wales,AUSTRALIA,10
81ba6737fab3a89c,"Lane Cove River, Sydney Harbor (Estuary), New South Wales, AUSTRALIA","Lane Cove River, Sydney Harbor (Estuary)",New South Wales,AUSTRALIA,10
cbd68eb14abe0bc3,"Lennox Head, Ballina, New South Wales, AUSTRALIA","Lennox Head, Ballina",New South Wales,AUSTRALIA,10
3b5559c597dfbc14,"Lighthouse Beach, Ballina, New South Wales, AUSTRALIA","Lighthouse Beach, Ballina",New South Wales,AUSTRALIA,10
d3adfbdf0cbf64a6,"Manly, New South Wales, AUSTRALIA",Manly,New South Wales,AUSTRALIA,10
802cab5c76e67e86,"Maria River, Port Macquarie, New South Wales, AUSTRALIA","Maria River, Port Macquarie",New South Wales,AUSTRALIA,10
a09a79be50002983,"Maroubra Beach, New South Wales, AUSTRALIA",Maroubra Beach,New South Wales,AUSTRALIA,10
b327990ad6878e7f,"Mereweather Beach, New South Wales, AUSTRALIA",Mereweather Beach,New South Wales,AUSTRALIA,10
291334826bfabcfe,"Merewether Beach, Newcastle, New South Wales, AUSTRALIA","Merewether Beach, Newcastle",New South Wales,AUSTRALIA,10
f2719f3a98353c0e,"Middle Harbour, Sydney, New South Wales, AUSTRALIA","Middle Harbour, Sydney",New South Wales,AUSTRALIA,10
6be4f3f006707353,"Mona Vale, New South Wales, AUSTRALIA",Mona Vale,New South Wales,AUSTRALIA,10
b6fe3e7c8f84e164,"Mona Vale, near Sydney, New South Wales, AUSTRALIA","Mona Vale, near Sydney",New South Wales,AUSTRALIA,10
d1e9357e8e335ed0,"Newcastle Harbor, New South Wales, AUSTRALIA",Newcastle Harbor,New South Wales,AUSTRALIA,10
80463a8d0ddc1b9d,"North Brighton, Botany Bay, New South Wales, AUSTRALIA","North Brighton, Botany Bay",New South Wales,AUSTRALIA,10
89328b22f16eb966,"North Head, Sydney Harbour, New South Wales, AUSTRALIA","North Head, Sydney Harbour",New South Wales,AUSTRALIA,10
46e8346cd0686925,"Redhead Beach, Newcastle, New South Wales, AUSTRALIA","Redhead Beach, Newcastle",New South Wales,AUSTRALIA,10
478a049d104884f9,"Seven Mile Beach, Gerroa, New South Wales, AUSTRALIA","Seven Mile Beach, Gerroa",New South Wales,AUSTRALIA,10
468d5766f5dd9024,"Seven Shillings Beach, Middle Harbor, New South Wales, AUSTRALIA","Seven Shillings Beach, Middle Harbor",New South Wales,AUSTRALIA,10
479f6619cc2a565d,"Shelly Beach, New South Wales, AUSTRALIA",Shelly Beach,New South Wales,AUSTRALIA,10
e1424b2fe39692f0,"Shelly Beach, near Port Macquarie, New South Wales, AUSTRALIA","Shelly Beach, near Port Macquarie",New South Wales,AUSTRALIA,10
fb9cae6c78843966,"Sirius Cove, Sydney Harbor, New South Wales, AUSTRALIA","Sirius Cove, Sydney Harbor",New South Wales,AUSTRALIA,10
fc19f042c5eadf5f,"South West Rocks, New South Wales, AUSTRALIA",South West Rocks,New South Wales,AUSTRALIA,10
a6a60fafa184ec8b,"Throsby Creek, Newcastle, New South Wales, AUSTRALIA","Throsby Creek, Newcastle",New South Wales,AUSTRALIA,10
f8d2b7bbbc971c6c,"Tweed Heads, New South Wales, AUSTRALIA",Tweed Heads,New South Wales,AUSTRALIA,10
3613ba4e78f44a86,"Woy Woy on the Brisbane Waters, New South Wales, AUSTRALIA",Woy Woy on the Brisbane Waters,New South Wales,AUSTRALIA,10
db699a3ed3c7e29a,"Darwin Harbour, Northern Territory, AUSTRALIA",Darwin Harbour,Northern Territory,AUSTRALIA,10
6d1d3e235cb2495f,"Arlington Reef near Cairns, Queensland, AUSTRALIA",Arlington Reef near Cairns,Queensland,AUSTRALIA,10
90f2c8e785c12ca7,"Batt Reef, Queensland, AUSTRALIA",Batt Reef,Queensland,AUSTRALIA,10
4789ecc1c0f127dd,"Currumbin Rock, Queensland, AUSTRALIA",Currumbin Rock,Queensland,AUSTRALIA,10
844c5e1c32daec12,"Ellis Beach, 20 miles from Cairns, Queensland, AUSTRALIA","Ellis Beach, 20 miles from Cairns",Queensland,AUSTRALIA,10
ff05944901957a73,"Fingal Beach, Queensland, AUSTRALIA",Fingal Beach,Queensland,AUSTRALIA,10
cd1d5276bc678617,"Gladstone, Queensland, AUSTRALIA",Gladstone,Queensland,AUSTRALIA,10
a1f30dcfdb87c819,"Greenmount Beach, Queensland, AUSTRALIA",Greenmount Beach,Queensland,AUSTRALIA,10
a7e41b27be447db7,"Heron Island, Queensland, AUSTRALIA",Heron Island,Queensland,AUSTRALIA,10
b1173ec874c5ad74,"Kirra Beach, Coolangatta, Queensland, AUSTRALIA","Kirra Beach, Coolangatta",Queensland,AUSTRALIA,10
85a1c893af702f27,"Magnetic Island, Queensland, AUSTRALIA",Magnetic Island,Queensland,AUSTRALIA,10
39979f52e28858c4,"Off North Keppel Island, off Yeppoon, Queensland, AUSTRALIA","Off North Keppel Island, off Yeppoon",Queensland,AUSTRALIA,10
3c687778cd35d742,"Off Stradbroke Island, Queensland, AUSTRALIA",Off Stradbroke Island,Queensland,AUSTRALIA,10
eea641cd3106e304,"Outer Barrier Reef near Port Douglas, Queensland, AUSTRALIA",Outer Barrier Reef near Port Douglas,Queensland,AUSTRALIA,10
f0726f72324d7796,"Palm Beach, Queensland, AUSTRALIA",Palm Beach,Queensland,AUSTRALIA,10
4f2ff29e018cea55,"Pancake Creek, Queensland, AUSTRALIA",Pancake Creek,Queensland,AUSTRALIA,10
d80e54c690df2290,"Ross Creek, Queensland, AUSTRALIA",Ross Creek,Queensland,AUSTRALIA,10
c9a7143db7842754,"Surfer's Paradise, Queensland, AUSTRALIA",Surfer's Paradise,Queensland,AUSTRALIA,10
cd073d5d226df82c,"Trinity Beach, Cairns, Queensland, AUSTRALIA","Trinity Beach, Cairns",Queensland,AUSTRALIA,10
6fcdcf2f605fdbb0,"Yeppoon, near Ross Creek, Queensland, AUSTRALIA","Yeppoon, near Ross Creek",Queensland,AUSTRALIA,10
9f5aa1f9229df68d,"Cape Jervis, South Australia, AUSTRALIA",Cape Jervis,South Australia,AUSTRALIA,10
8bb91f6b691f4bd0,"Middleton Point, Fleurieu Peninsula, South Australia, AUSTRALIA","Middleton Point, Fleurieu Peninsula",South Australia,AUSTRALIA,10
05129c1117d11609,"South Cape Bay, Tasmania, AUSTRALIA",South Cape Bay,Tasmania,AUSTRALIA,10
1740e9e7248b2a01,"Triabunna, Tasmania, AUSTRALIA",Triabunna,Tasmania,AUSTRALIA,10
bb19313be963b960,"Badu Island, Torres Strait, AUSTRALIA",Badu Island,Torres Strait,AUSTRALIA,10
3f62f23863a75b74,"Barrier Reef near Innisfail, Torres Strait, AUSTRALIA",Barrier Reef near Innisfail,Torres Strait,AUSTRALIA,10
c15bfedd8b59e40f,"Palm Island, Torres Strait, AUSTRALIA",Palm Island,Torres Strait,AUSTRALIA,10
d33847d76573ca04,"Flinders, Mornington Penisula, Victoria, AUSTRALIA","Flinders, Mornington Penisula",Victoria,AUSTRALIA,10
055022a703825e0f,"Geelong, Victoria, AUSTRALIA",Geelong,Victoria,AUSTRALIA,10
58024a17bd1079b4,"Point Lonsdale, Victoria, AUSTRALIA",Point Lonsdale,Victoria,AUSTRALIA,10
c256b8add859b44c,"Port Phillip Bay, Victoria, AUSTRALIA",Port Phillip Bay,Victoria,AUSTRALIA,10
ef974d0e4bee8c70,"Broome, Western Australia, AUSTRALIA",Broome,Western Australia,AUSTRALIA,10
30168aae1000b0ad,"Cottesloe, Perth, Western Australia, AUSTRALIA","Cottesloe, Perth",Western Australia,AUSTRALIA,10
4fa774a8d2c8db90,"Fremantle, Western Australia, AUSTRALIA",Fremantle,Western Australia,AUSTRALIA,10
780f5dd6db0adb8a,"Gracetown, Western Australia, AUSTRALIA",Gracetown,Western Australia,AUSTRALIA,10
cba0f8a75524c6e6,"Hamelin Bay, Western Australia, AUSTRALIA",Hamelin Bay,Western Australia,AUSTRALIA,10
28d70cecce6e7af0,"Mullaloo Beach, Perth, Western Australia, AUSTRALIA","Mullaloo Beach, Perth",Western Australia,AUSTRALIA,10
52e86bfaea5c7123,"Off Rottnest Island, Western Australia, AUSTRALIA",Off Rottnest Island,Western Australia,AUSTRALIA,10
97d7ba09da00d512,"Perth? (Margaret River District), Western Australia, AUSTRALIA",Perth? (Margaret River District),Western Australia,AUSTRALIA,10
eb6ec6993a1778ea,"Shark Bay, Western Australia, AUSTRALIA",Shark Bay,Western Australia,AUSTRALIA,10
98f939cd2f4044cb,"South Point, Gracetown, Western Australia, AUSTRALIA","South Point, Gracetown",Western Australia,AUSTRALIA,10
8251dce838cd20bb,"Swan River, Western Australia, AUSTRALIA",Swan River,Western Australia,AUSTRALIA,10
02a4966c5f3ee243,"Trigg Beach, Western Australia, AUSTRALIA",Trigg Beach,Western Australia,AUSTRALIA,10
7befbb86fd6fd746,"Walkers Cay, Abaco Islands, BAHAMAS",Walkers Cay,Abaco Islands,BAHAMAS,10
e623412232388e6c,"Freeport, Grand Bahama Island, BAHAMAS",Freeport,Grand Bahama Island,BAHAMAS,10
4bf5e46621e49c82,"Barra de Jangada, Pernambuco, BRAZIL",Barra de Jangada,Pernambuco,BRAZIL,10
46d095229d476212,"Candeias, Pernambuco, BRAZIL",Candeias,Pernambuco,BRAZIL,10
db90f6507ed64672,"Pina, Recife, Pernambuco, BRAZIL","Pina, Recife",Pernambuco,BRAZIL,10
1a2298bca2919310,"Punta Del Chifre Beach, Olinda, Pernambuco, BRAZIL","Punta Del Chifre Beach, Olinda",Pernambuco,BRAZIL,10
003e94757b11aab9,"Cabo Frio, Rio de Janeiro, BRAZIL",Cabo Frio,Rio de Janeiro,BRAZIL,10
be0bb278bbc88874,"68 miles east of Wallis Island, CENTRAL PACIFIC",68 miles east of Wallis Island,,CENTRAL PACIFIC,10
4bda17479109bf7b,"Sharp Peak, Sai Kung Peninsula, Hong Kong, CHINA","Sharp Peak, Sai Kung Peninsula",Hong Kong,CHINA,10
e75584c644d03f9e,"Krk Island, Primorje-Gorski Kotar County, CROATIA",Krk Island,Primorje-Gorski Kotar County,CROATIA,10
8a028dbbdd0316a9,"Boqueron, Guantanamo Province, CUBA",Boqueron,Guantanamo Province,CUBA,10
ebcaaade16f3bb95,"Havana Harbor, Havana Province, CUBA",Havana Harbor,Havana Province,CUBA,10
830263b0d7ff704e,"Safaga, Red Sea, EGYPT",Safaga,Red Sea,EGYPT,10
cec0171343f986c3,"Coral Bay, Sharm el-Sheikh, South Sinai Peninsula, EGYPT","Coral Bay, Sharm el-Sheikh",South Sinai Peninsula,EGYPT,10
cc514c10131ee8a8,"Ras Nasrani, Sharm el-Sheikh, South Sinai Peninsula, EGYPT","Ras Nasrani, Sharm el-Sheikh",South Sinai Peninsula,EGYPT,10
f2dee88908e6210f,"Weymouth, Dorset, ENGLAND",Weymouth,Dorset,ENGLAND,10
fad315f32cc4e3fa,"Great Astrolabe Reef, Kadavu, FIJI",Great Astrolabe Reef,Kadavu,FIJI,10
dc1a5a6ac07441c9,"Sigatoka, Vitu Levu, FIJI",Sigatoka,Vitu Levu,FIJI,10
25eef509c9f3697b,"Makemo Atoll, Tuamotos, FRENCH POLYNESIA",Makemo Atoll,Tuamotos,FRENCH POLYNESIA,10
17744e9224f9d9e3,"Off Royal Residence, Corfu Island, GREECE",Off Royal Residence,Corfu Island,GREECE,10
34e2a7694bb494ac,"Lorok Bay, Java, INDONESIA",Lorok Bay,Java,INDONESIA,10
df4145f658af5c65,"Hesamabad area of Shushtar, 420 km from the sea, Karun River, IRAN","Hesamabad area of Shushtar, 420 km from the sea",Karun River,IRAN,10
dabe70efcb8c7c67,"near Ahvaz, 275 km from the sea, Karun River, IRAN","near Ahvaz, 275 km from the sea",Karun River,IRAN,10
a7c35fec928c3876,"Marciana Marina, Isola d'Elba, Tyrrhenian Sea, ITALY","Marciana Marina, Isola d'Elba",Tyrrhenian Sea,ITALY,10
9e5a690b51e9c9ed,"Savanna-la-Mar, Westmoreland Parish, JAMAICA",Savanna-la-Mar,Westmoreland Parish,JAMAICA,10
d0cf8aded1f5fd90,"Kilindini Harbor, Mombasa, Coast Province, KENYA","Kilindini Harbor, Mombasa",Coast Province,KENYA,10
b6181d7e31edfaac,"Island J4H, Alinglaplap Atoll, MARSHALL ISLANDS",Island J4H,Alinglaplap Atoll,MARSHALL ISLANDS,10
18aa2ac0c0e2af47,"Enewetak Atoll, Ralik Archipelago, MARSHALL ISLANDS",Enewetak Atoll,Ralik Archipelago,MARSHALL ISLANDS,10
df805bf9167bc96e,"Ensenada, Baja California, MEXICO",Ensenada,Baja California,MEXICO,10
7275984a57bdf5cf,"Acapulco, Guerrrero, MEXICO",Acapulco,Guerrrero,MEXICO,10
913dfbdd0342d84a,"Playa Mocambo, Veracruz, MEXICO",Playa Mocambo,Veracruz,MEXICO,10
ea4cef5a41b3a1fb,"Praia Sepulveda, Gaza, MOZAMBIQUE",Praia Sepulveda,Gaza,MOZAMBIQUE,10
d27bff1b12baa9a5,"Off Inhaca Island, Maputo Province, MOZAMBIQUE",Off Inhaca Island,Maputo Province,MOZAMBIQUE,10
8feeeeaa55c2bf50,"Ponta do Ouro, Maputo Province, MOZAMBIQUE",Ponta do Ouro,Maputo Province,MOZAMBIQUE,10
c4e50d7d29e936f4,"Butliwan Village, 15 miles north of Rabaul, Duke of York Islands, NEW BRITAIN","Butliwan Village, 15 miles north of Rabaul",Duke of York Islands,NEW BRITAIN,10
8eb91bcdee504d8c,"I'le Ouen, NEW CALEDONIA",I'le Ouen,,NEW CALEDONIA,10
2a8186cf8fda56d1,"Koumac, North Province, NEW CALEDONIA",Koumac,North Province,NEW CALEDONIA,10
049f79bc51a9ebcc,"St. Clair Beach, Dunedin, South Island, NEW ZEALAND","St. Clair Beach, Dunedin",South Island,NEW ZEALAND,10
07cbc2c18a97253c,"Between Wake & Johnston Islands, 1000 miles west of Hawaii, NORTH PACIFIC OCEAN",Between Wake & Johnston Islands,1000 miles west of Hawaii,NORTH PACIFIC OCEAN,10
4de33950e9db024f,"600 miles northwest of Honolulu, Between Hawaii & Wake Island, PACIFIC OCEAN",600 miles northwest of Honolulu,Between Hawaii & Wake Island,PACIFIC OCEAN,10
c50fe67a47f23f71,"Koror, Western Caroline Islands, PALAU",Koror,Western Caroline Islands,PALAU,10
db8183e6c24fb99f,"Manus Island, Admiralty Islands, Manus Province, PAPUA NEW GUINEA",Manus Island,"Admiralty Islands, Manus Province",PAPUA NEW GUINEA,10
9cf55ff6cf244b0d,"Hula, Central Province, PAPUA NEW GUINEA",Hula,Central Province,PAPUA NEW GUINEA,10
b158cb3c5b779b6d,"Brooker Island, Calvados Chain, Louisiade Archipelago, PAPUA NEW GUINEA","Brooker Island, Calvados Chain",Louisiade Archipelago,PAPUA NEW GUINEA,10
ca700c5e47c16c93,"Taludig, Madang, PAPUA NEW GUINEA",Taludig,Madang,PAPUA NEW GUINEA,10
460cf993aef2b569,"Singour, 60 miles south of Madang, Madang Province, PAPUA NEW GUINEA","Singour, 60 miles south of Madang",Madang Province,PAPUA NEW GUINEA,10
82d6b333e560b3c3,"Manila Bay, Luzon Island, PHILIPPINES",Manila Bay,Luzon Island,PHILIPPINES,10
e279a83dbd09cdd0,"Boucan Canot, REUNION",Boucan Canot,,REUNION,10
32d7fff9b8b12773,"Lieu-dit Cayenne, Saint-Joseph, REUNION",Lieu-dit Cayenne,Saint-Joseph,REUNION,10
b08b4e477c3a0164,"Cap de la Marianne, Saint-Paul, REUNION",Cap de la Marianne,Saint-Paul,REUNION,10
27d033e9f5c514b0,"Pic du Diable, Saint-Pierre, REUNION",Pic du Diable,Saint-Pierre,REUNION,10
e4676eee8bd9588f,"Anse Lazio, Praslin, SEYCHELLES",Anse Lazio,Praslin,SEYCHELLES,10
6c902d8fa93a6cdd,"Honiara, Honiara, SOLOMON ISLANDS",Honiara,Honiara,SOLOMON ISLANDS,10
fce27363c6adf8a0,"Glengariff, Eastern Cape Province, SOUTH AFRICA",Glengariff,Eastern Cape Province,SOUTH AFRICA,10
15bd62b5e03bb714,"Gonubie, Eastern Cape Province, SOUTH AFRICA",Gonubie,Eastern Cape Province,SOUTH AFRICA,10
7b0b23f0d191b650,"Gonubie River Mouth, Eastern Cape Province, SOUTH AFRICA",Gonubie River Mouth,Eastern Cape Province,SOUTH AFRICA,10
b4c5507a37b919ea,"King's Beach, Port Elizabeth, Eastern Cape Province, SOUTH AFRICA","King's Beach, Port Elizabeth",Eastern Cape Province,SOUTH AFRICA,10
a43e6d39cc254643,"Pollock Beach, Port Elizabeth, Eastern Cape Province, SOUTH AFRICA","Pollock Beach, Port Elizabeth",Eastern Cape Province,SOUTH AFRICA,10
304a256b4cefa57f,"Queensberry Bay, Eastern Cape Province, SOUTH AFRICA",Queensberry Bay,Eastern Cape Province,SOUTH AFRICA,10
1f268de5afad666d,"Yellow Sands Point, Eastern Cape Province, SOUTH AFRICA",Yellow Sands Point,Eastern Cape Province,SOUTH AFRICA,10
0bd04021cae9759f,"Back Beach, Durban, KwaZulu-Natal, SOUTH AFRICA","Back Beach, Durban",KwaZulu-Natal,SOUTH AFRICA,10
e12e8adc062e3691,"Ballito, KwaZulu-Natal, SOUTH AFRICA",Ballito,KwaZulu-Natal,SOUTH AFRICA,10
cd8564c8a956d691,"Cape Vidal, KwaZulu-Natal, SOUTH AFRICA",Cape Vidal,KwaZulu-Natal,SOUTH AFRICA,10
43e7f9a3c05fc0ac,"Danger Pool, Winkelspruit, KwaZulu-Natal, SOUTH AFRICA","Danger Pool, Winkelspruit",KwaZulu-Natal,SOUTH AFRICA,10
b16f2c19c578cd92,"Hibberdene, KwaZulu-Natal, SOUTH AFRICA",Hibberdene,KwaZulu-Natal,SOUTH AFRICA,10
b56349e4dde0d60d,"Inyoni Rocks, South Coast, KwaZulu-Natal, SOUTH AFRICA","Inyoni Rocks, South Coast",KwaZulu-Natal,SOUTH AFRICA,10
0120e4e2d2d3871a,"Karridene, KwaZulu-Natal, SOUTH AFRICA",Karridene,KwaZulu-Natal,SOUTH AFRICA,10
6b33ad9185b62c81,"North Pier, Durban, KwaZulu-Natal, SOUTH AFRICA","North Pier, Durban",KwaZulu-Natal,SOUTH AFRICA,10
18e4347f22312601,"Paradise Reef, KwaZulu-Natal, SOUTH AFRICA",Paradise Reef,KwaZulu-Natal,SOUTH AFRICA,10
f09076a3ebf0a6c3,"Port Edward, KwaZulu-Natal, SOUTH AFRICA",Port Edward,KwaZulu-Natal,SOUTH AFRICA,10
760064373de18f1f,"Rocket Hut Beach, Durban, KwaZulu-Natal, SOUTH AFRICA","Rocket Hut Beach, Durban",KwaZulu-Natal,SOUTH AFRICA,10
ce022e1f684d8cfa,"Umdhloti, KwaZulu-Natal, SOUTH AFRICA",Umdhloti,KwaZulu-Natal,SOUTH AFRICA,10
56fa38d041d26ca3,"Umtentweni, KwaZulu-Natal, SOUTH AFRICA",Umtentweni,KwaZulu-Natal,SOUTH AFRICA,10
ddcc399ebbc1d4b3,"Uvongo, KwaZulu-Natal, SOUTH AFRICA",Uvongo,KwaZulu-Natal,SOUTH AFRICA,10
53b6eed45932ac00,"2 km from Macassar, False Bay, Western Cape Province, SOUTH AFRICA","2 km from Macassar, False Bay",Western Cape Province,SOUTH AFRICA,10
8ea8e8bad3ab4eab,"Clifton, Western Cape Province, SOUTH AFRICA",Clifton,Western Cape Province,SOUTH AFRICA,10
db4ce6d782345843,"Fish Hoek, False Bay, Western Cape Province, SOUTH AFRICA","Fish Hoek, False Bay",Western Cape Province,SOUTH AFRICA,10
c096c7fbabe58acf,"Gansbaai, Western Cape Province, SOUTH AFRICA",Gansbaai,Western Cape Province,SOUTH AFRICA,10
6eb42325d6a060c9,"Glencairn, False Bay, Western Cape Province, SOUTH AFRICA","Glencairn, False Bay",Western Cape Province,SOUTH AFRICA,10
80843895775ea909,"Melkbaai, False Bay, Western Cape Province, SOUTH AFRICA","Melkbaai, False Bay",Western Cape Province,SOUTH AFRICA,10
5248c7aff6f9fad3,"Miller's Point, False Bay, Western Cape Province, SOUTH AFRICA","Miller's Point, False Bay",Western Cape Province,SOUTH AFRICA,10
512247705771884e,"Millers Point, Western Cape Province, SOUTH AFRICA",Millers Point,Western Cape Province,SOUTH AFRICA,10
012bffe4ed92289d,"Noordhoek, Western Cape Province, SOUTH AFRICA",Noordhoek,Western Cape Province,SOUTH AFRICA,10
e4ae39d6b5062c9c,"Robberg Beach, Plettenberg Bay, Western Cape Province, SOUTH AFRICA","Robberg Beach, Plettenberg Bay",Western Cape Province,SOUTH AFRICA,10
f358fbfeeb11f3ce,"Saldanha Bay, Western Cape Province, SOUTH AFRICA",Saldanha Bay,Western Cape Province,SOUTH AFRICA,10
8352adf8ae6aee1a,"Strandfontein, Western Cape Province, SOUTH AFRICA",Strandfontein,Western Cape Province,SOUTH AFRICA,10
7ebae049ea1126bc,"Struis Bay, Western Cape Province, SOUTH AFRICA",Struis Bay,Western Cape Province,SOUTH AFRICA,10
a33df005c33c7f5c,"Struisbaai, Western Cape Province, SOUTH AFRICA",Struisbaai,Western Cape Province,SOUTH AFRICA,10
ab2ee6c2a9fb981d,"Victoria Bay, Western Cape Province, SOUTH AFRICA",Victoria Bay,Western Cape Province,SOUTH AFRICA,10
927fd80b6716027e,"English Bay, Ascension Island, ST HELENA, BRITISH OVERSEAS TERRITORY",English Bay,Ascension Island,"ST HELENA, BRITISH OVERSEAS TERRITORY",10
d1624f92aacadc65,"Tamsui Beach, Northern Taiwan, TAIWAN",Tamsui Beach,Northern Taiwan,TAIWAN,10
9fffe3a6deea8514,"Sai Noi Beach, Hua Hin, THAILAND",Sai Noi Beach,Hua Hin,THAILAND,10
da5ff8fe3caf699e,"Between 'Ata and Tongapatu, Tongapatu Group, TONGA",Between 'Ata and Tongapatu,Tongapatu Group,TONGA,10
ba23d1251f589d36,"French Cay, Caicos Bank, TURKS & CAICOS",French Cay,Caicos Bank,TURKS & CAICOS,10
30119f574d05f70b,"Blue Planet Aquarium, Ellesmere Port, Cheshire, UNITED KINGDOM","Blue Planet Aquarium, Ellesmere Port",Cheshire,UNITED KINGDOM,10
3643236ed2662142,"The Lizard, Cornwall, UNITED KINGDOM",The Lizard,Cornwall,UNITED KINGDOM,10
381b82800d92618f,"Bird Rock, Tomales Point, California, USA","Bird Rock, Tomales Point",California,USA,10
e9d2a0b9d84b852d,"Bodega Rock, Sonoma County, California, USA","Bodega Rock, Sonoma County",California,USA,10
d458c755638c1205,"Davenport Landing, Santa Cruz County, California, USA","Davenport Landing, Santa Cruz County",California,USA,10
8580b3deb6f9fc03,"Klamath River, Del Norte County, California, USA","Klamath River, Del Norte County",California,USA,10
a015ab2c1956a07f,"Linda Mar Beach, Pedro Point, California, USA","Linda Mar Beach, Pedro Point",California,USA,10
86d8bfda773fbe2e,"Malibu, Los Angeles County, California, USA","Malibu, Los Angeles County",California,USA,10
5ead1b9a9cf12394,"Marina State Beach, Monterey County, California, USA","Marina State Beach, Monterey County",California,USA,10
df4a1831d84fd0ec,"Mavericks, Half Moon Bay, California, USA","Mavericks, Half Moon Bay",California,USA,10
b7cb1feec89a46a9,"Mission Beach, San Diego County, California, USA","Mission Beach, San Diego County",California,USA,10
203d7b5f464d1af8,"Monastery Beach, Carmel Bay, California, USA","Monastery Beach, Carmel Bay",California,USA,10
9584ce57e4b98c4f,"Newport Beach, Orange County, California, USA","Newport Beach, Orange County",California,USA,10
a7eef7f3a464bbff,"Point Conception, Santa Barbara County, California, USA","Point Conception, Santa Barbara County",California,USA,10
5d4fe3d856fab05f,"Salmon Creek, Sonoma County, California, USA","Salmon Creek, Sonoma County",California,USA,10
677bf630d843b601,"San Diego, San Diego County, California, USA","San Diego, San Diego County",California,USA,10
29bb8d1a3bffe2d3,"Santa Catalina Island, Los Angeles County, California, USA","Santa Catalina Island, Los Angeles County",California,USA,10
4fa967989aa60fec,"Santa Cruz, Santa Cruz County, California, USA","Santa Cruz, Santa Cruz County",California,USA,10
87c274e30d60b156,"Solana Beach, San Diego County, California, USA","Solana Beach, San Diego County",California,USA,10
27c742d66ce5e422,"Southeast Farallon Island, Farallon Islands, California, USA","Southeast Farallon Island, Farallon Islands",California,USA,10
31dd65b1631842bd,"Stinson Beach, Marin County, California, USA","Stinson Beach, Marin County",California,USA,10
90eedcf5f088faf5,"Surf Beach, Lompoc, California, USA","Surf Beach, Lompoc",California,USA,10
8b53075d6af0ecfe,"Bethune Beach, south of New Smyrna Beach, Florida, USA","Bethune Beach, south of New Smyrna Beach",Florida,USA,10
7c1a2db693b23f32,"Boca Ciega Bay, Pinellas County, Florida, USA","Boca Ciega Bay, Pinellas County",Florida,USA,10
225c2e0f5dbca2e8,"Clearwater Beach, Pinellas County, Florida, USA","Clearwater Beach, Pinellas County",Florida,USA,10
a4d47e13cf729418,"Crescent Beach St. Johns County, Florida, USA",Crescent Beach St. Johns County,Florida,USA,10
391ccc18fffc9462,"Daytona Beach Shores, Florida, USA",Daytona Beach Shores,Florida,USA,10
60b1dc7164c20f2b,"Daytona, Volusia County, Florida, USA","Daytona, Volusia County",Florida,USA,10
70651ae880776100,"Delray Beach, Florida, USA",Delray Beach,Florida,USA,10
c58440080fc21da9,"Delray Beach, Palm Beach County, Florida, USA","Delray Beach, Palm Beach County",Florida,USA,10
ab27a60bb7bee8eb,"Destin, Okaloosa County, Florida, USA","Destin, Okaloosa County",Florida,USA,10
6b1d835e31914f72,"Elliot Key, Florida, USA",Elliot Key,Florida,USA,10
29cfd66ef34e8fe9,"Florida Straits, Florida, USA",Florida Straits,Florida,USA,10
3af0609816ce8a3b,"Fort Pierce, St Lucie County, Florida, USA","Fort Pierce, St Lucie County",Florida,USA,10
f6be9d42050cceb4,"Hanna Park, Jacksonville, Florida, USA","Hanna Park, Jacksonville",Florida,USA,10
29d886e0a016c1f6,"Haulover Beach, Miami-Dade County, Florida, USA","Haulover Beach, Miami-Dade County",Florida,USA,10
dabb4e38fd4a6a4b,"Hobe Sound, Palm Beach County, Florida, USA","Hobe Sound, Palm Beach County",Florida,USA,10
e355c48192bfed50,"Hollywood Beach, Broward County, Florida, USA","Hollywood Beach, Broward County",Florida,USA,10
6d77a4c91d530b23,"Jensen Beach Park, Martin County, Florida, USA","Jensen Beach Park, Martin County",Florida,USA,10
de0211147fcd6cdb,"Lauderdale-by-the-Sea, Broward County, Florida, USA","Lauderdale-by-the-Sea, Broward County",Florida,USA,10
d75de597099f73a2,"Loggerhead Park, Juno Beach, Florida, USA","Loggerhead Park, Juno Beach",Florida,USA,10
9f5c1f07a5500b2d,"Miami, Florida, USA",Miami,Florida,USA,10
40cff635efbcf161,"Municipal Beach, West Palm Beach, Florida, USA","Municipal Beach, West Palm Beach",Florida,USA,10
3724ac3ac9c49e94,"Near Key West, Florida, USA",Near Key West,Florida,USA,10
2ebe60ee0a4cb5ec,"Neptune Beach, Duval County, Florida, USA","Neptune Beach, Duval County",Florida,USA,10
dcba8252c07e4699,"New Smyrna Beach, Waveland, Florida, USA","New Smyrna Beach, Waveland",Florida,USA,10
728b898e59f792e3,"North Beach, St. Lucie County, Florida, USA","North Beach, St. Lucie County",Florida,USA,10
bc8025efe215b9f0,"North Jetty, Fort Pierce Inlet State Park, Florida, USA","North Jetty, Fort Pierce Inlet State Park",Florida,USA,10
2befb4ec5da46638,"Palm Beach Inlet, Palm Beach County, Florida, USA","Palm Beach Inlet, Palm Beach County",Florida,USA,10
0c45117d4b76d9ea,"Patrick Air Force Base, Brevard County, Florida, USA","Patrick Air Force Base, Brevard County",Florida,USA,10
03935d6f083823e2,"Pelican Beach Park, Satellite Beach, Florida, USA","Pelican Beach Park, Satellite Beach",Florida,USA,10
7d3261687662684f,"Pepper Park Beach, St. Lucie County, Florida, USA","Pepper Park Beach, St. Lucie County",Florida,USA,10
189b050167930149,"Ponte Vedra Beach, St. Johns County, Florida, USA","Ponte Vedra Beach, St. Johns County",Florida,USA,10
878071b17c6f80f8,"Round Island Park, Indian River County, Florida, USA","Round Island Park, Indian River County",Florida,USA,10
384b118b9c963b03,"Santa Maria Island, Manatee County, Florida, USA","Santa Maria Island, Manatee County",Florida,USA,10
5ef0fa9bd0d61b23,"Sarasota County, Florida, USA",Sarasota County,Florida,USA,10
2bac55fe22c8a559,"Sebastian Inlet, Brevard County, Florida, USA","Sebastian Inlet, Brevard County",Florida,USA,10
21c21c04d4161824,"Shell Island Panama City Beach, Bay County, Florida, USA","Shell Island Panama City Beach, Bay County",Florida,USA,10
160c139ac4a69232,"Smyrna Dunes Park, New Smyrna Beach, Florida, USA","Smyrna Dunes Park, New Smyrna Beach",Florida,USA,10
1c7917c93772ae86,"South of Ponce Inlet, New Smyrna Beach, Florida, USA","South of Ponce Inlet, New Smyrna Beach",Florida,USA,10
262f9664c01614a4,"South of Ponce Inlet, Volusia County, Florida, USA","South of Ponce Inlet, Volusia County",Florida,USA,10
98da9b291f317ae0,"South of Ponce de Leon Jetty, New Smyrna Beach, Florida, USA","South of Ponce de Leon Jetty, New Smyrna Beach",Florida,USA,10
c9b35964f3ef1abc,"St Augustine Beach, St Johns County, Florida, USA","St Augustine Beach, St Johns County",Florida,USA,10
d2df8d26942e6e5b,"St. Lucie County, Florida, USA",St. Lucie County,Florida,USA,10
a35a8be4ba01aee7,"Turtle Beach, Siesta Key, Florida, USA","Turtle Beach, Siesta Key",Florida,USA,10
568e785276e70f89,"Vilano Beach, St. Johns County, Florida, USA","Vilano Beach, St. Johns County",Florida,USA,10
ede51f1cadf8503c,"Waveland Beach, Hutchinson Island, Florida, USA","Waveland Beach, Hutchinson Island",Florida,USA,10
7fd0c17b29eddd1a,"Jekyll Island, Glynn County, Georgia, USA","Jekyll Island, Glynn County",Georgia,USA,10
760f7195b25b44d7,"Honokowai, Maui, Hawaii, USA","Honokowai, Maui",Hawaii,USA,10
f536bf80b6b2d2f9,"Ka'a'awa, Oahu, Hawaii, USA","Ka'a'awa, Oahu",Hawaii,USA,10
2380805912b9d5c1,"Kahana Beach, Maui, Hawaii, USA","Kahana Beach, Maui",Hawaii,USA,10
45a21be43333c728,"Kahului, Maui, Hawaii, USA","Kahului, Maui",Hawaii,USA,10
cbe1823e00cda164,"Kealia Beach, Kaua'i, Hawaii, USA","Kealia Beach, Kaua'i",Hawaii,USA,10
b7052f0e74b3c05f,"Keawakapu Beach, Maui, Hawaii, USA","Keawakapu Beach, Maui",Hawaii,USA,10
242cdffdbd20f487,"Lanai, Hawaii, USA",Lanai,Hawaii,USA,10
8e30dd5d49b7f8e6,"Leftovers, near Waimea Bay, Hawaii, USA","Leftovers, near Waimea Bay",Hawaii,USA,10
6f06e38ce3b49d0e,"Lyman Beach, Kailua-Kona, Hawaii, USA","Lyman Beach, Kailua-Kona",Hawaii,USA,10
e72a923699d4e034,"Maile Beach, O'ahu, Hawaii, USA","Maile Beach, O'ahu",Hawaii,USA,10
128bb3afb08c21f6,"Makena Landing, Maui, Hawaii, USA","Makena Landing, Maui",Hawaii,USA,10
4307bbfc3d4a781f,"Midway Island, Northwestern Hawaiian Islands, Hawaii, USA","Midway Island, Northwestern Hawaiian Islands",Hawaii,USA,10
e3e59f4c7d75fb7f,"Moloka'i, Hawaii, USA",Moloka'i,Hawaii,USA,10
661e6fb547ae4def,"Off Makapauu Point, O'ahu, Hawaii, USA","Off Makapauu Point, O'ahu",Hawaii,USA,10
4f62c6783a503879,"Paia Bay, Maui, Hawaii, USA","Paia Bay, Maui",Hawaii,USA,10
63d2d629d6eb56b7,"Paukukalo, Maui, Hawaii, USA","Paukukalo, Maui",Hawaii,USA,10
6869eec54a278c38,"Wailea Beach, Maui, Hawaii, USA","Wailea Beach, Maui",Hawaii,USA,10
2c1ac2102a6d9223,"White Plains Beach, Barbers Point, Hawaii, USA","White Plains Beach, Barbers Point",Hawaii,USA,10
b73c5ad6741a1196,"White Plains Beach, Oahu, Hawaii, USA","White Plains Beach, Oahu",Hawaii,USA,10
408da909359d4f01,"New Orleans, Louisiana, USA",New Orleans,Louisiana,USA,10
2a3dd1943ed1496e,"Matawan Creek, 10 miles from the sea, New Jersey, USA","Matawan Creek, 10 miles from the sea",New Jersey,USA,10
b8961366f1e52d5c,"Ocean City (offshore), New Jersey, USA",Ocean City (offshore),New Jersey,USA,10
91650af0f19dc917,"Ocean City, Cape May County, New Jersey, USA","Ocean City, Cape May County",New Jersey,USA,10
0121af5796735db1,"Sea Bright, Monmouth County, New Jersey, USA","Sea Bright, Monmouth County",New Jersey,USA,10
c9bb819b65c36423,"Sea Girt, Monmouth County, New Jersey, USA","Sea Girt, Monmouth County",New Jersey,USA,10
2c598cc5ce217316,"Atlantic Beach, Emerald Isle, North Carolina, USA","Atlantic Beach, Emerald Isle",North Carolina,USA,10
45b17a2910bae5c4,"Emerald Isle Pier (near Morehead City), Carteret County, North Carolina, USA","Emerald Isle Pier (near Morehead City), Carteret County",North Carolina,USA,10
e3d71788a0ff784a,"Ocracoke, Hyde County, North Carolina, USA","Ocracoke, Hyde County",North Carolina,USA,10
4d59dd0909978791,"Off Masonboro Island, New Hanover County, North Carolina, USA","Off Masonboro Island, New Hanover County",North Carolina,USA,10
33d2b4f1f1bf5689,"Topsail Island, Pender County, North Carolina, USA","Topsail Island, Pender County",North Carolina,USA,10
042b21c3b4413b20,"Indian Beach, Ecola State Park, Oregon, USA","Indian Beach, Ecola State Park",Oregon,USA,10
8523ffab746bf329,"San Juan, Puerto Rico, USA",San Juan,Puerto Rico,USA,10
36bd048519db2d0e,"Folly Beach, South Carolina, USA",Folly Beach,South Carolina,USA,10
b76b59e67ec75b95,"Fripp Island, Beaufort County, South Carolina, USA","Fripp Island, Beaufort County",South Carolina,USA,10
dadd2158e041c84c,"Off Charleston, South Carolina, USA",Off Charleston,South Carolina,USA,10
4bda051b010285b3,"Seabrook Beach, South Carolina, USA",Seabrook Beach,South Carolina,USA,10
3ac31fe951029b87,"St. Helena Island, Beaufort County, South Carolina, USA","St. Helena Island, Beaufort County",South Carolina,USA,10
56dc7caa56ee776c,"Galveston Island, Texas, USA",Galveston Island,Texas,USA,10
f2726887ce326484,"Isla Blanca Park, South Padre Island, Texas, USA","Isla Blanca Park, South Padre Island",Texas,USA,10
3e52eaa19e9204c9,"Mustang Island, Corpus Christi, Texas, USA","Mustang Island, Corpus Christi",Texas,USA,10
ca1e97a16b0d139e,"Mustang Island, Nueces County, Texas, USA","Mustang Island, Nueces County",Texas,USA,10
682e94b95fd74ae7,"Sargent Beach, Matagorda County, Texas, USA","Sargent Beach, Matagorda County",Texas,USA,10
f0554c065376e9fe,"South Padre Island, Cameron County, Texas, USA","South Padre Island, Cameron County",Texas,USA,10
5202e83740bfd1f1,"Exmouth, Western Australia, AUSTRALIA",Exmouth,Western Australia,AUSTRALIA,8
cc858cd9d119bcd8,"Praia da Marcela, São Marcos Bay, Maranhão, BRAZIL","Praia da Marcela, São Marcos Bay",Maranhão,BRAZIL,8
2d460b3737ce432c,"Piedade Beach, Jaboatão dos Guararapes City, Pernambuco, BRAZIL","Piedade Beach, Jaboatão dos Guararapes City",Pernambuco,BRAZIL,8
ec381aa44d04fb86,"Fernandina Beach, Nassau County, Florida, USA","Fernandina Beach, Nassau County",Florida,USA,8
7f25003fa0a1b942,"Yallingup, Western Australia, AUSTRALIA",Yallingup,Western Australia,AUSTRALIA,7
acc877b9d9428747,"Key Largo, Monroe County, Florida, USA","Key Largo, Monroe County",Florida,USA,7
1c62b1dd0aba6421,"Satellite Beach, Brevard County, Florida, USA","Satellite Beach, Brevard County",Florida,USA,7
ca477d18c058bf32,"Booti Booti National Park, New South Wales, AUSTRALIA",Booti Booti National Park,New South Wales,AUSTRALIA,6
d6c0045aa07c1b51,"Emerald Beach, New South Wales, AUSTRALIA",Emerald Beach,New South Wales,AUSTRALIA,6
5b95d5a87d20976c,"Kingscliffe Beach, south of Tweed Heads, New South Wales, AUSTRALIA","Kingscliffe Beach, south of Tweed Heads",New South Wales,AUSTRALIA,6
d2ca8358f37698a2,"Sydney Harbor, New South Wales, AUSTRALIA",Sydney Harbor,New South Wales,AUSTRALIA,6
233dfb80f7fc84e7,"Fitzroy Island, Queensland, AUSTRALIA",Fitzroy Island,Queensland,AUSTRALIA,6
8b402dfa6479ee58,"Gay’s Corner, Bulimba Reach of Brisbane River, Queensland, AUSTRALIA","Gay’s Corner, Bulimba Reach of Brisbane River",Queensland,AUSTRALIA,6
ad9144559da16729,"Green Island, Queensland, AUSTRALIA",Green Island,Queensland,AUSTRALIA,6
230d5decc20a6fb4,"Mooloolaba, Queensland, AUSTRALIA",Mooloolaba,Queensland,AUSTRALIA,6
efc22e0446c4bf7a,"Yorkey’s Knob Beach near Cairns, Queensland, AUSTRALIA",Yorkey’s Knob Beach near Cairns,Queensland,AUSTRALIA,6
e251d3c1d35334c4,"Kangaroo Island, South Australia, AUSTRALIA",Kangaroo Island,South Australia,AUSTRALIA,6
6657c9b341e5b69f,"Cheynes Beach, Western Australia, AUSTRALIA",Cheynes Beach,Western Australia,AUSTRALIA,6
3a23e175c89a9819,"City Beach, Perth, Western Australia, AUSTRALIA","City Beach, Perth",Western Australia,AUSTRALIA,6
f4d5945110f42f35,"Floreat Beach, Western Australia, AUSTRALIA",Floreat Beach,Western Australia,AUSTRALIA,6
af050cece30fa2e7,"Port Hedland, Western Australia, AUSTRALIA",Port Hedland,Western Australia,AUSTRALIA,6
83f526e295cf8400,"Port Kennedy Beach, Western Australia, AUSTRALIA",Port Kennedy Beach,Western Australia,AUSTRALIA,6
a65287a71e6c693a,"Wedge Island, Western Australia, AUSTRALIA",Wedge Island,Western Australia,AUSTRALIA,6
596da83345c10810,"Cat Island, BAHAMAS",Cat Island,,BAHAMAS,6
10bc2134561d7adf,"Balian Beach, Bali, INDONESIA",Balian Beach,Bali,INDONESIA,6
db086c92b28c1132,"Parry Island, Eniwetok Atoll, MARSHALL ISLANDS",Parry Island,Eniwetok Atoll,MARSHALL ISLANDS,6
6f5edcde22cff1db,"Nouville, NEW CALEDONIA",Nouville,,NEW CALEDONIA,6
0a4cf8fa7702a11d,"Papamoa Beach, Bay of Plenty, North Island, NEW ZEALAND","Papamoa Beach, Bay of Plenty",North Island,NEW ZEALAND,6
f90c4d132f862d02,"Taranaki, North Island, NEW ZEALAND",Taranaki,North Island,NEW ZEALAND,6
df146adfdb8be692,"Ravine Mula, d’Étang-Salé, REUNION",Ravine Mula,d’Étang-Salé,REUNION,6
777301ded3bc968c,"East Beach, Port Alfred, Eastern Cape Province, SOUTH AFRICA","East Beach, Port Alfred",Eastern Cape Province,SOUTH AFRICA,6
97725a12f93c00ea,"Jeffrey’s Bay, Eastern Cape Province, SOUTH AFRICA",Jeffrey’s Bay,Eastern Cape Province,SOUTH AFRICA,6
26c263fafb1de306,"Kidd’s Beach, Eastern Cape Province, SOUTH AFRICA",Kidd’s Beach,Eastern Cape Province,SOUTH AFRICA,6
f4937c57e4d16a9d,"King’s Beach, Eastern Cape Province, SOUTH AFRICA",King’s Beach,Eastern Cape Province,SOUTH AFRICA,6
2e3541c167b2e73d,"Aliwal Shoal, KwaZulu-Natal, SOUTH AFRICA",Aliwal Shoal,KwaZulu-Natal,SOUTH AFRICA,6
f99b4594bdad86a7,"Island Rock, KwaZulu-Natal, SOUTH AFRICA",Island Rock,KwaZulu-Natal,SOUTH AFRICA,6
52068b8990fc8188,"Gordon’s Bay, Western Cape Province, SOUTH AFRICA",Gordon’s Bay,Western Cape Province,SOUTH AFRICA,6
292902f947071f7a,"Miller's Point, Western Cape Province, SOUTH AFRICA",Miller's Point,Western Cape Province,SOUTH AFRICA,6
fda3d49b87e96c48,"Latigo Point, Paradise Cove, California, USA","Latigo Point, Paradise Cove",California,USA,6
8d97352c8650ae08,"North Salmon Creek Beach, Sonoma County, California, USA","North Salmon Creek Beach, Sonoma County",California,USA,6
61a93987d1f49677,"Pacific Grove, Monterey County, California, USA","Pacific Grove, Monterey County",California,USA,6
d254012a833082a8,"Pleasure Point, Santa Cruz County, California, USA","Pleasure Point, Santa Cruz County",California,USA,6
00b54303312a50f0,"Salmon Creek Beach, Sonoma County, California, USA","Salmon Creek Beach, Sonoma County",California,USA,6
ff8338e629742487,"Shelter Cove, Humboldt County, California, USA","Shelter Cove, Humboldt County",California,USA,6
3c44809f21d51814,"Sunset Cliffs, San Diego, California, USA","Sunset Cliffs, San Diego",California,USA,6
3f3d6821df929bc8,"Amelia Island, Nassau County, Florida, USA","Amelia Island, Nassau County",Florida,USA,6
91c16cb277a19587,"Fort Pierce Inlet, St Lucie County, Florida, USA","Fort Pierce Inlet, St Lucie County",Florida,USA,6
43a2768c5c3e5640,"Key Biscayne, Florida, USA",Key Biscayne,Florida,USA,6
c4798c5b98defa22,"Lake Worth Beach, Palm Beach County, Florida, USA","Lake Worth Beach, Palm Beach County",Florida,USA,6
672aad20e078b978,"St Augustine, St Johns County, Florida, USA","St Augustine, St Johns County",Florida,USA,6
07f7ee80f4abbcb1,"Summerland Key, Monroe County, Florida, USA","Summerland Key, Monroe County",Florida,USA,6
47bf11f172f87017,"Barber’s Point, O'ahu, Hawaii, USA","Barber’s Point, O'ahu",Hawaii,USA,6
f479ab44476ac330,"Lahaina, Maui, Hawaii, USA","Lahaina, Maui",Hawaii,USA,6
731abf7afb5ea600,"Makena, Maui, Hawaii, USA","Makena, Maui",Hawaii,USA,6
f3c6b01414633eb5,"O'ahu, Hawaii, USA",O'ahu,Hawaii,USA,6
5bc83a6439028997,"Lake Pontchartrain, Louisiana, USA",Lake Pontchartrain,Louisiana,USA,6
503627ba8417a42d,"Horn Island, Mississippi, USA",Horn Island,Mississippi,USA,6
c8247878dab3791c,"Rockaway, New York, USA",Rockaway,New York,USA,6
4c9571850e204843,"Sheepshead Bay, Brooklyn, New York, USA","Sheepshead Bay, Brooklyn",New York,USA,6
e447dad0763c909f,"Atlantic Beach, Carteret County, North Carolina, USA","Atlantic Beach, Carteret County",North Carolina,USA,6
14dccb09d3ae4531,"Salvo, Dare County, North Carolina, USA","Salvo, Dare County",North Carolina,USA,6
b829081a2833d975,"Sunset Beach, Brunswick County, North Carolina, USA","Sunset Beach, Brunswick County",North Carolina,USA,6
d9f4b1240b2e440c,"Cape Kiwanda, Tillamook County, Oregon, USA","Cape Kiwanda, Tillamook County",Oregon,USA,6
eccf81b4e30f1c9b,"Burkes Beach, Hilton Head, South Carolina, USA","Burkes Beach, Hilton Head",South Carolina,USA,6
f396e1fe9a3045f0,"Myrtle Beach, South Carolina, USA",Myrtle Beach,South Carolina,USA,6
53a1d111e5d1bfc7,225 miles east of Hong Kong,225 miles east of Hong Kong,,,5
4e41ad736fc7bc71,Florida Strait,Florida Strait,,,5
ae9cc4877853845c,"Geyser Bank, Between Comores & Madagascar",Geyser Bank,Between Comores & Madagascar,,5
d1bd36fa74f121de,"Sisi (west coast of island), Manus Island, ADMIRALTY ISLANDS",Sisi (west coast of island),Manus Island,ADMIRALTY ISLANDS,5
e693a0f48469fb1e,"Near tuna cannery in Pago Pago Harbor, Tutuila Island, AMERICAN SAMOA",Near tuna cannery in Pago Pago Harbor,Tutuila Island,AMERICAN SAMOA,5
4b34efe8d56837d2,"Pago Pago Bay, Tutuila Island, AMERICAN SAMOA",Pago Pago Bay,Tutuila Island,AMERICAN SAMOA,5
7b15287224a0de4d,"Van Camp wharf, Tutuila Island, AMERICAN SAMOA",Van Camp wharf,Tutuila Island,AMERICAN SAMOA,5
3079acea4f61d133,"Miramar Beach, 46 km south of Mar de Plata, Buenos Aires Province, ARGENTINA","Miramar Beach, 46 km south of Mar de Plata",Buenos Aires Province,ARGENTINA,5
37168e42259b8ff0,"Boat capsized, ARUBA",Boat capsized,,ARUBA,5
1bcd83ec14295747,"360 miles north of Ascension Island, ATLANTIC OCEAN",360 miles north of Ascension Island,,ATLANTIC OCEAN,5
6090483608b1ce8c,"East of La Grande Island, North of Panama Canal, 9.35N 79.35W, ATLANTIC OCEAN","East of La Grande Island, North of Panama Canal",9.35N 79.35W,ATLANTIC OCEAN,5
30ccc8d428ffe290,"7 miles offshore on east coast of Australia, AUSTRALIA",7 miles offshore on east coast of Australia,,AUSTRALIA,5
12c9d5b35352994e,"Aquarium, AUSTRALIA",Aquarium,,AUSTRALIA,5
fea9b67f6ad32d7f,"1.5 miles off shore, New South Wales, AUSTRALIA",1.5 miles off shore,New South Wales,AUSTRALIA,5
85b5648a154dba56,"10 miles off Nambucca Heads onboard trawler, New South Wales, AUSTRALIA",10 miles off Nambucca Heads onboard trawler,New South Wales,AUSTRALIA,5
cb00b76795bbd3f7,"15 miles up the Cataract River, New South Wales, AUSTRALIA",15 miles up the Cataract River,New South Wales,AUSTRALIA,5
078c6f66d4a09fbf,"20 miles off Sydney, New South Wales, AUSTRALIA",20 miles off Sydney,New South Wales,AUSTRALIA,5
5463dc77ac93855f,"5 miles south of Sussex Inlet at mouth of Berara Lake, New South Wales, AUSTRALIA",5 miles south of Sussex Inlet at mouth of Berara Lake,New South Wales,AUSTRALIA,5
330dec326d37ab48,"Angourie, New South Wales, AUSTRALIA",Angourie,New South Wales,AUSTRALIA,5
a475896166327257,"Angourie, near Yamba, New South Wales, AUSTRALIA","Angourie, near Yamba",New South Wales,AUSTRALIA,5
3d7f282f6b236381,"Arakoon's Little Bay, New South Wales, AUSTRALIA",Arakoon's Little Bay,New South Wales,AUSTRALIA,5
f9b3f70d7d83481a,"Arrawarra Headland, New South Wales, AUSTRALIA",Arrawarra Headland,New South Wales,AUSTRALIA,5
4a224866a5bf404f,"Austinmer, New South Wales, AUSTRALIA",Austinmer,New South Wales,AUSTRALIA,5
53ea409009f4b4a0,"Avalon Beach, New South Wales, AUSTRALIA",Avalon Beach,New South Wales,AUSTRALIA,5
027533da6f60a20b,"Bantry Bay, near Ironstone Point, New South Wales, AUSTRALIA","Bantry Bay, near Ironstone Point",New South Wales,AUSTRALIA,5
d34bc68ee436cf59,"Bass Point, New South Wales, AUSTRALIA",Bass Point,New South Wales,AUSTRALIA,5
36d1a415c74123f9,"Bateman's Bay, New South Wales, AUSTRALIA",Bateman's Bay,New South Wales,AUSTRALIA,5
8738e2291de8c945,"Beecroft Head, New South Wales, AUSTRALIA",Beecroft Head,New South Wales,AUSTRALIA,5
da02f9a199340855,"Bellambi, New South Wales, AUSTRALIA",Bellambi,New South Wales,AUSTRALIA,5
8ebc43455702eb30,"Bellingen, New South Wales, AUSTRALIA",Bellingen,New South Wales,AUSTRALIA,5
1fb8843e4d569b7d,"Belongil Beach, Byron Bay, New South Wales, AUSTRALIA","Belongil Beach, Byron Bay",New South Wales,AUSTRALIA,5
f5515cdb7fed722a,"Bermagui, New South Wales, AUSTRALIA",Bermagui,New South Wales,AUSTRALIA,5
55ac562fe9794ec3,"Berry's Bay, Sydney Harbour, New South Wales, AUSTRALIA","Berry's Bay, Sydney Harbour",New South Wales,AUSTRALIA,5
a81c689895cd7ca3,"Between Dee Why and Long Reef, New South Wales, AUSTRALIA",Between Dee Why and Long Reef,New South Wales,AUSTRALIA,5
95e4d25743b41520,"Bherwerre Beach, New South Wales, AUSTRALIA",Bherwerre Beach,New South Wales,AUSTRALIA,5
239cfc24fa5237b0,"Birubi Point, New South Wales, AUSTRALIA",Birubi Point,New South Wales,AUSTRALIA,5
6d6b31b51c8e7c6e,"Black Head, south of Taree, New South Wales, AUSTRALIA","Black Head, south of Taree",New South Wales,AUSTRALIA,5
fb5ae0ab43dcc4df,"Blue Bay, New South Wales, AUSTRALIA",Blue Bay,New South Wales,AUSTRALIA,5
3da56c71a3ae7ed6,"Boat Harbour, north of Cronulla, New South Wales, AUSTRALIA","Boat Harbour, north of Cronulla",New South Wales,AUSTRALIA,5
3eb865cb808d63d2,"Bombo Beach, New South Wales, AUSTRALIA",Bombo Beach,New South Wales,AUSTRALIA,5
72e5b184154ed7af,"Bondi, Sydney, New South Wales, AUSTRALIA","Bondi, Sydney",New South Wales,AUSTRALIA,5
a142d01e9b04f970,"Botany Bay, New South Wales, AUSTRALIA",Botany Bay,New South Wales,AUSTRALIA,5
2bf946056e964351,"Botany Bay, Sydney, New South Wales, AUSTRALIA","Botany Bay, Sydney",New South Wales,AUSTRALIA,5
1feedbfa60033d96,"Bradleys Head, Sydney, New South Wales, AUSTRALIA","Bradleys Head, Sydney",New South Wales,AUSTRALIA,5
10b0ad2f02419884,"Broken Head Beach, New South Wales, AUSTRALIA",Broken Head Beach,New South Wales,AUSTRALIA,5
05fdb53d6e6cc1ab,"Bronte, New South Wales, AUSTRALIA",Bronte,New South Wales,AUSTRALIA,5
6e627e7297abbedf,"Broome Head, New South Wales, AUSTRALIA",Broome Head,New South Wales,AUSTRALIA,5
cbc944c2510f32ec,"Broughton Island, New South Wales, AUSTRALIA",Broughton Island,New South Wales,AUSTRALIA,5
605a400ab2b70342,"Bushrangers Pass at Bass Point, New South Wales, AUSTRALIA",Bushrangers Pass at Bass Point,New South Wales,AUSTRALIA,5
57f10869f096d8aa,"Cape Howe, New South Wales, AUSTRALIA",Cape Howe,New South Wales,AUSTRALIA,5
8a3338949fc29b0a,"Cave at Shell Harbour, New South Wales, AUSTRALIA",Cave at Shell Harbour,New South Wales,AUSTRALIA,5
322e16cd66858fae,"Caves Beach, New South Wales, AUSTRALIA",Caves Beach,New South Wales,AUSTRALIA,5
bd954168bfb99b9b,"Cellito Beach, New South Wales, AUSTRALIA",Cellito Beach,New South Wales,AUSTRALIA,5
fc6b5104fa6cb1ca,"Charles Street Wharf, Parramatta River, New South Wales, AUSTRALIA","Charles Street Wharf, Parramatta River",New South Wales,AUSTRALIA,5
b4e14a9be6e46d7a,"Clarence Head, New South Wales, AUSTRALIA",Clarence Head,New South Wales,AUSTRALIA,5
08772a6ce7a91f97,"Clark Island, Sydney Harbour, New South Wales, AUSTRALIA","Clark Island, Sydney Harbour",New South Wales,AUSTRALIA,5
723d5f25a23cebcc,"Clarkes Beach, Byron Bay, New South Wales, AUSTRALIA","Clarkes Beach, Byron Bay",New South Wales,AUSTRALIA,5
d955a98621f0ffb0,"Clarks Beach, Byron Bay, New South Wales, AUSTRALIA","Clarks Beach, Byron Bay",New South Wales,AUSTRALIA,5
eea513372996ec31,"Coffee Head, New South Wales, AUSTRALIA",Coffee Head,New South Wales,AUSTRALIA,5
cbbd06870c35fcca,"Coledale Beach, New South Wales, AUSTRALIA",Coledale Beach,New South Wales,AUSTRALIA,5
03fb39a20fe7a4be,"Collaroy, New South Wales, AUSTRALIA",Collaroy,New South Wales,AUSTRALIA,5
bc7f2ca92b7e29a2,"Coogee Bay, near Sydney, New South Wales, AUSTRALIA","Coogee Bay, near Sydney",New South Wales,AUSTRALIA,5
83edaca2286d9db5,"Cook Island, New South Wales, AUSTRALIA",Cook Island,New South Wales,AUSTRALIA,5
b7a3ccc545123aaf,"Cooks Hill, Newcastle, New South Wales, AUSTRALIA","Cooks Hill, Newcastle",New South Wales,AUSTRALIA,5
d9fe0d7730be62cc,"Cronulla, near Sydney, New South Wales, AUSTRALIA","Cronulla, near Sydney",New South Wales,AUSTRALIA,5
aef28218e24e419d,"Crookhaven, New South Wales, AUSTRALIA",Crookhaven,New South Wales,AUSTRALIA,5
9d30ff4f5665eec8,"Curl Curl, New South Wales, AUSTRALIA",Curl Curl,New South Wales,AUSTRALIA,5
664dc45aa1aaaa23,"Dee Why, north of Queenscliff, New South Wales, AUSTRALIA","Dee Why, north of Queenscliff",New South Wales,AUSTRALIA,5
74926cffc78fba00,"Egg Rock, Middle Harbor, New South Wales, AUSTRALIA","Egg Rock, Middle Harbor",New South Wales,AUSTRALIA,5
e3048af751c4a1e2,"Eight-mile reef off Port Kembla, New South Wales, AUSTRALIA",Eight-mile reef off Port Kembla,New South Wales,AUSTRALIA,5
ebed05be75fd7c02,"Fairy Bower, New South Wales, AUSTRALIA",Fairy Bower,New South Wales,AUSTRALIA,5
09c2bd9170939290,"Fairy Bower, near North Steyne, New South Wales, AUSTRALIA","Fairy Bower, near North Steyne",New South Wales,AUSTRALIA,5
d1f14140dfef4baf,"Fig Tree Bridge, Lane Cove River, New South Wales, AUSTRALIA","Fig Tree Bridge, Lane Cove River",New South Wales,AUSTRALIA,5
db0c6218b54067af,"Fingal Bay, New South Wales, AUSTRALIA",Fingal Bay,New South Wales,AUSTRALIA,5
8d7d82ce6fb1c6cb,"Fingal Beach, New South Wales, AUSTRALIA",Fingal Beach,New South Wales,AUSTRALIA,5
aace103c041c7c10,"First Beach, Forster, New South Wales, AUSTRALIA","First Beach, Forster",New South Wales,AUSTRALIA,5
09b2d491b71dde4a,"First Sun Beach, Byron Bay, New South Wales, AUSTRALIA","First Sun Beach, Byron Bay",New South Wales,AUSTRALIA,5
f3bbcba5e5139997,"Flat Rock, New South Wales, AUSTRALIA",Flat Rock,New South Wales,AUSTRALIA,5
d508b4ef328d2e4e,"Flat Rock Beach, Lennox Head, New South Wales, AUSTRALIA","Flat Rock Beach, Lennox Head",New South Wales,AUSTRALIA,5
ac2f8dc8edd89b6c,"Flat Rock, Ballina, New South Wales, AUSTRALIA","Flat Rock, Ballina",New South Wales,AUSTRALIA,5
bc1e40b626c01d93,"Flat Rock, Yamba, New South Wales, AUSTRALIA","Flat Rock, Yamba",New South Wales,AUSTRALIA,5
354336e26aea37b3,"Fraser's Reef, New South Wales, AUSTRALIA",Fraser's Reef,New South Wales,AUSTRALIA,5
c7dbbfa925721dcc,"Garden Island, Sydney, New South Wales, AUSTRALIA","Garden Island, Sydney",New South Wales,AUSTRALIA,5
7c6a1a8d351d21a5,"Garden Point, Woolloomooloo Sydney Harbour, New South Wales, AUSTRALIA","Garden Point, Woolloomooloo Sydney Harbour",New South Wales,AUSTRALIA,5
5894153c34851e83,"Gerringong, New South Wales, AUSTRALIA",Gerringong,New South Wales,AUSTRALIA,5
260101cfcfcff056,"Green Island, New South Wales, AUSTRALIA",Green Island,New South Wales,AUSTRALIA,5
5466ca148a053549,"Half Tide Beach, Evans Head, New South Wales, AUSTRALIA","Half Tide Beach, Evans Head",New South Wales,AUSTRALIA,5
7e924b130fd13799,"Hallidays Point, New South Wales, AUSTRALIA",Hallidays Point,New South Wales,AUSTRALIA,5
e0704103ce3a587c,"Hams Beach, New South Wales, AUSTRALIA",Hams Beach,New South Wales,AUSTRALIA,5
5cf077566beeb03d,"Hawkesbury River, New South Wales, AUSTRALIA",Hawkesbury River,New South Wales,AUSTRALIA,5
f2f229626d6d3e65,"Hawks Nest Beach, New South Wales, AUSTRALIA",Hawks Nest Beach,New South Wales,AUSTRALIA,5
cab165385ab7c988,"Homebush Bay, Parramatta River, New South Wales, AUSTRALIA","Homebush Bay, Parramatta River",New South Wales,AUSTRALIA,5
108ea63e7c44489e,"Honeysuckle Point, Eden, New South Wales, AUSTRALIA","Honeysuckle Point, Eden",New South Wales,AUSTRALIA,5
1bdb7e25cb5421e5,"Horseshoe Bay, New South Wales, AUSTRALIA",Horseshoe Bay,New South Wales,AUSTRALIA,5
51c390d33fe0c44f,"Horseshoe Bay, near Kempsey, New South Wales, AUSTRALIA","Horseshoe Bay, near Kempsey",New South Wales,AUSTRALIA,5
3fe8bbdfbdf6f9be,"Iluka Beach, New South Wales, AUSTRALIA",Iluka Beach,New South Wales,AUSTRALIA,5
86c009e802ffb3f1,"Iron Cove, Sydney, New South Wales, AUSTRALIA","Iron Cove, Sydney",New South Wales,AUSTRALIA,5
5050334e51c785af,"Jimmy's Beach, New South Wales, AUSTRALIA",Jimmy's Beach,New South Wales,AUSTRALIA,5
ceddafd0cfbeebca,"Jimmys Beach, Port Stephens, New South Wales, AUSTRALIA","Jimmys Beach, Port Stephens",New South Wales,AUSTRALIA,5
1d57c7b1e72b079d,"Just below Roseville Bridge, opposite Killarney picnic reserve, New South Wales, AUSTRALIA","Just below Roseville Bridge, opposite Killarney picnic reserve",New South Wales,AUSTRALIA,5
d9bef061ecac2140,"Just north of Fingal Spit, New South Wales, AUSTRALIA",Just north of Fingal Spit,New South Wales,AUSTRALIA,5
571fe75c20927665,"Kerosene Bay, New South Wales, AUSTRALIA",Kerosene Bay,New South Wales,AUSTRALIA,5
261e3bdd5f6ad747,"Kiah Creek, Eden, New South Wales, AUSTRALIA","Kiah Creek, Eden",New South Wales,AUSTRALIA,5
2979686d482541ee,"Kiama, New South Wales, AUSTRALIA",Kiama,New South Wales,AUSTRALIA,5
a9976f70d1079c1a,"Kingscliff, New South Wales, AUSTRALIA",Kingscliff,New South Wales,AUSTRALIA,5
5a17f62123055eb4,"Kurnell, Botany Bay, New South Wales, AUSTRALIA","Kurnell, Botany Bay",New South Wales,AUSTRALIA,5
e534dde27e4bb332,"Kylie's Beach, Diamond Head, New South Wales, AUSTRALIA","Kylie's Beach, Diamond Head",New South Wales,AUSTRALIA,5
5ca83d8e92d72096,"Lake Conjola, near Milton, New South Wales, AUSTRALIA","Lake Conjola, near Milton",New South Wales,AUSTRALIA,5
b2f7b10defed3cbc,"Latitude Reef, near Forster, New South Wales, AUSTRALIA","Latitude Reef, near Forster",New South Wales,AUSTRALIA,5
8847f325b8aed41c,"Leichardt, Sydney, New South Wales, AUSTRALIA","Leichardt, Sydney",New South Wales,AUSTRALIA,5
d5af75f13afb77e1,"Lennox Heads, New South Wales, AUSTRALIA",Lennox Heads,New South Wales,AUSTRALIA,5
c4422324b0f0a7d4,"Lighthouse Beach, Seal Rocks, New South Wales, AUSTRALIA","Lighthouse Beach, Seal Rocks",New South Wales,AUSTRALIA,5
c4a3fd75f8a78db7,"Lismore, New South Wales, AUSTRALIA",Lismore,New South Wales,AUSTRALIA,5
2595c07dfcb16421,"Little Congwong Beach, La Perouse, New South Wales, AUSTRALIA","Little Congwong Beach, La Perouse",New South Wales,AUSTRALIA,5
6ce4c2b466c9a23f,"Long Reef, Collaroy, New South Wales, AUSTRALIA","Long Reef, Collaroy",New South Wales,AUSTRALIA,5
111767ca32056603,"Long Reef, North Manly, New South Wales, AUSTRALIA","Long Reef, North Manly",New South Wales,AUSTRALIA,5
06879b8109a25151,"Long Reef, north of Sydney, New South Wales, AUSTRALIA","Long Reef, north of Sydney",New South Wales,AUSTRALIA,5
6400ab5748664248,"Lord Howe Island, New South Wales, AUSTRALIA",Lord Howe Island,New South Wales,AUSTRALIA,5
b5e99f97ade7b31b,"Manley Beach, New South Wales, AUSTRALIA",Manley Beach,New South Wales,AUSTRALIA,5
379c24b100c74aee,"Manly Marineland, Sydney, New South Wales, AUSTRALIA","Manly Marineland, Sydney",New South Wales,AUSTRALIA,5
63ea67b70cd7e897,"Marineland Aquarium, Manley, New South Wales, AUSTRALIA","Marineland Aquarium, Manley",New South Wales,AUSTRALIA,5
bf508e414f94174c,"Maroubra Bay, New South Wales, AUSTRALIA",Maroubra Bay,New South Wales,AUSTRALIA,5
b65e385ae280713c,"Martin Islet, New South Wales, AUSTRALIA",Martin Islet,New South Wales,AUSTRALIA,5
f2d4df545d3ec54d,"McKenzies Beach, New South Wales, AUSTRALIA",McKenzies Beach,New South Wales,AUSTRALIA,5
b841dce7e7c4c440,"McMasters Beach, Central Coast, New South Wales, AUSTRALIA","McMasters Beach, Central Coast",New South Wales,AUSTRALIA,5
5a55ef798d249f2d,"Merewether Beach, near Newcastle, New South Wales, AUSTRALIA","Merewether Beach, near Newcastle",New South Wales,AUSTRALIA,5
73110741a6488a18,"Merimbula, New South Wales, AUSTRALIA",Merimbula,New South Wales,AUSTRALIA,5
8866dea98038cc65,"Middle Harbour, Sugarloaf Bay, New South Wales, AUSTRALIA","Middle Harbour, Sugarloaf Bay",New South Wales,AUSTRALIA,5
5aac58753e99d145,"Mollymook Beach, Bannister Head, New South Wales, AUSTRALIA","Mollymook Beach, Bannister Head",New South Wales,AUSTRALIA,5
1d025bd08b9214dd,"Mona Vale Beach, Sydney, New South Wales, AUSTRALIA","Mona Vale Beach, Sydney",New South Wales,AUSTRALIA,5
c5952d2061f51733,"Moonee Beach, New South Wales, AUSTRALIA",Moonee Beach,New South Wales,AUSTRALIA,5
5e4cfc06cca1c513,"Mowarry Point, New South Wales, AUSTRALIA",Mowarry Point,New South Wales,AUSTRALIA,5
93dd6d67b96a53ef,"Mullaway Headland, New South Wales, AUSTRALIA",Mullaway Headland,New South Wales,AUSTRALIA,5
19e05ee2bb411651,"Murwillumbah, Tweed River, New South Wales, AUSTRALIA","Murwillumbah, Tweed River",New South Wales,AUSTRALIA,5
ab1610983aacadc6,"Nambucca River Entrance, New South Wales, AUSTRALIA",Nambucca River Entrance,New South Wales,AUSTRALIA,5
0fbc8503a4fc63f6,"Near Asbestos Works, Camellia, New South Wales, AUSTRALIA","Near Asbestos Works, Camellia",New South Wales,AUSTRALIA,5
aa1ab623ea30cc75,"Near Bondi Beach, New South Wales, AUSTRALIA",Near Bondi Beach,New South Wales,AUSTRALIA,5
e407c5a8d5eeedc1,"Ned's Beach, Lord Howe Island, New South Wales, AUSTRALIA","Ned's Beach, Lord Howe Island",New South Wales,AUSTRALIA,5
7160e1cb4afe2e3e,"Nelson's Bay, New South Wales, AUSTRALIA",Nelson's Bay,New South Wales,AUSTRALIA,5
f9bb1782f804df78,"Norah Head, New South Wales, AUSTRALIA",Norah Head,New South Wales,AUSTRALIA,5
c034c886ae8031a0,"Noraville, New South Wales, AUSTRALIA",Noraville,New South Wales,AUSTRALIA,5
7c9d7b32e6f83c31,"North Avoca Beach, New South Wales, AUSTRALIA",North Avoca Beach,New South Wales,AUSTRALIA,5
1a87f849503c67cb,"North Beach, Belligen River, New South Wales, AUSTRALIA","North Beach, Belligen River",New South Wales,AUSTRALIA,5
47f8fd19fc53c797,"North Cronulla Beach, New South Wales, AUSTRALIA",North Cronulla Beach,New South Wales,AUSTRALIA,5
d5f601b1039866fd,"North Narrabeen Beach, New South Wales, AUSTRALIA",North Narrabeen Beach,New South Wales,AUSTRALIA,5
cebb70679af9df16,"North Shelly Beach, New South Wales, AUSTRALIA",North Shelly Beach,New South Wales,AUSTRALIA,5
79221d0ac4a06dfa,"North Solitary Island, 8 miles from Wolli, New South Wales, AUSTRALIA","North Solitary Island, 8 miles from Wolli",New South Wales,AUSTRALIA,5
4ae6e4bfb8e8ae74,"North Steyne, New South Wales, AUSTRALIA",North Steyne,New South Wales,AUSTRALIA,5
bf49b226fe0bbea3,"Oceanworld, Manley, New South Wales, AUSTRALIA","Oceanworld, Manley",New South Wales,AUSTRALIA,5
3e9127ace31a4f8c,"Off Ben Buckler, near Sydney, New South Wales, AUSTRALIA","Off Ben Buckler, near Sydney",New South Wales,AUSTRALIA,5
e4d979152d2573fc,"Off Blacksmith Beach, New South Wales, AUSTRALIA",Off Blacksmith Beach,New South Wales,AUSTRALIA,5
46a95c8424f22403,"Off Broughton Island near Port Stephens, New South Wales, AUSTRALIA",Off Broughton Island near Port Stephens,New South Wales,AUSTRALIA,5
2f489554a766bd0b,"Off Kisma, New South Wales, AUSTRALIA",Off Kisma,New South Wales,AUSTRALIA,5
75850f4cd92c18f8,"Off Mooloolabah, New South Wales, AUSTRALIA",Off Mooloolabah,New South Wales,AUSTRALIA,5
7431a2919c6315b8,"Off Scotts, New South Wales, AUSTRALIA",Off Scotts,New South Wales,AUSTRALIA,5
6f2fc5a174457183,"Otford, New South Wales, AUSTRALIA",Otford,New South Wales,AUSTRALIA,5
673bccfca0228c65,"Palm Beach, New South Wales, AUSTRALIA",Palm Beach,New South Wales,AUSTRALIA,5
0067fb780fadac88,"Paramatta River, New South Wales, AUSTRALIA",Paramatta River,New South Wales,AUSTRALIA,5
a204637e8d1d33c3,"Paramatta River (near Sydney), New South Wales, AUSTRALIA",Paramatta River (near Sydney),New South Wales,AUSTRALIA,5
4b2e5be34fd8b101,"Park Beach, Coff's Harbour, New South Wales, AUSTRALIA","Park Beach, Coff's Harbour",New South Wales,AUSTRALIA,5
7cebfe1f3002829c,"Parramata River, New South Wales, AUSTRALIA",Parramata River,New South Wales,AUSTRALIA,5
4aa834241b9e3c9b,"Pelican Island, Macleay River, New South Wales, AUSTRALIA","Pelican Island, Macleay River",New South Wales,AUSTRALIA,5
8027c303518235c9,"Point Plomer, New South Wales, AUSTRALIA",Point Plomer,New South Wales,AUSTRALIA,5
d020aaed3155e506,"Porpoise Pool, Tweed Heads, New South Wales, AUSTRALIA","Porpoise Pool, Tweed Heads",New South Wales,AUSTRALIA,5
96a15d4eb460d11d,"Port Jervis, New South Wales, AUSTRALIA",Port Jervis,New South Wales,AUSTRALIA,5
4b9f5301a9cf12d5,"Queenscliff, New South Wales, AUSTRALIA",Queenscliff,New South Wales,AUSTRALIA,5
cc5fa88ba7d52013,"Queenscliff, Sydney, New South Wales, AUSTRALIA","Queenscliff, Sydney",New South Wales,AUSTRALIA,5
8378b152919a343b,"Redhead Beach, New South Wales, AUSTRALIA",Redhead Beach,New South Wales,AUSTRALIA,5
d485c9789d981ee4,"Sailor Bay, Middle Harbour, New South Wales, AUSTRALIA","Sailor Bay, Middle Harbour",New South Wales,AUSTRALIA,5
4e14c514909dd794,"Saltwater Beach, New South Wales, AUSTRALIA",Saltwater Beach,New South Wales,AUSTRALIA,5
e2f916012db8b5da,"Sandbar Beach, New South Wales, AUSTRALIA",Sandbar Beach,New South Wales,AUSTRALIA,5
e3c134ed88b66c14,"Sandon, New South Wales, AUSTRALIA",Sandon,New South Wales,AUSTRALIA,5
4f42303697d01a6a,"Scotts Head, New South Wales, AUSTRALIA",Scotts Head,New South Wales,AUSTRALIA,5
31d1a91bdac96a04,"Seal Rocks, New South Wales, AUSTRALIA",Seal Rocks,New South Wales,AUSTRALIA,5
c0c370fafb2a7b43,"Seal Rocks, north of Newcastle, New South Wales, AUSTRALIA","Seal Rocks, north of Newcastle",New South Wales,AUSTRALIA,5
e26c5948be057e50,"Seaspray, near Sale, New South Wales, AUSTRALIA","Seaspray, near Sale",New South Wales,AUSTRALIA,5
2286e1884c17fbd3,"Seven Mile Beach, Byron Bay, New South Wales, AUSTRALIA","Seven Mile Beach, Byron Bay",New South Wales,AUSTRALIA,5
651690485aefafe0,"Shelly Beach, Crescent Head, New South Wales, AUSTRALIA","Shelly Beach, Crescent Head",New South Wales,AUSTRALIA,5
65e16fb9d28dd186,"Smiths, New South Wales, AUSTRALIA",Smiths,New South Wales,AUSTRALIA,5
c967b054c4feecc3,"Smokey Cape, New South Wales, AUSTRALIA",Smokey Cape,New South Wales,AUSTRALIA,5
95f9d8d5f98a81f8,"South Broulee, New South Wales, AUSTRALIA",South Broulee,New South Wales,AUSTRALIA,5
80d092a2fccb99be,"South Coast, New South Wales, AUSTRALIA",South Coast,New South Wales,AUSTRALIA,5
12641195e997daab,"South Golden Beach, New South Wales, AUSTRALIA",South Golden Beach,New South Wales,AUSTRALIA,5
5a077a200308f425,"South Narrabeen Beach, New South Wales, AUSTRALIA",South Narrabeen Beach,New South Wales,AUSTRALIA,5
4e11be5051719b42,"South Steyne, Manly, New South Wales, AUSTRALIA","South Steyne, Manly",New South Wales,AUSTRALIA,5
49570237a93121cb,"South coast, New South Wales, AUSTRALIA",South coast,New South Wales,AUSTRALIA,5
5d0e3c16741031e6,"Stockton Beach, New South Wales, AUSTRALIA",Stockton Beach,New South Wales,AUSTRALIA,5
84acd6728e182187,"Stockton Bight, New South Wales, AUSTRALIA",Stockton Bight,New South Wales,AUSTRALIA,5
451a3457fc6f35bc,"Sugarloaf Bay, Middle Harbor, New South Wales, AUSTRALIA","Sugarloaf Bay, Middle Harbor",New South Wales,AUSTRALIA,5
655e22509a3d48db,"Sugarloaf Bay, Middle Harbour, New South Wales, AUSTRALIA","Sugarloaf Bay, Middle Harbour",New South Wales,AUSTRALIA,5
9815309ad025b2aa,"Surf Beach, Batemans Bay, New South Wales, AUSTRALIA","Surf Beach, Batemans Bay",New South Wales,AUSTRALIA,5
6fb9f0ccb7b9cd4b,"Surf Beach, Kiama, New South Wales, AUSTRALIA","Surf Beach, Kiama",New South Wales,AUSTRALIA,5
20126ded46ba8bfb,"Sydney Harbour, New South Wales, AUSTRALIA",Sydney Harbour,New South Wales,AUSTRALIA,5
0bdbadc3104dbfef,"Tabourie Beach, New South Wales, AUSTRALIA",Tabourie Beach,New South Wales,AUSTRALIA,5
ea57d1ced46dae64,"Taree, Old Bar Beach, New South Wales, AUSTRALIA","Taree, Old Bar Beach",New South Wales,AUSTRALIA,5
bdc3deb344bcf08f,"Target Beach, New South Wales, AUSTRALIA",Target Beach,New South Wales,AUSTRALIA,5
fa6fe243236b4581,"Taronga Wharf, Athol Bay, New South Wales, AUSTRALIA","Taronga Wharf, Athol Bay",New South Wales,AUSTRALIA,5
14cf46fc2ce67ae9,"Tathra, New South Wales, AUSTRALIA",Tathra,New South Wales,AUSTRALIA,5
784dc5e78a747979,"Tea Gardens, north of Newcastle, New South Wales, AUSTRALIA","Tea Gardens, north of Newcastle",New South Wales,AUSTRALIA,5
d500e647776e8a96,"The Australian Shark and Ray Centre, New South Wales, AUSTRALIA",The Australian Shark and Ray Centre,New South Wales,AUSTRALIA,5
200c042b0c6bf924,"The Entrance, near Gosford, New South Wales, AUSTRALIA","The Entrance, near Gosford",New South Wales,AUSTRALIA,5
e2ef66c9932a06ac,"The Farm, New South Wales, AUSTRALIA",The Farm,New South Wales,AUSTRALIA,5
e6cc568db3057435,"Thirroul, New South Wales, AUSTRALIA",Thirroul,New South Wales,AUSTRALIA,5
3dbad76f81c3b0ae,"Trial Bay, New South Wales, AUSTRALIA",Trial Bay,New South Wales,AUSTRALIA,5
0951a0eb780a81bb,"Trial Bay, north of Kempsey, New South Wales, AUSTRALIA","Trial Bay, north of Kempsey",New South Wales,AUSTRALIA,5
8b9b840d425d797e,"Turners' Beach, New South Wales, AUSTRALIA",Turners' Beach,New South Wales,AUSTRALIA,5
6656ffe287e182bc,"Umina Beach, New South Wales, AUSTRALIA",Umina Beach,New South Wales,AUSTRALIA,5
5f5fac1bda9c3d05,"Urunga, Belliger Heads, New South Wales, AUSTRALIA","Urunga, Belliger Heads",New South Wales,AUSTRALIA,5
0bc98a6b4c078af9,"Wallabi Point, New South Wales, AUSTRALIA",Wallabi Point,New South Wales,AUSTRALIA,5
ec776b33e06a6c70,"Wallamba River, near entrance to Wallis Lake, New South Wales, AUSTRALIA","Wallamba River, near entrance to Wallis Lake",New South Wales,AUSTRALIA,5
226b6f85a05721ea,"Wamberal, New South Wales, AUSTRALIA",Wamberal,New South Wales,AUSTRALIA,5
43efe7af6ec83b70,"Wanda Beach, New South Wales, AUSTRALIA",Wanda Beach,New South Wales,AUSTRALIA,5
4af3ae892cd70324,"Wategos Beach, Byon Bay, New South Wales, AUSTRALIA","Wategos Beach, Byon Bay",New South Wales,AUSTRALIA,5
83093cdfeef35a2f,"Watson Taylor's Lake, 25 miles south of Port Macquarie, New South Wales, AUSTRALIA","Watson Taylor's Lake, 25 miles south of Port Macquarie",New South Wales,AUSTRALIA,5
4810fd4bd7c8cf73,"Wattamolla National Park, New South Wales, AUSTRALIA",Wattamolla National Park,New South Wales,AUSTRALIA,5
6f9b88c79f24ef4a,"Waverly, Sydney, New South Wales, AUSTRALIA","Waverly, Sydney",New South Wales,AUSTRALIA,5
4345545e68acce05,"White Bay, near Bald Rock Jetty, New South Wales, AUSTRALIA","White Bay, near Bald Rock Jetty",New South Wales,AUSTRALIA,5
08d5cb060def543a,"Windang, Lake Illawara, New South Wales, AUSTRALIA","Windang, Lake Illawara",New South Wales,AUSTRALIA,5
6690137907054187,"Windang, near the entrance to Lake Illawarra, New South Wales, AUSTRALIA","Windang, near the entrance to Lake Illawarra",New South Wales,AUSTRALIA,5
f0b6a63250f7fba6,"Wombarra Beach near Austinmeer, New South Wales, AUSTRALIA",Wombarra Beach near Austinmeer,New South Wales,AUSTRALIA,5
4ea33fef1ae6b4eb,"Woolgoolga, Coffs Harbour, New South Wales, AUSTRALIA","Woolgoolga, Coffs Harbour",New South Wales,AUSTRALIA,5
b6afdc4e0f7fe900,"Woy Woy, New South Wales, AUSTRALIA",Woy Woy,New South Wales,AUSTRALIA,5
04598694bdd15366,"Wyargine Point, Edwards Beach, New South Wales, AUSTRALIA","Wyargine Point, Edwards Beach",New South Wales,AUSTRALIA,5
b2782f6af28130a9,"Arnhem Land, Northern Territory, AUSTRALIA",Arnhem Land,Northern Territory,AUSTRALIA,5
95fd2b228973353d,"Between Cape Hotham & Darwin (50 miles from Darwin), Northern Territory, AUSTRALIA",Between Cape Hotham & Darwin (50 miles from Darwin),Northern Territory,AUSTRALIA,5
a81c39235917bfed,"Bremer Island, Northern Territory, AUSTRALIA",Bremer Island,Northern Territory,AUSTRALIA,5
66a246675106d279,"Edith Falls, Northern Territory, AUSTRALIA",Edith Falls,Northern Territory,AUSTRALIA,5
23d7a1d9121fbc62,"Elcho Island, Northern Territory, AUSTRALIA",Elcho Island,Northern Territory,AUSTRALIA,5
74b6fd0e496616bc,"Goulburn Island, Northern Territory, AUSTRALIA",Goulburn Island,Northern Territory,AUSTRALIA,5
3220d891f581846e,"Gove Peninsula near Darwin, Northern Territory, AUSTRALIA",Gove Peninsula near Darwin,Northern Territory,AUSTRALIA,5
dd3bae5023bc3c09,"Liverpool River, Northern Territory, AUSTRALIA",Liverpool River,Northern Territory,AUSTRALIA,5
4a6662e5adfb24ec,"Mornington Island, Gulf of Carpentaria, Northern Territory, AUSTRALIA","Mornington Island, Gulf of Carpentaria",Northern Territory,AUSTRALIA,5
88953a6616d6649f,"Near Croker Island, Northern Territory, AUSTRALIA",Near Croker Island,Northern Territory,AUSTRALIA,5
651f1522d1639439,"Nhulunbuy, Northern Territory, AUSTRALIA",Nhulunbuy,Northern Territory,AUSTRALIA,5
949cbd254f71f588,"Redcliff, Cobourg Peninsula, Northern Territory, AUSTRALIA","Redcliff, Cobourg Peninsula",Northern Territory,AUSTRALIA,5
8be77d957bd2db26,"Stokes Hill Wharf, Darwin, Northern Territory, AUSTRALIA","Stokes Hill Wharf, Darwin",Northern Territory,AUSTRALIA,5
990df7977a321ec0,"1 km off Black's Beach, Queensland, AUSTRALIA",1 km off Black's Beach,Queensland,AUSTRALIA,5
7958d627ea70fcba,"20 k off The Spit, off the Gold Coast, Queensland, AUSTRALIA","20 k off The Spit, off the Gold Coast",Queensland,AUSTRALIA,5
8ef80c36b973c017,"200 km east of Coolangatta, Queensland, AUSTRALIA",200 km east of Coolangatta,Queensland,AUSTRALIA,5
e047dbb97624b568,"200 miles offshore, Queensland, AUSTRALIA",200 miles offshore,Queensland,AUSTRALIA,5
f557358d7ddfa428,"50 km east of Townsville, Queensland, AUSTRALIA",50 km east of Townsville,Queensland,AUSTRALIA,5
bda22c6f13449973,"Alexandra Headland near Mooloolaba, Queensland, AUSTRALIA",Alexandra Headland near Mooloolaba,Queensland,AUSTRALIA,5
a5f0c6ea4ba35fa2,"Alma Bay, Magnetic Island, Queensland, AUSTRALIA","Alma Bay, Magnetic Island",Queensland,AUSTRALIA,5
eb698d38b82a0c34,"Amity Point, North Stradbroke Island, Queensland, AUSTRALIA","Amity Point, North Stradbroke Island",Queensland,AUSTRALIA,5
f14eafb666ff35c5,"Archie's Beach, Queensland, AUSTRALIA",Archie's Beach,Queensland,AUSTRALIA,5
0238912d84df3e02,"At Flat Top, near Mackay, Queensland, AUSTRALIA","At Flat Top, near Mackay",Queensland,AUSTRALIA,5
40ae27da805f245f,"Auckland Creek, Gladstone, Queensland, AUSTRALIA","Auckland Creek, Gladstone",Queensland,AUSTRALIA,5
9bfe908a806334eb,"Barrier Reef, Queensland, AUSTRALIA",Barrier Reef,Queensland,AUSTRALIA,5
57fee472d6c3dd3c,"Barrier Reef off Mackay, Queensland, AUSTRALIA",Barrier Reef off Mackay,Queensland,AUSTRALIA,5
caa9e19380872418,"Barrow Point, 100 miles north of Cooktown, Queensland, AUSTRALIA","Barrow Point, 100 miles north of Cooktown",Queensland,AUSTRALIA,5
ae144ef21f3585fc,"Between, Queensland, AUSTRALIA",Between,Queensland,AUSTRALIA,5
587a9adaec4c1021,"Between Bay Rock & Magnetic Island, Cleveland Bay, Queensland, AUSTRALIA","Between Bay Rock & Magnetic Island, Cleveland Bay",Queensland,AUSTRALIA,5
76f7f05a0fb7ec4d,"Between Wynnum & St. Helena Island, Queensland, AUSTRALIA",Between Wynnum & St. Helena Island,Queensland,AUSTRALIA,5
ed9ac5b43b898e8f,"Boot Reef, Torres Strait, Queensland, AUSTRALIA","Boot Reef, Torres Strait",Queensland,AUSTRALIA,5
9d7c0c379cef78d8,"Bribie Island, Queensland, AUSTRALIA",Bribie Island,Queensland,AUSTRALIA,5
85087882d26f6c04,"Bribie Passage, Caloundra, Queensland, AUSTRALIA","Bribie Passage, Caloundra",Queensland,AUSTRALIA,5
19928d9f386ead12,"Brible Island, Queensland, AUSTRALIA",Brible Island,Queensland,AUSTRALIA,5
95e30fc82c7a779e,"Broomfield Island, 11 miles from Heron Island on the Great Barrier Reef, Queensland, AUSTRALIA","Broomfield Island, 11 miles from Heron Island on the Great Barrier Reef",Queensland,AUSTRALIA,5
0ea60cf76c6aac85,"Broomfield Reef, Queensland, AUSTRALIA",Broomfield Reef,Queensland,AUSTRALIA,5
f3bc7e7c8c342182,"Brown's Inlet, Broadwater, Queensland, AUSTRALIA","Brown's Inlet, Broadwater",Queensland,AUSTRALIA,5
927be36d969e757d,"Buddina Beach, south of Noosa, Queensland, AUSTRALIA","Buddina Beach, south of Noosa",Queensland,AUSTRALIA,5
0f9126078d62dcdb,"Burleigh Heads, Brisbane, Queensland, AUSTRALIA","Burleigh Heads, Brisbane",Queensland,AUSTRALIA,5
1426944ac0de79d3,"Burleigh Lake on the Gold Coast, Queensland, AUSTRALIA",Burleigh Lake on the Gold Coast,Queensland,AUSTRALIA,5
cb22c242386c5a6e,"Cabbage Tree Creek, Sandgate, Queensland, AUSTRALIA","Cabbage Tree Creek, Sandgate",Queensland,AUSTRALIA,5
6c2eac08968bb172,"Cairns Aquarium, Queensland, AUSTRALIA",Cairns Aquarium,Queensland,AUSTRALIA,5
246f8655b82793d9,"Calliope River, Queensland, AUSTRALIA",Calliope River,Queensland,AUSTRALIA,5
ed386215f1dceb93,"Caloundra, Queensland, AUSTRALIA",Caloundra,Queensland,AUSTRALIA,5
6bef283f5f1432fc,"Cape Moreton, Queensland, AUSTRALIA",Cape Moreton,Queensland,AUSTRALIA,5
610ea8b1d74d899d,"Carrara, Nerang River, Queensland, AUSTRALIA","Carrara, Nerang River",Queensland,AUSTRALIA,5
8b5dc556065f581d,"Clairview, Queensland, AUSTRALIA",Clairview,Queensland,AUSTRALIA,5
9768f430757160d4,"Colledge's Crossing, Brisbane River, Queensland, AUSTRALIA","Colledge's Crossing, Brisbane River",Queensland,AUSTRALIA,5
9ffe5b365845225d,"Coolum Beach, Queensland, AUSTRALIA",Coolum Beach,Queensland,AUSTRALIA,5
43c11e501243e645,"Cooper's Point, Queensland, AUSTRALIA",Cooper's Point,Queensland,AUSTRALIA,5
57275a61848457be,"Currumbin, Queensland, AUSTRALIA",Currumbin,Queensland,AUSTRALIA,5
c60327eda68ca5ed,"Dent Island, Whitsundays, Queensland, AUSTRALIA","Dent Island, Whitsundays",Queensland,AUSTRALIA,5
05f30743fefe566a,"Depth of [redacted address]. Paul off Brisbane, Queensland, AUSTRALIA",Depth of [redacted address]. Paul off Brisbane,Queensland,AUSTRALIA,5
f7c38581d7ae22d7,"Derwent Island, Queensland, AUSTRALIA",Derwent Island,Queensland,AUSTRALIA,5
81b55e4db730db38,"Dicky Beach, Queensland, AUSTRALIA",Dicky Beach,Queensland,AUSTRALIA,5
30e1e08834bb8f17,"Dingo Reef, 80 nm off Townsville, Queensland, AUSTRALIA","Dingo Reef, 80 nm off Townsville",Queensland,AUSTRALIA,5
041d6f5592d19cb2,"Double Island Beach, Queensland, AUSTRALIA",Double Island Beach,Queensland,AUSTRALIA,5
948249afd648b919,"Duranbah, Queensland, AUSTRALIA",Duranbah,Queensland,AUSTRALIA,5
db831490a2750321,"Elephant Rock, Currumbin near Southport, Queensland, AUSTRALIA","Elephant Rock, Currumbin near Southport",Queensland,AUSTRALIA,5
afcf4746091154cc,"Eva Rock, Queensland, AUSTRALIA",Eva Rock,Queensland,AUSTRALIA,5
f025150015a9550c,"Figtree Ledge, Hervey Bay, Queensland, AUSTRALIA","Figtree Ledge, Hervey Bay",Queensland,AUSTRALIA,5
223ae05e28e7e0ed,"Fingal Beach, near Tweed Heads, Queensland, AUSTRALIA","Fingal Beach, near Tweed Heads",Queensland,AUSTRALIA,5
541d897cae80c9f1,"Fitzroy River at Rockhampton, Queensland, AUSTRALIA",Fitzroy River at Rockhampton,Queensland,AUSTRALIA,5
b46f295f845e242e,"Fitzroy River near Rockhampton, Queensland, AUSTRALIA",Fitzroy River near Rockhampton,Queensland,AUSTRALIA,5
867c930290f04f6c,"Flinders Cay, Queensland, AUSTRALIA",Flinders Cay,Queensland,AUSTRALIA,5
41bf35f931e857a8,"Gin Arm Creek, Queensland, AUSTRALIA",Gin Arm Creek,Queensland,AUSTRALIA,5
aa840ca35fe0444f,"Gladstone Reef, Queensland, AUSTRALIA",Gladstone Reef,Queensland,AUSTRALIA,5
fabf0c7cfd281ddc,"Golden Beach, Caloundra, Queensland, AUSTRALIA","Golden Beach, Caloundra",Queensland,AUSTRALIA,5
af3edd6a080e66f0,"Graceville, Queensland, AUSTRALIA",Graceville,Queensland,AUSTRALIA,5
4ff9bd885505e55f,"Great Barrier Reef (near Upolu Bay), Queensland, AUSTRALIA",Great Barrier Reef (near Upolu Bay),Queensland,AUSTRALIA,5
ce50dc941993d096,"Great Barrier Reef, off Cairns, Queensland, AUSTRALIA","Great Barrier Reef, off Cairns",Queensland,AUSTRALIA,5
48b6ee5861b025f0,"Great Keppel Island, Queensland, AUSTRALIA",Great Keppel Island,Queensland,AUSTRALIA,5
b07277f8844d074c,"Happy Valley Beach, Caloundra, Queensland, AUSTRALIA","Happy Valley Beach, Caloundra",Queensland,AUSTRALIA,5
4b52c28f0d2b5733,"Harvey Bay, Queensland, AUSTRALIA",Harvey Bay,Queensland,AUSTRALIA,5
6cc4ea84d9d2ceb9,"Holmes Reef, Queensland, AUSTRALIA",Holmes Reef,Queensland,AUSTRALIA,5
49affef7214adc9b,"Ipswich, Queensland, AUSTRALIA",Ipswich,Queensland,AUSTRALIA,5
fb3f3bcc52df265f,"Junpinpin, off Stradbroke Island, Queensland, AUSTRALIA","Junpinpin, off Stradbroke Island",Queensland,AUSTRALIA,5
1c366329fd5ab628,"Katana Downs Reach, Brisbane River, Queensland, AUSTRALIA","Katana Downs Reach, Brisbane River",Queensland,AUSTRALIA,5
27a275f8bd28d93d,"Kings Beach, Caloundra, Queensland, AUSTRALIA","Kings Beach, Caloundra",Queensland,AUSTRALIA,5
409c04baccba2d83,"Kirra, Queensland, AUSTRALIA",Kirra,Queensland,AUSTRALIA,5
275765682fd67a74,"Kissing Point Camp, Townsville, Queensland, AUSTRALIA","Kissing Point Camp, Townsville",Queensland,AUSTRALIA,5
5751bd9eb3db5432,"Lambert's Beach, Mackay, Queensland, AUSTRALIA","Lambert's Beach, Mackay",Queensland,AUSTRALIA,5
1bf7de0d9926a435,"Lamont Reef, Queensland, AUSTRALIA",Lamont Reef,Queensland,AUSTRALIA,5
2eb63693104ca652,"Line Reef, northeast of Hamilton Island, Queensland, AUSTRALIA","Line Reef, northeast of Hamilton Island",Queensland,AUSTRALIA,5
55e53ad5db27beea,"Logan River, Queensland, AUSTRALIA",Logan River,Queensland,AUSTRALIA,5
e3be663a885af84c,"Lookout Point, Queensland, AUSTRALIA",Lookout Point,Queensland,AUSTRALIA,5
7a6c3ccf3653767c,"Mackay, Queensland, AUSTRALIA",Mackay,Queensland,AUSTRALIA,5
7d42451bf5feead3,"Main Beach, Gold Coast, Queensland, AUSTRALIA","Main Beach, Gold Coast",Queensland,AUSTRALIA,5
45918df9e3344549,"Malagil, Barrier Reef, Queensland, AUSTRALIA","Malagil, Barrier Reef",Queensland,AUSTRALIA,5
3af5f3a0007c005b,"Maroochydore, Queensland, AUSTRALIA",Maroochydore,Queensland,AUSTRALIA,5
d37e177c9d2ce2fa,"Mermaid Beach, Queensland, AUSTRALIA",Mermaid Beach,Queensland,AUSTRALIA,5
da03e4619eff3dd1,"Miall Island, Queensland, AUSTRALIA",Miall Island,Queensland,AUSTRALIA,5
0f8df16b03de701a,"Miami Lake, Queensland, AUSTRALIA",Miami Lake,Queensland,AUSTRALIA,5
ac8571d14304c3b1,"Middleton Reef, 300 nm from Brisbane, Queensland, AUSTRALIA","Middleton Reef, 300 nm from Brisbane",Queensland,AUSTRALIA,5
fb12e7ccfbada32a,"Moffat Beach, Caloundra, Queensland, AUSTRALIA","Moffat Beach, Caloundra",Queensland,AUSTRALIA,5
132f594f6f826881,"Moore Park, north of Bundaberg, Queensland, AUSTRALIA","Moore Park, north of Bundaberg",Queensland,AUSTRALIA,5
32a8c09d07813b7f,"Moreton Bay, NE of Brisbane, Queensland, AUSTRALIA","Moreton Bay, NE of Brisbane",Queensland,AUSTRALIA,5
adcab1155398d3c1,"Moreton Island, Queensland, AUSTRALIA",Moreton Island,Queensland,AUSTRALIA,5
c4bad9d3f0ad94f3,"Mornington Island, Queensland, AUSTRALIA",Mornington Island,Queensland,AUSTRALIA,5
6132aa2294debc01,"Mornington Island, Gulf of Carpentaria, Queensland, AUSTRALIA","Mornington Island, Gulf of Carpentaria",Queensland,AUSTRALIA,5
60693e4750e6653e,"Mudjimba Island, Queensland, AUSTRALIA",Mudjimba Island,Queensland,AUSTRALIA,5
27ad14e6edda26e4,"Near Barrow Point, Queensland, AUSTRALIA",Near Barrow Point,Queensland,AUSTRALIA,5
1fb1aa967800dc6d,"Near Brisbane, Queensland, AUSTRALIA",Near Brisbane,Queensland,AUSTRALIA,5
98c2197c2fe57a07,"Near Cairns, Queensland, AUSTRALIA",Near Cairns,Queensland,AUSTRALIA,5
00540a3c1cdef82f,"Near Forbes Island, Barrier Reef, Queensland, AUSTRALIA","Near Forbes Island, Barrier Reef",Queensland,AUSTRALIA,5
2028492c8964ed0d,"Near Restoration Rock off Portland Roads, Queensland, AUSTRALIA",Near Restoration Rock off Portland Roads,Queensland,AUSTRALIA,5
8cd40d7f9fec4dd2,"Near Southport, Queensland, AUSTRALIA",Near Southport,Queensland,AUSTRALIA,5
b430903473df4a7a,"Near Thursday Island, Queensland, AUSTRALIA",Near Thursday Island,Queensland,AUSTRALIA,5
e5823231c4a84548,"Nerang River, Queensland, AUSTRALIA",Nerang River,Queensland,AUSTRALIA,5
7c1ea865d7eacb35,"Nerang River near Chevron Island, Queensland, AUSTRALIA",Nerang River near Chevron Island,Queensland,AUSTRALIA,5
42a43a0f5a7818cd,"Nerang River, Southpot, Queensland, AUSTRALIA","Nerang River, Southpot",Queensland,AUSTRALIA,5
1fa72e480e0ae44c,"Nerang River, Surfer's Paradise, Queensland, AUSTRALIA","Nerang River, Surfer's Paradise",Queensland,AUSTRALIA,5
c4d2bb2dcbe55abf,"Nobby's Beach, Queensland, AUSTRALIA",Nobby's Beach,Queensland,AUSTRALIA,5
846cdaa5e8a72f61,"Nobbys Beach, Queensland, AUSTRALIA",Nobbys Beach,Queensland,AUSTRALIA,5
fcc8736a166267c1,"Noosa, Queensland, AUSTRALIA",Noosa,Queensland,AUSTRALIA,5
849e71db66c11193,"Noosa Heads, Queensland, AUSTRALIA",Noosa Heads,Queensland,AUSTRALIA,5
5af91c8bef4feb7a,"North Burleigh, near Brisbane, Queensland, AUSTRALIA","North Burleigh, near Brisbane",Queensland,AUSTRALIA,5
648f3846b9e69ad6,"North Point Beach, Moreton Island, Queensland, AUSTRALIA","North Point Beach, Moreton Island",Queensland,AUSTRALIA,5
1569174faa1ada3c,"Oak Beach, Queensland, AUSTRALIA",Oak Beach,Queensland,AUSTRALIA,5
5e083b78b594c411,"Ocean baths, Kissing Point Beach, Queensland, AUSTRALIA","Ocean baths, Kissing Point Beach",Queensland,AUSTRALIA,5
0067758eeb7d8da9,"Off Bloomfield River, Queensland, AUSTRALIA",Off Bloomfield River,Queensland,AUSTRALIA,5
ad7d583fcdc988f5,"Off Brisbane, Queensland, AUSTRALIA",Off Brisbane,Queensland,AUSTRALIA,5
3e625e35f6ecb082,"Off Cairns, Queensland, AUSTRALIA",Off Cairns,Queensland,AUSTRALIA,5
d0b6d20322ff54a9,"Off Eva Island 20 miles from Cardwell, Queensland, AUSTRALIA",Off Eva Island 20 miles from Cardwell,Queensland,AUSTRALIA,5
ed172b92abe0599b,"Off Hinchinbrook Island, Queensland, AUSTRALIA",Off Hinchinbrook Island,Queensland,AUSTRALIA,5
7c669500384c5441,"Off Wynnum in Moreton Bay, near Brisbane, Queensland, AUSTRALIA","Off Wynnum in Moreton Bay, near Brisbane",Queensland,AUSTRALIA,5
623a25ad947f1484,"On board the Japanese longline trawler Fukuya No.38, 100 nm northeast of Brisbane, Queensland, AUSTRALIA","On board the Japanese longline trawler Fukuya No.38, 100 nm northeast of Brisbane",Queensland,AUSTRALIA,5
ebca1aeb05bd4b0c,"Opal Reef, Queensland, AUSTRALIA",Opal Reef,Queensland,AUSTRALIA,5
af96971a1df433ae,"Orpheus Island, Queensland, AUSTRALIA",Orpheus Island,Queensland,AUSTRALIA,5
b3c06bc9ed117348,"Palm Beach North, 5 miles north of Burleigh Heads, Queensland, AUSTRALIA","Palm Beach North, 5 miles north of Burleigh Heads",Queensland,AUSTRALIA,5
a4f46e86a8f9e60b,"Palm Cove, Queensland, AUSTRALIA",Palm Cove,Queensland,AUSTRALIA,5
b3ae53506e093724,"Palm Cove Beach, Queensland, AUSTRALIA",Palm Cove Beach,Queensland,AUSTRALIA,5
116fadca0e2a5d4b,"Palm Island, Queensland, AUSTRALIA",Palm Island,Queensland,AUSTRALIA,5
1b17d28b49435138,"Peel Island, Queensland, AUSTRALIA",Peel Island,Queensland,AUSTRALIA,5
ac08bab0616f99c8,"Pelican Banks near Gladstone, Queensland, AUSTRALIA",Pelican Banks near Gladstone,Queensland,AUSTRALIA,5
ecb0077c6fc84f75,"Peregian, Queensland, AUSTRALIA",Peregian,Queensland,AUSTRALIA,5
df79e4bce5cf5676,"Peterson's Beach, Sarina, Queensland, AUSTRALIA","Peterson's Beach, Sarina",Queensland,AUSTRALIA,5
c18c886d28bec6a6,"Pialba Beach near Maryborough, Queensland, AUSTRALIA",Pialba Beach near Maryborough,Queensland,AUSTRALIA,5
5652e04feb4ef1dc,"Pialba, Hervey Bay, Queensland, AUSTRALIA","Pialba, Hervey Bay",Queensland,AUSTRALIA,5
e00d1fb641d3c996,"Pimpana River, Queensland, AUSTRALIA",Pimpana River,Queensland,AUSTRALIA,5
46cea9af61f0eb25,"Pincushion, north of Maroochydore Beach, Queensland, AUSTRALIA","Pincushion, north of Maroochydore Beach",Queensland,AUSTRALIA,5
e447c67f9cdf472d,"Pioneer River near Mackay, Queensland, AUSTRALIA",Pioneer River near Mackay,Queensland,AUSTRALIA,5
964be17066630e92,"Point Lookout, Stradbroke Island, Queensland, AUSTRALIA","Point Lookout, Stradbroke Island",Queensland,AUSTRALIA,5
b74021013365033f,"Point Vernon, Hervey Bay, Queensland, AUSTRALIA","Point Vernon, Hervey Bay",Queensland,AUSTRALIA,5
50f8dc4622c628d6,"Port Douglas, Queensland, AUSTRALIA",Port Douglas,Queensland,AUSTRALIA,5
62e362dca1aebbb3,"Rib Reef off Townsville, Queensland, AUSTRALIA",Rib Reef off Townsville,Queensland,AUSTRALIA,5
b5dd62d0f549a7d9,"Rubbish Dump Creek, Mackay, Queensland, AUSTRALIA","Rubbish Dump Creek, Mackay",Queensland,AUSTRALIA,5
aa65dc1a871b040c,"Rudder Reef, Queensland, AUSTRALIA",Rudder Reef,Queensland,AUSTRALIA,5
2e1bd7f51b4a502e,"Russel Island, Frankland Group, Queensland, AUSTRALIA","Russel Island, Frankland Group",Queensland,AUSTRALIA,5
321d8101e28dea82,"Sandgate Jetty, Brisbane, Queensland, AUSTRALIA","Sandgate Jetty, Brisbane",Queensland,AUSTRALIA,5
3d212e919034902b,"Scotts Point Beach, Queensland, AUSTRALIA",Scotts Point Beach,Queensland,AUSTRALIA,5
8f496d7e925345a6,"SeaWorld Theme Park, Queensland, AUSTRALIA",SeaWorld Theme Park,Queensland,AUSTRALIA,5
d447a211da37e482,"South Stradbroke Island, Queensland, AUSTRALIA",South Stradbroke Island,Queensland,AUSTRALIA,5
1c7fcbe4316a9967,"Southport Aquarium, Queensland, AUSTRALIA",Southport Aquarium,Queensland,AUSTRALIA,5
f5a0dc035cde5d22,"St. Crispin Reef, Queensland, AUSTRALIA",St. Crispin Reef,Queensland,AUSTRALIA,5
2bb3c58339c658dd,"St. Helena Island, Moreton Bay, Queensland, AUSTRALIA","St. Helena Island, Moreton Bay",Queensland,AUSTRALIA,5
f4de1202602a23af,"Stevens Reef, 70 miles from Mackay, Queensland, AUSTRALIA","Stevens Reef, 70 miles from Mackay",Queensland,AUSTRALIA,5
5cd17edfdd81ec9b,"Stradbroke Island, Queensland, AUSTRALIA",Stradbroke Island,Queensland,AUSTRALIA,5
b85a2bc866a6198d,"Strand Beach, Kissing Point, Queensland, AUSTRALIA","Strand Beach, Kissing Point",Queensland,AUSTRALIA,5
f1aee4f4d00252cf,"Surfer's Paradise, Northcliffe, Queensland, AUSTRALIA","Surfer's Paradise, Northcliffe",Queensland,AUSTRALIA,5
dd69255008fda744,"Surfers Paradise, near Southport, Queensland, AUSTRALIA","Surfers Paradise, near Southport",Queensland,AUSTRALIA,5
47a948dd15b650af,"Sykes Reef, Great Barrier Reef, Queensland, AUSTRALIA","Sykes Reef, Great Barrier Reef",Queensland,AUSTRALIA,5
5f7979d08ee1c0a5,"Tallebudgera, Queensland, AUSTRALIA",Tallebudgera,Queensland,AUSTRALIA,5
b2af04f076f9b711,"Tewantin, Queensland, AUSTRALIA",Tewantin,Queensland,AUSTRALIA,5
b6e4d0c11a53b679,"Three Mile Creek, Townsville, Queensland, AUSTRALIA","Three Mile Creek, Townsville",Queensland,AUSTRALIA,5
048c01babf3f123d,"Trinity Beach, 17 km northwast of Cairns, Queensland, AUSTRALIA","Trinity Beach, 17 km northwast of Cairns",Queensland,AUSTRALIA,5
d2bbea428f284aec,"Tully, North Queensland, Queensland, AUSTRALIA","Tully, North Queensland",Queensland,AUSTRALIA,5
f02f5765a33a2013,"Weipa, Queensland, AUSTRALIA",Weipa,Queensland,AUSTRALIA,5
a604777c0a3e82c9,"Wellington Point, Queensland, AUSTRALIA",Wellington Point,Queensland,AUSTRALIA,5
a201757c32461997,"Whitehaven Beach, Whitsundays Island, Queensland, AUSTRALIA","Whitehaven Beach, Whitsundays Island",Queensland,AUSTRALIA,5
44bd468768b6ccfd,"Whitsunday Passage, Queensland, AUSTRALIA",Whitsunday Passage,Queensland,AUSTRALIA,5
830982b09a229a4d,"Wurtulla, Queensland, AUSTRALIA",Wurtulla,Queensland,AUSTRALIA,5
791f567b8203e756,"Wynnum-Manley, Queensland, AUSTRALIA",Wynnum-Manley,Queensland,AUSTRALIA,5
0a8f4f5ef9fd4af9,"Yeppoon, Queensland, AUSTRALIA",Yeppoon,Queensland,AUSTRALIA,5
678681af0ddc35d6,"(Point Sinclair) Penong, South Australia, AUSTRALIA",(Point Sinclair) Penong,South Australia,AUSTRALIA,5
56fd4d3a85aeae39,"18 miles south of Port Augusta, South Australia, AUSTRALIA",18 miles south of Port Augusta,South Australia,AUSTRALIA,5
519a50a152e86154,"3 km off Port Victoria, Yorke Peninsula, South Australia, AUSTRALIA","3 km off Port Victoria, Yorke Peninsula",South Australia,AUSTRALIA,5
d2c1c5971a6f15d9,"3 miles out to sea off Glenelg, South Australia, AUSTRALIA",3 miles out to sea off Glenelg,South Australia,AUSTRALIA,5
cba0f6ff2b97ff98,"55 miles south of Adelaide, South Australia, AUSTRALIA",55 miles south of Adelaide,South Australia,AUSTRALIA,5
f5d288993945be46,"Aldinga Beach, South Australia, AUSTRALIA",Aldinga Beach,South Australia,AUSTRALIA,5
ade1b9be1adf8d34,"Black Point, Eyre Peninsula, South Australia, AUSTRALIA","Black Point, Eyre Peninsula",South Australia,AUSTRALIA,5
3eb439c64d3aa373,"Brighton Beach, Adelaide, South Australia, AUSTRALIA","Brighton Beach, Adelaide",South Australia,AUSTRALIA,5
8492ebbd9579732e,"Cactus Beach, South Australia, AUSTRALIA",Cactus Beach,South Australia,AUSTRALIA,5
2b9a7c98a1a3c74c,"Cactus Beach near Penong, South Australia, AUSTRALIA",Cactus Beach near Penong,South Australia,AUSTRALIA,5
9cf7746374eb8768,"Cactus Beach, near Ceduna, South Australia, AUSTRALIA","Cactus Beach, near Ceduna",South Australia,AUSTRALIA,5
aaa931792abf1be5,"Cape Douglas, South Australia, AUSTRALIA",Cape Douglas,South Australia,AUSTRALIA,5
24cde69e03915518,"Carrickalinga Head, South Australia, AUSTRALIA",Carrickalinga Head,South Australia,AUSTRALIA,5
b9c38a3f10868d40,"Ceduna, South Australia, AUSTRALIA",Ceduna,South Australia,AUSTRALIA,5
bba836b9dd097bc6,"Coffin Bay, South Australia, AUSTRALIA",Coffin Bay,South Australia,AUSTRALIA,5
62a8a425c2ef0c49,"Cowell, South Australia, AUSTRALIA",Cowell,South Australia,AUSTRALIA,5
76e776282733bba8,"Dangerous Reef, South Australia, AUSTRALIA",Dangerous Reef,South Australia,AUSTRALIA,5
ff28785d7b140160,"Dangerous Reef, South Neptune Island, South Australia, AUSTRALIA","Dangerous Reef, South Neptune Island",South Australia,AUSTRALIA,5
c39f5c55f00c39bd,"Dolphin Bay, Innes National Park, South Australia, AUSTRALIA","Dolphin Bay, Innes National Park",South Australia,AUSTRALIA,5
2d07505bdeabb5cf,"Elliston, Eyre Peninsula, South Australia, AUSTRALIA","Elliston, Eyre Peninsula",South Australia,AUSTRALIA,5
8814bae67e9efd92,"Encounter Bay, South Australia, AUSTRALIA",Encounter Bay,South Australia,AUSTRALIA,5
867e5dcb98a730d4,"Fishery Bay, South Australia, AUSTRALIA",Fishery Bay,South Australia,AUSTRALIA,5
c6ccab379a11377e,"Fishery Bay, Eyre Peninsula, South Australia, AUSTRALIA","Fishery Bay, Eyre Peninsula",South Australia,AUSTRALIA,5
c37a43409de12998,"Glenelg Breakwater, South Australia, AUSTRALIA",Glenelg Breakwater,South Australia,AUSTRALIA,5
f9304593b473132c,"Goldsmith Beach, Yorke Peninsula, South Australia, AUSTRALIA","Goldsmith Beach, Yorke Peninsula",South Australia,AUSTRALIA,5
7d4428d86ffa9909,"Goolwa Beach, South Australia, AUSTRALIA",Goolwa Beach,South Australia,AUSTRALIA,5
c5e016dccba750f1,"Goolwa Beach, Fleurieu Peninsula, South Australia, AUSTRALIA","Goolwa Beach, Fleurieu Peninsula",South Australia,AUSTRALIA,5
47ef161dd460a221,"Grange, South Australia, AUSTRALIA",Grange,South Australia,AUSTRALIA,5
607b5e245afc2595,"Hardwicke Bay, Yorke Peninsula, South Australia, AUSTRALIA","Hardwicke Bay, Yorke Peninsula",South Australia,AUSTRALIA,5
63aa6c1d9cc86b06,"Hog Bay, South Australia, AUSTRALIA",Hog Bay,South Australia,AUSTRALIA,5
6dbad3158a6e4b39,"Largs Bay, South Australia, AUSTRALIA",Largs Bay,South Australia,AUSTRALIA,5
f7f4d6964f2e4c34,"Lipson Cove, Tumby Bay, South Australia, AUSTRALIA","Lipson Cove, Tumby Bay",South Australia,AUSTRALIA,5
9bcbb7d20437d8df,"Marino, South Australia, AUSTRALIA",Marino,South Australia,AUSTRALIA,5
eee8d9e159422959,"Marion Bay, South Australia, AUSTRALIA",Marion Bay,South Australia,AUSTRALIA,5
591fe8e49e1e8a9e,"Merino Rocks, Adelaide, South Australia, AUSTRALIA","Merino Rocks, Adelaide",South Australia,AUSTRALIA,5
c4c6ae8366a2be18,"Middle Beach, 40 km north of Adelaide, South Australia, AUSTRALIA","Middle Beach, 40 km north of Adelaide",South Australia,AUSTRALIA,5
4809d39c3e8d032b,"Millicent, South Australia, AUSTRALIA",Millicent,South Australia,AUSTRALIA,5
9277b46b7c9b74ac,"Moama Beach, South Australia, AUSTRALIA",Moama Beach,South Australia,AUSTRALIA,5
a423de96dc27b078,"Near Port Vincent, South Australia, AUSTRALIA",Near Port Vincent,South Australia,AUSTRALIA,5
f441ac89b99072f6,"Normanville, South Australia, AUSTRALIA",Normanville,South Australia,AUSTRALIA,5
08401682bab90082,"North Haven, South Australia, AUSTRALIA",North Haven,South Australia,AUSTRALIA,5
2ee1cbb1d5d382a0,"Off Franklin Island between Streaky Bay & Ceduna, South Australia, AUSTRALIA",Off Franklin Island between Streaky Bay & Ceduna,South Australia,AUSTRALIA,5
7fe9ffcbfbb0d8fa,"Off Perforated Island near Coffin Bay, South Australia, AUSTRALIA",Off Perforated Island near Coffin Bay,South Australia,AUSTRALIA,5
64ca5bc158629ae6,"Off Port Broughton, South Australia, AUSTRALIA",Off Port Broughton,South Australia,AUSTRALIA,5
d98e65d4ea72117d,"Outer Harbor, South Australia, AUSTRALIA",Outer Harbor,South Australia,AUSTRALIA,5
d3a8d44328ca5a6d,"Parsons Beach, Fleurieu Peninsula, South Australia, AUSTRALIA","Parsons Beach, Fleurieu Peninsula",South Australia,AUSTRALIA,5
6aa93fe8661bd203,"Pennington Bay, Kangaroo Island, South Australia, AUSTRALIA","Pennington Bay, Kangaroo Island",South Australia,AUSTRALIA,5
d8f038e6dfd339de,"Point Lowly, north of Whyalla, South Australia, AUSTRALIA","Point Lowly, north of Whyalla",South Australia,AUSTRALIA,5
2d63acf6d76dd82f,"Point Sinclair, Cactus Beach near Penong, South Australia, AUSTRALIA","Point Sinclair, Cactus Beach near Penong",South Australia,AUSTRALIA,5
1b0b3b684dc4bdd8,"Port Augusta, South Australia, AUSTRALIA",Port Augusta,South Australia,AUSTRALIA,5
f29bfb41dec4d841,"Port Hughes, 100 miles from Adelaide in Spencer Gulf, South Australia, AUSTRALIA","Port Hughes, 100 miles from Adelaide in Spencer Gulf",South Australia,AUSTRALIA,5
03670471ede3df21,"Port Newby, South Australia, AUSTRALIA",Port Newby,South Australia,AUSTRALIA,5
e6c372bd73901980,"Port Phillip Bay, South Australia, AUSTRALIA",Port Phillip Bay,South Australia,AUSTRALIA,5
b2fee4fc04be3eb3,"Port River, Adelaide, South Australia, AUSTRALIA","Port River, Adelaide",South Australia,AUSTRALIA,5
b4504470b355f05c,"Schnapper Rock, Kirton Point, South Australia, AUSTRALIA","Schnapper Rock, Kirton Point",South Australia,AUSTRALIA,5
2049ec5211e082ab,"Second Valley, South Australia, AUSTRALIA",Second Valley,South Australia,AUSTRALIA,5
2ee1ed46a63986b5,"Smoky Bay, near Ceduna, South Australia, AUSTRALIA","Smoky Bay, near Ceduna",South Australia,AUSTRALIA,5
7307c547aaaa2dd4,"Snapper Point, Aldinga Beach, South Australia, AUSTRALIA","Snapper Point, Aldinga Beach",South Australia,AUSTRALIA,5
422c5faca2e4ee17,"South Neptune Island, South Australia, AUSTRALIA",South Neptune Island,South Australia,AUSTRALIA,5
6578d0638d97e596,"Southport, South Australia, AUSTRALIA",Southport,South Australia,AUSTRALIA,5
ac6ce96a33649de1,"Surfers Paradise Beach near Victor Harbour, South Australia, AUSTRALIA",Surfers Paradise Beach near Victor Harbour,South Australia,AUSTRALIA,5
16bf9462943ffac4,"Thistle Island, South Australia, AUSTRALIA",Thistle Island,South Australia,AUSTRALIA,5
5c2358a8ff56a6a0,"Waitpinga, South Australia, AUSTRALIA",Waitpinga,South Australia,AUSTRALIA,5
ee9e9fefe52614c6,"Waitpinga Beach, near Victor Harbor, South Australia, AUSTRALIA","Waitpinga Beach, near Victor Harbor",South Australia,AUSTRALIA,5
4d6d418cfce90621,"West Beach, Adelaide, South Australia, AUSTRALIA","West Beach, Adelaide",South Australia,AUSTRALIA,5
b1e8db4b06431a22,"West Beach, Brighton, South Australia, AUSTRALIA","West Beach, Brighton",South Australia,AUSTRALIA,5
c17729c5bcb1c4b1,"West Beach, near Adelaide, South Australia, AUSTRALIA","West Beach, near Adelaide",South Australia,AUSTRALIA,5
173b43994d55d2aa,"Wrights Bay, South Australia, AUSTRALIA",Wrights Bay,South Australia,AUSTRALIA,5
aff09bcb0ee7dffb,"Badger Head, Tasmania, AUSTRALIA",Badger Head,Tasmania,AUSTRALIA,5
7a60a00e9617bc86,"Beechford, Tasmania, AUSTRALIA",Beechford,Tasmania,AUSTRALIA,5
b702d4faf63ad30c,"Binalong Bay, Tasmania, AUSTRALIA",Binalong Bay,Tasmania,AUSTRALIA,5
8a16e35fc8f87e27,"Cape Pillar, Storm Bay, Tasmania, AUSTRALIA","Cape Pillar, Storm Bay",Tasmania,AUSTRALIA,5
3b8a1ae535a56548,"Clifton Beach, Tasmania, AUSTRALIA",Clifton Beach,Tasmania,AUSTRALIA,5
71d01467f322d165,"Eaglehawk Neck, Tasmania, AUSTRALIA",Eaglehawk Neck,Tasmania,AUSTRALIA,5
428ab9abaf09ef0f,"Elliot's Cove, Tasmania, AUSTRALIA",Elliot's Cove,Tasmania,AUSTRALIA,5
448058276f4ff47c,"Flinders Island, Tasmania, AUSTRALIA",Flinders Island,Tasmania,AUSTRALIA,5
9e1bffee587378da,"Fluted Cape, Bruny Island, Tasmania, AUSTRALIA","Fluted Cape, Bruny Island",Tasmania,AUSTRALIA,5
d5614ad36f1eeaa4,"Lachan Island, Mercury Passage, Tasmania, AUSTRALIA","Lachan Island, Mercury Passage",Tasmania,AUSTRALIA,5
7d2efd85b2e91e61,"Off Big Friar Island, Tasmania, AUSTRALIA",Off Big Friar Island,Tasmania,AUSTRALIA,5
08a7436edbc1a64d,"Off Tasman Island, Tasmania, AUSTRALIA",Off Tasman Island,Tasmania,AUSTRALIA,5
24ece6bd7104169c,"Piccaninny Point, 10 miles from Bicheno, Tasmania, AUSTRALIA","Piccaninny Point, 10 miles from Bicheno",Tasmania,AUSTRALIA,5
0a10a3a7e259ee34,"Ralph Bay, Tasmania, AUSTRALIA",Ralph Bay,Tasmania,AUSTRALIA,5
e4d90d1561e8b975,"Safety Cove, Tasmania, AUSTRALIA",Safety Cove,Tasmania,AUSTRALIA,5
18af9cb5525c7197,"Shelly Point, Tasmania, AUSTRALIA",Shelly Point,Tasmania,AUSTRALIA,5
f5819cd99c1f9c35,"Taroona, Tasmania, AUSTRALIA",Taroona,Tasmania,AUSTRALIA,5
1e69efdb6509b979,"Tasman Island, Tasmania, AUSTRALIA",Tasman Island,Tasmania,AUSTRALIA,5
00737b783351be04,"Tenth Island (King Island), Tasmania, AUSTRALIA",Tenth Island (King Island),Tasmania,AUSTRALIA,5
6c3162e0934bbcf9,"Whale Bay, King Island, Tasmania, AUSTRALIA","Whale Bay, King Island",Tasmania,AUSTRALIA,5
55161ba8adcaf89a,"Wynyard, Tasmania, AUSTRALIA",Wynyard,Tasmania,AUSTRALIA,5
ac131c5ef149fb62,"near Schouten Island, Tasmania, AUSTRALIA",near Schouten Island,Tasmania,AUSTRALIA,5
3c584d58ee491dc6,"Direction Island, Territory of Cocos (Keeling) Islands, AUSTRALIA",Direction Island,Territory of Cocos (Keeling) Islands,AUSTRALIA,5
2bbb55a6ee81b689,"200 miles from MacKay, Torres Strait, AUSTRALIA",200 miles from MacKay,Torres Strait,AUSTRALIA,5
b9654aa3e2876b46,"40 miles off Thursday Island, Torres Strait, AUSTRALIA",40 miles off Thursday Island,Torres Strait,AUSTRALIA,5
e522f9aa7744f62f,"Adolphus Channel, Torres Strait, AUSTRALIA",Adolphus Channel,Torres Strait,AUSTRALIA,5
4c9bf53f8fab5154,"Arlington Reef, Torres Strait, AUSTRALIA",Arlington Reef,Torres Strait,AUSTRALIA,5
531459afc47bedf0,"Barrow Point, 100 miles north of Cooktown, Torres Strait, AUSTRALIA","Barrow Point, 100 miles north of Cooktown",Torres Strait,AUSTRALIA,5
65ec9d02c6b50c25,"Bathurst Island, Torres Strait, AUSTRALIA",Bathurst Island,Torres Strait,AUSTRALIA,5
20973e478881bc84,"Coconut Island, 100 miles east of Thursday Island, Torres Strait, AUSTRALIA","Coconut Island, 100 miles east of Thursday Island",Torres Strait,AUSTRALIA,5
0a143a06724de6cc,"Darnley Island, Torres Strait, Torres Strait, AUSTRALIA","Darnley Island, Torres Strait",Torres Strait,AUSTRALIA,5
93757fb05547163b,"Deliverance Island, Torres Strait, AUSTRALIA",Deliverance Island,Torres Strait,AUSTRALIA,5
cb1b84b8c3ce97fa,"Fishman's Island (near Port Moresby, PNG), Torres Strait, AUSTRALIA","Fishman's Island (near Port Moresby, PNG)",Torres Strait,AUSTRALIA,5
3e7f4a56e9a6ca69,"Horn Island, near Thursday Island, Torres Strait, AUSTRALIA","Horn Island, near Thursday Island",Torres Strait,AUSTRALIA,5
46ff1d4bcf08ec32,"Mabiuag, Torres Strait, AUSTRALIA",Mabiuag,Torres Strait,AUSTRALIA,5
6152664318ea2a8f,"Mabuiag Island, between New Guinea & Australia, Torres Strait, AUSTRALIA","Mabuiag Island, between New Guinea & Australia",Torres Strait,AUSTRALIA,5
f4454902701461d1,"Naghir Island, Torres Strait, AUSTRALIA",Naghir Island,Torres Strait,AUSTRALIA,5
e2f38b692b0926e8,"Near Badu Island, Torres Strait, AUSTRALIA",Near Badu Island,Torres Strait,AUSTRALIA,5
ee1dab3fe233a171,"Near Barrow Point, Queensland, Torres Strait, AUSTRALIA","Near Barrow Point, Queensland",Torres Strait,AUSTRALIA,5
55c6dee4a7a21543,"Near Boydong Cay, Torres Strait, AUSTRALIA",Near Boydong Cay,Torres Strait,AUSTRALIA,5
0a447594b130eaa3,"Near Dauan Island, Torres Strait, AUSTRALIA",Near Dauan Island,Torres Strait,AUSTRALIA,5
e0da7038d57aa494,"Near Shelburne Bay, Queenland, Torres Strait, AUSTRALIA","Near Shelburne Bay, Queenland",Torres Strait,AUSTRALIA,5
c133de5eb6c1e7aa,"Near Warrior Reefs, Torres Strait, AUSTRALIA",Near Warrior Reefs,Torres Strait,AUSTRALIA,5
68f6bc64ba0bfe65,"Near Warrior Reefs, Queensland, Torres Strait, AUSTRALIA","Near Warrior Reefs, Queensland",Torres Strait,AUSTRALIA,5
7bda9830dc4a08e9,"Nepean Island, Torres Strait, AUSTRALIA",Nepean Island,Torres Strait,AUSTRALIA,5
740b8bcbb4a3d978,"Off Bathurst Island, Torres Strait, AUSTRALIA",Off Bathurst Island,Torres Strait,AUSTRALIA,5
77018d582e7daf70,"Off Nepean Island, Torres Strait, AUSTRALIA",Off Nepean Island,Torres Strait,AUSTRALIA,5
54d70c91473a2591,"On edge of reef near Warrior Island, Torres Strait, AUSTRALIA",On edge of reef near Warrior Island,Torres Strait,AUSTRALIA,5
514cdb3afb2ce305,"Ota Reef, Torres Strait, AUSTRALIA",Ota Reef,Torres Strait,AUSTRALIA,5
615e4aa294cc8e20,"Saibai Island, 80 miles north of Cape York, Torres Strait, AUSTRALIA","Saibai Island, 80 miles north of Cape York",Torres Strait,AUSTRALIA,5
b3fbe46e0d252435,"Three Mile Reef off Lizard Island 50 miles north of Cooktown, Torres Strait, AUSTRALIA",Three Mile Reef off Lizard Island 50 miles north of Cooktown,Torres Strait,AUSTRALIA,5
ddadddc41d1b0612,"Thursday Island Harbour, Queensland, Torres Strait, AUSTRALIA","Thursday Island Harbour, Queensland",Torres Strait,AUSTRALIA,5
796cea6c7aa8693e,"Warrior Reefs, Torres Strait, AUSTRALIA",Warrior Reefs,Torres Strait,AUSTRALIA,5
2692989108085777,"150 yards from the pier at Lorne, Victoria, AUSTRALIA",150 yards from the pier at Lorne,Victoria,AUSTRALIA,5
74bef0d70f32c05c,"6 km off Collendina, south of Melbourne, Victoria, AUSTRALIA","6 km off Collendina, south of Melbourne",Victoria,AUSTRALIA,5
13b3e6787e9f8987,"Altona, Melbourne, Victoria, AUSTRALIA","Altona, Melbourne",Victoria,AUSTRALIA,5
7d08d8229528672c,"Anglesea, Victoria, AUSTRALIA",Anglesea,Victoria,AUSTRALIA,5
e5060993440036c4,"Bells Beach, Victoria, AUSTRALIA",Bells Beach,Victoria,AUSTRALIA,5
88f727b0c5d5bfce,"Blairgowrie, Victoria, AUSTRALIA",Blairgowrie,Victoria,AUSTRALIA,5
edabc9851fe5c692,"Brighton, Victoria, AUSTRALIA",Brighton,Victoria,AUSTRALIA,5
796bb45d247a2697,"Canadian Bay near Mount Eliza, 30 miles from Melbourne, Victoria, AUSTRALIA","Canadian Bay near Mount Eliza, 30 miles from Melbourne",Victoria,AUSTRALIA,5
84a7d26642b00d6b,"Cape Nelson, Victoria, AUSTRALIA",Cape Nelson,Victoria,AUSTRALIA,5
40f131f778554890,"Carrum, Victoria, AUSTRALIA",Carrum,Victoria,AUSTRALIA,5
c0300e2f6381a07d,"Cathedral Rock, Victoria, AUSTRALIA",Cathedral Rock,Victoria,AUSTRALIA,5
2ef3081e02a81808,"Cheviot Beach, Portsea, Victoria, AUSTRALIA","Cheviot Beach, Portsea",Victoria,AUSTRALIA,5
38f7bfd1f0d419b3,"Collendina Beach east of Ocean Grove, Victoria, AUSTRALIA",Collendina Beach east of Ocean Grove,Victoria,AUSTRALIA,5
bcb541dc9d9a08f2,"Cowes, Victoria, AUSTRALIA",Cowes,Victoria,AUSTRALIA,5
b558aea6275ab6aa,"East of Station Pier, Port Melbourne, Victoria, AUSTRALIA","East of Station Pier, Port Melbourne",Victoria,AUSTRALIA,5
46759d865cb18264,"Elwood Beach, Victoria, AUSTRALIA",Elwood Beach,Victoria,AUSTRALIA,5
7dfb89599ab12e32,"Fairhaven Beach, Lorne, Victoria, AUSTRALIA","Fairhaven Beach, Lorne",Victoria,AUSTRALIA,5
723ca882fab1d37e,"Flinders, Victoria, AUSTRALIA",Flinders,Victoria,AUSTRALIA,5
2f0cfb202f8946c0,"Flinders Island, Victoria, AUSTRALIA",Flinders Island,Victoria,AUSTRALIA,5
512b62004768681f,"Frankston, Victoria, AUSTRALIA",Frankston,Victoria,AUSTRALIA,5
ae9f802d16b90d9f,"Goolwa, Victoria, AUSTRALIA",Goolwa,Victoria,AUSTRALIA,5
d1511f9ae02a594b,"Jan Juc Beach, Victoria, AUSTRALIA",Jan Juc Beach,Victoria,AUSTRALIA,5
1cd9196b5cc83992,"Kilcunda, Victoria, AUSTRALIA",Kilcunda,Victoria,AUSTRALIA,5
6a0755b62a11f86c,"Lady Beach at Warrnambool, Victoria, AUSTRALIA",Lady Beach at Warrnambool,Victoria,AUSTRALIA,5
762b3dc86095a0ff,"Lady Julia Percy Island, Victoria, AUSTRALIA",Lady Julia Percy Island,Victoria,AUSTRALIA,5
6e2e1c20f50f41ba,"Levys Beach, Victoria, AUSTRALIA",Levys Beach,Victoria,AUSTRALIA,5
66e7b5022dfd679d,"Lorne, Victoria, AUSTRALIA",Lorne,Victoria,AUSTRALIA,5
fce156d68fbcebf7,"Middle Brighton, Port Phillip, Victoria, AUSTRALIA","Middle Brighton, Port Phillip",Victoria,AUSTRALIA,5
fcd438086b786200,"Mordialloc, Victoria, AUSTRALIA",Mordialloc,Victoria,AUSTRALIA,5
15582d86cc039deb,"Mount Martha Beach, Victoria, AUSTRALIA",Mount Martha Beach,Victoria,AUSTRALIA,5
1de6511a23cfaef3,"Off Tower Hill, Victoria, AUSTRALIA",Off Tower Hill,Victoria,AUSTRALIA,5
ba23542ff6aa6297,"Paradise Beach, Victoria, AUSTRALIA",Paradise Beach,Victoria,AUSTRALIA,5
08233ad5c5b473f0,"Phillip Island, Victoria, AUSTRALIA",Phillip Island,Victoria,AUSTRALIA,5
ebd895970a3a88c8,"Port Campbell, Victoria, AUSTRALIA",Port Campbell,Victoria,AUSTRALIA,5
e20929ef0949a8c6,"Port MacDonnel, Victoria, AUSTRALIA",Port MacDonnel,Victoria,AUSTRALIA,5
10cc3c19ba7f4f6e,"Port Melbourne, Victoria, AUSTRALIA",Port Melbourne,Victoria,AUSTRALIA,5
1fec0e4393dc6764,"Port Phillip Bay, Port Melbourne, Victoria, AUSTRALIA","Port Phillip Bay, Port Melbourne",Victoria,AUSTRALIA,5
b21ee59d406a81ec,"Portland, Victoria, AUSTRALIA",Portland,Victoria,AUSTRALIA,5
b7ad41ec8732b587,"Portsea Beach, near Melbourne, Victoria, AUSTRALIA","Portsea Beach, near Melbourne",Victoria,AUSTRALIA,5
9f2b76f7c1a9149c,"Portsea Beach, near entrance to Port Phillip Bay, Victoria, AUSTRALIA","Portsea Beach, near entrance to Port Phillip Bay",Victoria,AUSTRALIA,5
bb378172c0fe07d7,"Queenscliff, Victoria, AUSTRALIA",Queenscliff,Victoria,AUSTRALIA,5
bcd7c8bfa00c16ef,"Rosebud, Victoria, AUSTRALIA",Rosebud,Victoria,AUSTRALIA,5
a6681f2a6376414e,"Sandringham, Victoria, AUSTRALIA",Sandringham,Victoria,AUSTRALIA,5
4e01436b2242595d,"Seaholme, Victoria, AUSTRALIA",Seaholme,Victoria,AUSTRALIA,5
3df149efb8528aea,"Seal Rocks, Phillip Island, Victoria, AUSTRALIA","Seal Rocks, Phillip Island",Victoria,AUSTRALIA,5
875d9c672d6992d7,"Shipwreck Cove, Melbourne Aquarium, Victoria, AUSTRALIA","Shipwreck Cove, Melbourne Aquarium",Victoria,AUSTRALIA,5
2df02fafcba1dcf4,"South Werribee Beach, Victoria, AUSTRALIA",South Werribee Beach,Victoria,AUSTRALIA,5
51ce48d3405fbb98,"Suicide Point, Point Leo, Victoria, AUSTRALIA","Suicide Point, Point Leo",Victoria,AUSTRALIA,5
6f1a910109baa99a,"Surfers Point, Phillip Island, Victoria, AUSTRALIA","Surfers Point, Phillip Island",Victoria,AUSTRALIA,5
b13b9ff8352941f0,"Thirteenth Beach, Victoria, AUSTRALIA",Thirteenth Beach,Victoria,AUSTRALIA,5
88af74215dfebf39,"Tyrendarra Beach, Victoria, AUSTRALIA",Tyrendarra Beach,Victoria,AUSTRALIA,5
1f1f6220f223b1ad,"Tyrendarra Beach near Portland, Victoria, AUSTRALIA",Tyrendarra Beach near Portland,Victoria,AUSTRALIA,5
c27e692ee4e93152,"Warrnambool, Victoria, AUSTRALIA",Warrnambool,Victoria,AUSTRALIA,5
fdf6ed5054f6f041,"Western Port Bay, Victoria, AUSTRALIA",Western Port Bay,Victoria,AUSTRALIA,5
5cca08e0c767e015,"Westernport Bay, Victoria, AUSTRALIA",Westernport Bay,Victoria,AUSTRALIA,5
db1dbf1b7dfca49e,"Wilson's Promontory, Waratah Bay, Victoria, AUSTRALIA","Wilson's Promontory, Waratah Bay",Victoria,AUSTRALIA,5
327df36019fbfd1c,"Winki Pop, Bells Beach, Victoria, AUSTRALIA","Winki Pop, Bells Beach",Victoria,AUSTRALIA,5
1cb319c5620b2698,"Winkipop, Victoria, AUSTRALIA",Winkipop,Victoria,AUSTRALIA,5
0b79a4519bc2200e,"Winkipop Beach, Victoria, AUSTRALIA",Winkipop Beach,Victoria,AUSTRALIA,5
0ff75a9de7d49c46,"Dugong Bay, Westerm Australia, AUSTRALIA",Dugong Bay,Westerm Australia,AUSTRALIA,5
01cd28ef72c6599f,"Esperance, Westerm Australia, AUSTRALIA",Esperance,Westerm Australia,AUSTRALIA,5
1165067629d47310,"Sam's Creek area, Westerm Australia, AUSTRALIA",Sam's Creek area,Westerm Australia,AUSTRALIA,5
d0561470f6dbabe8,"15 km north of Lancelin, north of Perth, Western Australia, AUSTRALIA","15 km north of Lancelin, north of Perth",Western Australia,AUSTRALIA,5
1e5f9532fa0b6af0,"18 km west of Bunbury, Western Australia, AUSTRALIA",18 km west of Bunbury,Western Australia,AUSTRALIA,5
75fcd3226754784d,"3 km west of Rottnest Island, Western Australia, AUSTRALIA",3 km west of Rottnest Island,Western Australia,AUSTRALIA,5
85a5e6c3491961ca,"5 nm off Cervantes, Western Australia, AUSTRALIA",5 nm off Cervantes,Western Australia,AUSTRALIA,5
467406e047241d99,"7 km off Trigg surf beach, Perth, Western Australia, AUSTRALIA","7 km off Trigg surf beach, Perth",Western Australia,AUSTRALIA,5
64df12d3a11eada2,"A pearl farm in Roebuck Bay, Western Australia, AUSTRALIA",A pearl farm in Roebuck Bay,Western Australia,AUSTRALIA,5
bb9c400afd79c714,"African Reef off Geraldton, Western Australia, AUSTRALIA",African Reef off Geraldton,Western Australia,AUSTRALIA,5
df052c1f568cf154,"Albany (incident took place 200 metres from swimmers), Western Australia, AUSTRALIA",Albany (incident took place 200 metres from swimmers),Western Australia,AUSTRALIA,5
436f97c3cc8c9103,"Avalon Beach, near Mandurah, Western Australia, AUSTRALIA","Avalon Beach, near Mandurah",Western Australia,AUSTRALIA,5
3c93fc50472ad8dd,"Backbeach, Halls Head, Western Australia, AUSTRALIA","Backbeach, Halls Head",Western Australia,AUSTRALIA,5
d635fffdc37ae2df,"Bald Island, Western Australia, AUSTRALIA",Bald Island,Western Australia,AUSTRALIA,5
f6a2ed2a59252929,"Bathurst Reef, Rottnest Island, Western Australia, AUSTRALIA","Bathurst Reef, Rottnest Island",Western Australia,AUSTRALIA,5
1d0425b1e9c96be2,"Bernier Island, Shark Bay, Western Australia, AUSTRALIA","Bernier Island, Shark Bay",Western Australia,AUSTRALIA,5
b27aaa76cb78a22b,"Between Carnac and Garden Islands, Western Australia, AUSTRALIA",Between Carnac and Garden Islands,Western Australia,AUSTRALIA,5
a2d3b517339cf4b8,"Binningup, Western Australia, AUSTRALIA",Binningup,Western Australia,AUSTRALIA,5
7730befbdb17dedd,"Boyup Brook, Western Australia, AUSTRALIA",Boyup Brook,Western Australia,AUSTRALIA,5
66e9f6c361385e11,"Bundegi Sanctuary Zone, Ningaloo, Western Australia, AUSTRALIA","Bundegi Sanctuary Zone, Ningaloo",Western Australia,AUSTRALIA,5
9bd31cb7cae7bce4,"Bunker Bay, Western Australia, AUSTRALIA",Bunker Bay,Western Australia,AUSTRALIA,5
678b493ceb81bfd3,"Busselton, Western Australia, AUSTRALIA",Busselton,Western Australia,AUSTRALIA,5
269bc36e8c6a3366,"Carnac Island, Western Australia, AUSTRALIA",Carnac Island,Western Australia,AUSTRALIA,5
c567f9db60c2a930,"Carnarvon, Western Australia, AUSTRALIA",Carnarvon,Western Australia,AUSTRALIA,5
82a528b7e1cce011,"Castle Rock, north of Dunsborough, Western Australia, AUSTRALIA","Castle Rock, north of Dunsborough",Western Australia,AUSTRALIA,5
7e9328ad1dc4ae07,"Cobblestones, Margaret River Area, Western Australia, AUSTRALIA","Cobblestones, Margaret River Area",Western Australia,AUSTRALIA,5
a9abcc28de172cb2,"Collie River, Western Australia, AUSTRALIA",Collie River,Western Australia,AUSTRALIA,5
bc7d156d77edc972,"Condon, 88 km NE of Port Hedland, Western Australia, AUSTRALIA","Condon, 88 km NE of Port Hedland",Western Australia,AUSTRALIA,5
b719e7c340f0ed07,"Cone Bay, Western Australia, AUSTRALIA",Cone Bay,Western Australia,AUSTRALIA,5
9e96775f60c27d86,"Conspicuous Beach, near Walpole, Western Australia, AUSTRALIA","Conspicuous Beach, near Walpole",Western Australia,AUSTRALIA,5
46a0512f75829f46,"Cowaramup Bay, Western Australia, AUSTRALIA",Cowaramup Bay,Western Australia,AUSTRALIA,5
782bd5ed1a82e25f,"Direction Island, Cocos Islands, Western Australia, AUSTRALIA","Direction Island, Cocos Islands",Western Australia,AUSTRALIA,5
43d09ff8bcc80172,"Emu Channel, Western Australia, AUSTRALIA",Emu Channel,Western Australia,AUSTRALIA,5
5c938cb00062c846,"Emu Point, Western Australia, AUSTRALIA",Emu Point,Western Australia,AUSTRALIA,5
342036871d0188d3,"Falcon Bay Beach, Mandurah, Western Australia, AUSTRALIA","Falcon Bay Beach, Mandurah",Western Australia,AUSTRALIA,5
47413e6724fe57ed,"Falcon Beach, Mandurah, Western Australia, AUSTRALIA","Falcon Beach, Mandurah",Western Australia,AUSTRALIA,5
0d407419fb0630f7,"Fourth Beach, Twilgth Beach, Western Australia, AUSTRALIA","Fourth Beach, Twilgth Beach",Western Australia,AUSTRALIA,5
155108d48e8e5d35,"Frenchman Bay, Western Australia, AUSTRALIA",Frenchman Bay,Western Australia,AUSTRALIA,5
9357c1c8aa4e1b74,"Freo, Western Australia, AUSTRALIA",Freo,Western Australia,AUSTRALIA,5
3e8cd00e7819e530,"Gearys Beach, Western Australia, AUSTRALIA",Gearys Beach,Western Australia,AUSTRALIA,5
a7b2733285199bcc,"Geographe Bay, Western Australia, AUSTRALIA",Geographe Bay,Western Australia,AUSTRALIA,5
6b2319b1f5f52ec7,"Glenelg, Western Australia, AUSTRALIA",Glenelg,Western Australia,AUSTRALIA,5
3fe0a4f9917a8597,"Gnaraloo, Western Australia, AUSTRALIA",Gnaraloo,Western Australia,AUSTRALIA,5
7270c95ed256b37d,"Honeymoon Island, near Hopetown, Western Australia, AUSTRALIA","Honeymoon Island, near Hopetown",Western Australia,AUSTRALIA,5
901602289853e430,"Horizontal Falls, Western Australia, AUSTRALIA",Horizontal Falls,Western Australia,AUSTRALIA,5
6340a76ced88b11e,"In Swan River at Freshwater Bay, Claremont, Western Australia, AUSTRALIA","In Swan River at Freshwater Bay, Claremont",Western Australia,AUSTRALIA,5
abbd0ecb57901795,"In a tidal creek 5 km from Wickham, Western Australia, AUSTRALIA",In a tidal creek 5 km from Wickham,Western Australia,AUSTRALIA,5
13cae01dbac9fce9,"Injidup, Western Australia, AUSTRALIA",Injidup,Western Australia,AUSTRALIA,5
c840241c090dea23,"Jurien Bay, Western Australia, AUSTRALIA",Jurien Bay,Western Australia,AUSTRALIA,5
3cd852cb3a8dba4c,"Kalbarri, Western Australia, AUSTRALIA",Kalbarri,Western Australia,AUSTRALIA,5
103a163812498ed9,"Kelpids Beach, Wylie Bay, Western Australia, AUSTRALIA","Kelpids Beach, Wylie Bay",Western Australia,AUSTRALIA,5
14387e03a0c4f902,"Kelpies near Wylie Bay, Western Australia, AUSTRALIA",Kelpies near Wylie Bay,Western Australia,AUSTRALIA,5
7355c1f1e94fff8f,"Lancelin, Western Australia, AUSTRALIA",Lancelin,Western Australia,AUSTRALIA,5
21c879c5e840c6a1,"Lancelin Island, Western Australia, AUSTRALIA",Lancelin Island,Western Australia,AUSTRALIA,5
c73401e8e39ea1a9,"Lefthanders Beach, Margaret River, Western Australia, AUSTRALIA","Lefthanders Beach, Margaret River",Western Australia,AUSTRALIA,5
1ec4323181ff1e21,"Lefthanders, Margaret River Area, Western Australia, AUSTRALIA","Lefthanders, Margaret River Area",Western Australia,AUSTRALIA,5
764307c25be37483,"Leighton Beach, north of Freemantle, Western Australia, AUSTRALIA","Leighton Beach, north of Freemantle",Western Australia,AUSTRALIA,5
442e6099f5ef9cec,"Little Island, near Hillarys, Western Australia, AUSTRALIA","Little Island, near Hillarys",Western Australia,AUSTRALIA,5
fe6c7dad0bfa2d39,"Mauds Point, Western Australia, AUSTRALIA",Mauds Point,Western Australia,AUSTRALIA,5
9fa8cb7623bb450c,"Metro coast, Western Australia, AUSTRALIA",Metro coast,Western Australia,AUSTRALIA,5
8a62af87237a32e2,"Mindarie, Western Australia, AUSTRALIA",Mindarie,Western Australia,AUSTRALIA,5
8435ec11691ee0af,"Mutton Bird Island, Albany, Western Australia, AUSTRALIA","Mutton Bird Island, Albany",Western Australia,AUSTRALIA,5
b27a238c5eeff3ec,"Near Albany, Western Australia, AUSTRALIA",Near Albany,Western Australia,AUSTRALIA,5
5ef8509f02417805,"Near Broome in Roebuck Bay, Western Australia, AUSTRALIA",Near Broome in Roebuck Bay,Western Australia,AUSTRALIA,5
23d910792ceebf9e,"Near Legendre Island, Western Australia, AUSTRALIA",Near Legendre Island,Western Australia,AUSTRALIA,5
fd33cb104f29b8cd,"North of main swimming area in Waterman's Bay Beach, Perth, Western Australia, AUSTRALIA","North of main swimming area in Waterman's Bay Beach, Perth",Western Australia,AUSTRALIA,5
039c5c89b91a427c,"Ocean Reef, Western Australia, AUSTRALIA",Ocean Reef,Western Australia,AUSTRALIA,5
795677545bd18f0d,"Off City Beach, Perth, Western Australia, AUSTRALIA","Off City Beach, Perth",Western Australia,AUSTRALIA,5
301c88fe9e354f6f,"Off Garden Island, Western Australia, AUSTRALIA",Off Garden Island,Western Australia,AUSTRALIA,5
7d347cf855299f1a,"Off Legendre Island, Western Australia, AUSTRALIA",Off Legendre Island,Western Australia,AUSTRALIA,5
b96643e643d34963,"Off Poison Creek, Cape Arid, Western Australia, AUSTRALIA","Off Poison Creek, Cape Arid",Western Australia,AUSTRALIA,5
908e24350359af5b,"Off Wedge Island, Western Australia, AUSTRALIA",Off Wedge Island,Western Australia,AUSTRALIA,5
3801eb6de5b15bcc,"Onslow, Western Australia, AUSTRALIA",Onslow,Western Australia,AUSTRALIA,5
4c285b10d8e2b212,"Parker's Point, Rottnest Island, Western Australia, AUSTRALIA","Parker's Point, Rottnest Island",Western Australia,AUSTRALIA,5
8642e8a06018f3ca,"Perth, Western Australia, AUSTRALIA",Perth,Western Australia,AUSTRALIA,5
bb00f45e2c3e0efc,"Point Casuarina, Bunbury, Western Australia, AUSTRALIA","Point Casuarina, Bunbury",Western Australia,AUSTRALIA,5
db1f7d64ed8aeec4,"Pyramids Beach, Western Australia, AUSTRALIA",Pyramids Beach,Western Australia,AUSTRALIA,5
356724b08c60bbf0,"Pyramids Beach, Port Bouvard, Western Australia, AUSTRALIA","Pyramids Beach, Port Bouvard",Western Australia,AUSTRALIA,5
50dd62b78f98db6d,"Red Bluff near Quobba Station, Western Australia, AUSTRALIA",Red Bluff near Quobba Station,Western Australia,AUSTRALIA,5
dd4c1ef8dadc90c2,"Red Bluffs, Western Australia, AUSTRALIA",Red Bluffs,Western Australia,AUSTRALIA,5
f366d4f4e5dcc2c9,"Redgate Beach, Western Australia, AUSTRALIA",Redgate Beach,Western Australia,AUSTRALIA,5
9791f4edc6d8415a,"Roe Reef off Rottnest Island, Western Australia, AUSTRALIA",Roe Reef off Rottnest Island,Western Australia,AUSTRALIA,5
bc6a19c330618564,"Scarborough, Western Australia, AUSTRALIA",Scarborough,Western Australia,AUSTRALIA,5
b270a1b838affe92,"Scarborough Beach, Perth, Western Australia, AUSTRALIA","Scarborough Beach, Perth",Western Australia,AUSTRALIA,5
83b4fc28a0499fcd,"South Passage, south of Coral Bay, Western Australia, AUSTRALIA","South Passage, south of Coral Bay",Western Australia,AUSTRALIA,5
7c39ae8b7308f792,"South Perth, Western Australia, AUSTRALIA",South Perth,Western Australia,AUSTRALIA,5
cd57e01deda15900,"Southgates, near Geraldton, Western Australia, AUSTRALIA","Southgates, near Geraldton",Western Australia,AUSTRALIA,5
ae454debeb448f52,"Stratham Beach, Western Australia, AUSTRALIA",Stratham Beach,Western Australia,AUSTRALIA,5
f95d560806af5749,"Surfers Point, Prevelly, Western Australia, AUSTRALIA","Surfers Point, Prevelly",Western Australia,AUSTRALIA,5
962d64900fe5dce5,"Swan River, 13 miles upstream, Western Australia, AUSTRALIA","Swan River, 13 miles upstream",Western Australia,AUSTRALIA,5
9e98474269079030,"The Natural Jetty, Rottnest Island, Western Australia, AUSTRALIA","The Natural Jetty, Rottnest Island",Western Australia,AUSTRALIA,5
1181d54205cae50d,"Three Stripes near Cheynes Beach, Western Australia, AUSTRALIA",Three Stripes near Cheynes Beach,Western Australia,AUSTRALIA,5
e79a2bd1f3d9bc64,"Trigg Beach, Perth, Western Australia, AUSTRALIA","Trigg Beach, Perth",Western Australia,AUSTRALIA,5
20414c56051ad0bf,"Turquoise Bay, Western Australia, AUSTRALIA",Turquoise Bay,Western Australia,AUSTRALIA,5
77dcd5f61746d024,"Warra Beach, Coral Bay, Western Australia, AUSTRALIA","Warra Beach, Coral Bay",Western Australia,AUSTRALIA,5
fb46fb300036332f,"Waterman's Bay, Western Australia, AUSTRALIA",Waterman's Bay,Western Australia,AUSTRALIA,5
875f924a92159235,"Wharton Beach, Western Australia, AUSTRALIA",Wharton Beach,Western Australia,AUSTRALIA,5
a00ca9676f7e97af,"Woodman Point, Western Australia, AUSTRALIA",Woodman Point,Western Australia,AUSTRALIA,5
9c28257e9e35bea7,"Wreck Point, Abrolhos Islands, Western Australia, AUSTRALIA","Wreck Point, Abrolhos Islands",Western Australia,AUSTRALIA,5
b9a5a65f5f5bac90,"350 miles from Faial Island, AZORES",350 miles from Faial Island,,AZORES,5
611c449353bed807,"Onboard the fishing vessel Nuevo Cedes, AZORES",Onboard the fishing vessel Nuevo Cedes,,AZORES,5
6fa243d93d1e5e2d,"Sao Miguel, AZORES",Sao Miguel,,AZORES,5
da6b12d9f5b9b1eb,"50 miles off Bahamas, BAHAMAS",50 miles off Bahamas,,BAHAMAS,5
f2758b890e02bb8e,"Carter Cay, BAHAMAS",Carter Cay,,BAHAMAS,5
7129efbae3162ead,"Freetown Beach, BAHAMAS",Freetown Beach,,BAHAMAS,5
0e65a1b2bf7e21cf,"Off Andros Island, BAHAMAS",Off Andros Island,,BAHAMAS,5
ea7241b95c47aa1d,"Off Cape Eleuthera, BAHAMAS",Off Cape Eleuthera,,BAHAMAS,5
b2a9a6b83b98f6cd,"Rum Cay, BAHAMAS",Rum Cay,,BAHAMAS,5
ef0efda16845213e,"Tiger Beach, BAHAMAS",Tiger Beach,,BAHAMAS,5
b24a07ffe9e6eeca,"Allan-Pensacola Cay, Abaco Islands, BAHAMAS",Allan-Pensacola Cay,Abaco Islands,BAHAMAS,5
1796287f9bd6af3c,"Bakers Bay, Abaco Islands, BAHAMAS",Bakers Bay,Abaco Islands,BAHAMAS,5
f155c123c72dd32e,"Double Breasted Cays, Abaco Islands, BAHAMAS",Double Breasted Cays,Abaco Islands,BAHAMAS,5
4e6ac6a6a2fd0249,"Elbow Cay, Abaco Islands, BAHAMAS",Elbow Cay,Abaco Islands,BAHAMAS,5
4a5c086b07413a32,"North of Grand Cay, Abaco Islands, BAHAMAS",North of Grand Cay,Abaco Islands,BAHAMAS,5
793c1110e7c28973,"North of Walkers Cay, Abaco Islands, BAHAMAS",North of Walkers Cay,Abaco Islands,BAHAMAS,5
d1d2e60974fc96c6,"Off Sandy Point, Great Abaco Island, Abaco Islands, BAHAMAS","Off Sandy Point, Great Abaco Island",Abaco Islands,BAHAMAS,5
28ffd03c426f9599,"Powell Cay, Abaco Islands, BAHAMAS",Powell Cay,Abaco Islands,BAHAMAS,5
8df4144329bb535e,"Scotland Cay, Abaco Islands, BAHAMAS",Scotland Cay,Abaco Islands,BAHAMAS,5
bbff3239591d0cc0,"Spanish Cay, Abaco Islands, BAHAMAS",Spanish Cay,Abaco Islands,BAHAMAS,5
48b016fa403468f8,"Tahiti Beach, Elbow Cay, Abaco Islands, BAHAMAS","Tahiti Beach, Elbow Cay",Abaco Islands,BAHAMAS,5
6efcca1e36b71715,"Blue Hole, Andros Islands, BAHAMAS",Blue Hole,Andros Islands,BAHAMAS,5
cef5e74cf71ce8d3,"Mangrove Cay, Andros Islands, BAHAMAS",Mangrove Cay,Andros Islands,BAHAMAS,5
3dd97d457e74f74b,"Middle Bight, Andros Islands, BAHAMAS",Middle Bight,Andros Islands,BAHAMAS,5
5f48cdd128e28635,"North Rat Cay Reef, Andros Islands, BAHAMAS",North Rat Cay Reef,Andros Islands,BAHAMAS,5
72a29e050a10c799,"Ambergris Cay, Berry Islands, BAHAMAS",Ambergris Cay,Berry Islands,BAHAMAS,5
fcbac7d8202f30b0,"Whale Cay, Berry Islands, BAHAMAS",Whale Cay,Berry Islands,BAHAMAS,5
8184bea2f4d01c54,"Lerner Marine Lab, Bimini Islands, BAHAMAS",Lerner Marine Lab,Bimini Islands,BAHAMAS,5
d9109ed8a7eab0c0,"Lerner Marine Laboratory, Bimini Islands, BAHAMAS",Lerner Marine Laboratory,Bimini Islands,BAHAMAS,5
ad98613f32df5e9f,"off yacht Serenade, Cat Cay, BAHAMAS",off yacht Serenade,Cat Cay,BAHAMAS,5
ae094906a37d6f26,"Anchored off the largest island in the group, Cay Sal Bank, BAHAMAS",Anchored off the largest island in the group,Cay Sal Bank,BAHAMAS,5
a74b3dc987a1dc6b,"Savannah Sound, Eleuthera, BAHAMAS",Savannah Sound,Eleuthera,BAHAMAS,5
2eebbd79a4220665,"Spanish Wells, Eleuthera, BAHAMAS",Spanish Wells,Eleuthera,BAHAMAS,5
93b5d28d0a144ae8,"Compass Cay, Exuma Islands, BAHAMAS",Compass Cay,Exuma Islands,BAHAMAS,5
63bac8e043973b97,"Sampson Cay, Exuma Islands, BAHAMAS",Sampson Cay,Exuma Islands,BAHAMAS,5
7fd98e791a12a7a6,"Off Cay Sal Banks, Florida Straits, BAHAMAS",Off Cay Sal Banks,Florida Straits,BAHAMAS,5
7852592aa1821695,"Gingerbread Reef, east of Little Isaac Island, Grand Bahama Island, BAHAMAS","Gingerbread Reef, east of Little Isaac Island",Grand Bahama Island,BAHAMAS,5
d1d6fd4f99bbaa72,"High Rock, 25 to 30 miles east of Freeport, Grand Bahama Island, BAHAMAS","High Rock, 25 to 30 miles east of Freeport",Grand Bahama Island,BAHAMAS,5
281aafeb8d20b47a,"Memory Rock, 18 miles from NW end of the Island, Grand Bahama Island, BAHAMAS","Memory Rock, 18 miles from NW end of the Island",Grand Bahama Island,BAHAMAS,5
accd58063900976a,"Off Lucaya, Grand Bahama Island, BAHAMAS",Off Lucaya,Grand Bahama Island,BAHAMAS,5
7ceb7ee89ee9b4a6,"Off West End, Grand Bahama Island, BAHAMAS",Off West End,Grand Bahama Island,BAHAMAS,5
a3f76cbd68002e47,"Port Lucaya, Freeport, Grand Bahama Island, BAHAMAS","Port Lucaya, Freeport",Grand Bahama Island,BAHAMAS,5
e31452ac6b4b2947,"Sweetings Cay, Grand Bahama Island, BAHAMAS",Sweetings Cay,Grand Bahama Island,BAHAMAS,5
3037bdbfd6f0e959,"Children's Bay Cay near Rollerville, Great Exuma Island, BAHAMAS",Children's Bay Cay near Rollerville,Great Exuma Island,BAHAMAS,5
527595527579577f,"Highborn Cay, Great Exuma Island, BAHAMAS",Highborn Cay,Great Exuma Island,BAHAMAS,5
31686e2778691018,"Athol Island, New Providence, BAHAMAS",Athol Island,New Providence,BAHAMAS,5
d127e5ce32e8c254,"Nirvana Beach, New Providence, BAHAMAS",Nirvana Beach,New Providence,BAHAMAS,5
6b5254f38210052a,"Nassau, New Providence Island, New Providence District, BAHAMAS","Nassau, New Providence Island",New Providence District,BAHAMAS,5
fd7244b0c10ed8c4,"Rose Island, New Providence District, BAHAMAS",Rose Island,New Providence District,BAHAMAS,5
e303c530b5d56b2e,"Cable Beach, New Providence Island, BAHAMAS",Cable Beach,New Providence Island,BAHAMAS,5
6cd8606f6583450a,"Dive site known as ""The End of the Map"", Northern Bahamas, BAHAMAS","Dive site known as ""The End of the Map""",Northern Bahamas,BAHAMAS,5
8f3713d1ea2d9d5e,"Andros Island, Out Islands, BAHAMAS",Andros Island,Out Islands,BAHAMAS,5
f1c9a2b6be60d014,"Matinella Reef, 15 to 20 miles west of Walkers Cay, Walkers Cay, BAHAMAS","Matinella Reef, 15 to 20 miles west of Walkers Cay",Walkers Cay,BAHAMAS,5
f8c511c32aa7da3d,"Tiger Beach, West End, BAHAMAS",Tiger Beach,West End,BAHAMAS,5
1b3e0493fcbef544,"Pie Corner, Lucy, BARBADOS",Pie Corner,Lucy,BARBADOS,5
b7f868701f8d26d8,"Off Pelican Island, St Michael Parish, BARBADOS",Off Pelican Island,St Michael Parish,BARBADOS,5
3666e54702f47d0d,"18 miles southwest of Bermuda, BERMUDA",18 miles southwest of Bermuda,,BERMUDA,5
38bde18aa7b9c81a,"6 miles from shore, BERMUDA",6 miles from shore,,BERMUDA,5
501426044e274136,"2 miles south of Castle Island Harbour entrance to Hamilton, Hamilton, BERMUDA",2 miles south of Castle Island Harbour entrance to Hamilton,Hamilton,BERMUDA,5
d33e37feeb54b390,"Hamilton, Hamilton, BERMUDA",Hamilton,Hamilton,BERMUDA,5
a44fc28af4259944,"Hamilton Parish, Hamilton, BERMUDA",Hamilton Parish,Hamilton,BERMUDA,5
dea0999ad2f02805,"Nine miles off Frasconi Flats, Hamilton, BERMUDA",Nine miles off Frasconi Flats,Hamilton,BERMUDA,5
4b04d484b86a95a4,"Elbow Beach, Coral Beach, Paget, BERMUDA","Elbow Beach, Coral Beach",Paget,BERMUDA,5
ac00134b7f405945,"Elbow Beach, South shore, BERMUDA",Elbow Beach,South shore,BERMUDA,5
c1832f4dd892e0f8,"500 km off the coast of Pernambuco, BRAZIL",500 km off the coast of Pernambuco,,BRAZIL,5
8c2e8f595287b21e,"Near the Abrolhos Archipelago, BRAZIL",Near the Abrolhos Archipelago,,BRAZIL,5
185ff528810b8fe3,"Guarajuba, Bahia, BRAZIL",Guarajuba,Bahia,BRAZIL,5
fd3595eaa29db435,"Conceicao Beach, Fernando de Noronha, BRAZIL",Conceicao Beach,Fernando de Noronha,BRAZIL,5
5a327b721edb06a2,"Body recovered at Goiana, Pernambuco, BRAZIL",Body recovered at Goiana,Pernambuco,BRAZIL,5
ee5f167b59ea896d,"Coral Cove Beach, Pernambuco, BRAZIL",Coral Cove Beach,Pernambuco,BRAZIL,5
d78660cad65c03ce,"Coral Cove, Cabo de Santo Agostinho, Pernambuco, BRAZIL","Coral Cove, Cabo de Santo Agostinho",Pernambuco,BRAZIL,5
932c4077bbb962c0,"Fernando de Noronha Marine Park, Pernambuco, BRAZIL",Fernando de Noronha Marine Park,Pernambuco,BRAZIL,5
2417fdfe8fff43d1,"Fernano de Noronha, Pernambuco, BRAZIL",Fernano de Noronha,Pernambuco,BRAZIL,5
6bb739b86c515f76,"Pau Amarelo Beach, Paulista District (17 km from Recife), Pernambuco, BRAZIL","Pau Amarelo Beach, Paulista District (17 km from Recife)",Pernambuco,BRAZIL,5
064350e140995c2f,"Praia de Pau Amarelo, Recife, Pernambuco, BRAZIL","Praia de Pau Amarelo, Recife",Pernambuco,BRAZIL,5
98a46498db31db84,"Praia do Pina, Pernambuco, BRAZIL",Praia do Pina,Pernambuco,BRAZIL,5
541d5a1b8507b977,"Punta Del Chifre, Olinda, Pernambuco, BRAZIL","Punta Del Chifre, Olinda",Pernambuco,BRAZIL,5
3d22f54c94a8f65e,"90 miles off Albrohos Island, Porto Seguro, BRAZIL",90 miles off Albrohos Island,Porto Seguro,BRAZIL,5
9b65ee41aa508d95,"Atlantis Beach, near Tramandai, Rio Grande Do Sul, BRAZIL","Atlantis Beach, near Tramandai",Rio Grande Do Sul,BRAZIL,5
979d9de31c6543e1,"Atol das Rochas, Rio Grande de Norte, BRAZIL",Atol das Rochas,Rio Grande de Norte,BRAZIL,5
31d45dd047aa6d6b,"Praia de Camapum, Macau, Rio Grande de Norte, BRAZIL","Praia de Camapum, Macau",Rio Grande de Norte,BRAZIL,5
d13b749ea8e123f7,"Copacabana, Rio de Janeiro, BRAZIL",Copacabana,Rio de Janeiro,BRAZIL,5
c5e23ef736cb0c84,"Copacabana, Rio de Janeiro, Rio de Janeiro, BRAZIL","Copacabana, Rio de Janeiro",Rio de Janeiro,BRAZIL,5
0f047d8eb9bc6899,"Manguinhos, Ilha Feia, Rio de Janeiro, BRAZIL","Manguinhos, Ilha Feia",Rio de Janeiro,BRAZIL,5
4d827f5ac2225ca9,"Rio de Janeiro, Guanabara Bay, Rio de Janeiro, BRAZIL","Rio de Janeiro, Guanabara Bay",Rio de Janeiro,BRAZIL,5
3f6fb1ab76fc6825,"Beesands, South Devon, BRITISH ISLES",Beesands,South Devon,BRITISH ISLES,5
919578c17e9730ae,"Long Cay, Grand Turk Island, BRITISH WEST INDIES",Long Cay,Grand Turk Island,BRITISH WEST INDIES,5
8011812e9a731460,"16 km west of Digby Gut, Bay of Fundy, CANADA",16 km west of Digby Gut,Bay of Fundy,CANADA,5
f0135c774b9a9116,"Slaunwhite's Ledge, Hubbard Cove, Halifax, CANADA","Slaunwhite's Ledge, Hubbard Cove",Halifax,CANADA,5
c41c17b7849a3a34,"Bay of Fundy, New Brunswick, CANADA",Bay of Fundy,New Brunswick,CANADA,5
cb8d09a1bd172a47,"Georges Bank, Newfoundland, CANADA",Georges Bank,Newfoundland,CANADA,5
49dcf95924927a84,"Fourchu, Cape Breton Island, Nova Scotia, CANADA","Fourchu, Cape Breton Island",Nova Scotia,CANADA,5
f46b44824abcfab2,"Second Narrows in Burrard Inlet, Vancouver, CANADA",Second Narrows in Burrard Inlet,Vancouver,CANADA,5
f1408ee6ba7b92c8,"125 nm north of Aruba, CARIBBEAN SEA",125 nm north of Aruba,,CARIBBEAN SEA,5
85fca176617866f3,"Between St. Maarten & Anguilla, CARIBBEAN SEA",Between St. Maarten & Anguilla,,CARIBBEAN SEA,5
6265581e1016ef4e,"Between USA & Cuba, CARIBBEAN SEA",Between USA & Cuba,,CARIBBEAN SEA,5
1ed837c18f6f92a1,"Off Dominican Republic, CARIBBEAN SEA",Off Dominican Republic,,CARIBBEAN SEA,5
587914f970e82bc9,"Off Cristobal, 200 miles northeast of the entrance to the Panama Canal, PANAMA, CARIBBEAN SEA","Off Cristobal, 200 miles northeast of the entrance to the Panama Canal",PANAMA,CARIBBEAN SEA,5
2b6557923fd95d2d,"300 miles East of Easter Island, CHILE",300 miles East of Easter Island,,CHILE,5
ff271d285ecc74aa,"300 miles east of Easter Island, CHILE",300 miles east of Easter Island,,CHILE,5
4328db4f94614d0a,"El Panul, 12km south of Coquimbo, CHILE","El Panul, 12km south of Coquimbo",,CHILE,5
36ebad5c9da18702,"Antofagasta, Antofagasta Province, CHILE",Antofagasta,Antofagasta Province,CHILE,5
70de7f488caae53f,"Bahia Totoralillo, 80 km north of Coquimbo, Coquimbo, CHILE","Bahia Totoralillo, 80 km north of Coquimbo",Coquimbo,CHILE,5
88e866fd44d9402e,"Coquimbo, Elqui Province, CHILE",Coquimbo,Elqui Province,CHILE,5
f35b8dcc7fb4fb56,"Punta Negra, Pichidangui, Los Vilos, CHILE","Punta Negra, Pichidangui",Los Vilos,CHILE,5
d5cbe0d3b7c1fa39,"Valpariso, Valpariso Province, CHILE",Valpariso,Valpariso Province,CHILE,5
860312c4c8c72979,"Between Tientsin & Hong Kong, CHINA",Between Tientsin & Hong Kong,,CHINA,5
377d632c6395ac0c,"Outer harbor, Hong Kong, North China, CHINA","Outer harbor, Hong Kong",North China,CHINA,5
fed08c9c91c3a6c4,"Ocean World, Changfeng Park, Shanghai, CHINA","Ocean World, Changfeng Park",Shanghai,CHINA,5
59ae7d969ee4fdc3,"Cartegena, Caribbean Sea, COLUMBIA",Cartegena,Caribbean Sea,COLUMBIA,5
d68a26c0609e8788,"Southwest of Cartegena, Isles del Rosario, COLUMBIA",Southwest of Cartegena,Isles del Rosario,COLUMBIA,5
adc5837ac5b2d1c9,"Roncador Bank, 135 nm north of San Andres, Roncador Bank, COLUMBIA","Roncador Bank, 135 nm north of San Andres",Roncador Bank,COLUMBIA,5
154e4cb2bd476cce,"Libertad, San Onofre, Sucre, COLUMBIA","Libertad, San Onofre",Sucre,COLUMBIA,5
551fcfdd35ae11b0,"Port Limon, COSTA RICA",Port Limon,,COSTA RICA,5
c72a4b1a0afa3d02,"San Juan River, COSTA RICA",San Juan River,,COSTA RICA,5
775f150629bc8861,"Playa Tamarindo, North Pacific coast, COSTA RICA",Playa Tamarindo,North Pacific coast,COSTA RICA,5
9535a6622062f387,"Puntarenas, Puntarenas Province, COSTA RICA",Puntarenas,Puntarenas Province,COSTA RICA,5
4adcc2642fa020e5,"Where Colorado River enters the sea, Turtle Bogue, COSTA RICA",Where Colorado River enters the sea,Turtle Bogue,COSTA RICA,5
59d8d413aa3aa482,"Medola, Adriatic Sea, CROATIA",Medola,Adriatic Sea,CROATIA,5
c81ee1b1d3db5307,"Susak (Rijeka, Istria), Adriatic Sea, CROATIA","Susak (Rijeka, Istria)",Adriatic Sea,CROATIA,5
ab563a9137ab9782,"Susak, Fiume (Rijeka, Adriatic Sea, CROATIA","Susak, Fiume (Rijeka",Adriatic Sea,CROATIA,5
35cb461c18400342,"Pula, Istria, CROATIA",Pula,Istria,CROATIA,5
1fbc1533f76b645d,"Ika, Istria County, CROATIA",Ika,Istria County,CROATIA,5
7c70af4ec56a52fb,"Porec, Istria County, CROATIA",Porec,Istria County,CROATIA,5
367960c9889cc221,"Pula, Istria County, CROATIA",Pula,Istria County,CROATIA,5
08a1e6318a40349f,"Bakar, Primorje-Gorski Kotar County, CROATIA",Bakar,Primorje-Gorski Kotar County,CROATIA,5
17d25cf7f5ae989a,"Opatija, Primorje-Gorski Kotar County, CROATIA",Opatija,Primorje-Gorski Kotar County,CROATIA,5
4f50c4239337af8b,"Opatija, northwestern coast of Rijeka Bay, Primorje-Gorski Kotar County, CROATIA","Opatija, northwestern coast of Rijeka Bay",Primorje-Gorski Kotar County,CROATIA,5
a7ed9b9e4d0af40e,"Preluka Harbour, Primorje-Gorski Kotar County, CROATIA",Preluka Harbour,Primorje-Gorski Kotar County,CROATIA,5
e8c81d71a6594e1c,"Rijeka, Primorje-Gorski Kotar County, CROATIA",Rijeka,Primorje-Gorski Kotar County,CROATIA,5
44ba687e8718380c,"Volosko, Opatija, Primorje-Gorski Kotar County, CROATIA","Volosko, Opatija",Primorje-Gorski Kotar County,CROATIA,5
745df6d59ca0c0d7,"Smokvina Bay, Vis Island, Split-Dalmatia Count,, CROATIA","Smokvina Bay, Vis Island","Split-Dalmatia Count,",CROATIA,5
2af1fec39c10d0ff,"Sucurja, Hvar Island, Split-Dalmatia Count,, CROATIA","Sucurja, Hvar Island","Split-Dalmatia Count,",CROATIA,5
f8b822b8d92ebb69,"Bisk, Split-Dalmatia County, CROATIA",Bisk,Split-Dalmatia County,CROATIA,5
9770244e61edbd94,"Lokva Rogoznica, Omis, Split-Dalmatia County, CROATIA","Lokva Rogoznica, Omis",Split-Dalmatia County,CROATIA,5
8945faf4badf4eca,"Biograd na moru, Zadar County, CROATIA",Biograd na moru,Zadar County,CROATIA,5
d3b6119e93f898d8,"Lika-Senj, Pag Island, Zadar County, CROATIA","Lika-Senj, Pag Island",Zadar County,CROATIA,5
1e98f4611fa86443,"Novigrad, Zadar County, CROATIA",Novigrad,Zadar County,CROATIA,5
d85f58bca7f606dc,"Havana Harbor, CUBA",Havana Harbor,,CUBA,5
fe904f1579cdc277,"off Neuvitas, CUBA",off Neuvitas,,CUBA,5
a6f78756d3d70cad,"Santa Lucia, Camaguey Province, CUBA",Santa Lucia,Camaguey Province,CUBA,5
3381898ec9d9e1d5,"Cienfuegos, Cienfuegos Province, CUBA",Cienfuegos,Cienfuegos Province,CUBA,5
c340d87e34863912,"10 miles off Cape Maisi, Guantanamo Province, CUBA",10 miles off Cape Maisi,Guantanamo Province,CUBA,5
babcc24a31b754af,"30 nm southeast of Guantanamo Bay, Guantanamo Province, CUBA",30 nm southeast of Guantanamo Bay,Guantanamo Province,CUBA,5
bb20c3b5e2c83976,"Guantanamo, Guantanamo Province, CUBA",Guantanamo,Guantanamo Province,CUBA,5
3320a5525a4c872e,"Guantanamo Bay, Guantanamo Province, CUBA",Guantanamo Bay,Guantanamo Province,CUBA,5
dc8ea4938bbd017a,"Havana, Havana Province, CUBA",Havana,Havana Province,CUBA,5
057f2b6f81152453,"LaPlaya Beach, Vedado, Havana Province, CUBA","LaPlaya Beach, Vedado",Havana Province,CUBA,5
add1bdac304fbfe7,"Miramar subdivision, Havana, Havana Province, CUBA","Miramar subdivision, Havana",Havana Province,CUBA,5
0e51485857f7b85b,"Miramar, Havana, Havana Province, CUBA","Miramar, Havana",Havana Province,CUBA,5
b6660af83663cc59,"Off Jaimanitas Yacht Club, Havana, Havana Province, CUBA","Off Jaimanitas Yacht Club, Havana",Havana Province,CUBA,5
7c3ec67e789ad0f6,"Vedado Baths, Miramar, Havana Province, CUBA","Vedado Baths, Miramar",Havana Province,CUBA,5
8cb4ac682b80ee3c,"Guardalavaca Beach, Holquin Province, CUBA",Guardalavaca Beach,Holquin Province,CUBA,5
6612657896f9b729,"Off Blau Costa Verde resort, Holquin Province, CUBA",Off Blau Costa Verde resort,Holquin Province,CUBA,5
5af3bfa30c153aa4,"Uvero, Santiago de Cuba Province, CUBA",Uvero,Santiago de Cuba Province,CUBA,5
d84e5bb5ba04878c,"Caibarien Harbor, Villa Clara Province, CUBA",Caibarien Harbor,Villa Clara Province,CUBA,5
437b95a2ee40aaab,"Larnaca, Southern Cyprus, CYPRUS",Larnaca,Southern Cyprus,CYPRUS,5
506fbaa9a5dba61f,"Boca Chica, DOMINICAN REPUBLIC",Boca Chica,,DOMINICAN REPUBLIC,5
afa7e76263585c18,"Boeing 757 enroute from Porta Plata, 12 miles off the north coast, DOMINICAN REPUBLIC",Boeing 757 enroute from Porta Plata,12 miles off the north coast,DOMINICAN REPUBLIC,5
f611acb7972c6393,"Bavaro Beach, Punta Cana, Altagracia Province, DOMINICAN REPUBLIC","Bavaro Beach, Punta Cana",Altagracia Province,DOMINICAN REPUBLIC,5
848acacb503760b6,"Mona Passage, Between DR and Puerto Rico, DOMINICAN REPUBLIC",Mona Passage,Between DR and Puerto Rico,DOMINICAN REPUBLIC,5
68f26856ca5fd44e,"Rio Haina Port, Santo Domingo, DOMINICAN REPUBLIC",Rio Haina Port,Santo Domingo,DOMINICAN REPUBLIC,5
97aa7602ae6c3fec,"Crewing on the tuna clipper Mary Barbara, Galapagos Islands, ECUADOR",Crewing on the tuna clipper Mary Barbara,Galapagos Islands,ECUADOR,5
48d282c794e6fce8,"Isla Isabella, Galapagos Islands, ECUADOR",Isla Isabella,Galapagos Islands,ECUADOR,5
a5aed6c5378f259a,"Punta Vicente Roca, Isabella Island, Galapagos Islands, ECUADOR","Punta Vicente Roca, Isabella Island",Galapagos Islands,ECUADOR,5
acea072b545089d6,"San Cristobal Island, Galapagos Islands, ECUADOR",San Cristobal Island,Galapagos Islands,ECUADOR,5
6a1bfc910dae9242,"Santa Cruz, Galapagos Islands, ECUADOR",Santa Cruz,Galapagos Islands,ECUADOR,5
f1afacae640dff38,"Santa Fe Island, Galapagos Islands, ECUADOR",Santa Fe Island,Galapagos Islands,ECUADOR,5
f2fe00d498fced41,"Playa Brava, Turtle Bay, Santa Cruz Island, ECUADOR","Playa Brava, Turtle Bay",Santa Cruz Island,ECUADOR,5
cc8a1ae06f5a5506,"Coral Bay, Sharm-el-Sheikh, EGYPT","Coral Bay, Sharm-el-Sheikh",,EGYPT,5
895271e457ca28cd,"Daedalus Reef, EGYPT",Daedalus Reef,,EGYPT,5
b7d6d898d2700d70,"Marsa Alam, EGYPT",Marsa Alam,,EGYPT,5
08fda4477eaeba36,"Mersa Matruh, EGYPT",Mersa Matruh,,EGYPT,5
6ca1b19ee3805549,"South of Hurghada, EGYPT",South of Hurghada,,EGYPT,5
c06b015bc48d0e7f,"Off Ras Gharib, Gulf of Suez, EGYPT",Off Ras Gharib,Gulf of Suez,EGYPT,5
fc65eb6d2e56b87f,"Tzortzou Reef, Marsa Matruh, Mediterranean Sea, EGYPT","Tzortzou Reef, Marsa Matruh",Mediterranean Sea,EGYPT,5
9e8f6ba6d7ef396b,"A few miles south of Port Suez, Red Sea, EGYPT",A few miles south of Port Suez,Red Sea,EGYPT,5
9d319558f13afe0a,"Elphinstone Reef, Red Sea, EGYPT",Elphinstone Reef,Red Sea,EGYPT,5
3a7e24818c6e7055,"Southern end of the Sinai Peninsula, Red Sea, EGYPT",Southern end of the Sinai Peninsula,Red Sea,EGYPT,5
d6f1e3ad1d55ca8e,"Marsa Ghalib, Red Sea Protectorate, EGYPT",Marsa Ghalib,Red Sea Protectorate,EGYPT,5
86aea5ec1d58fa06,"Off Sharm El-Sheikh, Sinai Peninsula, EGYPT",Off Sharm El-Sheikh,Sinai Peninsula,EGYPT,5
b091430b1d67611c,"Sharm el-Sheikh, Sinai Peninsula, EGYPT",Sharm el-Sheikh,Sinai Peninsula,EGYPT,5
24c106cd8105b963,"The lagoon at Dahab, Sinai Peninsula, EGYPT",The lagoon at Dahab,Sinai Peninsula,EGYPT,5
45fc79921ac55395,"Middle Garden, Sharm el-Shiekh, South Sinai Peninsula, EGYPT","Middle Garden, Sharm el-Shiekh",South Sinai Peninsula,EGYPT,5
8d353b91de735844,"Sharm el-Sheikh, South Sinai Peninsula, EGYPT",Sharm el-Sheikh,South Sinai Peninsula,EGYPT,5
0636799585377441,"Ain Sokhna, Suez, EGYPT",Ain Sokhna,Suez,EGYPT,5
2e667af5b8888471,"50 miles off Port La Libertad, La Libertad, EL SALVADOR",50 miles off Port La Libertad,La Libertad,EL SALVADOR,5
9ad11cecdbec19f6,"El Cocal Beach, La Libertad, EL SALVADOR",El Cocal Beach,La Libertad,EL SALVADOR,5
adf95a8422ca30ec,"La Libertad, La Libertad, EL SALVADOR",La Libertad,La Libertad,EL SALVADOR,5
8a9c852657fa460f,"near El Cocal Beach, La Libertad, EL SALVADOR",near El Cocal Beach,La Libertad,EL SALVADOR,5
c3dcae89e6d29459,"Isle of Wight, ENGLAND",Isle of Wight,,ENGLAND,5
477e48d5ef0041eb,"Teignmouth, Devon, ENGLAND",Teignmouth,Devon,ENGLAND,5
e31524fbe18b3d70,"Hornsea, East Yorkshire, ENGLAND",Hornsea,East Yorkshire,ENGLAND,5
7fa3b158a0c50804,"Off the south Devon coast, In the English Channel, ENGLAND",Off the south Devon coast,In the English Channel,ENGLAND,5
2f8ee4668e98366d,"Off Shanklin, Isle of Wight, ENGLAND",Off Shanklin,Isle of Wight,ENGLAND,5
de7969cb542e786a,"Folkestone, Kent, ENGLAND",Folkestone,Kent,ENGLAND,5
04b9a0b10daf028a,"Lundy Island, North Devon, ENGLAND",Lundy Island,North Devon,ENGLAND,5
55e990930d29eadd,"The Fountain Pub in Tenbury Wells, Worcestershire, ENGLAND",The Fountain Pub in Tenbury Wells,Worcestershire,ENGLAND,5
405cdf478b9203f8,"Koop Reef, Truk (Chuuk), Eastern Caroline Islands, FEDERATED STATES OF MICRONESIA","Koop Reef, Truk (Chuuk)",Eastern Caroline Islands,FEDERATED STATES OF MICRONESIA,5
55ae5100c9252513,"70 miles from Suva, FIJI",70 miles from Suva,,FIJI,5
b7882670149e1e4d,"Matacucu Reef, FIJI",Matacucu Reef,,FIJI,5
43696077767d3654,"Near Lautoka, FIJI",Near Lautoka,,FIJI,5
0a89eee03a809a3c,"Nukudamu, FIJI",Nukudamu,,FIJI,5
22d4f2b80fccb9b7,"Savuli Reef, FIJI",Savuli Reef,,FIJI,5
2560b31db749fc9f,"a river, FIJI",a river,,FIJI,5
96573b03617d4ec5,"Wotua Beach, 70 miles from Suva, 19S, 178?E, FIJI","Wotua Beach, 70 miles from Suva","19S, 178?E",FIJI,5
00f243166cc56f0e,"Tovu, Totoya Island, Lau Group, FIJI","Tovu, Totoya Island",Lau Group,FIJI,5
4675b565cfbf7e07,"Dravuwalu, Totoya Island, Lau Province, FIJI","Dravuwalu, Totoya Island",Lau Province,FIJI,5
1b3cc6b013007610,"Taibaisa Passage, Gau Island, Lomaiviti Island Group, FIJI","Taibaisa Passage, Gau Island",Lomaiviti Island Group,FIJI,5
4cade28229724329,"Levuka, Ovalau Island, Lomaiviti Province, FIJI","Levuka, Ovalau Island",Lomaiviti Province,FIJI,5
94988a82827e4619,"Tuvuca Isalnd, Lomaloma, Lau, FIJI",Tuvuca Isalnd,"Lomaloma, Lau",FIJI,5
a3de9f3617b8721b,"Covull Reef, near Lautoka, Northwest of Viti Levu, FIJI","Covull Reef, near Lautoka",Northwest of Viti Levu,FIJI,5
c928805ada616858,"Nara Reef, Off Vanua Levu, FIJI",Nara Reef,Off Vanua Levu,FIJI,5
ab6b06b317313a0a,"Garden Island Resort, Taveuni, FIJI",Garden Island Resort,Taveuni,FIJI,5
defe85cb98019738,"Off a small island 5 km from Garden Island Resort, Taveuni, FIJI",Off a small island 5 km from Garden Island Resort,Taveuni,FIJI,5
01fa19eb775d1aa9,"Welagi coastal reef off Drekeniwai, Taveuni, FIJI",Welagi coastal reef off Drekeniwai,Taveuni,FIJI,5
8badda0a46a45acb,"Nailou Village, Tunuloa Natewa Bay, Vanua Levu, FIJI","Nailou Village, Tunuloa Natewa Bay",Vanua Levu,FIJI,5
f5ea5aed91821f31,"Off the Bua coast, Vanua Levu, FIJI",Off the Bua coast,Vanua Levu,FIJI,5
210ef23e7c63c8cd,"Korolevu (South coast between Nadi & Suva), Vita Levu, FIJI",Korolevu (South coast between Nadi & Suva),Vita Levu,FIJI,5
b236269e71847d1a,"Naviti, Vita Levu, FIJI",Naviti,Vita Levu,FIJI,5
c68bff8caf9661df,"Rewa River, Vita Levu, FIJI",Rewa River,Vita Levu,FIJI,5
f3dc15b2876c331d,"Near Suva, Viti Levu, FIJI",Near Suva,Viti Levu,FIJI,5
a62ed5309b35be57,"Singatoka River, Viti Levu, FIJI",Singatoka River,Viti Levu,FIJI,5
ba662c95547a923c,"Suva Harbor, Viti Levu, FIJI",Suva Harbor,Viti Levu,FIJI,5
5b63b7053134b4d9,"Navua, Viti Levu Island, FIJI",Navua,Viti Levu Island,FIJI,5
da64ca338da10068,"Rewa River, Viti Levu Island, FIJI",Rewa River,Viti Levu Island,FIJI,5
9356ffa6a5b26a8d,"Suva Harbor, Viti Levu Island, FIJI",Suva Harbor,Viti Levu Island,FIJI,5
793ce97824e22a87,"Suva Harbor, Suva, Viti Levu Island, FIJI","Suva Harbor, Suva",Viti Levu Island,FIJI,5
ebba74dcff743f31,"Tamavua River, Viti Levu Island, FIJI",Tamavua River,Viti Levu Island,FIJI,5
4bbc0acbb730024d,"Beqa, Viti Levu group, FIJI",Beqa,Viti Levu group,FIJI,5
f015f46ea0a8ecb1,"Malake Island, Ra Province, Vitu Levu, FIJI","Malake Island, Ra Province",Vitu Levu,FIJI,5
b06127afe312a087,"Nabukeru, Yasawa Islands, FIJI",Nabukeru,Yasawa Islands,FIJI,5
8b024efc5016f3bb,"Turtle Island, Yasawa Islands, FIJI",Turtle Island,Yasawa Islands,FIJI,5
e363686be8d50049,"Waya Island, Yasawa Islands, FIJI",Waya Island,Yasawa Islands,FIJI,5
d287d0a9ee5b8d8c,"Gruissan, Gulf of Lyons, FRANCE",Gruissan,Gulf of Lyons,FRANCE,5
bcc78f30ba103847,"Wallis Island, Wallis and Futuna, FRANCE",Wallis Island,Wallis and Futuna,FRANCE,5
fb9f54a917572626,"Anau, Bora Bora, FRENCH POLYNESIA",Anau,Bora Bora,FRENCH POLYNESIA,5
009d86a3e105ee26,"Tupapati, Hikueru Atoll, Central Tuamotu, FRENCH POLYNESIA","Tupapati, Hikueru Atoll",Central Tuamotu,FRENCH POLYNESIA,5
dde5af0e57dce717,"Atuona Bay, Hiva Oa Island, Marquesas, FRENCH POLYNESIA","Atuona Bay, Hiva Oa Island",Marquesas,FRENCH POLYNESIA,5
4c955b432efec52f,"Tiahura Lagoon, Moorea, FRENCH POLYNESIA",Tiahura Lagoon,Moorea,FRENCH POLYNESIA,5
e05b45ff81d94b33,"Avatoru Pass, Rangiroa, FRENCH POLYNESIA",Avatoru Pass,Rangiroa,FRENCH POLYNESIA,5
809478e38a9176a8,"Huahine, Society Islands, FRENCH POLYNESIA",Huahine,Society Islands,FRENCH POLYNESIA,5
c0a4945cb9783696,"Moorea, Society Islands, FRENCH POLYNESIA",Moorea,Society Islands,FRENCH POLYNESIA,5
da29b41676943d46,"Tapu, a dive site on the outer reefs of Bora Bora, Society Islands, FRENCH POLYNESIA","Tapu, a dive site on the outer reefs of Bora Bora",Society Islands,FRENCH POLYNESIA,5
5bf4eb9d1cdd2e77,"Teahupoo, Tahiti, Society Islands, FRENCH POLYNESIA","Teahupoo, Tahiti",Society Islands,FRENCH POLYNESIA,5
47a6a1049d823aae,"Tetiaroa, Society Islands, FRENCH POLYNESIA",Tetiaroa,Society Islands,FRENCH POLYNESIA,5
e824aa3d0a206d65,"Takapoto Atoll, Tuamotos, FRENCH POLYNESIA",Takapoto Atoll,Tuamotos,FRENCH POLYNESIA,5
3674e410cc1920cf,"Kaukura Atoll, Tuamotus, FRENCH POLYNESIA",Kaukura Atoll,Tuamotus,FRENCH POLYNESIA,5
891cc1156b181f67,"North Pass, Fakarava, Tuamotus, FRENCH POLYNESIA","North Pass, Fakarava",Tuamotus,FRENCH POLYNESIA,5
04d0a497fc1e8c01,"Outer edge of Hikueru, one of the Central Tuamotu atolls, Tuamotus, FRENCH POLYNESIA","Outer edge of Hikueru, one of the Central Tuamotu atolls",Tuamotus,FRENCH POLYNESIA,5
8fa4444e387c07f0,"Rangiroa, Tuamotus, FRENCH POLYNESIA",Rangiroa,Tuamotus,FRENCH POLYNESIA,5
15084ebf73a0bdfd,"Owendo, Estuaire Province, GABON",Owendo,Estuaire Province,GABON,5
4aaedf3f45b8a751,"Jack McKenney's Canyon, East Wall, GRAND CAYMAN",Jack McKenney's Canyon,East Wall,GRAND CAYMAN,5
1905b44db36aa7bb,"33 nautical miles off Othonoi Island, GREECE",33 nautical miles off Othonoi Island,,GREECE,5
467591271c449dd8,"Kalamata, GREECE",Kalamata,,GREECE,5
304359399206c588,"Piraeus, Athens, GREECE","Piraeus, Athens",,GREECE,5
54efc9d316d872ac,"Salonika?, GREECE",Salonika?,,GREECE,5
f972a2a2b7b66931,"Keratsini, Attica, GREECE",Keratsini,Attica,GREECE,5
e843835737e099f8,"near Trikerion Island, Thessaly, GREECE",near Trikerion Island,Thessaly,GREECE,5
bfff0a4283da6feb,"Black Point Bay, St. Georges, GRENADA",Black Point Bay,St. Georges,GRENADA,5
0f00505787d7c47d,"Ritidian Point, North Region, GUAM",Ritidian Point,North Region,GUAM,5
158825fff89eb727,"Off the Demerara River, Demerara County, GUYANA",Off the Demerara River,Demerara County,GUYANA,5
e8ba5aa34a817b1c,"Essequibo River Mouth, Essequibo, GUYANA",Essequibo River Mouth,Essequibo,GUYANA,5
224c64ebb947300b,"Marine Dock, Cape Haitien, HAITI",Marine Dock,Cape Haitien,HAITI,5
d47ea9ae96bf4bd7,"Basalt Island, 9km from Silverstrand, HONG KONG","Basalt Island, 9km from Silverstrand",,HONG KONG,5
6b50d93f8c90e821,"Junk Bay, HONG KONG",Junk Bay,,HONG KONG,5
448fa615c3b3e762,"Mirs Bay, HONG KONG",Mirs Bay,,HONG KONG,5
42975c3fd1aee0c6,"Tweed Beach, HONG KONG",Tweed Beach,,HONG KONG,5
878f1a71c45ac5ae,"First Beach, Clearwater Bay, HONG KONG",First Beach,Clearwater Bay,HONG KONG,5
a3d5cbaf7b05299f,"Sai Kung, Kowloon Peninsula, HONG KONG",Sai Kung,Kowloon Peninsula,HONG KONG,5
46613bd7476e45fb,"Sai Kung Beach, New Territories, HONG KONG",Sai Kung Beach,New Territories,HONG KONG,5
7320097b5294a99b,"Sheung Sz Wan, New Territories, HONG KONG",Sheung Sz Wan,New Territories,HONG KONG,5
7d8f35bc5f04ff39,"Sheung Sze Wan Beach, New Territories, HONG KONG",Sheung Sze Wan Beach,New Territories,HONG KONG,5
2afc50fd7bb90e87,"Silverstrand, New Territories, HONG KONG",Silverstrand,New Territories,HONG KONG,5
17eb66ee78250a33,"Silverstrand, On the Kowloon penisula, south of Sai Kung, HONG KONG",Silverstrand,"On the Kowloon penisula, south of Sai Kung",HONG KONG,5
6b064a14505e267a,"Silverstrand Beach, near Hung Hau, Port Shelter, HONG KONG","Silverstrand Beach, near Hung Hau",Port Shelter,HONG KONG,5
ecc07a9ded4a3b5e,"Chennai, INDIA",Chennai,,INDIA,5
c4f0cf790d1a9857,"Off Trivandrum (west coast), INDIA",Off Trivandrum (west coast),,INDIA,5
13ed3bee51f71e00,"Triplicane Beach, Chennai, INDIA","Triplicane Beach, Chennai",,INDIA,5
7ce248efa55086ab,"Machhagan, Orissa, INDIA",Machhagan,Orissa,INDIA,5
92cc953e97807115,"Mouth of Devi River at Machgaon, Orissa, INDIA",Mouth of Devi River at Machgaon,Orissa,INDIA,5
cffad2b47452d438,"Chennai (formerly Madras), Tamil Nadu, INDIA",Chennai (formerly Madras),Tamil Nadu,INDIA,5
fa554a152223188b,"Mahabalipuram beach, 37 km south of Chennai, Tamil Nadu, INDIA","Mahabalipuram beach, 37 km south of Chennai",Tamil Nadu,INDIA,5
853267523905cf0e,"Vanagiri, Madras (Chennai), Tamil Nadu, INDIA","Vanagiri, Madras (Chennai)",Tamil Nadu,INDIA,5
a36040fbbf5ec450,"Hooghley River near Budge-Budge, West Bengal, INDIA",Hooghley River near Budge-Budge,West Bengal,INDIA,5
7b5100fdf7a4297f,"Between Straits of Malacca and Sri Lanka, INDIAN OCEAN",Between Straits of Malacca and Sri Lanka,,INDIAN OCEAN,5
c09275335b2fcb0f,"Bound from Cape Town for St. Helena, INDIAN OCEAN",Bound from Cape Town for St. Helena,,INDIAN OCEAN,5
c04835e758a1aa03,"40 miles from Tahane Island, INDONESIA",40 miles from Tahane Island,,INDONESIA,5
048d8c343d5b2d4b,"Bali, INDONESIA",Bali,,INDONESIA,5
bf6b43bd53a5d415,"Rhio Strait, 30 nm from Singapore, INDONESIA",Rhio Strait,30 nm from Singapore,INDONESIA,5
074ed4db19ce03fc,"Tabanan, Bali, INDONESIA",Tabanan,Bali,INDONESIA,5
cefa2c4ccb3e230b,"Waewerang, East Flores, INDONESIA",Waewerang,East Flores,INDONESIA,5
f0f7c1c64e1c36e4,"Surabaya, East Java, INDONESIA",Surabaya,East Java,INDONESIA,5
dea36934aa44fc26,"On rock near Yacht Club, Jakarta Harbour, INDONESIA",On rock near Yacht Club,Jakarta Harbour,INDONESIA,5
12178cc7573b55d6,"Jakarta Harbor, Java, INDONESIA",Jakarta Harbor,Java,INDONESIA,5
3cb4bb5c73e99c6c,"Aru Islands, Maluku Province, INDONESIA",Aru Islands,Maluku Province,INDONESIA,5
28ef02be27115d51,"Near Belawan, North Sumatra, INDONESIA",Near Belawan,North Sumatra,INDONESIA,5
cb96abd4fd90de90,"Off Rakit Island, Nusa Tenggara, INDONESIA",Off Rakit Island,Nusa Tenggara,INDONESIA,5
e480b5cb910de8ff,"Ramin, near Ahvaz, IRAN","Ramin, near Ahvaz",,IRAN,5
dbd21baa26e63c59,"A village a short distance from Hesamabad, Karun River, IRAN",A village a short distance from Hesamabad,Karun River,IRAN,5
8edd747f79756e70,"Hesamabad, Karun River, IRAN",Hesamabad,Karun River,IRAN,5
2e6b778881d0d167,"near Band Misan in Shustar, 420 km from the sea, Karun River, IRAN","near Band Misan in Shustar, 420 km from the sea",Karun River,IRAN,5
b8eca37f2845cc28,"Dorquain, on the Karun River, Khuzestan Province, IRAN","Dorquain, on the Karun River",Khuzestan Province,IRAN,5
5e7a086987a300b2,"Abadan, Shat-Al-Arab River, IRAN",Abadan,Shat-Al-Arab River,IRAN,5
20817c4925e88b00,"River Tigris, IRAQ",River Tigris,,IRAQ,5
08c5e2b8925abdcc,"Shatt-al Arab River, IRAQ",Shatt-al Arab River,,IRAQ,5
28ec27c0a7c3bc71,"Shatt-al Arab River, Basrah, IRAQ",Shatt-al Arab River,Basrah,IRAQ,5
78ce31d9ca62c875,"Shatt-al-Arab River near Abu al Khasib, Basrah, IRAQ",Shatt-al-Arab River near Abu al Khasib,Basrah,IRAQ,5
8a85fb7bcf68497a,"Ashar Canal, where people wash clothes & kitchen pans, Basrah City, IRAQ","Ashar Canal, where people wash clothes & kitchen pans",Basrah City,IRAQ,5
bbcb1c001edf9a73,"82 miles from Fastnet, Off Ireland, IRELAND",82 miles from Fastnet,Off Ireland,IRELAND,5
1cfacca296ace926,"Nabi Rubin, ISRAEL",Nabi Rubin,,ISRAEL,5
49fd3c03dcce4a88,"Jura Village, Gaza, ISRAEL",Jura Village,Gaza,ISRAEL,5
e791f27e28e3818f,"North Beach, Eilat, Red Sea, ISRAEL","North Beach, Eilat",Red Sea,ISRAEL,5
5ec0d72c78558bf1,"2 km north of Apollonia, Sharon, ISRAEL",2 km north of Apollonia,Sharon,ISRAEL,5
8964d2c60c3f6e0a,"Ashdod, Southern District, ISRAEL",Ashdod,Southern District,ISRAEL,5
fba4eaca1ed444bf,"Lampedusa Island, ITALY",Lampedusa Island,,ITALY,5
388f3dbad598db76,"Rimini, ITALY",Rimini,,ITALY,5
0122fad9924549c8,"Savona, ITALY",Savona,,ITALY,5
3abd77b909021b5b,"Tyrrhenian Sea, 40 miles south of Naples, ITALY",Tyrrhenian Sea,40 miles south of Naples,ITALY,5
217cf53204acc3c0,"Riccione, Adriatic Sea, ITALY",Riccione,Adriatic Sea,ITALY,5
66283d23a3fca40d,"San Benedetto, Adriatic Sea, ITALY",San Benedetto,Adriatic Sea,ITALY,5
b3f99aeb01db01d1,"Ancona, Ancona Province, ITALY",Ancona,Ancona Province,ITALY,5
f7f9b8763deead86,"Brindisi, Brindisi Province, ITALY",Brindisi,Brindisi Province,ITALY,5
f22cbb814cb10f29,"Cosenza, Calabria, ITALY",Cosenza,Calabria,ITALY,5
5f86a1b53cfece6a,"Nicotera, Calabria, ITALY",Nicotera,Calabria,ITALY,5
de3ac62ee8c9ccad,"Riva Trigoso, Genoa Province, ITALY",Riva Trigoso,Genoa Province,ITALY,5
160e69a464c510ac,"Varazze, Golfo di Genova in the Ligurian Sea, ITALY",Varazze,Golfo di Genova in the Ligurian Sea,ITALY,5
97946e4f0bce92ca,"Finale Ligure, Liguaria, ITALY",Finale Ligure,Liguaria,ITALY,5
39f2cbdd567d502f,"Galliera dock, Genoa, Liguria, ITALY","Galliera dock, Genoa",Liguria,ITALY,5
7aba6863a23ac656,"Marinella Sarzana, La Spezia, Liguria, ITALY","Marinella Sarzana, La Spezia",Liguria,ITALY,5
c8e4b96c451fffa0,"Savona, Liguria, ITALY",Savona,Liguria,ITALY,5
67ea5f7eca764f0d,"Genova, S. Nazaro, Ligurian Sea, ITALY","Genova, S. Nazaro",Ligurian Sea,ITALY,5
b1aff02e5c0295ab,"Portofino, 20 miles offshore, Ligurian Sea, ITALY","Portofino, 20 miles offshore",Ligurian Sea,ITALY,5
9b521924c864cf30,"Ippocampo, Manfredonia, ITALY",Ippocampo,Manfredonia,ITALY,5
46d5e4fb58986970,"Torre del Greco, Naples, Naples Province, ITALY","Torre del Greco, Naples",Naples Province,ITALY,5
84617c9c92b189f5,"Bovalino, Reggio Calabria Province, ITALY",Bovalino,Reggio Calabria Province,ITALY,5
fc06b0566788d737,"Amalfi, Salerno, ITALY",Amalfi,Salerno,ITALY,5
831730bdd8058839,"Salerno, Salerno Province, ITALY",Salerno,Salerno Province,ITALY,5
d828f41e947eb818,"Golfo di Oristano, Sardinia, ITALY",Golfo di Oristano,Sardinia,ITALY,5
03595707e6c66a93,"Muravera, Sardinia, ITALY",Muravera,Sardinia,ITALY,5
6708d6302c388225,"Albenga, Savona, ITALY",Albenga,Savona,ITALY,5
b33fe24cbc5c67c5,"Catania, Sicily, ITALY",Catania,Sicily,ITALY,5
0e585fff1ea87a96,"Off Mondello Lighthouse, Sicily, ITALY",Off Mondello Lighthouse,Sicily,ITALY,5
a948e6aa68f13063,"Punta Secca, Sicily, ITALY",Punta Secca,Sicily,ITALY,5
6f534cac00bc05b0,"Stretto di Messina, Sicily, ITALY",Stretto di Messina,Sicily,ITALY,5
7f16b96ea0e92395,"Torre Colimena, Taranto, ITALY",Torre Colimena,Taranto,ITALY,5
0b9d7a169b39681a,"Pulsano, near Taranto, Taranto province, ITALY","Pulsano, near Taranto",Taranto province,ITALY,5
ecd0f9241221ed8d,"Giulianova, Teramo, ITALY",Giulianova,Teramo,ITALY,5
ced65274b18d5d4c,"Marinella, between Punta Blanca & Marine del Carrara, Tuscany, ITALY","Marinella, between Punta Blanca & Marine del Carrara",Tuscany,ITALY,5
0206274cca41ecfd,"Viareggio, Tuscany, ITALY",Viareggio,Tuscany,ITALY,5
2c84326f7c358976,"1.5 miles south of San Felice Circeo, Tyrrenian Sea, ITALY",1.5 miles south of San Felice Circeo,Tyrrenian Sea,ITALY,5
2ad8acd0c2e85e51,"Biodola, Isola d'Elba, Tyrrhenian Sea, ITALY","Biodola, Isola d'Elba",Tyrrhenian Sea,ITALY,5
4e31876d15a61b39,"Capo d'Anzio, Tyrrhenian Sea, ITALY",Capo d'Anzio,Tyrrhenian Sea,ITALY,5
92751b5649bb0faa,"Circeo, Secca del Faro, Tyrrhenian Sea, ITALY","Circeo, Secca del Faro",Tyrrhenian Sea,ITALY,5
5ce8edda429962cb,"Circeo, Secca del Quadro, Tyrrhenian Sea, ITALY","Circeo, Secca del Quadro",Tyrrhenian Sea,ITALY,5
a719f08de718ea6f,"Golfo di Baratti, near Piombino (Tuscany), Tyrrhenian Sea, ITALY","Golfo di Baratti, near Piombino (Tuscany)",Tyrrhenian Sea,ITALY,5
e8f6eccd17cc3e83,"Lacona, Isola d'Elba, Tyrrhenian Sea, ITALY","Lacona, Isola d'Elba",Tyrrhenian Sea,ITALY,5
7845013e6a6eebbe,"San Vincenzo, Tyrrhenian Sea, ITALY",San Vincenzo,Tyrrhenian Sea,ITALY,5
b483cf22e02408dc,"Sprizze, Isola d'Elba, Tyrrhenian Sea, ITALY","Sprizze, Isola d'Elba",Tyrrhenian Sea,ITALY,5
842b8b6ae665729e,"Chioggia, Venice Province, ITALY",Chioggia,Venice Province,ITALY,5
d2d3ff50d7a05867,"Off Chioggia, Venice Province, ITALY",Off Chioggia,Venice Province,ITALY,5
4c999ea9d86bbddd,"Off Rocky Point, Clarendon, JAMAICA",Off Rocky Point,Clarendon,JAMAICA,5
ad36802118160581,"Pedro Cays, Kingston Parish, JAMAICA",Pedro Cays,Kingston Parish,JAMAICA,5
c7bd777d11967347,"Port Royal, Kingston Parish, JAMAICA",Port Royal,Kingston Parish,JAMAICA,5
0d2795bb34e1616d,"Pillikin Red Light area, St. Catherine, JAMAICA",Pillikin Red Light area,St. Catherine,JAMAICA,5
25812db6f5e65d99,"Priestman's River area, East Portland, St. Mary's Parish, JAMAICA","Priestman's River area, East Portland",St. Mary's Parish,JAMAICA,5
83df07c5511be5a4,"Bogue (near Falmouth), Trelawney Province, JAMAICA",Bogue (near Falmouth),Trelawney Province,JAMAICA,5
c47f480494eb15ca,"Cabaritta River mouth, Westmoreland Parish, JAMAICA",Cabaritta River mouth,Westmoreland Parish,JAMAICA,5
04dd1bae00ccc59d,"Atsumi Peninsula, Aichi Prefecture, JAPAN",Atsumi Peninsula,Aichi Prefecture,JAPAN,5
d7f8fa64b3639085,"Aichi, Atsumi peninsula, JAPAN",Aichi,Atsumi peninsula,JAPAN,5
b73c7adf028477e7,"1.5 km north of Igata-cho, 60 km south of Matsyama, Ehime Prefecture, JAPAN","1.5 km north of Igata-cho, 60 km south of Matsyama",Ehime Prefecture,JAPAN,5
86cafb17362a0a4f,"Iyo, Ehime Prefecture, JAPAN",Iyo,Ehime Prefecture,JAPAN,5
30e78885eeee9f3c,"Nagahama-cho, 40 km southwest of Matsuyama, Ehime Prefecture, JAPAN","Nagahama-cho, 40 km southwest of Matsuyama",Ehime Prefecture,JAPAN,5
c01a04c52e548b47,"Mikura-jima Island, 150 miles south of Tokyo, Izo Islands, JAPAN","Mikura-jima Island, 150 miles south of Tokyo",Izo Islands,JAPAN,5
415ceba62813c6ba,"Sakaide, Kagawa Prefecture, JAPAN",Sakaide,Kagawa Prefecture,JAPAN,5
2815e12e9202c587,"Tatsugo-cho, Kagoshima Prefecture, JAPAN",Tatsugo-cho,Kagoshima Prefecture,JAPAN,5
d3ad798a8f1a44e8,"Irino Beach, Kochi Prefecture, JAPAN",Irino Beach,Kochi Prefecture,JAPAN,5
bb44d71249b4b3f5,"Ariake Bay, Kumamoto Prefecture, JAPAN",Ariake Bay,Kumamoto Prefecture,JAPAN,5
5f90fe661e97818c,"Saidaiji, Okayama Prefecture, JAPAN",Saidaiji,Okayama Prefecture,JAPAN,5
129c6a43a7fc69bf,"Ushimado, Okayama Prefecture, JAPAN",Ushimado,Okayama Prefecture,JAPAN,5
a7baa056e96dd4db,"Usimado-no-Seto, Okayama Prefecture, JAPAN",Usimado-no-Seto,Okayama Prefecture,JAPAN,5
1473bae89ea9209e,"Off Miyako Island, Okinawa Prefecture, JAPAN",Off Miyako Island,Okinawa Prefecture,JAPAN,5
3a5037aff028012e,"Ariakeno Bay, Sago Prefecture, JAPAN",Ariakeno Bay,Sago Prefecture,JAPAN,5
f7765677af9e8821,"Iwata City, Shizuoka Prefecture, JAPAN",Iwata City,Shizuoka Prefecture,JAPAN,5
b41af9a2b7bfca33,"460 miles off Iwakuni, Southern Japan, JAPAN",460 miles off Iwakuni,Southern Japan,JAPAN,5
f8125bdca554f2c0,"Ogasawara Islands, Tokyo Prefecture, JAPAN",Ogasawara Islands,Tokyo Prefecture,JAPAN,5
2b9fe403cb750cd8,"Isonoura Beach, Wakayama City, Wakayama Prefecture, JAPAN","Isonoura Beach, Wakayama City",Wakayama Prefecture,JAPAN,5
6a4607815226de86,"Susami, Wakayama Prefecture, JAPAN",Susami,Wakayama Prefecture,JAPAN,5
e1998fb4492d069e,"Off Cheribon, Northern Java, JAVA",Off Cheribon,Northern Java,JAVA,5
a070c66dd9846088,"Mama Ngina Beach, Mombasa, Coast Province, KENYA","Mama Ngina Beach, Mombasa",Coast Province,KENYA,5
867fc11ec9f16f02,"Mombasa, Coast Province, KENYA",Mombasa,Coast Province,KENYA,5
283cd173d2a20f65,"Port Kilindeni, Mombasa Harbor, Coast Province, KENYA","Port Kilindeni, Mombasa Harbor",Coast Province,KENYA,5
ca94f9c4e8c7cb26,"Watamu, Coast Province, KENYA",Watamu,Coast Province,KENYA,5
ed8d535690cc1c0b,"South of Lamu Island, Lamu Archipelago, KENYA",South of Lamu Island,Lamu Archipelago,KENYA,5
e2351d523f3dda5a,"Likoni Channel, Mombasa, KENYA",Likoni Channel,Mombasa,KENYA,5
4dadef0b2a9b6491,"Nikumaroro Island, Phoenix Islands, KIRIBATI",Nikumaroro Island,Phoenix Islands,KIRIBATI,5
b2c05c94961a2441,"Monrovia, Montserrado, LIBERIA",Monrovia,Montserrado,LIBERIA,5
1d7a094e1e6cd165,"West Breakwater, Monrovia, Montserrado, LIBERIA","West Breakwater, Monrovia",Montserrado,LIBERIA,5
e9b4bf170bb16f80,"Gars Garabulli, LIBYA",Gars Garabulli,,LIBYA,5
136660958387f5e8,"Tripoli, Mediterranean Sea, LIBYA",Tripoli,Mediterranean Sea,LIBYA,5
d416104755b86461,"Onboard tuna boat, M.V. Toscui Maru, MADAGASCAR","Onboard tuna boat, M.V. Toscui Maru",,MADAGASCAR,5
6085e03f96462d88,"Ambatolaoka, Nosy Be Island, Antsiranana Province, MADAGASCAR","Ambatolaoka, Nosy Be Island",Antsiranana Province,MADAGASCAR,5
f8069f093622db22,"Pulau Aur, Johor, MALAYSIA",Pulau Aur,Johor,MALAYSIA,5
f404b353c9eda74e,"Palau Payar, Kedah, MALAYSIA",Palau Payar,Kedah,MALAYSIA,5
6a50ce78f2ba3aca,"Bagan Lalang Beach, Sepang, MALAYSIA",Bagan Lalang Beach,Sepang,MALAYSIA,5
7a0751ae54e68aa8,"Pulau Payar Island, Strait of Malacca, MALAYSIA",Pulau Payar Island,Strait of Malacca,MALAYSIA,5
27f922c1d0a3d6ff,"Madoogali, Alifu Alifu Atoll, MALDIVES",Madoogali,Alifu Alifu Atoll,MALDIVES,5
383c683de2db30d7,"Off Fort St. Elmo, Valetta, MALTA","Off Fort St. Elmo, Valetta",,MALTA,5
f48b60f5aeeec2ed,"between Filfla Island and Wied iz-Zurrieq, Congreve Channel, MALTA",between Filfla Island and Wied iz-Zurrieq,Congreve Channel,MALTA,5
424d0e71a549fd05,"Marsaskala, Harare Province, MALTA",Marsaskala,Harare Province,MALTA,5
07012c0772733495,"Marsascala, St. Thomas Bay, MALTA",Marsascala,St. Thomas Bay,MALTA,5
2bf2b26688a43b0c,"Roi-namur Island, Kwajalein Atoll, MARSHALL ISLANDS",Roi-namur Island,Kwajalein Atoll,MARSHALL ISLANDS,5
ca1867630717be53,"Kwajalein Atoll, Ralik Chain, MARSHALL ISLANDS",Kwajalein Atoll,Ralik Chain,MARSHALL ISLANDS,5
6bcf119f91b84c61,"Belle-Mare, MAURITIUS",Belle-Mare,,MAURITIUS,5
f52fa1b09c417756,"Mahebourg, MAURITIUS",Mahebourg,,MAURITIUS,5
ffc52ac0154d121a,"Two miles from shore in Tamarind Bay, MAURITIUS",Two miles from shore in Tamarind Bay,,MAURITIUS,5
77b51e578ec0b90c,"Pointe aux Canonniers, Grand Baie, MAURITIUS",Pointe aux Canonniers,Grand Baie,MAURITIUS,5
d3fd0461ab3f8825,"Le Goulet, Pamplemousses, MAURITIUS",Le Goulet,Pamplemousses,MAURITIUS,5
0510005b92919ed6,"Port Louis, Port Louis Province, MAURITIUS",Port Louis,Port Louis Province,MAURITIUS,5
1dab0b591a1931f6,"LaBarra, MEXICO",LaBarra,,MEXICO,5
2f73683100c1aa61,"Santa Maria Bar, MEXICO",Santa Maria Bar,,MEXICO,5
554910715ec01e4a,"Descano Point, Baja California, MEXICO",Descano Point,Baja California,MEXICO,5
8568e70d2100fa88,"Playas de Tijuana, Baja California, MEXICO",Playas de Tijuana,Baja California,MEXICO,5
1c4691fdc76c9b09,"San Luis beach, Baja California, MEXICO",San Luis beach,Baja California,MEXICO,5
2e944d3b1d8c27b1,"Los Arbolitos, Cabo Pulmo, Baja California Sur, MEXICO","Los Arbolitos, Cabo Pulmo",Baja California Sur,MEXICO,5
b24cfbf6632a42be,"La Ticla, Colima, MEXICO",La Ticla,Colima,MEXICO,5
602e260e95d4ce07,"Manzanillo, Colima, MEXICO",Manzanillo,Colima,MEXICO,5
50161dd210a9e35d,"Manzanillo, Revillagigedo Islands, Colima, MEXICO","Manzanillo, Revillagigedo Islands",Colima,MEXICO,5
8e511b5bb35239b9,"Revillagigedo Islands, Colima, MEXICO",Revillagigedo Islands,Colima,MEXICO,5
c6c682bab1e8e2de,"Acapulco Bay, Guerrero, MEXICO",Acapulco Bay,Guerrero,MEXICO,5
da6b9353b23a78ee,"Caleta Beach, Acapulco, Guerrero, MEXICO","Caleta Beach, Acapulco",Guerrero,MEXICO,5
5700646266473f80,"Copacabana Beach, Acapulco, Guerrero, MEXICO","Copacabana Beach, Acapulco",Guerrero,MEXICO,5
eda143d5d6f783b2,"Ixtapa, Guerrero, MEXICO",Ixtapa,Guerrero,MEXICO,5
c56f97f5d3a433d7,"La Playa Hornos (near Acapulco), Guerrero, MEXICO",La Playa Hornos (near Acapulco),Guerrero,MEXICO,5
1603f765cdf1cbb7,"Zacatula, Guerrero, MEXICO",Zacatula,Guerrero,MEXICO,5
11a6761827859446,"Pantla Beach, Guerro, MEXICO",Pantla Beach,Guerro,MEXICO,5
de1908111b21db1e,"Playa Linda, Guerro, MEXICO",Playa Linda,Guerro,MEXICO,5
305ae2ba0b332e91,"Troncones Beach, Guerro, MEXICO",Troncones Beach,Guerro,MEXICO,5
009bf2f05d4a09a3,"San Pedro Nolasco Island, Guyamas, MEXICO",San Pedro Nolasco Island,Guyamas,MEXICO,5
94b893446e8a8705,"Isla Mujeres, Mexico / Caribbean Sea, MEXICO",Isla Mujeres,Mexico / Caribbean Sea,MEXICO,5
773b4584aaca634f,"Salina Cruz, Oaxaca, MEXICO",Salina Cruz,Oaxaca,MEXICO,5
16c1a8ef923a3c48,"Cancun, Quintana Roo, MEXICO",Cancun,Quintana Roo,MEXICO,5
94d2976f763c5f4e,"Chinchorro Banks, Quintana Roo, MEXICO",Chinchorro Banks,Quintana Roo,MEXICO,5
6d97183b1cbfcdb5,"Gaviotas Beach, Cancun, Quintana Roo, MEXICO","Gaviotas Beach, Cancun",Quintana Roo,MEXICO,5
7202f312ed35de95,"Santa Rosa Shallows, Cozumel, Quintana Roo, MEXICO","Santa Rosa Shallows, Cozumel",Quintana Roo,MEXICO,5
51585ca12cd8ba0f,"Santa Rosa, Cozumel, Quintana Roo, MEXICO","Santa Rosa, Cozumel",Quintana Roo,MEXICO,5
629d38d638e85d9b,"Seagull Beach, Cancun, Quintana Roo, MEXICO","Seagull Beach, Cancun",Quintana Roo,MEXICO,5
e3a09c8713c7f5d2,"Xcalak, Quintana Roo, MEXICO",Xcalak,Quintana Roo,MEXICO,5
46b400b872c74da0,"Mazlatan, Sinaloa, MEXICO",Mazlatan,Sinaloa,MEXICO,5
4109e710f81bdf2a,"Nuevo Altata, Sinaloa, MEXICO",Nuevo Altata,Sinaloa,MEXICO,5
3b34cfb03623f654,"Miramar Beach, Tampico, Tamaulipas, MEXICO","Miramar Beach, Tampico",Tamaulipas,MEXICO,5
6a804b88a8c6bbf2,"Outside Vera Cruz Harbor, Vera Cruz, MEXICO",Outside Vera Cruz Harbor,Vera Cruz,MEXICO,5
a7c563191597c8c0,"Cabo Rojo, Veracruz, MEXICO",Cabo Rojo,Veracruz,MEXICO,5
15ce84555d6b71ae,"Coatzacoalcos, Veracruz, MEXICO",Coatzacoalcos,Veracruz,MEXICO,5
69ec7b8f3927e95d,"Panuco River Mouth, Veracruz, MEXICO",Panuco River Mouth,Veracruz,MEXICO,5
5bca7aa27a050f1a,"Playa Villa del Mar, Veracruz, MEXICO",Playa Villa del Mar,Veracruz,MEXICO,5
8edbdf8c5a74892d,"Veracruz, Veracruz, MEXICO",Veracruz,Veracruz,MEXICO,5
e33d521473364c30,"Pision Reef, Truk, Caroline Islands, MICRONESIA","Pision Reef, Truk",Caroline Islands,MICRONESIA,5
8218d5ecc5f01b94,"Truk Lagoon, Eastern Caroline Islands, MICRONESIA",Truk Lagoon,Eastern Caroline Islands,MICRONESIA,5
2d597c4d25767440,"Pisarach (Pisaras), Namonuito Atoll, MICRONESIA",Pisarach (Pisaras),Namonuito Atoll,MICRONESIA,5
42cc2cd6c48d326d,"Bound from New York to London in ballast, MID ATLANTIC OCEAN",Bound from New York to London in ballast,,MID ATLANTIC OCEAN,5
f73be281a3cddd93,"Off Bermuda, MID ATLANTIC OCEAN",Off Bermuda,,MID ATLANTIC OCEAN,5
313b5325d803d73c,"Venezuelan aircraft lost, MID ATLANTIC OCEAN",Venezuelan aircraft lost,,MID ATLANTIC OCEAN,5
f818bbb79d4cead4,"Between St. Stjepan and Budva, Adriatic Sea, MONTENEGRO",Between St. Stjepan and Budva,Adriatic Sea,MONTENEGRO,5
5f53b2f8323a8269,"Budva, Adriatic Sea, MONTENEGRO",Budva,Adriatic Sea,MONTENEGRO,5
45d468285fb6ef06,"Limpopo River, 547 km from the sea, MOZAMBIQUE","Limpopo River, 547 km from the sea",,MOZAMBIQUE,5
33b623b24c79babc,"Xefina Island, Bay of Maputo, MOZAMBIQUE",Xefina Island,Bay of Maputo,MOZAMBIQUE,5
636cb9eff933237b,"Catembe, Bay of Maputu, MOZAMBIQUE",Catembe,Bay of Maputu,MOZAMBIQUE,5
d2530dfaa59cb08d,"Bilene Bay, 180 km north of Maputo, Gaza, MOZAMBIQUE","Bilene Bay, 180 km north of Maputo",Gaza,MOZAMBIQUE,5
bd55198c9b619b5c,"Chongeone, Xai Xai, Gaza, MOZAMBIQUE","Chongeone, Xai Xai",Gaza,MOZAMBIQUE,5
83824a779eead32e,"Sepulveda Beach, Xai Xai, Gaza, MOZAMBIQUE","Sepulveda Beach, Xai Xai",Gaza,MOZAMBIQUE,5
0034fbec4ea302e8,"Chidenguele, Inhambane Province, MOZAMBIQUE",Chidenguele,Inhambane Province,MOZAMBIQUE,5
1f8225075cd23f5e,"Maxixe, Inhambane Province, MOZAMBIQUE",Maxixe,Inhambane Province,MOZAMBIQUE,5
baaef400a024e85b,"Maxixe, Inhambane Bay, Inhambane Province, MOZAMBIQUE","Maxixe, Inhambane Bay",Inhambane Province,MOZAMBIQUE,5
218f0e1a2c310884,"Nahaduga, Inhambane Bay, Inhambane Province, MOZAMBIQUE","Nahaduga, Inhambane Bay",Inhambane Province,MOZAMBIQUE,5
39db39a9770bd3a5,"Off Vilanculo, Inhambane Province, MOZAMBIQUE",Off Vilanculo,Inhambane Province,MOZAMBIQUE,5
272a6057b34d9c96,"Inhambe Bay Estuary, 10 to 12 miles inland from the sea, Inhambe Province, MOZAMBIQUE","Inhambe Bay Estuary, 10 to 12 miles inland from the sea",Inhambe Province,MOZAMBIQUE,5
f6f95fc4d33638eb,"Inhasoka, Inhambe Bay, Inhambe Province, MOZAMBIQUE","Inhasoka, Inhambe Bay",Inhambe Province,MOZAMBIQUE,5
68e3e9787a91dac1,"190 km to 240 km from the sea, Limpopo River, MOZAMBIQUE",190 km to 240 km from the sea,Limpopo River,MOZAMBIQUE,5
de1b70379092635f,"3.2 km inland, Limpopo River, MOZAMBIQUE",3.2 km inland,Limpopo River,MOZAMBIQUE,5
b824d40591289a6c,"Xefina Island, Bay of Maputo, Maputo Province, MOZAMBIQUE","Xefina Island, Bay of Maputo",Maputo Province,MOZAMBIQUE,5
0c0cb3640565d577,"Portuguese territory, Zambesi River, MOZAMBIQUE",Portuguese territory,Zambesi River,MOZAMBIQUE,5
3cf4f88fbfa00e2c,"Walvis Bay, Eronogo Region, NAMIBIA",Walvis Bay,Eronogo Region,NAMIBIA,5
9c47ea728ff3fa9a,"Kokopo, East New Britain Province, NEW BRITAIN",Kokopo,East New Britain Province,NEW BRITAIN,5
5346cc2582a1dc1b,"Rabaul, East New Britain Province, NEW BRITAIN",Rabaul,East New Britain Province,NEW BRITAIN,5
1624f29d8f0021f0,"Pomio, South Coast, East New Britain, NEW BRITAIN",Pomio,"South Coast, East New Britain",NEW BRITAIN,5
ab203cc8fadd9275,"Outside the reef off Moputu Village, near Talasea, West coast, NEW BRITAIN","Outside the reef off Moputu Village, near Talasea",West coast,NEW BRITAIN,5
50437949269df397,"Kouare, NEW CALEDONIA",Kouare,,NEW CALEDONIA,5
fcc56e56709f5d2d,"Magenta Beach, Noumea, NEW CALEDONIA","Magenta Beach, Noumea",,NEW CALEDONIA,5
6f6ff8eea5462ba5,"Sarcelle, NEW CALEDONIA",Sarcelle,,NEW CALEDONIA,5
1ad48e9c5ab2f51a,"Five Mile Beach, I'le Ouen, Grand Terre, NEW CALEDONIA","Five Mile Beach, I'le Ouen",Grand Terre,NEW CALEDONIA,5
0845529f2705f861,"Poe Beach, Grand Terre, NEW CALEDONIA",Poe Beach,Grand Terre,NEW CALEDONIA,5
1392fafedd45c3a8,"Bay of Luengoni, Lifou Island, Loyalty Islands, NEW CALEDONIA","Bay of Luengoni, Lifou Island",Loyalty Islands,NEW CALEDONIA,5
9ec31e35f2f307cf,"Ouvea, Loyalty Islands, NEW CALEDONIA",Ouvea,Loyalty Islands,NEW CALEDONIA,5
a2817f70240aa77e,"Ouvéa, Loyalty Islands, NEW CALEDONIA",Ouvéa,Loyalty Islands,NEW CALEDONIA,5
c588c493685bf5de,"We, Lifou, Loyalty Islands, NEW CALEDONIA","We, Lifou",Loyalty Islands,NEW CALEDONIA,5
d58e32045f8a5518,"Balade, North Province, NEW CALEDONIA",Balade,North Province,NEW CALEDONIA,5
4a51f80fc9fcba55,"Kaala-Gomen, North Province, NEW CALEDONIA",Kaala-Gomen,North Province,NEW CALEDONIA,5
c9703ea29c577699,"Kendec, North Province, NEW CALEDONIA",Kendec,North Province,NEW CALEDONIA,5
105c6ff7ad4e2159,"Mangalia Reef above Touho, North Province, NEW CALEDONIA",Mangalia Reef above Touho,North Province,NEW CALEDONIA,5
36c00a4345f9a2bf,"Poum, North Province, NEW CALEDONIA",Poum,North Province,NEW CALEDONIA,5
42fbaeb03f7d52a8,"Voh, near meatworks, North Province, NEW CALEDONIA","Voh, near meatworks",North Province,NEW CALEDONIA,5
a82fa9249258bcd5,"Amedee Island, South Province, NEW CALEDONIA",Amedee Island,South Province,NEW CALEDONIA,5
242c2fb449276c57,"Bourail, South Province, NEW CALEDONIA",Bourail,South Province,NEW CALEDONIA,5
862fc6ff549972d5,"Cap Goulvain, South Province, NEW CALEDONIA",Cap Goulvain,South Province,NEW CALEDONIA,5
266493174c681edc,"Ile Moro, South Province, NEW CALEDONIA",Ile Moro,South Province,NEW CALEDONIA,5
c56646b16c0562c1,"L'llot Maetre, South Province, NEW CALEDONIA",L'llot Maetre,South Province,NEW CALEDONIA,5
d2204a224ce3710a,"Mont Dore, South Province, NEW CALEDONIA",Mont Dore,South Province,NEW CALEDONIA,5
4a8fe897c168d07b,"Ricaudy Reef, Noumea, South Province, NEW CALEDONIA","Ricaudy Reef, Noumea",South Province,NEW CALEDONIA,5
be084b9cb54d199f,"Sarcelle, Isle of Pines, South Province, NEW CALEDONIA","Sarcelle, Isle of Pines",South Province,NEW CALEDONIA,5
711aabc73d01aa47,"Yate, South Province, NEW CALEDONIA",Yate,South Province,NEW CALEDONIA,5
8b2f016ae793abc9,"l'Anse-Vata, South Province, NEW CALEDONIA",l'Anse-Vata,South Province,NEW CALEDONIA,5
880500f69de63b93,"Kerpuna, Abau Sub District, Central Province, NEW GUINEA",Kerpuna,"Abau Sub District, Central Province",NEW GUINEA,5
ba8aa1a24467b879,"Bagalina, North coast Misima Island, Bwagaoia, NEW GUINEA","Bagalina, North coast Misima Island",Bwagaoia,NEW GUINEA,5
44f2c1c7898f5c6b,"Sabara Island, Calvados Chain 11.4S, Calvados Archipelago, NEW GUINEA","Sabara Island, Calvados Chain 11.4S",Calvados Archipelago,NEW GUINEA,5
0ddb2daa075adeb2,"Off Gaire Village, Central Province, NEW GUINEA",Off Gaire Village,Central Province,NEW GUINEA,5
edf4f151905cb44b,"Manam Island, Madang Province, NEW GUINEA",Manam Island,Madang Province,NEW GUINEA,5
bac772c56eac2bb3,"Uga, Banaira, Milne Bay Province, NEW GUINEA","Uga, Banaira",Milne Bay Province,NEW GUINEA,5
36fe9be8b9a1520b,"Finschafen, Morobe Province, NEW GUINEA",Finschafen,Morobe Province,NEW GUINEA,5
8b5ed7b51a42dc0f,"Toro Passage, Western District, NEW GUINEA",Toro Passage,Western District,NEW GUINEA,5
f48f0d5a3206cddd,"Stewart Island, NEW ZEALAND",Stewart Island,,NEW ZEALAND,5
f07203c2a1cae219,"Meteorologic Station on Campbell Island, 370 nautical miles south of New Zealand, Antarctic Ocean, NEW ZEALAND","Meteorologic Station on Campbell Island, 370 nautical miles south of New Zealand",Antarctic Ocean,NEW ZEALAND,5
3eadd04a641dc9af,"Waihere Bay, Chatham Islands, NEW ZEALAND",Waihere Bay,Chatham Islands,NEW ZEALAND,5
950e3c5071029846,"Arorangi, Rarotonga, Cook Islands, NEW ZEALAND","Arorangi, Rarotonga",Cook Islands,NEW ZEALAND,5
fcdd1a968d677f10,"Beveridge Reef, Cook Islands, NEW ZEALAND",Beveridge Reef,Cook Islands,NEW ZEALAND,5
cf3ee8deb2f1e7e0,"Pukapuka Northern Group, Cook Islands, NEW ZEALAND",Pukapuka Northern Group,Cook Islands,NEW ZEALAND,5
c9208b4d66d212e6,"Rarotonga, Cook Islands, NEW ZEALAND",Rarotonga,Cook Islands,NEW ZEALAND,5
0e6f127d1fda6906,"Tory Channel, Cook Strait, NEW ZEALAND",Tory Channel,Cook Strait,NEW ZEALAND,5
83e5dbd7ad1c6bda,"Penhryn Island, Cook islans, NEW ZEALAND",Penhryn Island,Cook islans,NEW ZEALAND,5
487d5bbf36c5af44,"Great Mercury Island, Mercury Islands, NEW ZEALAND",Great Mercury Island,Mercury Islands,NEW ZEALAND,5
e2dcc04516d67977,"Alderman Islands, North Island, NEW ZEALAND",Alderman Islands,North Island,NEW ZEALAND,5
cfe14d5a9da24579,"Cormandel, North Island, NEW ZEALAND",Cormandel,North Island,NEW ZEALAND,5
55da08dc7b36f286,"Haumoana, North Island, NEW ZEALAND",Haumoana,North Island,NEW ZEALAND,5
19ff58073bda61bf,"Hawkes Bay, North Island, NEW ZEALAND",Hawkes Bay,North Island,NEW ZEALAND,5
35f02bdd2d66c1c1,"Hokio Beach, near Levin, North Island, NEW ZEALAND","Hokio Beach, near Levin",North Island,NEW ZEALAND,5
977c39b3a58fb00d,"Leigh, North Island, NEW ZEALAND",Leigh,North Island,NEW ZEALAND,5
84281e10bd2a3539,"Mahurangi River Mouth, North Island, NEW ZEALAND",Mahurangi River Mouth,North Island,NEW ZEALAND,5
c684b758f99091d9,"Mangawhai, near Wellsford, North Island, NEW ZEALAND","Mangawhai, near Wellsford",North Island,NEW ZEALAND,5
cec1a9dcfaefb485,"Manukau Harbor, 6 miles south of Auckland, North Island, NEW ZEALAND","Manukau Harbor, 6 miles south of Auckland",North Island,NEW ZEALAND,5
31e37cf5755c5f81,"Maraetai, North Island, NEW ZEALAND",Maraetai,North Island,NEW ZEALAND,5
6c8aff75c4c694e8,"Matakana River Mouth, North Island, NEW ZEALAND",Matakana River Mouth,North Island,NEW ZEALAND,5
65afa49dc9fe109b,"Miranda Head, Hauriki Gulf, North Island, NEW ZEALAND","Miranda Head, Hauriki Gulf",North Island,NEW ZEALAND,5
e98251ab49a14065,"Moko Hinau, North Island, NEW ZEALAND",Moko Hinau,North Island,NEW ZEALAND,5
012834c0d60157ef,"Motunui, North Island, NEW ZEALAND",Motunui,North Island,NEW ZEALAND,5
025e6aaf82f5e351,"Muriwai, North Island, NEW ZEALAND",Muriwai,North Island,NEW ZEALAND,5
cbc4a45c9821077e,"North Auckland, North Island, NEW ZEALAND",North Auckland,North Island,NEW ZEALAND,5
c829e243afd9731a,"Oakura Beach, Taranaki, North Island, NEW ZEALAND","Oakura Beach, Taranaki",North Island,NEW ZEALAND,5
c522d1b580036316,"Off Tapuna Beach, Auckand, North Island, NEW ZEALAND","Off Tapuna Beach, Auckand",North Island,NEW ZEALAND,5
9dd6518e272744de,"Off Tutukaka, North Island, NEW ZEALAND",Off Tutukaka,North Island,NEW ZEALAND,5
9c5c9b0254c52c8e,"Omaha Beach, North Island, NEW ZEALAND",Omaha Beach,North Island,NEW ZEALAND,5
b9cbe09d4eb1006e,"Opunake, Taranake, North Island, NEW ZEALAND","Opunake, Taranake",North Island,NEW ZEALAND,5
79024228f0693822,"Palliser Bay, Whatarangi (east of Wellington), North Island, NEW ZEALAND","Palliser Bay, Whatarangi (east of Wellington)",North Island,NEW ZEALAND,5
604b7d1f034b8412,"Papamoa, near Tauranga, North Island, NEW ZEALAND","Papamoa, near Tauranga",North Island,NEW ZEALAND,5
b43b9b187f919256,"Petone Beach, Wellington, North Island, NEW ZEALAND","Petone Beach, Wellington",North Island,NEW ZEALAND,5
0f8bae3c2bf8544f,"Pilot Bay, Mt Maunganui, North Island, NEW ZEALAND","Pilot Bay, Mt Maunganui",North Island,NEW ZEALAND,5
00dd41d646b635de,"Poverty Bay, North Island, NEW ZEALAND",Poverty Bay,North Island,NEW ZEALAND,5
0c1ec750cecf9aa6,"Raglan, Manu Bay, North Island, NEW ZEALAND","Raglan, Manu Bay",North Island,NEW ZEALAND,5
96aeeab10c14778c,"Sandy Bay, Whananaki, North Island, NEW ZEALAND","Sandy Bay, Whananaki",North Island,NEW ZEALAND,5
82e36770b07b8126,"Slipper Island, Coromandel Peninsula, North Island, NEW ZEALAND","Slipper Island, Coromandel Peninsula",North Island,NEW ZEALAND,5
0a1eae80afca8a11,"South of New Plymouth, North Island, NEW ZEALAND",South of New Plymouth,North Island,NEW ZEALAND,5
65e65a0b485b53a8,"Stanley Bay, Auckland Harbor, North Island, NEW ZEALAND","Stanley Bay, Auckland Harbor",North Island,NEW ZEALAND,5
a923b693041b7d58,"Takapuna, North Island, NEW ZEALAND",Takapuna,North Island,NEW ZEALAND,5
16528f4016a465ef,"Taupiri Bay, North Island, NEW ZEALAND",Taupiri Bay,North Island,NEW ZEALAND,5
1b251c7d29549ea5,"Te Arai Point, North Island, NEW ZEALAND",Te Arai Point,North Island,NEW ZEALAND,5
56a7e5ad172e4b07,"Te Kaha, East coast, North Island, NEW ZEALAND","Te Kaha, East coast",North Island,NEW ZEALAND,5
fea1e4a1f1912ffb,"Waiapu River mouth, East Cape, North Island, NEW ZEALAND","Waiapu River mouth, East Cape",North Island,NEW ZEALAND,5
712e304164b6c6ae,"Waikanae Beach, Gisborne, North Island, NEW ZEALAND","Waikanae Beach, Gisborne",North Island,NEW ZEALAND,5
a7c2268d14aed9c3,"Waitara, North Island, NEW ZEALAND",Waitara,North Island,NEW ZEALAND,5
fa8df87beceb341e,"Wanganui, North Island, NEW ZEALAND",Wanganui,North Island,NEW ZEALAND,5
cd5ae4a243271caa,"West of Pukerua Bay, Wellington, North Island, NEW ZEALAND","West of Pukerua Bay, Wellington",North Island,NEW ZEALAND,5
f5a2089bff256001,"Alderman Islands, Off the Coromandel Peninsula, North Island, NEW ZEALAND",Alderman Islands,"Off the Coromandel Peninsula, North Island",NEW ZEALAND,5
d9dbbf65d2798aa1,"Charteris Bay, Lyttleton Harbour, South Island, NEW ZEALAND","Charteris Bay, Lyttleton Harbour",South Island,NEW ZEALAND,5
79d087f33625acb2,"Christchurch, South Island, NEW ZEALAND",Christchurch,South Island,NEW ZEALAND,5
2e8cd699680d3195,"Clark Island, South Island, NEW ZEALAND",Clark Island,South Island,NEW ZEALAND,5
6c0861897e41a3c7,"Codfish Island (Whenua Hau) west of Stewart Island, South Island, NEW ZEALAND",Codfish Island (Whenua Hau) west of Stewart Island,South Island,NEW ZEALAND,5
bc1a0073f607a624,"Cosy Nook, South Island, NEW ZEALAND",Cosy Nook,South Island,NEW ZEALAND,5
d1fb23ec1543e7ec,"Dunedin, South Island, NEW ZEALAND",Dunedin,South Island,NEW ZEALAND,5
a9c49b09b69628cb,"Fairdown Beach, 5 miles north of Westport, South Island, NEW ZEALAND","Fairdown Beach, 5 miles north of Westport",South Island,NEW ZEALAND,5
4e8023897d7ae7b4,"Garden Bay near Cosy Nook, South Island, NEW ZEALAND",Garden Bay near Cosy Nook,South Island,NEW ZEALAND,5
1ec17987a7e8ab86,"Kaikoura, South Island, NEW ZEALAND",Kaikoura,South Island,NEW ZEALAND,5
92ffd77d80ff9d78,"Karitane Beach, South Island, NEW ZEALAND",Karitane Beach,South Island,NEW ZEALAND,5
16b606f9a02bec32,"Menzies Bay, Banks Peninsula, South Island, NEW ZEALAND","Menzies Bay, Banks Peninsula",South Island,NEW ZEALAND,5
b2ceae1ad16696db,"Ngatuka Bay, near Picton, South Island, NEW ZEALAND","Ngatuka Bay, near Picton",South Island,NEW ZEALAND,5
f0d36df3e981052e,"Oreti Beach (reported as the 4th person bitten in NZ in 2000), South Island, NEW ZEALAND",Oreti Beach (reported as the 4th person bitten in NZ in 2000),South Island,NEW ZEALAND,5
d5cdc8b697168732,"Otago Harbor, South Island, NEW ZEALAND",Otago Harbor,South Island,NEW ZEALAND,5
6ab8a3591a3c703f,"Pigeon Bay, Canterbury, South Island, NEW ZEALAND","Pigeon Bay, Canterbury",South Island,NEW ZEALAND,5
23645281ea412854,"Porpoise Bay, South Island, NEW ZEALAND",Porpoise Bay,South Island,NEW ZEALAND,5
b00ea406d687029e,"Porpoise Bay, Catlins, South Island, NEW ZEALAND","Porpoise Bay, Catlins",South Island,NEW ZEALAND,5
4d56965e076db714,"Port Moeraki, South Island, NEW ZEALAND",Port Moeraki,South Island,NEW ZEALAND,5
001025c07f098a3c,"Snapper Point, South Island, NEW ZEALAND",Snapper Point,South Island,NEW ZEALAND,5
18629efae9000745,"St. Kilda Beach, South Island, NEW ZEALAND",St. Kilda Beach,South Island,NEW ZEALAND,5
b781ba0c38339153,"Sunday Cove, Fiordland, South Island, NEW ZEALAND","Sunday Cove, Fiordland",South Island,NEW ZEALAND,5
f8fbad2a9086bbe0,"Tahuna Beach, Nelson, South Island, NEW ZEALAND","Tahuna Beach, Nelson",South Island,NEW ZEALAND,5
110e5eec57ffa61b,"Tahunanui Beach, South Island, NEW ZEALAND",Tahunanui Beach,South Island,NEW ZEALAND,5
8c8d02f3f3091862,"South Beach, South Island, near Karitane north of Dunedin, NEW ZEALAND",South Beach,"South Island, near Karitane north of Dunedin",NEW ZEALAND,5
4f3a43d47ea98266,"East side of Bench Island in the Foveaux Strait, Southland, NEW ZEALAND",East side of Bench Island in the Foveaux Strait,Southland,NEW ZEALAND,5
d3376171a01b0e77,"Long Beach, Southland, NEW ZEALAND",Long Beach,Southland,NEW ZEALAND,5
e5f283907a2d03f0,"San Jan del Sur, Pacific coast, NICARAGUA",San Jan del Sur,Pacific coast,NICARAGUA,5
86583d2e40883cd5,"Greytown, Rio San Juan, NICARAGUA",Greytown,Rio San Juan,NICARAGUA,5
0eca149f3f4522c8,"A shark was caught, its head severed from body and hung from the anchor davit onboard the U.S.S. Borie, Salinas Bay, NICARAGUA","A shark was caught, its head severed from body and hung from the anchor davit onboard the U.S.S. Borie",Salinas Bay,NICARAGUA,5
fb730dac9fde1961,"Oboro, Delta, NIGERIA",Oboro,Delta,NIGERIA,5
f8c6b3b018a90bb3,"Lagos, Lagos, NIGERIA",Lagos,Lagos,NIGERIA,5
fa99c481d8c64e57,"Onboard swordfish trawler, NORTH ATLANTIC OCEAN",Onboard swordfish trawler,,NORTH ATLANTIC OCEAN,5
1dbe5d9678699bad,"Between Bimini & Miami, In the Gulf Stream, NORTH ATLANTIC OCEAN",Between Bimini & Miami,In the Gulf Stream,NORTH ATLANTIC OCEAN,5
20bad8c6d4b2e9b8,"500 nautical miles southwest of Johnston Island, Between Kwajalein Atoll & Johnston Island, NORTH PACIFIC OCEAN",500 nautical miles southwest of Johnston Island,Between Kwajalein Atoll & Johnston Island,NORTH PACIFIC OCEAN,5
5ca18bd622354c16,"Leeward side of island, directly in back of Mid-Pac barrel storage area, Wake Island (EnenKio), NORTH PACIFIC OCEAN","Leeward side of island, directly in back of Mid-Pac barrel storage area",Wake Island (EnenKio),NORTH PACIFIC OCEAN,5
9e1d8337a060ed7d,"On board East German fishing trawler, I Mai, Unknown, treated at Wick, SCOTLAND, NORTH SEA","On board East German fishing trawler, I Mai","Unknown, treated at Wick, SCOTLAND",NORTH SEA,5
0c47b895f1d3bd1f,"Hirara, Miyako, OKINAWA",Hirara,Miyako,OKINAWA,5
294cbf4d865062c9,"Hirara City, Miyako, OKINAWA",Hirara City,Miyako,OKINAWA,5
a4c805c18004431f,"Boragawa Beach, Miyako Island, OKINAWA",Boragawa Beach,Miyako Island,OKINAWA,5
f034b687f4a82ca7,"Sunayama Beach, Miyako Island, OKINAWA",Sunayama Beach,Miyako Island,OKINAWA,5
c68c77bab8261f61,"Off Central American coast at 8N.79W, PACIFIC OCEAN",Off Central American coast at 8N.79W,,PACIFIC OCEAN,5
218c9b6e44464f15,"Japanese fishing boat Taihei Maru No.10, 250 miles southwest of O'ahu, Hawaii, PACIFIC OCEAN",Japanese fishing boat Taihei Maru No.10,"250 miles southwest of O'ahu, Hawaii",PACIFIC OCEAN,5
42c747bbb13c1520,"Between Esmeraldas & Salinas, Off coast of Ecuador, PACIFIC OCEAN",Between Esmeraldas & Salinas,Off coast of Ecuador,PACIFIC OCEAN,5
661feeadd73b7c4c,"Aulong Channel, Aulong Island, PALAU",Aulong Channel,Aulong Island,PALAU,5
7aa9dc5374924c87,"Outside barrier reef, Western Caroline Islands (North Pacific Ocean), PALAU",Outside barrier reef,Western Caroline Islands (North Pacific Ocean),PALAU,5
1cc3cbbd9d757c80,"Gaza, PALESTINIAN TERRITORIES",Gaza,,PALESTINIAN TERRITORIES,5
57bf84910fcc2a15,"Panama Canal, PANAMA",Panama Canal,,PANAMA,5
bad81789dcbd2ac0,"off Culebra, PANAMA",off Culebra,,PANAMA,5
8f31a223b4e4662d,"Pacific Anchorage off the Panama Canal, 2 to 3 miles off Taboguilla Island, Pacific Ocean, PANAMA",Pacific Anchorage off the Panama Canal,"2 to 3 miles off Taboguilla Island, Pacific Ocean",PANAMA,5
b00a373787647e1b,"300 yards west of mouth of the Chagres River, Canal Zone, PANAMA",300 yards west of mouth of the Chagres River,Canal Zone,PANAMA,5
a081a39f2d83cc96,"Limon Bay, Colon Province, PANAMA",Limon Bay,Colon Province,PANAMA,5
7d89c154e270a4b2,"Mouth of Rio Dudio, 50 miles west of the city of Colon, Colon Province, PANAMA","Mouth of Rio Dudio, 50 miles west of the city of Colon",Colon Province,PANAMA,5
706f57c809a758a5,"60 miles offshore, Gulf of Panama, PANAMA",60 miles offshore,Gulf of Panama,PANAMA,5
acc8ff58f6c3d98d,"North shore of Rey Island, Las Perlas archipelago, Gulf of Panama, PANAMA","North shore of Rey Island, Las Perlas archipelago",Gulf of Panama,PANAMA,5
426d6bcda4f5951b,"Taboga Island Bay, Gulf of Panama, PANAMA",Taboga Island Bay,Gulf of Panama,PANAMA,5
bb02c1e238fce30f,"Otoque Island, Panama Bay (Pacific Ocean), PANAMA",Otoque Island,Panama Bay (Pacific Ocean),PANAMA,5
ba6ca6c279645c7d,"Bella Vista Beach, Panama City, PANAMA",Bella Vista Beach,Panama City,PANAMA,5
c1753cd3b0aad635,"Off Achutuppu Island near Ailigandi, San Blas, PANAMA",Off Achutuppu Island near Ailigandi,San Blas,PANAMA,5
e5c30966ac3d2259,"Achutupu, a small island ner Ailigandi, San Blas Islands, PANAMA","Achutupu, a small island ner Ailigandi",San Blas Islands,PANAMA,5
4eae049856856eb6,"Off Diable Island, San Blas Islands, PANAMA",Off Diable Island,San Blas Islands,PANAMA,5
46157023193c663a,"4 miles from Tuwala, near Mulatuppu, San Blas coast, PANAMA","4 miles from Tuwala, near Mulatuppu",San Blas coast,PANAMA,5
7bd9feef8c21b781,"Playa Teta, San Carlos, PANAMA",Playa Teta,San Carlos,PANAMA,5
39285dedc2df7eb8,"Abau, PAPUA NEW GUINEA",Abau,,PAPUA NEW GUINEA,5
14fa13d858fb9dd8,"Gaire Village, between Rigo & Port Moresby, PAPUA NEW GUINEA","Gaire Village, between Rigo & Port Moresby",,PAPUA NEW GUINEA,5
760ef880aa8f2f48,"Near Port Moresby, PAPUA NEW GUINEA",Near Port Moresby,,PAPUA NEW GUINEA,5
c3a735b4bb52de6d,"Port Moresby, PAPUA NEW GUINEA",Port Moresby,,PAPUA NEW GUINEA,5
5e2b766afd533135,"Aroma Passage, Abau Sub District, Central Province, PAPUA NEW GUINEA",Aroma Passage,"Abau Sub District, Central Province",PAPUA NEW GUINEA,5
59e46a0276b5b148,"Lalaura Village, Abau Sub District, Central Province, PAPUA NEW GUINEA",Lalaura Village,"Abau Sub District, Central Province",PAPUA NEW GUINEA,5
77184380d3a96e69,"Mailu area, Abau Subdistrict,Central Province, PAPUA NEW GUINEA",Mailu area,"Abau Subdistrict,Central Province",PAPUA NEW GUINEA,5
b4a21fb4c11da272,"Hus Island, Admiralty Islands, Manus Province, PAPUA NEW GUINEA",Hus Island,"Admiralty Islands, Manus Province",PAPUA NEW GUINEA,5
d2f0242c4dc0d0f1,"Lou Island, south of Manus Island, Admiralty Islands, Manus Province, PAPUA NEW GUINEA","Lou Island, south of Manus Island","Admiralty Islands, Manus Province",PAPUA NEW GUINEA,5
222a20b988978779,"Low Island, Manus, Admiralty Islands, Manus Province, PAPUA NEW GUINEA","Low Island, Manus","Admiralty Islands, Manus Province",PAPUA NEW GUINEA,5
19430fbb81dabda1,"M'Buke, south of Manus Island, Admiralty Islands, Manus Province, PAPUA NEW GUINEA","M'Buke, south of Manus Island","Admiralty Islands, Manus Province",PAPUA NEW GUINEA,5
f4a4a0d544b3473e,"Momote, Manus Island, Admiralty Islands, Manus Province, PAPUA NEW GUINEA","Momote, Manus Island","Admiralty Islands, Manus Province",PAPUA NEW GUINEA,5
19a7c681009afd40,"Rossun, Manus, Admiralty Islands, Manus Province, PAPUA NEW GUINEA","Rossun, Manus","Admiralty Islands, Manus Province",PAPUA NEW GUINEA,5
fa33d7f0825700d4,"Buka Island, Bougainville (North Solomons), PAPUA NEW GUINEA",Buka Island,Bougainville (North Solomons),PAPUA NEW GUINEA,5
fb47bf948874821e,"Kahuli, Buka Island, Bougainville (North Solomons), PAPUA NEW GUINEA","Kahuli, Buka Island",Bougainville (North Solomons),PAPUA NEW GUINEA,5
6dca1218a64ea237,"Kieta, Bougainville (North Solomons), PAPUA NEW GUINEA",Kieta,Bougainville (North Solomons),PAPUA NEW GUINEA,5
0fbd6f248f962ba9,"Off Sing Village, Buka Island, Bougainville (North Solomons), PAPUA NEW GUINEA","Off Sing Village, Buka Island",Bougainville (North Solomons),PAPUA NEW GUINEA,5
984a04303f895070,"Orava (Aravo) Islet, near Kieta., Bougainville (North Solomons), PAPUA NEW GUINEA","Orava (Aravo) Islet, near Kieta.",Bougainville (North Solomons),PAPUA NEW GUINEA,5
0d7575dcb66dcd72,"Sohano Island, Buka Passage, Bougainville (North Solomons), PAPUA NEW GUINEA","Sohano Island, Buka Passage",Bougainville (North Solomons),PAPUA NEW GUINEA,5
f34fd251bbef1002,"Tung Island, off the west coast of Buka Island, Bougainville (North Solomons), PAPUA NEW GUINEA","Tung Island, off the west coast of Buka Island",Bougainville (North Solomons),PAPUA NEW GUINEA,5
4a824eb4c9c5167a,"30 miles from Port Moresby, Central Province, PAPUA NEW GUINEA",30 miles from Port Moresby,Central Province,PAPUA NEW GUINEA,5
b957d44aceb0844d,"Abau Subdistrict, Central Province, PAPUA NEW GUINEA",Abau Subdistrict,Central Province,PAPUA NEW GUINEA,5
784fbfdcc64060d4,"Fisherman's Island, near Port Moresby, Central Province, PAPUA NEW GUINEA","Fisherman's Island, near Port Moresby",Central Province,PAPUA NEW GUINEA,5
5a69a4ccbd02c1aa,"Hula, near Port Moresby, Central Province, PAPUA NEW GUINEA","Hula, near Port Moresby",Central Province,PAPUA NEW GUINEA,5
e5d5c05bec1a5113,"Kalautu Village, Baibara at the mouth of Oibada River, Central Province, PAPUA NEW GUINEA","Kalautu Village, Baibara at the mouth of Oibada River",Central Province,PAPUA NEW GUINEA,5
181df9bef6c6fda3,"Kapakapa, Central Province, PAPUA NEW GUINEA",Kapakapa,Central Province,PAPUA NEW GUINEA,5
2202b586a907260a,"Kila Beach, Port Moresby, Central Province, PAPUA NEW GUINEA","Kila Beach, Port Moresby",Central Province,PAPUA NEW GUINEA,5
f8f005cd17fbe50f,"Near Fisherman's Island, Central Province, PAPUA NEW GUINEA",Near Fisherman's Island,Central Province,PAPUA NEW GUINEA,5
4419b294a3887669,"Paga Point or Fishermans Island, Port Moresby, Central Province, PAPUA NEW GUINEA","Paga Point or Fishermans Island, Port Moresby",Central Province,PAPUA NEW GUINEA,5
9e56a0b221fc77ec,"Paga Point, Port Moresby, Central Province, PAPUA NEW GUINEA","Paga Point, Port Moresby",Central Province,PAPUA NEW GUINEA,5
e0f8999ff1eebbdc,"Port Moresby, Central Province, PAPUA NEW GUINEA",Port Moresby,Central Province,PAPUA NEW GUINEA,5
75fe1b61913bf2a3,"Roku Point, Central Province, PAPUA NEW GUINEA",Roku Point,Central Province,PAPUA NEW GUINEA,5
db16ff6eb2932737,"Tupuselei Village, about 40 miles east of Port Moresby, Central Province, PAPUA NEW GUINEA","Tupuselei Village, about 40 miles east of Port Moresby",Central Province,PAPUA NEW GUINEA,5
dc2bb3b41124311c,"Yule Island, Central Province, PAPUA NEW GUINEA",Yule Island,Central Province,PAPUA NEW GUINEA,5
5d3a17a4bae4d5a1,"Pigeon Island, East New Britain, PAPUA NEW GUINEA",Pigeon Island,East New Britain,PAPUA NEW GUINEA,5
86e056ea49d9fe8e,"Moem Village near Wewak, East Sepik, PAPUA NEW GUINEA",Moem Village near Wewak,East Sepik,PAPUA NEW GUINEA,5
4fbb7ee2447f088e,"Wewak, East Sepik, PAPUA NEW GUINEA",Wewak,East Sepik,PAPUA NEW GUINEA,5
50263809b48ba554,"Kukipi, 150 miles west of Port Moresby in the Lakekamu River area, Gulf Province, PAPUA NEW GUINEA","Kukipi, 150 miles west of Port Moresby in the Lakekamu River area",Gulf Province,PAPUA NEW GUINEA,5
ba8405d29bd630fe,"Orokolo Bay, Gulf Province, PAPUA NEW GUINEA",Orokolo Bay,Gulf Province,PAPUA NEW GUINEA,5
b90dfe22992a6b25,"Ururumba, mouth of Kikori River 7.45S, Kikori River mouth, PAPUA NEW GUINEA","Ururumba, mouth of Kikori River 7.45S",Kikori River mouth,PAPUA NEW GUINEA,5
71c209ed93715cfc,"Gawa Reefs, Sudest Island, Louisiade Archipelago, PAPUA NEW GUINEA","Gawa Reefs, Sudest Island",Louisiade Archipelago,PAPUA NEW GUINEA,5
5bdd5bebc3334f99,"Bimat, Bogia, Madang, PAPUA NEW GUINEA","Bimat, Bogia",Madang,PAPUA NEW GUINEA,5
44142f1b08de5ab4,"Matukar village, Madang, PAPUA NEW GUINEA",Matukar village,Madang,PAPUA NEW GUINEA,5
823059a414040051,"Off Taludig Village, at mouth of the Murnass River, Madang (WO), PAPUA NEW GUINEA","Off Taludig Village, at mouth of the Murnass River",Madang (WO),PAPUA NEW GUINEA,5
959dc184aa6d46f9,"Inshore side of reef near Madang, Madang Province, PAPUA NEW GUINEA",Inshore side of reef near Madang,Madang Province,PAPUA NEW GUINEA,5
d0df48a1747bd41f,"Mouth of Suareng River, a mile from Taludig, Madang Province, PAPUA NEW GUINEA","Mouth of Suareng River, a mile from Taludig",Madang Province,PAPUA NEW GUINEA,5
e0c19ce8965140f9,"Near Madang Town, Madang Province, PAPUA NEW GUINEA",Near Madang Town,Madang Province,PAPUA NEW GUINEA,5
17bbf81626642231,"Sek Harbor, Madang Province, PAPUA NEW GUINEA",Sek Harbor,Madang Province,PAPUA NEW GUINEA,5
b122b1de87a0264a,"Taludig, Madang Province, PAPUA NEW GUINEA",Taludig,Madang Province,PAPUA NEW GUINEA,5
3210e272d605fc27,"Kimuta, Renard Island, Milne Bay Province, PAPUA NEW GUINEA","Kimuta, Renard Island",Milne Bay Province,PAPUA NEW GUINEA,5
26ed67cd7e698401,"Off Rossel Island, Louisiade Archipelago, Milne Bay Province, PAPUA NEW GUINEA","Off Rossel Island, Louisiade Archipelago",Milne Bay Province,PAPUA NEW GUINEA,5
ee8efa6cb1cc74f6,"Samarai Island, Milne Bay Province, PAPUA NEW GUINEA",Samarai Island,Milne Bay Province,PAPUA NEW GUINEA,5
e4fab77831fd5e2d,"Samarai Island (south end), Milne Bay Province, PAPUA NEW GUINEA",Samarai Island (south end),Milne Bay Province,PAPUA NEW GUINEA,5
0098a3dd44d6d378,"Taupota, Samarai, Milne Bay Province, PAPUA NEW GUINEA","Taupota, Samarai",Milne Bay Province,PAPUA NEW GUINEA,5
3838c622d219489e,"Tewatewa Island, Milne Bay Province, PAPUA NEW GUINEA",Tewatewa Island,Milne Bay Province,PAPUA NEW GUINEA,5
4f8de2b34baaaaec,"Bulolol, Morobe Province, PAPUA NEW GUINEA",Bulolol,Morobe Province,PAPUA NEW GUINEA,5
975aa93c1ba295fe,"Finschafen, Morobe Province, PAPUA NEW GUINEA",Finschafen,Morobe Province,PAPUA NEW GUINEA,5
ca864bed6b24351d,"Huon Gulf, Morobe Province, PAPUA NEW GUINEA",Huon Gulf,Morobe Province,PAPUA NEW GUINEA,5
d4d7027eeeca6deb,"Korem, Finschhafen, Morobe Province, PAPUA NEW GUINEA","Korem, Finschhafen",Morobe Province,PAPUA NEW GUINEA,5
58473ad68bafc3c9,"Nasigilatu (Near Malasanga, Finschhafen, Morobe Province, PAPUA NEW GUINEA","Nasigilatu (Near Malasanga, Finschhafen",Morobe Province,PAPUA NEW GUINEA,5
f2d5ab2b59663db2,"Huhunoti Island, Near Bougainville (North Solomons), PAPUA NEW GUINEA",Huhunoti Island,Near Bougainville (North Solomons),PAPUA NEW GUINEA,5
1fdf0f698c4b21c1,"Barawon Beach, near Rabaul, New Britain, PAPUA NEW GUINEA","Barawon Beach, near Rabaul",New Britain,PAPUA NEW GUINEA,5
42e71af65d7cdab5,"East Nakanai, Talasea, New Britain, PAPUA NEW GUINEA","East Nakanai, Talasea",New Britain,PAPUA NEW GUINEA,5
fb6db552d9ab7030,"Matupi, New Britain, PAPUA NEW GUINEA",Matupi,New Britain,PAPUA NEW GUINEA,5
b095a113454d1695,"Near Rabaul, New Britain, PAPUA NEW GUINEA",Near Rabaul,New Britain,PAPUA NEW GUINEA,5
a3774f432c740e03,"Rapindik Beach, Rabaul, New Britain, PAPUA NEW GUINEA","Rapindik Beach, Rabaul",New Britain,PAPUA NEW GUINEA,5
39ca7391277b3d41,"Duke of York Island, New Britain, Bismarck Archipelago, PAPUA NEW GUINEA",Duke of York Island,"New Britain, Bismarck Archipelago",PAPUA NEW GUINEA,5
7d823afb23beda0b,"Kavieng, New Ireland, PAPUA NEW GUINEA",Kavieng,New Ireland,PAPUA NEW GUINEA,5
74523ce2bdd218d3,"Lavongai, New Ireland, PAPUA NEW GUINEA",Lavongai,New Ireland,PAPUA NEW GUINEA,5
3f3a441090eb0430,"A reef off New Hanover (Northern end), New Ireland Province, PAPUA NEW GUINEA",A reef off New Hanover (Northern end),New Ireland Province,PAPUA NEW GUINEA,5
f5ed03316c230bc6,"Enang, Kavieng, New Ireland Province, PAPUA NEW GUINEA","Enang, Kavieng",New Ireland Province,PAPUA NEW GUINEA,5
635731f75892e491,"Enuk Island, New Ireland Province, PAPUA NEW GUINEA",Enuk Island,New Ireland Province,PAPUA NEW GUINEA,5
4cf8faacf85cbf54,"Kulengei, southeast of Kalili, New Ireland Province, PAPUA NEW GUINEA","Kulengei, southeast of Kalili",New Ireland Province,PAPUA NEW GUINEA,5
3009abbcfcec8b58,"Lamassa Island, 16 miles from Lambom Island, New Ireland Province, PAPUA NEW GUINEA","Lamassa Island, 16 miles from Lambom Island",New Ireland Province,PAPUA NEW GUINEA,5
301b4e6c75852477,"Lamassa Island, 16 miles from Lambon Island, New Ireland Province, PAPUA NEW GUINEA","Lamassa Island, 16 miles from Lambon Island",New Ireland Province,PAPUA NEW GUINEA,5
54d39e2c01c4a27f,"Lambom Island, New Ireland Province, PAPUA NEW GUINEA",Lambom Island,New Ireland Province,PAPUA NEW GUINEA,5
ceb3d490bf64cfd2,"Mission Beach, Lambon Island, New Ireland Province, PAPUA NEW GUINEA","Mission Beach, Lambon Island",New Ireland Province,PAPUA NEW GUINEA,5
5b0cd23d94304b3e,"Namatanai, New Ireland Province, PAPUA NEW GUINEA",Namatanai,New Ireland Province,PAPUA NEW GUINEA,5
36986827572ab1aa,"Samo Plantation, east coast, New Ireland Province, PAPUA NEW GUINEA","Samo Plantation, east coast",New Ireland Province,PAPUA NEW GUINEA,5
202267ae68be79e7,"Southern end, New Ireland Province, PAPUA NEW GUINEA",Southern end,New Ireland Province,PAPUA NEW GUINEA,5
d6b2ad3c85af27d2,"Enuk Island, Kavieng, New Ireland Province, Bismarck Archipelago, PAPUA NEW GUINEA","Enuk Island, Kavieng","New Ireland Province, Bismarck Archipelago",PAPUA NEW GUINEA,5
cf02d0e129f39cc8,"Maritzoan, east coast of Namatanai, New Ireland Province, Bismarck Archipelago, PAPUA NEW GUINEA","Maritzoan, east coast of Namatanai","New Ireland Province, Bismarck Archipelago",PAPUA NEW GUINEA,5
abe23572fb268a5c,"Pekinberui Village, Tabar Island, New Ireland Province, Bismarck Archipelago, PAPUA NEW GUINEA","Pekinberui Village, Tabar Island","New Ireland Province, Bismarck Archipelago",PAPUA NEW GUINEA,5
13e56bc365c05ae0,"Punam Passage, Rataman census div, New Ireland Province, Bismarck Archipelago, PAPUA NEW GUINEA","Punam Passage, Rataman census div","New Ireland Province, Bismarck Archipelago",PAPUA NEW GUINEA,5
ff3ddc5e996916e2,"Kabiman, West coast, New Ireland, Bismarck Archipelago, PAPUA NEW GUINEA","Kabiman, West coast","New Ireland, Bismarck Archipelago",PAPUA NEW GUINEA,5
58e1e2747fe5939f,"Dobu Passage, D'Entrecasteaux Islands (between Normanby & Fergusson Islands), Northern (Oro) Province, PAPUA NEW GUINEA","Dobu Passage, D'Entrecasteaux Islands (between Normanby & Fergusson Islands)",Northern (Oro) Province,PAPUA NEW GUINEA,5
9eda9920265e9b7f,"Kufulu Point, Northern District, PAPUA NEW GUINEA",Kufulu Point,Northern District,PAPUA NEW GUINEA,5
26a2590ec5b5122c,"Kaparoka, Rigo subdistrict, PAPUA NEW GUINEA",Kaparoka,Rigo subdistrict,PAPUA NEW GUINEA,5
80c6fcd5fce3530d,"Vanimo on Musu side of Wutong anchorage, Sandaun Province, PAPUA NEW GUINEA",Vanimo on Musu side of Wutong anchorage,Sandaun Province,PAPUA NEW GUINEA,5
81a27ac668b2d3e6,"Bulu, Talasea, West New Britain Province, PAPUA NEW GUINEA","Bulu, Talasea",West New Britain Province,PAPUA NEW GUINEA,5
b0cee0b3990d4aec,"East Nakanai, Talasea, West New Britain Province, PAPUA NEW GUINEA","East Nakanai, Talasea",West New Britain Province,PAPUA NEW GUINEA,5
96bc2d5ca268450d,"Kalapiai, Kombe, West New Britain Province, PAPUA NEW GUINEA","Kalapiai, Kombe",West New Britain Province,PAPUA NEW GUINEA,5
ebcd67a55a458969,"Kombe, Talasea, West New Britain Province, PAPUA NEW GUINEA","Kombe, Talasea",West New Britain Province,PAPUA NEW GUINEA,5
d1603b0c75d62d54,"Poi, Kombe Talasea, West New Britain Province, PAPUA NEW GUINEA","Poi, Kombe Talasea",West New Britain Province,PAPUA NEW GUINEA,5
17b0395795bb1dc8,"Volupai, Talasea, West New Britain Province, PAPUA NEW GUINEA","Volupai, Talasea",West New Britain Province,PAPUA NEW GUINEA,5
6668b4a0f174f3ef,"West Nakanai, Talasea, West New Britain Province, PAPUA NEW GUINEA","West Nakanai, Talasea",West New Britain Province,PAPUA NEW GUINEA,5
a903eb637b026dfc,"Kerema, Western Papuan Gulf, PAPUA NEW GUINEA",Kerema,Western Papuan Gulf,PAPUA NEW GUINEA,5
79186a18728d8a38,"Khark Island, 25 km off the coast of Iran & 483km from mouth of Persian Gulf, PERSIAN GULF",Khark Island,25 km off the coast of Iran & 483km from mouth of Persian Gulf,PERSIAN GULF,5
67af6bd3294b3537,"Dubai, United Arab Emirates, PERSIAN GULF",Dubai,United Arab Emirates,PERSIAN GULF,5
ae592ed37926df27,"250 miles southwest of Manila, PHILIPPINES",250 miles southwest of Manila,,PHILIPPINES,5
3c11df249d40984e,"Off Cape Engano, PHILIPPINES",Off Cape Engano,,PHILIPPINES,5
9694660443ff6f80,"Off Cebu, PHILIPPINES",Off Cebu,,PHILIPPINES,5
4003c9038ddd7e9d,"USS Hull DD-350 was one of 3 destroyers that capsized in Typhoon Cobra, 300 miles east of Luzon, PHILIPPINES",USS Hull DD-350 was one of 3 destroyers that capsized in Typhoon Cobra,300 miles east of Luzon,PHILIPPINES,5
7128d120b0f7fcf1,"Limay, Baatan, PHILIPPINES",Limay,Baatan,PHILIPPINES,5
8dc4cf5a156348ef,"Luzon Strait, Batanes Provine, PHILIPPINES",Luzon Strait,Batanes Provine,PHILIPPINES,5
2b52f645422c3847,"Mabini, Batangas province, PHILIPPINES",Mabini,Batangas province,PHILIPPINES,5
23da56b4240a9237,"2 kilometres off Sagay, Camiguin Island, PHILIPPINES",2 kilometres off Sagay,Camiguin Island,PHILIPPINES,5
d811f05f2ad86eec,"200 miles Leyte, In transit between Tinian and Leyte, PHILIPPINES",200 miles Leyte,In transit between Tinian and Leyte,PHILIPPINES,5
338787528241bb22,"Luang Dulag, Leyte Island, PHILIPPINES",Luang Dulag,Leyte Island,PHILIPPINES,5
c55a5b2254573368,"off Paoay, Ilocos Norte Province, Luzon, PHILIPPINES","off Paoay, Ilocos Norte Province",Luzon,PHILIPPINES,5
ed4447c78a73c855,"100 miles southeast of Manila, Luzon Island, PHILIPPINES",100 miles southeast of Manila,Luzon Island,PHILIPPINES,5
d89bd8129c0a52f6,"Bataan, Luzon Island, PHILIPPINES",Bataan,Luzon Island,PHILIPPINES,5
7ffc8832357c4662,"Bohol, Luzon Island, PHILIPPINES",Bohol,Luzon Island,PHILIPPINES,5
d855617942da927b,"Bondoc Peninsula, Luzon Island, PHILIPPINES",Bondoc Peninsula,Luzon Island,PHILIPPINES,5
6f148fb2e9d42695,"Canacao Bay, Luzon Island, PHILIPPINES",Canacao Bay,Luzon Island,PHILIPPINES,5
ad1d1628b7cab1b2,"Fort Frank, Manila Bay, Luzon Island, PHILIPPINES","Fort Frank, Manila Bay",Luzon Island,PHILIPPINES,5
e100912308cad766,"Inner Harbor, Olongapo, Luzon Island, PHILIPPINES","Inner Harbor, Olongapo",Luzon Island,PHILIPPINES,5
3f8b26cc3872ff42,"Olongapo Harbor, Subic Bay, Luzon Island, PHILIPPINES","Olongapo Harbor, Subic Bay",Luzon Island,PHILIPPINES,5
2c92f33b3ba78bcf,"Polinao Point, Manila, Luzon Island, PHILIPPINES","Polinao Point, Manila",Luzon Island,PHILIPPINES,5
6e00e4e76bf2ef57,"Villamar, Caoayan, Luzon Island, PHILIPPINES","Villamar, Caoayan",Luzon Island,PHILIPPINES,5
91aabb5e21dd9b9f,"Fort Drum, Manila Bay, PHILIPPINES",Fort Drum,Manila Bay,PHILIPPINES,5
f61214e7b58b67df,"Balud, Masbate, PHILIPPINES",Balud,Masbate,PHILIPPINES,5
4dc15287bf4b9008,"Mouth of Langoyan River, Davao City, Mindanao, PHILIPPINES","Mouth of Langoyan River, Davao City",Mindanao,PHILIPPINES,5
c137342413b8cf7a,"Off Manila, Mindoro, PHILIPPINES",Off Manila,Mindoro,PHILIPPINES,5
0e66b2e612efb7ca,"Off Cagayancillo, Palawan, PHILIPPINES",Off Cagayancillo,Palawan,PHILIPPINES,5
58583d578ac70832,"Off Likas Island, Palawan, PHILIPPINES",Off Likas Island,Palawan,PHILIPPINES,5
24b1e5e53c46c34f,"Between Unisan & Angadanan Islands, Queaon, PHILIPPINES",Between Unisan & Angadanan Islands,Queaon,PHILIPPINES,5
14749c574a78d21a,"Tayabas, Quezon, PHILIPPINES",Tayabas,Quezon,PHILIPPINES,5
ad9b3153e2a67787,"Off Sibuyan Island, Rombion Province, PHILIPPINES",Off Sibuyan Island,Rombion Province,PHILIPPINES,5
487dc196511e0955,"Maestre de Campo Island, 120 miles south of Manila, Romblon Province, PHILIPPINES","Maestre de Campo Island, 120 miles south of Manila",Romblon Province,PHILIPPINES,5
c05d1c159997ffc2,"Off Bilisan Point, Hinatuarn Island, Surigao del Norte, PHILIPPINES","Off Bilisan Point, Hinatuarn Island",Surigao del Norte,PHILIPPINES,5
8123452d9fee8300,"Manila Bay, Western Luzon Island, PHILIPPINES",Manila Bay,Western Luzon Island,PHILIPPINES,5
78e7cf13a509ab43,"Island of Panay, Iliolo, Western Viscayas, PHILIPPINES","Island of Panay, Iliolo",Western Viscayas,PHILIPPINES,5
8ae9cb162d965375,"Near mouth of River Cumalarang, 5 miles from Port Isabela, Zamboanga del Sur Province, PHILIPPINES","Near mouth of River Cumalarang, 5 miles from Port Isabela",Zamboanga del Sur Province,PHILIPPINES,5
22721dc564166c07,"Port Isabela de Basilan, Zamboanga del Sur Province, PHILIPPINES",Port Isabela de Basilan,Zamboanga del Sur Province,PHILIPPINES,5
5a7437c4c578a643,"Sines, PORTUGAL",Sines,,PORTUGAL,5
edb44000194986a6,"Off Funchal, Madeira, PORTUGAL",Off Funchal,Madeira,PORTUGAL,5
0de925dba5e6e917,"Off Cabo Rojo, PUERTO RICO",Off Cabo Rojo,,PUERTO RICO,5
327f776bf8a5ab0e,"Cap La Houssaye, REUNION",Cap La Houssaye,,REUNION,5
0446b1f375772f8b,"Le Port, REUNION",Le Port,,REUNION,5
fede52b6c74f0f08,"Roches Noire, REUNION",Roches Noire,,REUNION,5
7ead91d3b9f61d6a,"Saint Pierre, REUNION",Saint Pierre,,REUNION,5
35015a7559809a6e,"St. Leu, REUNION",St. Leu,,REUNION,5
959ee8b139e3f80d,"la Pointe-au-Sel, REUNION",la Pointe-au-Sel,,REUNION,5
f7dd6a9f3df59fee,"Barachois, 5aint-Denis, REUNION",Barachois,5aint-Denis,REUNION,5
40139a1ef17a4f40,"Sainte-Rose, Bois-Blanc, REUNION",Sainte-Rose,Bois-Blanc,REUNION,5
e2521b7daa861f1a,"Petite-Ile, Grand'Anse, REUNION",Petite-Ile,Grand'Anse,REUNION,5
277dc6f97e7c6c96,"Revine-3-Bassins, La Saline-les-Bains, REUNION",Revine-3-Bassins,La Saline-les-Bains,REUNION,5
b95798d46c3dbf3e,"Folette, Le Port, REUNION",Folette,Le Port,REUNION,5
cffadde7b8397a98,"Trois-Roches, Saint Gilles, REUNION",Trois-Roches,Saint Gilles,REUNION,5
8a69f0301910236a,"Bittern, Saint-Benoit, REUNION",Bittern,Saint-Benoit,REUNION,5
fd2c1bbeb48cbbe6,"Barachois, Saint-Denis, REUNION",Barachois,Saint-Denis,REUNION,5
5e1597c76279a589,"Barachoise bridge, Saint-Denis, REUNION",Barachoise bridge,Saint-Denis,REUNION,5
2c16b25adfab94ba,"Boucan-Canot, Saint-Gilles, REUNION",Boucan-Canot,Saint-Gilles,REUNION,5
ef254808a52db5af,"Brisant Beach, Saint-Gilles, REUNION",Brisant Beach,Saint-Gilles,REUNION,5
381848a19ba7f7e3,"Brisants., Saint-Gilles, REUNION",Brisants.,Saint-Gilles,REUNION,5
dd6203a19ed2271a,"Roches Noires, Saint-Gilles, REUNION",Roches Noires,Saint-Gilles,REUNION,5
d5b69a4c9e72db89,"Boucan-Canot, Saint-Gilles-les-Bains, REUNION",Boucan-Canot,Saint-Gilles-les-Bains,REUNION,5
bfd703db54df5fa8,"Cap Homard, Saint-Gilles-les-Bains, REUNION",Cap Homard,Saint-Gilles-les-Bains,REUNION,5
ad10c554591c2fb0,"Les Aigrettes, near Boucan-Canot, Saint-Gilles-les-Bains, REUNION","Les Aigrettes, near Boucan-Canot",Saint-Gilles-les-Bains,REUNION,5
0c53f0c83ceb8f8c,"Pointe au Sal, Saint-Leu, REUNION",Pointe au Sal,Saint-Leu,REUNION,5
6fe9935fe84a0472,"Pointe au Sel, Saint-Leu, REUNION",Pointe au Sel,Saint-Leu,REUNION,5
b9e6bcfb60bd6713,"Vicendo, Saint-Philippe, REUNION",Vicendo,Saint-Philippe,REUNION,5
aed45d9b81148fde,"Pointe du Diable, Saint-Pierre, REUNION",Pointe du Diable,Saint-Pierre,REUNION,5
b846d65b51c7a79c,"Baie de la Mare, Sainte-Marie, REUNION",Baie de la Mare,Sainte-Marie,REUNION,5
c628feba71f8e307,"Temple Tamoule, Sainte-Suzanne, REUNION",Temple Tamoule,Sainte-Suzanne,REUNION,5
ee564d8eadb7f229,"Swimming off the British steamer Troutpool, REUNION ISLAND",Swimming off the British steamer Troutpool,,REUNION ISLAND,5
0e80969c2479e959,"Kunashir Island, 70 km from northern Japan, Kuril Islands in the Pacific, RUSSIA","Kunashir Island, 70 km from northern Japan",Kuril Islands in the Pacific,RUSSIA,5
8b1183009a06ecb0,"Zheltukhin Island, Peter the Great Bay, Khasan, Primorsky Krai (Far East), RUSSIA",Zheltukhin Island,"Peter the Great Bay, Khasan, Primorsky Krai (Far East)",RUSSIA,5
85b14089774368fb,"Slavyanka, Primorsky Krai, RUSSIA",Slavyanka,Primorsky Krai,RUSSIA,5
5699b46daa17c695,"Vityaz, Telyakovsky Bay, Khasan, Primorsky Krai (Far East), RUSSIA",Vityaz,"Telyakovsky Bay, Khasan, Primorsky Krai (Far East)",RUSSIA,5
6748a1552959c4b2,"Opposite Apelima & Manona, Apolima Strait, SAMOA",Opposite Apelima & Manona,Apolima Strait,SAMOA,5
d884fc2c0c48050c,"North of Northeast Samoa, South Pacific Ocean, SAMOA",North of Northeast Samoa,South Pacific Ocean,SAMOA,5
b4d414e2734dc9ff,"Apia Harbor, Upolu Island, SAMOA",Apia Harbor,Upolu Island,SAMOA,5
ff7aabdcff66e94c,"Muchoir Banks, 60 miles north of San Domingo in the West Indies, SAN DOMINGO",Muchoir Banks,60 miles north of San Domingo in the West Indies,SAN DOMINGO,5
554f0d0c6d6e007b,"East of the Ras Tanura-Jubail area, Eastern Province, SAUDI ARABIA",East of the Ras Tanura-Jubail area,Eastern Province,SAUDI ARABIA,5
02b4544e30bf31eb,"Carradale Bay, Kintyre Peninsula, Argyll, SCOTLAND","Carradale Bay, Kintyre Peninsula",Argyll,SCOTLAND,5
beeaa7170718a3ee,"Arran, Argyllshire, SCOTLAND",Arran,Argyllshire,SCOTLAND,5
f6c96f37f12d07e2,"Fallen Rocks, Arran, SCOTLAND",Fallen Rocks,Arran,SCOTLAND,5
7af3c842d59bad6c,"Balintore Bay, Easter Ross, SCOTLAND",Balintore Bay,Easter Ross,SCOTLAND,5
f40c32d359b72d79,"Deep Sea World Aquarium, Fife, SCOTLAND",Deep Sea World Aquarium,Fife,SCOTLAND,5
47a1c177e7f0f2ba,"Off the Isle of Islay, Inner Hebrides, SCOTLAND",Off the Isle of Islay,Inner Hebrides,SCOTLAND,5
89012af90f761e7f,"Spey Bay, Moray, SCOTLAND",Spey Bay,Moray,SCOTLAND,5
bee4e282a88025cd,"Tiaroye, near Dakar, SENEGAL","Tiaroye, near Dakar",,SENEGAL,5
3a0123c8764ecf35,"Bel Air, Dakar, Cap Vert Peninsula, SENEGAL","Bel Air, Dakar",Cap Vert Peninsula,SENEGAL,5
b643087e2032f13d,"Hann, Cap Vert Peninsula, SENEGAL",Hann,Cap Vert Peninsula,SENEGAL,5
240e09d989ba9a43,"Thiaroye Guedi, Cap Vert Peninsula, SENEGAL",Thiaroye Guedi,Cap Vert Peninsula,SENEGAL,5
371892e6dfae83a1,"Yoff Island, Cap Vert Peninsula, SENEGAL",Yoff Island,Cap Vert Peninsula,SENEGAL,5
bb4b4cd972fd67b2,"off Dakar, Cap-Vert Peninsula, SENEGAL",off Dakar,Cap-Vert Peninsula,SENEGAL,5
d35a16caa66f0a64,"Ziguinchor, Casamance, SENEGAL",Ziguinchor,Casamance,SENEGAL,5
4853031ea4cb66d9,"Ile Platte, SEYCHELLES",Ile Platte,,SEYCHELLES,5
09c9c12cd2430ddc,"Freetown, Western Area, SIERRA LEONE",Freetown,Western Area,SIERRA LEONE,5
cd3f6ca65075db61,"Lumely Beach, Freetown, Western Area, SIERRA LEONE","Lumely Beach, Freetown",Western Area,SIERRA LEONE,5
4528f7f602424b67,"Sea View Beach, SINGAPORE",Sea View Beach,,SINGAPORE,5
976123bd9135d6be,"Singapore, SINGAPORE",Singapore,,SINGAPORE,5
10d5c84cc5a606ba,"Singapore Harbor, SINGAPORE",Singapore Harbor,,SINGAPORE,5
fa38b55f2ab2b721,"Koper, Adriatic Sea, SLOVENIA",Koper,Adriatic Sea,SLOVENIA,5
e854ba628697bc0d,"Battle of Guadalcanal, SOLOMON ISLANDS",Battle of Guadalcanal,,SOLOMON ISLANDS,5
5a55f1acba7c7a23,"Guadalcanal, SOLOMON ISLANDS",Guadalcanal,,SOLOMON ISLANDS,5
825e1615c041a406,"Off Guadalcanal, SOLOMON ISLANDS",Off Guadalcanal,,SOLOMON ISLANDS,5
25883de40717b1b6,"Off Savo Island, SOLOMON ISLANDS",Off Savo Island,,SOLOMON ISLANDS,5
626127dccd46f097,"Owarigi Island, SOLOMON ISLANDS",Owarigi Island,,SOLOMON ISLANDS,5
7b7cfeadbb92e89e,"Kieta, Bougainville (North Solomons), SOLOMON ISLANDS",Kieta,Bougainville (North Solomons),SOLOMON ISLANDS,5
422a3bdf09221256,"Savo, Central Province, SOLOMON ISLANDS",Savo,Central Province,SOLOMON ISLANDS,5
755b7f2d9beda6d1,"Savo Island, Central Province, SOLOMON ISLANDS",Savo Island,Central Province,SOLOMON ISLANDS,5
987570e26117767f,"North Coast, Guadalcanal Island, Guadalcanal Province, SOLOMON ISLANDS","North Coast, Guadalcanal Island",Guadalcanal Province,SOLOMON ISLANDS,5
910d401d0f674ac2,"Kirakira, Makira Island (formerly San Cristobal), Makira-Ulawa Province, SOLOMON ISLANDS","Kirakira, Makira Island (formerly San Cristobal)",Makira-Ulawa Province,SOLOMON ISLANDS,5
3daf80d8b5101a43,"Makira Island, Makira-Uluwa Province, SOLOMON ISLANDS",Makira Island,Makira-Uluwa Province,SOLOMON ISLANDS,5
b2eccb50f5fdeb9d,"Cape Esperance (near Savo Islands), Makora-Ulawa Province, SOLOMON ISLANDS",Cape Esperance (near Savo Islands),Makora-Ulawa Province,SOLOMON ISLANDS,5
c01491b805673edf,"Kicha Island, Marovo Lagoon, SOLOMON ISLANDS",Kicha Island,Marovo Lagoon,SOLOMON ISLANDS,5
734c31b2215c2595,"Munda, New Georgia, SOLOMON ISLANDS",Munda,New Georgia,SOLOMON ISLANDS,5
96477e20359a4df7,"Susukana Plantation, Ysabel Island, SOLOMON ISLANDS",Susukana Plantation,Ysabel Island,SOLOMON ISLANDS,5
bbfbb1b18ae7b942,"300 miles off the coast, SOMALIA",300 miles off the coast,,SOMALIA,5
cfbc2b11a59a4f9b,"Arroyo Beach, Mogadishu, Banaadir Region, SOMALIA","Arroyo Beach, Mogadishu",Banaadir Region,SOMALIA,5
d653f68e3f2129ea,"2-3 km north of Sunday's River mouth, Eastern Cape Province, SOUTH AFRICA",2-3 km north of Sunday's River mouth,Eastern Cape Province,SOUTH AFRICA,5
c8ed40deadfcd864,"Albatros Point, near Jeffrey's Bay, Eastern Cape Province, SOUTH AFRICA","Albatros Point, near Jeffrey's Bay",Eastern Cape Province,SOUTH AFRICA,5
b7442a89a15617d6,"Algoa Bay, Eastern Cape Province, SOUTH AFRICA",Algoa Bay,Eastern Cape Province,SOUTH AFRICA,5
9ee3b4cf22ddc1e8,"Aston Bay, Eastern Cape Province, SOUTH AFRICA",Aston Bay,Eastern Cape Province,SOUTH AFRICA,5
94616cfa3b5b7b6a,"Beachview Holiday Resort, Eastern Cape Province, SOUTH AFRICA",Beachview Holiday Resort,Eastern Cape Province,SOUTH AFRICA,5
c6615fe56dc0387a,"Bird Island, Algoa Bay, Eastern Cape Province, SOUTH AFRICA","Bird Island, Algoa Bay",Eastern Cape Province,SOUTH AFRICA,5
8ce9eae1c55067f9,"Bonza Beach, Eastern Cape Province, SOUTH AFRICA",Bonza Beach,Eastern Cape Province,SOUTH AFRICA,5
a8d6857da18f99e1,"Breezy Point, Ntlonyana, Eastern Cape Province, SOUTH AFRICA","Breezy Point, Ntlonyana",Eastern Cape Province,SOUTH AFRICA,5
432581b9878384a7,"Chintsa East Beach, Eastern Cape Province, SOUTH AFRICA",Chintsa East Beach,Eastern Cape Province,SOUTH AFRICA,5
ca7d5fb13a477319,"Cintsa East, Eastern Cape Province, SOUTH AFRICA",Cintsa East,Eastern Cape Province,SOUTH AFRICA,5
cc42c2f062dd3036,"Cintsa East, East London, Eastern Cape Province, SOUTH AFRICA","Cintsa East, East London",Eastern Cape Province,SOUTH AFRICA,5
35810a73fa6c6b8f,"Cintza Beach, East London, Eastern Cape Province, SOUTH AFRICA","Cintza Beach, East London",Eastern Cape Province,SOUTH AFRICA,5
de4c00e2bdf05ea8,"Coffee Bay, Eastern Cape Province, SOUTH AFRICA",Coffee Bay,Eastern Cape Province,SOUTH AFRICA,5
baa153db07e92ab4,"Duck Pond, Sardina Bay near Port Elizabeth, Eastern Cape Province, SOUTH AFRICA","Duck Pond, Sardina Bay near Port Elizabeth",Eastern Cape Province,SOUTH AFRICA,5
56100be79df5133a,"Eerste River, Eastern Cape Province, SOUTH AFRICA",Eerste River,Eastern Cape Province,SOUTH AFRICA,5
96e5937b5c19dbe5,"Gonubie, 13 km northeast of East London, Eastern Cape Province, SOUTH AFRICA","Gonubie, 13 km northeast of East London",Eastern Cape Province,SOUTH AFRICA,5
4015ff002f2b1e0c,"Great Fish River, Eastern Cape Province, SOUTH AFRICA",Great Fish River,Eastern Cape Province,SOUTH AFRICA,5
4eef2ccae0d2426c,"Gulu Deep, East London, Eastern Cape Province, SOUTH AFRICA","Gulu Deep, East London",Eastern Cape Province,SOUTH AFRICA,5
5c9cd8a1575b54b3,"Hamburg, Eastern Cape Province, SOUTH AFRICA",Hamburg,Eastern Cape Province,SOUTH AFRICA,5
3cc6fa9c945c2e1c,"Hole-in-the Wall, Eastern Cape Province, SOUTH AFRICA",Hole-in-the Wall,Eastern Cape Province,SOUTH AFRICA,5
b647fcc98e3771d5,"Humewood, Eastern Cape Province, SOUTH AFRICA",Humewood,Eastern Cape Province,SOUTH AFRICA,5
1b94c6d4dfb78e36,"Kei River mouth, Eastern Cape Province, SOUTH AFRICA",Kei River mouth,Eastern Cape Province,SOUTH AFRICA,5
37402a1afc3385a6,"Kenton-on-Sea, Eastern Cape Province, SOUTH AFRICA",Kenton-on-Sea,Eastern Cape Province,SOUTH AFRICA,5
806e9b031a42377c,"Kowie River, Eastern Cape Province, SOUTH AFRICA",Kowie River,Eastern Cape Province,SOUTH AFRICA,5
5b6b730d97b233d7,"Kowie River Mouth, Port Alfred, Eastern Cape Province, SOUTH AFRICA","Kowie River Mouth, Port Alfred",Eastern Cape Province,SOUTH AFRICA,5
26df1e2f438588aa,"Mpande, Eastern Cape Province, SOUTH AFRICA",Mpande,Eastern Cape Province,SOUTH AFRICA,5
23a1671cbea993e1,"Mpekeweni, Eastern Cape Province, SOUTH AFRICA",Mpekeweni,Eastern Cape Province,SOUTH AFRICA,5
da7579dde610a92e,"Nahoon Beach, Eastern Cape Province, SOUTH AFRICA",Nahoon Beach,Eastern Cape Province,SOUTH AFRICA,5
345fa8005ae817e9,"Nahoon Reef, East London, Eastern Cape Province, SOUTH AFRICA","Nahoon Reef, East London",Eastern Cape Province,SOUTH AFRICA,5
262a5243679cfb76,"Noordhoek, Port Elizabeth, Eastern Cape Province, SOUTH AFRICA","Noordhoek, Port Elizabeth",Eastern Cape Province,SOUTH AFRICA,5
ff96c03abed0fbcc,"North End Beach, Port Elizabeth, Eastern Cape Province, SOUTH AFRICA","North End Beach, Port Elizabeth",Eastern Cape Province,SOUTH AFRICA,5
6d9b019fd5f45af4,"Ntlonyana Bay, Eastern Cape Province, SOUTH AFRICA",Ntlonyana Bay,Eastern Cape Province,SOUTH AFRICA,5
20dd4b3e6a05bc78,"Ntlonyane Bay, Eastern Cape Province, SOUTH AFRICA",Ntlonyane Bay,Eastern Cape Province,SOUTH AFRICA,5
1126c8f961974ab5,"Off Port Alfred, Eastern Cape Province, SOUTH AFRICA",Off Port Alfred,Eastern Cape Province,SOUTH AFRICA,5
54252feb5c220418,"Off Port Elizabeth breakwater, Eastern Cape Province, SOUTH AFRICA",Off Port Elizabeth breakwater,Eastern Cape Province,SOUTH AFRICA,5
c731ff4b7fc760f0,"Off bank of Ntshala River, Morgan Bay, Eastern Cape Province, SOUTH AFRICA","Off bank of Ntshala River, Morgan Bay",Eastern Cape Province,SOUTH AFRICA,5
367eef43e7fb4c7a,"Pollock Beach, Eastern Cape Province, SOUTH AFRICA",Pollock Beach,Eastern Cape Province,SOUTH AFRICA,5
00a96a629accd0c5,"Port Elizabeth Oceanarium, Eastern Cape Province, SOUTH AFRICA",Port Elizabeth Oceanarium,Eastern Cape Province,SOUTH AFRICA,5
c6cb522d289fbcb9,"Port St. Johns, Eastern Cape Province, SOUTH AFRICA",Port St. Johns,Eastern Cape Province,SOUTH AFRICA,5
f1d39f71b0ac62a2,"Qolera River, Eastern Cape Province, SOUTH AFRICA",Qolera River,Eastern Cape Province,SOUTH AFRICA,5
380ed8639c033f89,"Riet River, Eastern Cape Province, SOUTH AFRICA",Riet River,Eastern Cape Province,SOUTH AFRICA,5
06ef2944fdb00f5a,"Salt Vlei, Port Alfred, Eastern Cape Province, SOUTH AFRICA","Salt Vlei, Port Alfred",Eastern Cape Province,SOUTH AFRICA,5
4972a2a5fc8cadb4,"Sardinia Bay, Eastern Cape Province, SOUTH AFRICA",Sardinia Bay,Eastern Cape Province,SOUTH AFRICA,5
3aed6ea0a8710b8b,"Sardinia Bay near Port Elizabeth, Eastern Cape Province, SOUTH AFRICA",Sardinia Bay near Port Elizabeth,Eastern Cape Province,SOUTH AFRICA,5
1676bd14a3d0ad79,"Seal Point, Cape St. Francis, Eastern Cape Province, SOUTH AFRICA","Seal Point, Cape St. Francis",Eastern Cape Province,SOUTH AFRICA,5
0a2e4144e333b318,"Second Beach, Port St Johns, Eastern Cape Province, SOUTH AFRICA","Second Beach, Port St Johns",Eastern Cape Province,SOUTH AFRICA,5
be3cf1b6b647d523,"Sundays River Mouth, Port Elizabeth, Eastern Cape Province, SOUTH AFRICA","Sundays River Mouth, Port Elizabeth",Eastern Cape Province,SOUTH AFRICA,5
767a86403d01ebfb,"Swartkops River mouth, Eastern Cape Province, SOUTH AFRICA",Swartkops River mouth,Eastern Cape Province,SOUTH AFRICA,5
4f761c84311eedd3,"The Fence, King's Beach, Eastern Cape Province, SOUTH AFRICA","The Fence, King's Beach",Eastern Cape Province,SOUTH AFRICA,5
2ab39a614a779f47,"West Beach, Port Alfred, Eastern Cape Province, SOUTH AFRICA","West Beach, Port Alfred",Eastern Cape Province,SOUTH AFRICA,5
0c07935312f2390a,"Zwartkops River, Eastern Cape Province, SOUTH AFRICA",Zwartkops River,Eastern Cape Province,SOUTH AFRICA,5
d510c1006112cd50,"Nahoon, East London, Eastern Province, SOUTH AFRICA","Nahoon, East London",Eastern Province,SOUTH AFRICA,5
de53d68176a722d0,"A ford known as Brodies Coffin in St. Lucia Bay, KwaZulu-Natal, SOUTH AFRICA",A ford known as Brodies Coffin in St. Lucia Bay,KwaZulu-Natal,SOUTH AFRICA,5
678b87cd4424236e,"Alkantstrand, KwaZulu-Natal, SOUTH AFRICA",Alkantstrand,KwaZulu-Natal,SOUTH AFRICA,5
bc4deb7772eb110b,"Amatikulu, KwaZulu-Natal, SOUTH AFRICA",Amatikulu,KwaZulu-Natal,SOUTH AFRICA,5
c7d06f339db85cda,"Bilanhlolo River Mouth, Ramsgate, KwaZulu-Natal, SOUTH AFRICA","Bilanhlolo River Mouth, Ramsgate",KwaZulu-Natal,SOUTH AFRICA,5
d80f133ce89650e9,"Bluff, Durban, KwaZulu-Natal, SOUTH AFRICA","Bluff, Durban",KwaZulu-Natal,SOUTH AFRICA,5
2e2f580150fb1062,"Brighton Beach, Durban, KwaZulu-Natal, SOUTH AFRICA","Brighton Beach, Durban",KwaZulu-Natal,SOUTH AFRICA,5
98fbf9c9597b765b,"Chain Rocks, Amanzimtoti, KwaZulu-Natal, SOUTH AFRICA","Chain Rocks, Amanzimtoti",KwaZulu-Natal,SOUTH AFRICA,5
90b099a2a3757885,"Clansthal, KwaZulu-Natal, SOUTH AFRICA",Clansthal,KwaZulu-Natal,SOUTH AFRICA,5
6365c534c1d45f85,"Durban Harbor, KwaZulu-Natal, SOUTH AFRICA",Durban Harbor,KwaZulu-Natal,SOUTH AFRICA,5
01db079e4d18a090,"Eastmoor Crescent Beach, KwaZulu-Natal, SOUTH AFRICA",Eastmoor Crescent Beach,KwaZulu-Natal,SOUTH AFRICA,5
8fe958e58a4c3611,"Garvies Beach, KwaZulu-Natal, SOUTH AFRICA",Garvies Beach,KwaZulu-Natal,SOUTH AFRICA,5
1d12ca7ae4106c20,"Glenashley, KwaZulu-Natal, SOUTH AFRICA",Glenashley,KwaZulu-Natal,SOUTH AFRICA,5
baeab8e932327de4,"Inyoni Rocks, Amazimtoti, KwaZulu-Natal, SOUTH AFRICA","Inyoni Rocks, Amazimtoti",KwaZulu-Natal,SOUTH AFRICA,5
67681604b7e04187,"Kosi Bay, KwaZulu-Natal, SOUTH AFRICA",Kosi Bay,KwaZulu-Natal,SOUTH AFRICA,5
e5f57be23268a6e8,"Levan Point, KwaZulu-Natal, SOUTH AFRICA",Levan Point,KwaZulu-Natal,SOUTH AFRICA,5
6b8d8002c4d6f057,"MaKakatana River, KwaZulu-Natal, SOUTH AFRICA",MaKakatana River,KwaZulu-Natal,SOUTH AFRICA,5
ec0374e693784033,"Mbibi, KwaZulu-Natal, SOUTH AFRICA",Mbibi,KwaZulu-Natal,SOUTH AFRICA,5
558c9058db08919b,"Mission Rocks, KwaZulu-Natal, SOUTH AFRICA",Mission Rocks,KwaZulu-Natal,SOUTH AFRICA,5
4794224682a4b183,"Native Beach, Durban, KwaZulu-Natal, SOUTH AFRICA","Native Beach, Durban",KwaZulu-Natal,SOUTH AFRICA,5
ad9a1add5b92ef77,"Next to West Street groyne, Durban, KwaZulu-Natal, SOUTH AFRICA","Next to West Street groyne, Durban",KwaZulu-Natal,SOUTH AFRICA,5
e97d59fed04ee91f,"Palm Beach, KwaZulu-Natal, SOUTH AFRICA",Palm Beach,KwaZulu-Natal,SOUTH AFRICA,5
f3f1f6096dc4db89,"Park Rynie, KwaZulu-Natal, SOUTH AFRICA",Park Rynie,KwaZulu-Natal,SOUTH AFRICA,5
7704e4ad5b6ee0ae,"Peace Cottage, Umdhloti, KwaZulu-Natal, SOUTH AFRICA","Peace Cottage, Umdhloti",KwaZulu-Natal,SOUTH AFRICA,5
4481bdaf2e9ff6b7,"Port Shepstone, KwaZulu-Natal, SOUTH AFRICA",Port Shepstone,KwaZulu-Natal,SOUTH AFRICA,5
b9a50d6e47bbfc30,"Protea Reef, KwaZulu-Natal, SOUTH AFRICA",Protea Reef,KwaZulu-Natal,SOUTH AFRICA,5
e7f28a2d32f2b5cd,"Ramsgate, KwaZulu-Natal, SOUTH AFRICA",Ramsgate,KwaZulu-Natal,SOUTH AFRICA,5
7402fab5aa7111da,"Scotburgh, KwaZulu-Natal, SOUTH AFRICA",Scotburgh,KwaZulu-Natal,SOUTH AFRICA,5
ef5b676bb2b4554c,"Selection Reef, Umdhloti, KwaZulu-Natal, SOUTH AFRICA","Selection Reef, Umdhloti",KwaZulu-Natal,SOUTH AFRICA,5
7e2da947d14fce34,"Shark tank at Oceanographic Research Insitute, Durban, KwaZulu-Natal, SOUTH AFRICA","Shark tank at Oceanographic Research Insitute, Durban",KwaZulu-Natal,SOUTH AFRICA,5
de72a37ffd28f374,"Shark tank at Oceanographic Research Institute, KwaZulu-Natal, SOUTH AFRICA",Shark tank at Oceanographic Research Institute,KwaZulu-Natal,SOUTH AFRICA,5
ed7e6f16cb70b0fd,"Shark tank, Oceanographic Research Institute, KwaZulu-Natal, SOUTH AFRICA","Shark tank, Oceanographic Research Institute",KwaZulu-Natal,SOUTH AFRICA,5
b84c9453b5bf79f5,"Sheffield Beach, KwaZulu-Natal, SOUTH AFRICA",Sheffield Beach,KwaZulu-Natal,SOUTH AFRICA,5
c8f5f6c2ff031a41,"South of Durban, KwaZulu-Natal, SOUTH AFRICA",South of Durban,KwaZulu-Natal,SOUTH AFRICA,5
dc6e762a2e1f747f,"Splash Rock, Port Edward, KwaZulu-Natal, SOUTH AFRICA","Splash Rock, Port Edward",KwaZulu-Natal,SOUTH AFRICA,5
f572ad5655a4690c,"St. Lucia, KwaZulu-Natal, SOUTH AFRICA",St. Lucia,KwaZulu-Natal,SOUTH AFRICA,5
433e568de1b6996b,"St. Michaels, KwaZulu-Natal, SOUTH AFRICA",St. Michaels,KwaZulu-Natal,SOUTH AFRICA,5
1680f40b5105d6c4,"Suncoast Pirates Beach, Durban, KwaZulu-Natal, SOUTH AFRICA","Suncoast Pirates Beach, Durban",KwaZulu-Natal,SOUTH AFRICA,5
b46f46d16fbdb88d,"Tugela River, KwaZulu-Natal, SOUTH AFRICA",Tugela River,KwaZulu-Natal,SOUTH AFRICA,5
17f2d2127c1f0c24,"Tugela River Mouth, KwaZulu-Natal, SOUTH AFRICA",Tugela River Mouth,KwaZulu-Natal,SOUTH AFRICA,5
7d1bccae923c761f,"Two Mile Reef, Sodwana Bay, KwaZulu-Natal, SOUTH AFRICA","Two Mile Reef, Sodwana Bay",KwaZulu-Natal,SOUTH AFRICA,5
e34b874e781037da,"Umbogintwini, KwaZulu-Natal, SOUTH AFRICA",Umbogintwini,KwaZulu-Natal,SOUTH AFRICA,5
f9151f9da54431f5,"Umgeni River Mouth, KwaZulu-Natal, SOUTH AFRICA",Umgeni River Mouth,KwaZulu-Natal,SOUTH AFRICA,5
34d689a34d7d3a1e,"Umhlali, KwaZulu-Natal, SOUTH AFRICA",Umhlali,KwaZulu-Natal,SOUTH AFRICA,5
bf99dccf3ebc416c,"Umhlanga, KwaZulu-Natal, SOUTH AFRICA",Umhlanga,KwaZulu-Natal,SOUTH AFRICA,5
19fccdb42a8520e7,"Umlaas Canal, KwaZulu-Natal, SOUTH AFRICA",Umlaas Canal,KwaZulu-Natal,SOUTH AFRICA,5
8673b1785aaefadc,"Umvoti, KwaZulu-Natal, SOUTH AFRICA",Umvoti,KwaZulu-Natal,SOUTH AFRICA,5
265d99a57ebce793,"Warner Beach, South Coast, KwaZulu-Natal, SOUTH AFRICA","Warner Beach, South Coast",KwaZulu-Natal,SOUTH AFRICA,5
be43dfb78351ed15,"Westbrook Beach, KwaZulu-Natal, SOUTH AFRICA",Westbrook Beach,KwaZulu-Natal,SOUTH AFRICA,5
3a46640cc5752c62,"[redacted address]. Lucia, KwaZulu-Natal, SOUTH AFRICA",[redacted address]. Lucia,KwaZulu-Natal,SOUTH AFRICA,5
dd89eafd66ed42c5,"uShaka Aquarium, Durban, KwaZulu-Natal, SOUTH AFRICA","uShaka Aquarium, Durban",KwaZulu-Natal,SOUTH AFRICA,5
d0e04a171d5e97b3,"Off Mkhambati, KwaZulu-Natal between Port Edward and Port St Johns, SOUTH AFRICA",Off Mkhambati,KwaZulu-Natal between Port Edward and Port St Johns,SOUTH AFRICA,5
9fcf1d0ff5272910,"Possession Island, South Atlantic Ocean, SOUTH AFRICA",Possession Island,South Atlantic Ocean,SOUTH AFRICA,5
c48f3faed973cd50,"National Zoological Gardens Aquarium, Pretoria, Transvaal, SOUTH AFRICA","National Zoological Gardens Aquarium, Pretoria",Transvaal,SOUTH AFRICA,5
09e73ed0b57d4b5f,"13 km off Knysna, Western Cape Province, SOUTH AFRICA",13 km off Knysna,Western Cape Province,SOUTH AFRICA,5
7cb4ec739afbb4e3,"20 m from shore at Strand, Western Cape Province, SOUTH AFRICA",20 m from shore at Strand,Western Cape Province,SOUTH AFRICA,5
1d9c412a88bacfca,"40 km off Cape Point, Western Cape Province, SOUTH AFRICA",40 km off Cape Point,Western Cape Province,SOUTH AFRICA,5
db9957138af8073a,"6 km off Groot Brak River, Western Cape Province, SOUTH AFRICA",6 km off Groot Brak River,Western Cape Province,SOUTH AFRICA,5
8b1acc05a5ef98b1,"Agulhas Banks, Western Cape Province, SOUTH AFRICA",Agulhas Banks,Western Cape Province,SOUTH AFRICA,5
4c0ff1f1272a8b16,"Beespens, False Bay, Western Cape Province, SOUTH AFRICA","Beespens, False Bay",Western Cape Province,SOUTH AFRICA,5
0fb6eab0dcee6cee,"Between Dyer Island and Pearly Beach, Western Cape Province, SOUTH AFRICA",Between Dyer Island and Pearly Beach,Western Cape Province,SOUTH AFRICA,5
33f034760a16d390,"Bluegums Rock, Partridge Point, Western Cape Province, SOUTH AFRICA","Bluegums Rock, Partridge Point",Western Cape Province,SOUTH AFRICA,5
71ab0c5e864fd67d,"Boggomsbaai, Mossel Bay, Western Cape Province, SOUTH AFRICA","Boggomsbaai, Mossel Bay",Western Cape Province,SOUTH AFRICA,5
c0e007706bc4b38f,"Buffalo Bay, near Knysna, Western Cape Province, SOUTH AFRICA","Buffalo Bay, near Knysna",Western Cape Province,SOUTH AFRICA,5
fcb3a41dd45086bd,"Buffels Bay, Western Cape Province, SOUTH AFRICA",Buffels Bay,Western Cape Province,SOUTH AFRICA,5
5bf4c78037ca39cd,"Buffels Bay (near Knysna), Western Cape Province, SOUTH AFRICA",Buffels Bay (near Knysna),Western Cape Province,SOUTH AFRICA,5
4b97a698e31d6ed2,"Buffels Bay near Knysna, Western Cape Province, SOUTH AFRICA",Buffels Bay near Knysna,Western Cape Province,SOUTH AFRICA,5
f33ed29a20a6292b,"Buffels Bay, False Bay, Western Cape Province, SOUTH AFRICA","Buffels Bay, False Bay",Western Cape Province,SOUTH AFRICA,5
ed3aacc648be7f3b,"Cape Point, Western Cape Province, SOUTH AFRICA",Cape Point,Western Cape Province,SOUTH AFRICA,5
3365c53818b436e5,"Cape Town, Western Cape Province, SOUTH AFRICA",Cape Town,Western Cape Province,SOUTH AFRICA,5
176eb804bf0f6bd8,"Caves near Kogel Bay, Western Cape Province, SOUTH AFRICA",Caves near Kogel Bay,Western Cape Province,SOUTH AFRICA,5
449dffab52f0a910,"Clovely Beach, Western Cape Province, SOUTH AFRICA",Clovely Beach,Western Cape Province,SOUTH AFRICA,5
04a9c73fbf4749a2,"Danger Point, Western Cape Province, SOUTH AFRICA",Danger Point,Western Cape Province,SOUTH AFRICA,5
83d83e9e072db75c,"Danger Reef, Western Cape Province, SOUTH AFRICA",Danger Reef,Western Cape Province,SOUTH AFRICA,5
1d5284d5124920b7,"De Mond, Western Cape Province, SOUTH AFRICA",De Mond,Western Cape Province,SOUTH AFRICA,5
687bf045050d2c28,"Die Platt, Western Cape Province, SOUTH AFRICA",Die Platt,Western Cape Province,SOUTH AFRICA,5
415b43b5f75b9984,"Fish Hoek, Western Cape Province, SOUTH AFRICA",Fish Hoek,Western Cape Province,SOUTH AFRICA,5
6e5e8bf7ce9f56c1,"Frikkies Bay, Western Cape Province, SOUTH AFRICA",Frikkies Bay,Western Cape Province,SOUTH AFRICA,5
7411931b24b2316c,"Glentana, Western Cape Province, SOUTH AFRICA",Glentana,Western Cape Province,SOUTH AFRICA,5
b42481890d89cca2,"Great Brak River, Western Cape Province, SOUTH AFRICA",Great Brak River,Western Cape Province,SOUTH AFRICA,5
1ce918efbfcac2d4,"Hangklip, False Bay, Western Cape Province, SOUTH AFRICA","Hangklip, False Bay",Western Cape Province,SOUTH AFRICA,5
12f0a26b7f0853a1,"Hawston Beach, Western Cape Province, SOUTH AFRICA",Hawston Beach,Western Cape Province,SOUTH AFRICA,5
d4ab97f9764997ec,"Holbaai, Western Cape Province, SOUTH AFRICA",Holbaai,Western Cape Province,SOUTH AFRICA,5
5268af7035c9e737,"Hospital Rock, Dyers Island, Western Cape Province, SOUTH AFRICA","Hospital Rock, Dyers Island",Western Cape Province,SOUTH AFRICA,5
86c5b3899844a685,"Jacobs Bay Reef, Saldanha Bay, Western Cape Province, SOUTH AFRICA","Jacobs Bay Reef, Saldanha Bay",Western Cape Province,SOUTH AFRICA,5
e44492a4a9b60d74,"Jogensfontein, Stilbaai, Western Cape Province, SOUTH AFRICA","Jogensfontein, Stilbaai",Western Cape Province,SOUTH AFRICA,5
c9ac4bfe2a311b0f,"Kalk Bay, Western Cape Province, SOUTH AFRICA",Kalk Bay,Western Cape Province,SOUTH AFRICA,5
cd61b2d7dcc19e0c,"Keurbooms, Western Cape Province, SOUTH AFRICA",Keurbooms,Western Cape Province,SOUTH AFRICA,5
492208cce89c08e3,"Keurbooms Lagoon, Plettenberg Bay, Western Cape Province, SOUTH AFRICA","Keurbooms Lagoon, Plettenberg Bay",Western Cape Province,SOUTH AFRICA,5
91919993ae94333a,"Keurbooms, Plettenberg Bay, Western Cape Province, SOUTH AFRICA","Keurbooms, Plettenberg Bay",Western Cape Province,SOUTH AFRICA,5
629a6e6745a2bc1e,"Klein River Lagoon, Western Cape Province, SOUTH AFRICA",Klein River Lagoon,Western Cape Province,SOUTH AFRICA,5
31cb9554d8d885a8,"Kogebaai, Western Cape Province, SOUTH AFRICA",Kogebaai,Western Cape Province,SOUTH AFRICA,5
1a4353cefc9819c0,"Langebaan, Western Cape Province, SOUTH AFRICA",Langebaan,Western Cape Province,SOUTH AFRICA,5
1fb4f84aa99e52aa,"Lappiesbaai Beach, Stilbaai, Western Cape Province, SOUTH AFRICA","Lappiesbaai Beach, Stilbaai",Western Cape Province,SOUTH AFRICA,5
fadb0da39cc451d8,"Little Brak River, Western Cape Province, SOUTH AFRICA",Little Brak River,Western Cape Province,SOUTH AFRICA,5
fc7dba3d4ea0eac0,"Lookout Beach, Plettenberg Bay, Western Cape Province, SOUTH AFRICA","Lookout Beach, Plettenberg Bay",Western Cape Province,SOUTH AFRICA,5
341a2399ac811c75,"Lookout Beach, near the Keurbooms river mouth in Plettenberg Bay, Western Cape Province, SOUTH AFRICA","Lookout Beach, near the Keurbooms river mouth in Plettenberg Bay",Western Cape Province,SOUTH AFRICA,5
c62674ea1ad20dbe,"Macassar, False Bay, Western Cape Province, SOUTH AFRICA","Macassar, False Bay",Western Cape Province,SOUTH AFRICA,5
a4dfb75be1361c22,"Melkbaai, Western Cape Province, SOUTH AFRICA",Melkbaai,Western Cape Province,SOUTH AFRICA,5
ca7d4223f73229d9,"Melkbaai, Strand, Western Cape Province, SOUTH AFRICA","Melkbaai, Strand",Western Cape Province,SOUTH AFRICA,5
70e4c900c01ad2bb,"Millers Point, False Bay, Western Cape Province, SOUTH AFRICA","Millers Point, False Bay",Western Cape Province,SOUTH AFRICA,5
efa823991e5b2295,"Muizenberg, False Bay, Western Cape Province, SOUTH AFRICA","Muizenberg, False Bay",Western Cape Province,SOUTH AFRICA,5
e14860a66990a1c4,"Near the wreck of the Kakapo off Noordhoek Beach, Western Cape Province, SOUTH AFRICA",Near the wreck of the Kakapo off Noordhoek Beach,Western Cape Province,SOUTH AFRICA,5
136116aa6820ea0d,"Off Cape Point, Western Cape Province, SOUTH AFRICA",Off Cape Point,Western Cape Province,SOUTH AFRICA,5
7a08a0801b26e70a,"Off Macassar Beach, Western Cape Province, SOUTH AFRICA",Off Macassar Beach,Western Cape Province,SOUTH AFRICA,5
88e51447fbe2d393,"Oudekraal, Western Cape Province, SOUTH AFRICA",Oudekraal,Western Cape Province,SOUTH AFRICA,5
7f0fbe377fa2d727,"Pringle Bay, Western Cape Province, SOUTH AFRICA",Pringle Bay,Western Cape Province,SOUTH AFRICA,5
3810e60a8e56efaf,"Pringle Bay, 44 miles southeast of Cape Town, Western Cape Province, SOUTH AFRICA","Pringle Bay, 44 miles southeast of Cape Town",Western Cape Province,SOUTH AFRICA,5
7f6af590cc9baaa4,"Robberg Beach, Western Cape Province, SOUTH AFRICA",Robberg Beach,Western Cape Province,SOUTH AFRICA,5
b29b404e8ce01033,"Robberg Point, Western Cape Province, SOUTH AFRICA",Robberg Point,Western Cape Province,SOUTH AFRICA,5
ff25c163a43e8e94,"Robbesteen, Western Cape Province, SOUTH AFRICA",Robbesteen,Western Cape Province,SOUTH AFRICA,5
52337eed60ceeb71,"Ryspunt, Western Cape Province, SOUTH AFRICA",Ryspunt,Western Cape Province,SOUTH AFRICA,5
636ba3d7702c0dda,"SAOU Strand, Western Cape Province, SOUTH AFRICA",SAOU Strand,Western Cape Province,SOUTH AFRICA,5
abb920325654f227,"Sandstrand, Jongensfontein, Western Cape Province, SOUTH AFRICA","Sandstrand, Jongensfontein",Western Cape Province,SOUTH AFRICA,5
78985295f3ffd161,"Saxon Reef, Western Cape Province, SOUTH AFRICA",Saxon Reef,Western Cape Province,SOUTH AFRICA,5
baeb237b84ac6100,"Scarborough, Western Cape Province, SOUTH AFRICA",Scarborough,Western Cape Province,SOUTH AFRICA,5
017c314b76a4782c,"Sculphoek, Western Cape Province, SOUTH AFRICA",Sculphoek,Western Cape Province,SOUTH AFRICA,5
bfcf2e80cb120235,"Sea Point, Western Cape Province, SOUTH AFRICA",Sea Point,Western Cape Province,SOUTH AFRICA,5
5d8b98180f43add7,"Seal Island, Western Cape Province, SOUTH AFRICA",Seal Island,Western Cape Province,SOUTH AFRICA,5
d5b8ce74eedba415,"Shark Alley, off Gansbaai, Western Cape Province, SOUTH AFRICA","Shark Alley, off Gansbaai",Western Cape Province,SOUTH AFRICA,5
d6fa4aba30e2f7d3,"Simon's Bay, Western Cape Province, SOUTH AFRICA",Simon's Bay,Western Cape Province,SOUTH AFRICA,5
d042f5f1b91f5ed7,"Simonstown, Western Cape Province, SOUTH AFRICA",Simonstown,Western Cape Province,SOUTH AFRICA,5
9eaa429faf95a2f7,"Smitswinkel, False Bay, Western Cape Province, SOUTH AFRICA","Smitswinkel, False Bay",Western Cape Province,SOUTH AFRICA,5
017feb45e0b8efeb,"Soetwater, Western Cape Province, SOUTH AFRICA",Soetwater,Western Cape Province,SOUTH AFRICA,5
ea34a9eb5fd0f530,"Stil Bay, Western Cape Province, SOUTH AFRICA",Stil Bay,Western Cape Province,SOUTH AFRICA,5
fb8cd8eddf2ddf88,"Stilbaai, Western Cape Province, SOUTH AFRICA",Stilbaai,Western Cape Province,SOUTH AFRICA,5
69b79ab8fdbf0a4e,"Still Bay, Western Cape Province, SOUTH AFRICA",Still Bay,Western Cape Province,SOUTH AFRICA,5
4eb8de1d71b6ccd5,"Strandfontein Beach, Western Cape Province, SOUTH AFRICA",Strandfontein Beach,Western Cape Province,SOUTH AFRICA,5
1f8f3ae651d6acbd,"Sunny Cove, Fish Hoek, Western Cape Province, SOUTH AFRICA","Sunny Cove, Fish Hoek",Western Cape Province,SOUTH AFRICA,5
80bdde3ac9ed5e27,"Sunrise Beach, Muizenberg, Western Cape Province, SOUTH AFRICA","Sunrise Beach, Muizenberg",Western Cape Province,SOUTH AFRICA,5
d91b36858b995416,"Surfers' Corner, Muizenberg, Western Cape Province, SOUTH AFRICA","Surfers' Corner, Muizenberg",Western Cape Province,SOUTH AFRICA,5
7311ac9e9ecfa259,"Swartklip, Western Cape Province, SOUTH AFRICA",Swartklip,Western Cape Province,SOUTH AFRICA,5
1979c64593618e44,"Swartklip, False Bay, Western Cape Province, SOUTH AFRICA","Swartklip, False Bay",Western Cape Province,SOUTH AFRICA,5
a3f954d78fe45778,"Table Bay, Western Cape Province, SOUTH AFRICA",Table Bay,Western Cape Province,SOUTH AFRICA,5
0bc89bf8bb059ed6,"The Steps, Wilderness, Western Cape Province, SOUTH AFRICA","The Steps, Wilderness",Western Cape Province,SOUTH AFRICA,5
cc30c90d99874fa3,"The Strand, Western Cape Province, SOUTH AFRICA",The Strand,Western Cape Province,SOUTH AFRICA,5
47e74386c8543b69,"Three Anchor Bay, Western Cape Province, SOUTH AFRICA",Three Anchor Bay,Western Cape Province,SOUTH AFRICA,5
7da980510e01a42b,"Uilenkraalsmond (near Gansbaai), Western Cape Province, SOUTH AFRICA",Uilenkraalsmond (near Gansbaai),Western Cape Province,SOUTH AFRICA,5
4e125a8bc7c95667,"Velddrif, Western Cape Province, SOUTH AFRICA",Velddrif,Western Cape Province,SOUTH AFRICA,5
7f90a5eccce9b3cc,"Whittle Rock False Bay, Western Cape Province, SOUTH AFRICA",Whittle Rock False Bay,Western Cape Province,SOUTH AFRICA,5
5bb109b069c42e3a,"Windmill Beach, Western Cape Province, SOUTH AFRICA",Windmill Beach,Western Cape Province,SOUTH AFRICA,5
e380032edd2d7f84,"Fish Hoek, Western Province, SOUTH AFRICA",Fish Hoek,Western Province,SOUTH AFRICA,5
0226e45bb954d94c,"750 miles off the African coast, SOUTH ATLANTIC OCEAN",750 miles off the African coast,,SOUTH ATLANTIC OCEAN,5
bb5eef8402422c75,"Off Sierra Leone, In Convoy OB 274, SOUTH ATLANTIC OCEAN",Off Sierra Leone,In Convoy OB 274,SOUTH ATLANTIC OCEAN,5
b7813ed87bec0223,"Off the passenger liner Stirling Castle, Off coast of West Africa, SOUTH ATLANTIC OCEAN",Off the passenger liner Stirling Castle,Off coast of West Africa,SOUTH ATLANTIC OCEAN,5
6d66a992c44de4ea,"Steamship bound from Cape Town to Philadelphia, South of the Equator, SOUTH ATLANTIC OCEAN",Steamship bound from Cape Town to Philadelphia,South of the Equator,SOUTH ATLANTIC OCEAN,5
a0bd50419fd99d2a,"Jangkodo Island, SOUTH KOREA",Jangkodo Island,,SOUTH KOREA,5
1e13f17e076904b8,"Wae-yeon Island, Chungnam, SOUTH KOREA",Wae-yeon Island,Chungnam,SOUTH KOREA,5
8a9c15c1d200aee3,"Jeju Island, Jeju Province, SOUTH KOREA",Jeju Island,Jeju Province,SOUTH KOREA,5
3f78035cf9ea50f0,"Dando, Kaeui Island, South Ch'ungch'ong Province, SOUTH KOREA","Dando, Kaeui Island",South Ch'ungch'ong Province,SOUTH KOREA,5
d73eb392babd8026,"Southwestern Pacific Base, SOUTHWEST PACIFIC OCEAN",Southwestern Pacific Base,,SOUTHWEST PACIFIC OCEAN,5
d09128582b959c11,"Benidorm, Alicante, SPAIN",Benidorm,Alicante,SPAIN,5
e3c0466ccb92a91e,"Arenales del Sol, Alicante Province, SPAIN",Arenales del Sol,Alicante Province,SPAIN,5
1ecf5630f405575e,"Puente Mayorga, San Roque, Andalucia, SPAIN","Puente Mayorga, San Roque",Andalucia,SPAIN,5
2ce14206f0cec10c,"Isla Cabrera, Balearics, SPAIN",Isla Cabrera,Balearics,SPAIN,5
b26b4702a260e71e,"El Escabonal, Tenerife, Canary Islands, SPAIN","El Escabonal, Tenerife",Canary Islands,SPAIN,5
edc559fe72968d00,"Gran Canaria, Canary Islands, SPAIN",Gran Canaria,Canary Islands,SPAIN,5
cf14833d6bc271ec,"Icod de los Vinos, Tenerife, Canary Islands, SPAIN","Icod de los Vinos, Tenerife",Canary Islands,SPAIN,5
a580103f31b793c3,"Las Teresitas, Tenerife, Canary Islands, SPAIN","Las Teresitas, Tenerife",Canary Islands,SPAIN,5
f0607385834b534e,"San Juan de la Rambla, Tenerife, Canary Islands, SPAIN","San Juan de la Rambla, Tenerife",Canary Islands,SPAIN,5
4664a69a2bcc1736,"Teresita, Santa Cruz, Canary Islands, SPAIN","Teresita, Santa Cruz",Canary Islands,SPAIN,5
dbe3440b1ad59f3b,"Aigua Blava, Catalonia, SPAIN",Aigua Blava,Catalonia,SPAIN,5
49740a4b7a3695a0,"Lloret-de-Mar, Catalonia, SPAIN",Lloret-de-Mar,Catalonia,SPAIN,5
63c9ecfbb448e939,"Salou, Catalonia, SPAIN",Salou,Catalonia,SPAIN,5
81ea67f05c7ceeed,"Playa de las Arenas, Valencia, Costa Blanca, SPAIN","Playa de las Arenas, Valencia",Costa Blanca,SPAIN,5
7b41e23e11ab9f5d,"Sisargas Islands, Galica, SPAIN",Sisargas Islands,Galica,SPAIN,5
473902c89a525354,"Cape Finisterre, Galicia, SPAIN",Cape Finisterre,Galicia,SPAIN,5
c279edc5269532f8,"Las Palmas, Gran Canaria, SPAIN",Las Palmas,Gran Canaria,SPAIN,5
2cb16ad179518ee2,"Off Motril, Granada, SPAIN",Off Motril,Granada,SPAIN,5
58dcf6c03a52e453,"Arinaga Beach, Aguimes, Grand Canary Island, SPAIN","Arinaga Beach, Aguimes",Grand Canary Island,SPAIN,5
11d2b51f3ea0f2c2,"Estanys Beach, Colonia de Sant, Majorca, SPAIN","Estanys Beach, Colonia de Sant",Majorca,SPAIN,5
5cd9e93b3200d6dd,"Nasareth Beach, Valencia, SPAIN",Nasareth Beach,Valencia,SPAIN,5
37b954665e27eced,"Valencia, Valencia, SPAIN",Valencia,Valencia,SPAIN,5
94a625c5fcceb480,"Heda Oya Estuary, Eastern Province, SRI LANKA",Heda Oya Estuary,Eastern Province,SRI LANKA,5
f03f7312bee23079,"Manayaweli Cove, Trincomalee, Eastern Province, SRI LANKA","Manayaweli Cove, Trincomalee",Eastern Province,SRI LANKA,5
91fb4cbd7d4f94e9,"Pigeon Island, Eastern Province, SRI LANKA",Pigeon Island,Eastern Province,SRI LANKA,5
2c74a848c2d1e33c,"Dodnduwa, Southern Province, SRI LANKA",Dodnduwa,Southern Province,SRI LANKA,5
771b9617af16d32b,"Colombo Harbor, Western Province, SRI LANKA",Colombo Harbor,Western Province,SRI LANKA,5
398f7dd985362803,"Sunterra Beach, Simpson Bay, ST. MAARTIN",Sunterra Beach,Simpson Bay,ST. MAARTIN,5
e6e9c61f2fd9b66d,"20 miles from shore, ST. MARTIN",20 miles from shore,,ST. MARTIN,5
468737b33582d30f,"Suakin Harbor, Suakin Island, Red Sea State, SUDAN","Suakin Harbor, Suakin Island",Red Sea State,SUDAN,5
02a6176257dfad6e,"50 miles off Kaohsiung, TAIWAN",50 miles off Kaohsiung,,TAIWAN,5
aac21ff0ca57e99b,"Ye Leow, TAIWAN",Ye Leow,,TAIWAN,5
997b7d37500b7f7d,"Tamsui Beach, Taipai, Northern Taiwan, TAIWAN","Tamsui Beach, Taipai",Northern Taiwan,TAIWAN,5
70a6233589039bdd,"Onboard the fishing vessel Chin Sheng Fa 13, Off Green Island, TAIWAN",Onboard the fishing vessel Chin Sheng Fa 13,Off Green Island,TAIWAN,5
dc687204b800409c,"Off Cape of Pi-tou, Taipei Hsien, TAIWAN",Off Cape of Pi-tou,Taipei Hsien,TAIWAN,5
b41b3792f51be7f3,"Taimali, Taitung, TAIWAN",Taimali,Taitung,TAIWAN,5
2f47bdd3fec659c6,"Coco Beach in Oyster Bay, 7 km north of Dar-es-Salaam, TANZANIA","Coco Beach in Oyster Bay, 7 km north of Dar-es-Salaam",,TANZANIA,5
d55c754d592aed2a,"Coco Beach, Dar-es-Salaam (Reported as the 5th fatality in 3 months at Coco Beach), TANZANIA","Coco Beach, Dar-es-Salaam (Reported as the 5th fatality in 3 months at Coco Beach)",,TANZANIA,5
bb9a74807e6ec592,"Near entrance to Dar-es-Salaam Harbour, TANZANIA",Near entrance to Dar-es-Salaam Harbour,,TANZANIA,5
2624460d287577ad,"Dar-es-Salaam harbor, Dar-es-Salaam, TANZANIA",Dar-es-Salaam harbor,Dar-es-Salaam,TANZANIA,5
c3194eaf76598ce9,"On deck of fishing trawler 100 nautical miles offshore, THAILAND",On deck of fishing trawler 100 nautical miles offshore,,THAILAND,5
00930ceb5af40b5e,"Phang nga Island, Phang nga Province, THAILAND",Phang nga Island,Phang nga Province,THAILAND,5
2c3cc4019d0e29b8,"Karon Beach, Phuket, THAILAND",Karon Beach,Phuket,THAILAND,5
b2c0f61ded49f641,"Laem Mae Pim Beach, Rayong Province, THAILAND",Laem Mae Pim Beach,Rayong Province,THAILAND,5
b726d19c3ac07f68,"Between Punta Grossa & Koper, Slovenia, THE BALKANS",Between Punta Grossa & Koper,Slovenia,THE BALKANS,5
77ef0e2370d5d7ba,"Ha'ano Island, Ha'api, TONGA",Ha'ano Island,Ha'api,TONGA,5
9fad61efbdab0ffc,"Treated at Nuku-alofa, Minerva Reef, TONGA",Treated at Nuku-alofa,Minerva Reef,TONGA,5
7b889a70d21b3089,"Niuafo'ou Island, Niua, TONGA",Niuafo'ou Island,Niua,TONGA,5
7e488ee0a0653633,"30 nautical miles offshore, Nuku'alofa, TONGA",30 nautical miles offshore,Nuku'alofa,TONGA,5
0c6ba745fb791761,"Eueiki Island, Vava'u, TONGA",Eueiki Island,Vava'u,TONGA,5
f6fd7fbcc1a04b76,"Hunga Island, Vava'u, TONGA",Hunga Island,Vava'u,TONGA,5
4113a431196bf845,"Swimming with humpback whales, Vava'u, TONGA",Swimming with humpback whales,Vava'u,TONGA,5
9852a184da0c45eb,"Manzanilla Bay, St. Andrew County, Trinidad, TRINIDAD & TOBAGO","Manzanilla Bay, St. Andrew County",Trinidad,TRINIDAD & TOBAGO,5
cba97051d0ab0154,"Skanes, near Monaster, TUNISIA","Skanes, near Monaster",,TUNISIA,5
e70435e76cd45386,"Bechateur, Biserta, TUNISIA",Bechateur,Biserta,TUNISIA,5
e95d054ac8847b3b,"San Stefano, TURKEY",San Stefano,,TURKEY,5
a81b5160bbc09a11,"Constantinople, Ahirkapi coast, TURKEY",Constantinople,Ahirkapi coast,TURKEY,5
964a08816c1add32,"Ucagiz, Antalya Province, TURKEY",Ucagiz,Antalya Province,TURKEY,5
a796a757d3123949,"Haydarpasa jetty, Istanbul, Istanbul, TURKEY","Haydarpasa jetty, Istanbul",Istanbul,TURKEY,5
28d09ed78802c543,"Off Mezitli, Mersin Province, TURKEY",Off Mezitli,Mersin Province,TURKEY,5
49270e8426d2ab21,"Kucukada Island, Mugla Province, TURKEY",Kucukada Island,Mugla Province,TURKEY,5
aa78ba382a5d1e01,"Mudjin Harbor, Middle Caicos, TURKS & CAICOS",Mudjin Harbor,Middle Caicos,TURKS & CAICOS,5
5b39674705c0fd3c,"35 miles off Fujairah, Fujairah Emirate, UNITED ARAB EMIRATES",35 miles off Fujairah,Fujairah Emirate,UNITED ARAB EMIRATES,5
f5b92f7a19c24d5c,"Khor Fakkan, Sharjah,, UNITED ARAB EMIRATES",Khor Fakkan,"Sharjah,",UNITED ARAB EMIRATES,5
1f8b0d4bf9971277,"Umm Suqeim Beach, Dubai, Dubai, UNITED ARAB EMIRATES (UAE)","Umm Suqeim Beach, Dubai",Dubai,UNITED ARAB EMIRATES (UAE),5
f06f033a93115bb1,"St. Ives, Cornwall, UNITED KINGDOM",St. Ives,Cornwall,UNITED KINGDOM,5
307b69714af6ef91,"Mewstone Rock, Devon, UNITED KINGDOM",Mewstone Rock,Devon,UNITED KINGDOM,5
48018e1aa11a88b8,"Off Fleetwood, Isle of Man, UNITED KINGDOM",Off Fleetwood,Isle of Man,UNITED KINGDOM,5
d9b27233d7929e1c,"Bantham Beach, South Devon, UNITED KINGDOM",Bantham Beach,South Devon,UNITED KINGDOM,5
9501c59016d7b6c5,"Rock-a-Nore, Hastings, Sussex, UNITED KINGDOM","Rock-a-Nore, Hastings",Sussex,UNITED KINGDOM,5
886ff89e70298d1e,"Ensenada de la Coronilla, Rocha, URUGUAY",Ensenada de la Coronilla,Rocha,URUGUAY,5
51cad2cdf005290d,"5 miles off the coast, Alabama, USA",5 miles off the coast,Alabama,USA,5
d1c7d4e04a7beae2,"8 miles off Mobile, Alabama, USA",8 miles off Mobile,Alabama,USA,5
70f238b5400dc28a,"Gulf Shores Beach, Baldwin County, Alabama, USA","Gulf Shores Beach, Baldwin County",Alabama,USA,5
58c292ebdca93f71,"Gulf of Mexico, 65 miles offshore from Mobile, Alabama, USA","Gulf of Mexico, 65 miles offshore from Mobile",Alabama,USA,5
ad386b9ad984bd3c,"Katrina Cut, Dauphin Island, Alabama, USA","Katrina Cut, Dauphin Island",Alabama,USA,5
9ec480e6a6c76c85,"Prince William Sound, Alaska, USA",Prince William Sound,Alaska,USA,5
57f1d19b2ab12feb,"""Bunkers"" Eureka, Humboldt County, California, USA","""Bunkers"" Eureka, Humboldt County",California,USA,5
878acd6dc778dea0,"1, 4 to 1, California, USA","1, 4 to 1",California,USA,5
958ea9486e3d284e,"10 miles off Redondo Beach, Los Angeles County, California, USA","10 miles off Redondo Beach, Los Angeles County",California,USA,5
6b4064a7deab7c82,"12' tank at Steinhart Aquarium, San Francisco, California, USA","12' tank at Steinhart Aquarium, San Francisco",California,USA,5
d2ae501418dd0742,"204s, San Clemente, California, USA","204s, San Clemente",California,USA,5
9c4c99080875faff,"24 km off Santa Catalina Island in the Channel Islands, California, USA",24 km off Santa Catalina Island in the Channel Islands,California,USA,5
55defe154508c913,"30 miles south of San Clemente Island, California, USA",30 miles south of San Clemente Island,California,USA,5
35d1337e26a5df36,"5 miles south of Redondo Beach, California, USA",5 miles south of Redondo Beach,California,USA,5
ac5092d3b3c1e904,"8 miles off Newport Beach, Orange County, California, USA","8 miles off Newport Beach, Orange County",California,USA,5
ad6f4ebf7e49f208,"8.5 miles south of Ano Nuevo State Reserve, Davenport County, California, USA","8.5 miles south of Ano Nuevo State Reserve, Davenport County",California,USA,5
3351e6ae86d2e010,"Abalone Point, Westport Union Landing, California, USA","Abalone Point, Westport Union Landing",California,USA,5
1e52f1da830ee3e1,"Albion Cove, Albion, California, USA","Albion Cove, Albion",California,USA,5
f89800fa2de85713,"Alligator Head, La Jolla, California, USA","Alligator Head, La Jolla",California,USA,5
bd184434e58f1e02,"Ano Nuevo Island, San Mateo, California, USA","Ano Nuevo Island, San Mateo",California,USA,5
11488347fe47b460,"Ano Nuevo, San Mateo County, California, USA","Ano Nuevo, San Mateo County",California,USA,5
5e8dc09b7cba4a79,"Aptos, Santa Cruz County, California, USA","Aptos, Santa Cruz County",California,USA,5
b9a3f746b3ef885b,"Atascadero Beach, Morro Bay, California, USA","Atascadero Beach, Morro Bay",California,USA,5
3d7748b72414c94d,"Avalon, Los Angeles County, California, USA","Avalon, Los Angeles County",California,USA,5
5151605f2909b0c3,"Avila Beach, San Luis Obispo County, California, USA","Avila Beach, San Luis Obispo County",California,USA,5
3d3d96d5d3425d38,"Baker Beach, San Francisco County, California, USA","Baker Beach, San Francisco County",California,USA,5
7336fb87bc6c77b4,"Bean Hollow State Beach, San Mateo County, California, USA","Bean Hollow State Beach, San Mateo County",California,USA,5
39e90dbd23c05571,"Bear Harbor, Mendocino County, California, USA","Bear Harbor, Mendocino County",California,USA,5
3d64d308a7e2b765,"Between False Klamath & mouth of Klamath River, Del Norte County, California, USA","Between False Klamath & mouth of Klamath River, Del Norte County",California,USA,5
2cf2ba1a6fab2c51,"Between Pescadero Point & Bean Hollow Beach, San Mateo County, California, USA","Between Pescadero Point & Bean Hollow Beach, San Mateo County",California,USA,5
9550ef04466574da,"Between Santa Cruz Island and Santa Barbara, California, USA",Between Santa Cruz Island and Santa Barbara,California,USA,5
9a835e78ba4a3da1,"Bird Rock, near Tomales Point, California, USA","Bird Rock, near Tomales Point",California,USA,5
f87be3020a050a9f,"Bluefish Cove, Pt. Lobos State Park, California, USA","Bluefish Cove, Pt. Lobos State Park",California,USA,5
cddd4d21e891874c,"Butterfly Beach, Montecito, California, USA","Butterfly Beach, Montecito",California,USA,5
4cdc93a6bbd5c236,"Capitola, Santa Cruz County, California, USA","Capitola, Santa Cruz County",California,USA,5
356ea51e95bca00b,"Castle Rock, San Miguel Island, California, USA","Castle Rock, San Miguel Island",California,USA,5
9cb7a93841496807,"Catalina Channel, Los Angeles County, California, USA","Catalina Channel, Los Angeles County",California,USA,5
de944a130eb035a8,"Catalina Island, California, USA",Catalina Island,California,USA,5
d9f68e8fc6ab1316,"Clam Beach, near Eureka, California, USA","Clam Beach, near Eureka",California,USA,5
4ee0b06498f8d72f,"Corona Del Mar, Newport, California, USA","Corona Del Mar, Newport",California,USA,5
aed63adb5437bd8b,"Coronado Strand, San Diego County, California, USA","Coronado Strand, San Diego County",California,USA,5
220757c90eda1d2d,"Cortes Bank, California, USA",Cortes Bank,California,USA,5
cd2388f8dc71a04b,"Dana Point, Orange County, California, USA","Dana Point, Orange County",California,USA,5
62d972443e673784,"Dana Point, San Clemente, California, USA","Dana Point, San Clemente",California,USA,5
00051ddcf8e85db1,"Davenport Light, San Mateo County, California, USA","Davenport Light, San Mateo County",California,USA,5
8d1621deb28682b1,"Davenport, Santa Cruz County, California, USA","Davenport, Santa Cruz County",California,USA,5
fac1a3309bb7e93f,"Deer Creek Beach, Ventura County, California, USA","Deer Creek Beach, Ventura County",California,USA,5
f4c49e10147a0c3d,"Dog Patch, San Onofre, California, USA","Dog Patch, San Onofre",California,USA,5
b4fce9f0b018b552,"Drakes Estero, Point Reyes, California, USA","Drakes Estero, Point Reyes",California,USA,5
e3579a9a8f4f7de0,"El Pescador Beach, Los Angeles County, California, USA","El Pescador Beach, Los Angeles County",California,USA,5
e82fd838a5d74c1e,"Elephant Rock near Tomales Point, Marin County, California, USA","Elephant Rock near Tomales Point, Marin County",California,USA,5
85aec2b4fba08a09,"Gaviota State Beach, Santa Barbara County, California, USA","Gaviota State Beach, Santa Barbara County",California,USA,5
013b264cb499a3ca,"Goat Rock, Bodega Bay, California, USA","Goat Rock, Bodega Bay",California,USA,5
cbc8dea77d193f3f,"Horseshoe Reef, Scott Creek, California, USA","Horseshoe Reef, Scott Creek",California,USA,5
fb1df8f32431dc56,"Horseshoe Rock, Santa Barbara County, California, USA","Horseshoe Rock, Santa Barbara County",California,USA,5
bfa5200dc4b683d5,"Humboldt Bay, Eureka, California, USA","Humboldt Bay, Eureka",California,USA,5
24bc61c28c7f69a2,"In kelp beds off La Jolla, San Diego County, California, USA","In kelp beds off La Jolla, San Diego County",California,USA,5
a5f1f79abcacd9ed,"Kibesillah, Mendocino County, California, USA","Kibesillah, Mendocino County",California,USA,5
a9d468c8a5eb9580,"Klamath River mouth, Del Norte County, California, USA","Klamath River mouth, Del Norte County",California,USA,5
ccd9dda032e88727,"LaJolla Shores, San Diego County, California, USA","LaJolla Shores, San Diego County",California,USA,5
df066e93633b8229,"LaJolla, San Diego County, California, USA","LaJolla, San Diego County",California,USA,5
918fa6bdff6ca687,"Leadbetter Beach, Santa Barbara County, California, USA","Leadbetter Beach, Santa Barbara County",California,USA,5
4cf0a870d98ad4e1,"Leffingwell Landing, Cambria, California, USA","Leffingwell Landing, Cambria",California,USA,5
ea7d3de81b907a4d,"Lifeguard Tower 16, Huntington Beach, California, USA","Lifeguard Tower 16, Huntington Beach",California,USA,5
0ce7dc24c7ab3e11,"Limantour Beach, Point Reyes National Seashore, California, USA","Limantour Beach, Point Reyes National Seashore",California,USA,5
d4b73e50d4275d58,"Loch Lomond, Marin County, California, USA","Loch Lomond, Marin County",California,USA,5
30939847d6f8310f,"Manhattan Beach, Los Angeles County, California, USA","Manhattan Beach, Los Angeles County",California,USA,5
3f258ee189c3d64f,"McClure Beach, near Tomales Point, California, USA","McClure Beach, near Tomales Point",California,USA,5
2911b01dc4215091,"Monastery Beach, Carmel River State Park, California, USA","Monastery Beach, Carmel River State Park",California,USA,5
0cecd278cb1a6981,"Montera Beach, San Mateo County, California, USA","Montera Beach, San Mateo County",California,USA,5
41ae04e7bef8c1e2,"Monterey Bay, California, USA",Monterey Bay,California,USA,5
4415ba874ca1d4fe,"Monterey Bay, Monterey County, California, USA","Monterey Bay, Monterey County",California,USA,5
a6d78291fb6e7ce8,"Monterey, Monterey County, California, USA","Monterey, Monterey County",California,USA,5
b61c0330c4fce6ff,"Morro Bay, San Luis Obispo County, California, USA","Morro Bay, San Luis Obispo County",California,USA,5
4444b4eecf84efe7,"Morro Strand State Beach, San Luis Obispo County, California, USA","Morro Strand State Beach, San Luis Obispo County",California,USA,5
72e84b66338dee50,"Near Encino, Los Angeles County, California, USA","Near Encino, Los Angeles County",California,USA,5
e04d0ab2926b439b,"Near Paradise Cove, Malibu, California, USA","Near Paradise Cove, Malibu",California,USA,5
a2a6da310263b3f5,"Near oil rig Hondo, 5 nm from Gaviota, California, USA","Near oil rig Hondo, 5 nm from Gaviota",California,USA,5
3a4e4cd3f48af4f9,"North Farallon Island, Farallon Islands, California, USA","North Farallon Island, Farallon Islands",California,USA,5
42da2fad4364ed7a,"North of Morro Rock, San Luis Obispo County, California, USA","North of Morro Rock, San Luis Obispo County",California,USA,5
3e545bbbf3788c5b,"North of Pidgeon Point, San Mateo County, California, USA","North of Pidgeon Point, San Mateo County",California,USA,5
95f8514bc69e939f,"North of Point Sur, Monterey County, California, USA","North of Point Sur, Monterey County",California,USA,5
f51d81abc006cdf0,"Ocean Beach, San Francisco, California, USA","Ocean Beach, San Francisco",California,USA,5
2f16ac747d59264e,"Oceano Dunes State Beach, San Luis Obispo County, California, USA","Oceano Dunes State Beach, San Luis Obispo County",California,USA,5
47b4fa4909c4ee7a,"Oceanside, San Diego County, California, USA","Oceanside, San Diego County",California,USA,5
1cfbdf59f1d37686,"Off Catalina Island, California, USA",Off Catalina Island,California,USA,5
fcba2247aa29e5c5,"Off La Jolla Cove, San Diego County, California, USA","Off La Jolla Cove, San Diego County",California,USA,5
1adf41300da319d3,"Off Leffingwell Landing, San Luis Obispo County, California, USA","Off Leffingwell Landing, San Luis Obispo County",California,USA,5
69af6f2d624922f5,"Off Palos Verdes Estates, Los Angeles, California, USA","Off Palos Verdes Estates, Los Angeles",California,USA,5
4b4c24ff0153d5da,"Off Palos Verdes peninsula, Los Angeles County, California, USA","Off Palos Verdes peninsula, Los Angeles County",California,USA,5
3bde5536b2b82203,"Off Point Mugu, Ventura County, California, USA","Off Point Mugu, Ventura County",California,USA,5
251d3a4707a1dd54,"Off San Clemente Island, Los Angeles County, California, USA","Off San Clemente Island, Los Angeles County",California,USA,5
74853d5c561d29a9,"Off San Diego, California, USA",Off San Diego,California,USA,5
99efb6fe70a9dc85,"Off San Diego, San Diego County, California, USA","Off San Diego, San Diego County",California,USA,5
e2ed40b25348b765,"Off San Pedro, Los Angeles County, California, USA","Off San Pedro, Los Angeles County",California,USA,5
e47d6c4f8835c889,"Off Santa Monica, Los Angeles County, California, USA","Off Santa Monica, Los Angeles County",California,USA,5
46fdfaaec526ecc2,"Off Shelter Cover (between Fort Bragg & Eureka), Humboldt County, California, USA","Off Shelter Cover (between Fort Bragg & Eureka), Humboldt County",California,USA,5
79159e39ba9fb382,"Pacific Beach, San Diego County, California, USA","Pacific Beach, San Diego County",California,USA,5
94b73d3b4abb8244,"Pacific Grove, Monterey Bay, California, USA","Pacific Grove, Monterey Bay",California,USA,5
2ab40bbe70e81988,"Pacific State, San Mateo County, California, USA","Pacific State, San Mateo County",California,USA,5
a60dc111334a161c,"Pajaro Dunes, Santa Cruz County, California, USA","Pajaro Dunes, Santa Cruz County",California,USA,5
304125c7cd16019d,"Pebble Beach, Cypress Point, California, USA","Pebble Beach, Cypress Point",California,USA,5
f4d62bb1c8b59b94,"Perch Rock, Point Conception, California, USA","Perch Rock, Point Conception",California,USA,5
61ce22d43ffd55d8,"Pigeon Point, California, USA",Pigeon Point,California,USA,5
6f1b40d3f061b5e1,"Pillar Point, Half-Moon Bay, California, USA","Pillar Point, Half-Moon Bay",California,USA,5
024e04ed8c69aee3,"Point Buchon, San Luis Obispo County, California, USA","Point Buchon, San Luis Obispo County",California,USA,5
cba79d27ee31a145,"Point Purisima, Santa Barbara County, California, USA","Point Purisima, Santa Barbara County",California,USA,5
447d7bd6ac19b638,"Point Sur, Monterey County, California, USA","Point Sur, Monterey County",California,USA,5
576e260245d74ae4,"Portuguese Beach at mouth of Salmon Creek, Sonoma County, California, USA","Portuguese Beach at mouth of Salmon Creek, Sonoma County",California,USA,5
6ff6ccae1982cba2,"Redondo, Los Angeles County, California, USA","Redondo, Los Angeles County",California,USA,5
e98a2461ac77cf63,"Refugio State Beach, Santa Barbara County, California, USA","Refugio State Beach, Santa Barbara County",California,USA,5
8aafbb81785ab957,"Russian Gulch, Jenner, California, USA","Russian Gulch, Jenner",California,USA,5
bf3b056d507126ea,"Salmon Beach, Sonoma County, California, USA","Salmon Beach, Sonoma County",California,USA,5
3424e9366b6858a8,"Samoa Beach, Humboldt County, California, USA","Samoa Beach, Humboldt County",California,USA,5
fbd67960209f2836,"San Diego County, California, USA",San Diego County,California,USA,5
b6f9622529183206,"San Francisco, California, USA",San Francisco,California,USA,5
28631cf84b48fa66,"San Francisco Bay (or San Leandro Bay), near cannery, California, USA","San Francisco Bay (or San Leandro Bay), near cannery",California,USA,5
5ccfe5cbbafc3a58,"San Gregorio Beach, San Mateo County, California, USA","San Gregorio Beach, San Mateo County",California,USA,5
db1d11c0a734458e,"San Nicholas Island, Santa Barbara County, California, USA","San Nicholas Island, Santa Barbara County",California,USA,5
9ab91e94e11411d9,"Scripps, LaJolla, California, USA","Scripps, LaJolla",California,USA,5
be9a7e7576a713bd,"Sea Ranch, Sonoma County, California, USA","Sea Ranch, Sonoma County",California,USA,5
312fd1f21af6bb2a,"Seal Rock, Goleta Beach, California, USA","Seal Rock, Goleta Beach",California,USA,5
290590fbefbc6685,"Shelter Cover, north of Fort Bragg, California, USA","Shelter Cover, north of Fort Bragg",California,USA,5
1d6fa09d29ea240c,"South Moss Beach, Spanish Bay, California, USA","South Moss Beach, Spanish Bay",California,USA,5
6f3b4e1b64747297,"Southeast Farallon Island, California, USA",Southeast Farallon Island,California,USA,5
4338541027a3bf1a,"Stearns Wharf, Santa Barbara, California, USA","Stearns Wharf, Santa Barbara",California,USA,5
ffa416b8aff9f36e,"Stillwater Cove, Monterey County, California, USA","Stillwater Cove, Monterey County",California,USA,5
34f1df13dc6f368f,"Stillwater Cove, Sonoma County, California, USA","Stillwater Cove, Sonoma County",California,USA,5
3a0981f8bfe59a99,"Surf Beach, Vandenberg AFB, California, USA","Surf Beach, Vandenberg AFB",California,USA,5
8d38b62055c904eb,"Surfside, Orange County, California, USA","Surfside, Orange County",California,USA,5
aa39af1b8ea19e22,"Terramar Beach, Carlsbad, California, USA","Terramar Beach, Carlsbad",California,USA,5
ce439658e3640f63,"Topanga Beach, Los Angeles County, California, USA","Topanga Beach, Los Angeles County",California,USA,5
65afafa0b10ab985,"Trinidad Bay, Humboldt County, California, USA","Trinidad Bay, Humboldt County",California,USA,5
61e7b2fad9295e08,"Trinidad Head, Humboldt County, California, USA","Trinidad Head, Humboldt County",California,USA,5
2e28f76caa0dae2f,"Trinidad State Beach, Humboldt County, California, USA","Trinidad State Beach, Humboldt County",California,USA,5
7c3d05402daa2284,"Tunitas Beach, San Mateo County, California, USA","Tunitas Beach, San Mateo County",California,USA,5
128e0eab7726bd94,"Usal Creek, Bear Harbor, California, USA","Usal Creek, Bear Harbor",California,USA,5
eaee600975431d3f,"Van Ness Municipal Pier, San Francisco, California, USA","Van Ness Municipal Pier, San Francisco",California,USA,5
cdf17ff45aafbd58,"Venice Pier, Venice, California, USA","Venice Pier, Venice",California,USA,5
903f3c692b466325,"Ventura, California, USA",Ventura,California,USA,5
8a79dc89ea95364b,"Waddell Reef, Santa Cruz County, California, USA","Waddell Reef, Santa Cruz County",California,USA,5
8c6cd2896c00c24f,"Walls Beach, Vandenberg AFB, California, USA","Walls Beach, Vandenberg AFB",California,USA,5
e738839c1673d321,"West Cove, Catalina Island, California, USA","West Cove, Catalina Island",California,USA,5
6959729d9b4c68da,"Will Rogers State Beach, Los Angeles County, California, USA","Will Rogers State Beach, Los Angeles County",California,USA,5
283bc1bdffa7c812,"Zuma Beach, Santa Monica, California, USA","Zuma Beach, Santa Monica",California,USA,5
f8df2c18ba4c8b4a,"Bridgeport, Fairfield County, Connecticut, USA","Bridgeport, Fairfield County",Connecticut,USA,5
9c0db0720359949f,"Mystic River, Connecticut, USA",Mystic River,Connecticut,USA,5
8a955466e651375e,"Off Eames Monument, Bridgeport, Connecticut, USA","Off Eames Monument, Bridgeport",Connecticut,USA,5
6d74369f6beb4ba4,"Cape Henlopen State Park, Sussex County, Delaware, USA","Cape Henlopen State Park, Sussex County",Delaware,USA,5
c8cb5092b34c5d31,"Delaware Lightship, Delaware, USA",Delaware Lightship,Delaware,USA,5
69fb5c54dfe05ddb,"Dewey Beach, Delaware, USA",Dewey Beach,Delaware,USA,5
795b0ae2c74afd20,"Indian River Inlet, Rehoboth Beach, Delaware, USA","Indian River Inlet, Rehoboth Beach",Delaware,USA,5
f5b9d4661765938c,"Lewes, Sussex County, Delaware, USA","Lewes, Sussex County",Delaware,USA,5
c7e93943f98c37bc,"Mispillion Light, Delaware Bay, Delaware, USA","Mispillion Light, Delaware Bay",Delaware,USA,5
cda9a921c46069ee,"""Stuart Rocks"", Martin County, Florida, USA","""Stuart Rocks"", Martin County",Florida,USA,5
0814868863e48ead,"1 mile off Miami Beach, Florida, USA",1 mile off Miami Beach,Florida,USA,5
c1b44ece1f3a8491,"1.4 miles south of Ponce de Leon Jetty, New Smyrna Beach, Florida, USA","1.4 miles south of Ponce de Leon Jetty, New Smyrna Beach",Florida,USA,5
fe0d405a7877d2dd,"10 miles off Cape Canaveral, Florida, USA",10 miles off Cape Canaveral,Florida,USA,5
e0023f30664b39db,"100 miles off Ft. Myers Beach, Florida, USA",100 miles off Ft. Myers Beach,Florida,USA,5
a09792054e6e8a5c,"11 miles off Dog Island in the Gulf of Mexico, Franklin County, Florida, USA","11 miles off Dog Island in the Gulf of Mexico, Franklin County",Florida,USA,5
48f546d26f07009a,"12 miles northeast of Mayport, Duval County, Florida, USA","12 miles northeast of Mayport, Duval County",Florida,USA,5
e00ea69c079e7abf,"15 miles north of Sebastian Inlet, Brevard County, Florida, USA","15 miles north of Sebastian Inlet, Brevard County",Florida,USA,5
c298f7fbf48c738d,"150 miles from Crystal River, Florida, USA",150 miles from Crystal River,Florida,USA,5
80f5a11e39e33fb6,"16 miles north of Fort Pierce Inlet, Indian River County, Florida, USA","16 miles north of Fort Pierce Inlet, Indian River County",Florida,USA,5
c85b68392d65dd6c,"2 miles east of Dania Beach, Broward County, Florida, USA","2 miles east of Dania Beach, Broward County",Florida,USA,5
9616ac7fd68fc0c4,"2 miles off Jupiter, Palm Beach County, Florida, USA","2 miles off Jupiter, Palm Beach County",Florida,USA,5
7415df0a59fc0ca7,"20 miles from Mayport, Florida, USA",20 miles from Mayport,Florida,USA,5
54a1dc8b02c47e34,"275 miles northeast of Miami, Florida, USA",275 miles northeast of Miami,Florida,USA,5
2881541b7ab14a37,"27th Avenue, New Smyrna Beach, Florida, USA","27th Avenue, New Smyrna Beach",Florida,USA,5
31ecc3642236db35,"3 miles east of Jacksonville Beach, Duval County, Florida, USA","3 miles east of Jacksonville Beach, Duval County",Florida,USA,5
ad94b9b2c2c772fb,"3 miles north of the inlet at Palm Beach, Florida, USA",3 miles north of the inlet at Palm Beach,Florida,USA,5
5c59cb4ff07f7b02,"3 miles off Jupiter, Palm Beach County, Florida, USA","3 miles off Jupiter, Palm Beach County",Florida,USA,5
1abd3227e0bb8292,"3 miles south of Sebastian Inlet State Park, Indian River County, Florida, USA","3 miles south of Sebastian Inlet State Park, Indian River County",Florida,USA,5
6deb71e4307d0c2a,"3 to 4 miles west of Indian Pass, Gulf County, Florida, USA","3 to 4 miles west of Indian Pass, Gulf County",Florida,USA,5
28e344b204502f35,"40 miles off Islamorada, near Cay Sal, Florida, USA","40 miles off Islamorada, near Cay Sal",Florida,USA,5
c03e27dfde34eb25,"500 yards from Fowey Rock Light, 9 miles east of Key Biscayne, Florida, USA","500 yards from Fowey Rock Light, 9 miles east of Key Biscayne",Florida,USA,5
d5e0fcaf749ed836,"6 miles north of Palm Beach, Florida, USA",6 miles north of Palm Beach,Florida,USA,5
9aaef867fa9523fe,"6 miles south of Boca Chica Key, Monroe County, Florida, USA","6 miles south of Boca Chica Key, Monroe County",Florida,USA,5
1b4d31de45dd6c99,"70 miles off Tarpon Springs, Florida, USA",70 miles off Tarpon Springs,Florida,USA,5
f7204041ba1de8fd,"8 miles south of Elliot Key, Miami-Dade County, Florida, USA","8 miles south of Elliot Key, Miami-Dade County",Florida,USA,5
327690fe1ea1df05,"9 miles north of Turtle Beach, Siesta Key, Florida, USA","9 miles north of Turtle Beach, Siesta Key",Florida,USA,5
ee6f78a6205ca27d,"A quarter mile north of Fort Pierce Inlet, Florida, USA",A quarter mile north of Fort Pierce Inlet,Florida,USA,5
5d2ac2c031f36442,"Alligator Reef, off Islamorada, Florida, USA","Alligator Reef, off Islamorada",Florida,USA,5
cb00085c6cb1079c,"American Shoals off Key West, Florida, USA",American Shoals off Key West,Florida,USA,5
6027b90c117daafd,"Apalachicola Bay, Florida, USA",Apalachicola Bay,Florida,USA,5
9d6a5febdb9c058e,"Artifical reef 3 miles off Manatee Beach, Manatee County, Florida, USA","Artifical reef 3 miles off Manatee Beach, Manatee County",Florida,USA,5
71765c638592bedc,"Atlantic Avenue, Palm Beach County, Florida, USA","Atlantic Avenue, Palm Beach County",Florida,USA,5
44e5aa1412346e81,"Atlantic Beach, Duval County, Florida, USA","Atlantic Beach, Duval County",Florida,USA,5
3d7691b56287ec72,"Atlantic Beach, Mayport, Florida, USA","Atlantic Beach, Mayport",Florida,USA,5
a51c8e672953d588,"Atlantic Dunes Park, Delray Beach, Florida, USA","Atlantic Dunes Park, Delray Beach",Florida,USA,5
b7e7cbf91b004b2e,"Atlantiic Beach, Duval County, Florida, USA","Atlantiic Beach, Duval County",Florida,USA,5
58a7ac55f556f742,"Avalon State Park Beach, North Hutchinson Island, Florida, USA","Avalon State Park Beach, North Hutchinson Island",Florida,USA,5
7350cee3c58e03c4,"Baker's Haulover, Miami Beach, Florida, USA","Baker's Haulover, Miami Beach",Florida,USA,5
0e40d20a3b0772bc,"Bathtub Beach, Florida, USA",Bathtub Beach,Florida,USA,5
e4ac459b6f8bd609,"Bathtub Reef Beach, Stuart, Florida, USA","Bathtub Reef Beach, Stuart",Florida,USA,5
efa67d01463289cc,"Bayboro, Pinellas County, Florida, USA","Bayboro, Pinellas County",Florida,USA,5
fcd8a4c7d0c46b2d,"Bayshore Garden, Sarasota Bay, Florida, USA","Bayshore Garden, Sarasota Bay",Florida,USA,5
5a7bd8c71d9f2ae1,"Beachway Avenue Approach, New Smyrna Beach, Florida, USA","Beachway Avenue Approach, New Smyrna Beach",Florida,USA,5
42a0b591374cd33f,"Behune Beach, Volusia County, Florida, USA","Behune Beach, Volusia County",Florida,USA,5
fb6269b194a97c91,"Bethune Beach, Florida, USA",Bethune Beach,Florida,USA,5
2d1a8f5b7f875f28,"Between Palm & Salerno Inlets, Martin County, Florida, USA","Between Palm & Salerno Inlets, Martin County",Florida,USA,5
52ccb7b54b66b1b5,"Big Bayou, St. Petersburg, Florida, USA","Big Bayou, St. Petersburg",Florida,USA,5
81e3a9747075e9bd,"Big Pine Key, Monroe County, Florida, USA","Big Pine Key, Monroe County",Florida,USA,5
e4b2df1d2e043066,"Big Talbot Island, Duval County, Florida, USA","Big Talbot Island, Duval County",Florida,USA,5
0557dded6261749f,"Bill Baggs Cape Florida State Recreation Area, Miami-Dade County, Florida, USA","Bill Baggs Cape Florida State Recreation Area, Miami-Dade County",Florida,USA,5
e606fe664cdf7c6f,"Biltmore Beach, near Panama City, Florida, USA","Biltmore Beach, near Panama City",Florida,USA,5
90b2a70513563996,"Biscayne Bay, Florida, USA",Biscayne Bay,Florida,USA,5
e07711d41d382fe7,"Biscayne National Park, Miami, Florida, USA","Biscayne National Park, Miami",Florida,USA,5
f604823893f40721,"Blockhouse Beach, Brevard County, Florida, USA","Blockhouse Beach, Brevard County",Florida,USA,5
8a1b816ad3dad95c,"Bob Graham Beach, Martin County, Florida, USA","Bob Graham Beach, Martin County",Florida,USA,5
279d6cf11067e958,"Boca Ciega Bay, Tampa, Florida, USA","Boca Ciega Bay, Tampa",Florida,USA,5
bf5d3017303b8580,"Bonita Springs, Lee County, Florida, USA","Bonita Springs, Lee County",Florida,USA,5
6182d4f1d3853fc1,"Boynton Beach, Palm Beach County, Florida, USA","Boynton Beach, Palm Beach County",Florida,USA,5
9ee17480f49c0f11,"Brevard County, a mile north of Sebastian Inlet, Florida, USA","Brevard County, a mile north of Sebastian Inlet",Florida,USA,5
919912c5e748e9d0,"Butler Beach, St Augustine, Florida, USA","Butler Beach, St Augustine",Florida,USA,5
e6775919d2718b54,"Caloosahatchee River, Lee County, Florida, USA","Caloosahatchee River, Lee County",Florida,USA,5
246fbf84c9248175,"Canova Beach, Brevard County, Florida, USA","Canova Beach, Brevard County",Florida,USA,5
4cd6f59dc3deee6d,"Cape Canaveral, Florida, USA",Cape Canaveral,Florida,USA,5
0a76a1434accdf12,"Carlin Park, Jupiter, Florida, USA","Carlin Park, Jupiter",Florida,USA,5
856319d90dbebf8f,"Carlin Park, Jupiter Inlet, Florida, USA","Carlin Park, Jupiter Inlet",Florida,USA,5
ed92343618a1bbed,"Carter Cay, Florida, USA",Carter Cay,Florida,USA,5
89058a55d8b3bcfd,"Carysfort Lighthouse, Key Largo, Florida, USA","Carysfort Lighthouse, Key Largo",Florida,USA,5
54866f16e6900145,"Casino Beach, Pensacola, Florida, USA","Casino Beach, Pensacola",Florida,USA,5
613bef440de2d7bc,"Cherie Down Park, Brevard County, Florida, USA","Cherie Down Park, Brevard County",Florida,USA,5
989ed91ed84c9305,"Coquina Beach, Anna Maria Island, Florida, USA","Coquina Beach, Anna Maria Island",Florida,USA,5
d4aca867e1575948,"Coral Cove Park, Jupiter Inlet, Florida, USA","Coral Cove Park, Jupiter Inlet",Florida,USA,5
88def86da048b5d2,"Coral Cove Park, Jupiter Island, Florida, USA","Coral Cove Park, Jupiter Island",Florida,USA,5
b33bf69dcc712830,"Coral Cove Park, Palm Beach County, Florida, USA","Coral Cove Park, Palm Beach County",Florida,USA,5
dc0497cadbd1bbd9,"Crawford Road beach approach at New Smyrna Beach, Volusia County, Florida, USA","Crawford Road beach approach at New Smyrna Beach, Volusia County",Florida,USA,5
e287553a91e91ad0,"Crescent Beach, Sarasota County, Florida, USA","Crescent Beach, Sarasota County",Florida,USA,5
d1cc13dec27604e5,"Crescent Beach, St. Augustine, Florida, USA","Crescent Beach, St. Augustine",Florida,USA,5
b71ced0cee24c99a,"Dania, Broward County, Florida, USA","Dania, Broward County",Florida,USA,5
7eb96a0dfc23e5bd,"Deerfield Beach (near Boca Raton), Broward County, Florida, USA","Deerfield Beach (near Boca Raton), Broward County",Florida,USA,5
b54ed6564d999fbe,"Deerfield Beach, Broward County, Florida, USA","Deerfield Beach, Broward County",Florida,USA,5
1d8ba6d9702591e7,"Destin, Walton County, Florida, USA","Destin, Walton County",Florida,USA,5
e7641276c17c740f,"Disney, Vero Beach, Florida, USA","Disney, Vero Beach",Florida,USA,5
dd943a513d957452,"Egmont Key, Hillsborough County, Florida, USA","Egmont Key, Hillsborough County",Florida,USA,5
b3b08bb640085aac,"Englewood Beach, Charlotte County, Florida, USA","Englewood Beach, Charlotte County",Florida,USA,5
cecf28e9821b7f8e,"Everglades National Park, Monroe County, Florida, USA","Everglades National Park, Monroe County",Florida,USA,5
6c00780844501234,"Fernandina Beach, Amelia Island, Florida, USA","Fernandina Beach, Amelia Island",Florida,USA,5
02a31721ca55f988,"Fletcher Beach, Hutchinson Island, Florida, USA","Fletcher Beach, Hutchinson Island",Florida,USA,5
141159643c7f69ca,"Florida Bay, Florida, USA",Florida Bay,Florida,USA,5
06fa17a9cb46b526,"Fort Myers, Florida, USA",Fort Myers,Florida,USA,5
ab9aebda7813c1f0,"Fort Pierce Inlet State Park, St Lucie County, Florida, USA","Fort Pierce Inlet State Park, St Lucie County",Florida,USA,5
ca1a305046d2c7e4,"Fort Pierce Inlet State Park, St. Lucie County, Florida, USA","Fort Pierce Inlet State Park, St. Lucie County",Florida,USA,5
d8a6b47c2ea2799d,"Fort Pierce Inlet, St. Lucie County, Florida, USA","Fort Pierce Inlet, St. Lucie County",Florida,USA,5
4de1fe73d9369ceb,"Fort Worth, Florida, USA",Fort Worth,Florida,USA,5
5e26a2e769918287,"Fowey Rock Light, Miami, Florida, USA","Fowey Rock Light, Miami",Florida,USA,5
3ceb73922d41ad17,"Fowey Rock, Key Biscayne, Florida, USA","Fowey Rock, Key Biscayne",Florida,USA,5
c89b5815d5f56aa3,"Ft. Lauderdale, Broward County, Florida, USA","Ft. Lauderdale, Broward County",Florida,USA,5
2013872f6cd20102,"Ft. Pierce, St Lucie County, Florida, USA","Ft. Pierce, St Lucie County",Florida,USA,5
d69d72409fc7331d,"Gadsden Point, Tampa Bay, Florida, USA","Gadsden Point, Tampa Bay",Florida,USA,5
8adb24085502bd8b,"Garden Key, Charlotte County, Florida, USA","Garden Key, Charlotte County",Florida,USA,5
61700c46d51046a7,"Gulf Islands National Seashore, Florida, USA",Gulf Islands National Seashore,Florida,USA,5
8d962fb620165170,"Gulf of Mexico, Florida, USA",Gulf of Mexico,Florida,USA,5
eb9a9366ae0c555b,"Gulf of Mexico, 22 miles from Pensacola, Florida, USA","Gulf of Mexico, 22 miles from Pensacola",Florida,USA,5
f6a365144a131858,"Gulfstream Park beach, Palm Beach County, Florida, USA","Gulfstream Park beach, Palm Beach County",Florida,USA,5
1f6aafcbdfb2d9c6,"Half mile north of Juno Beach Pier, Florida, USA",Half mile north of Juno Beach Pier,Florida,USA,5
ecde9d139a78e1d3,"Hallandale Beach, Broward County, Florida, USA","Hallandale Beach, Broward County",Florida,USA,5
c432cdb7c7ff8c96,"Hanalei Bay, Florida, USA",Hanalei Bay,Florida,USA,5
ac6e7f542e167911,"Haulover Inlet, Dade County, Florida, USA","Haulover Inlet, Dade County",Florida,USA,5
213774d2742d28c9,"Hobe Sound Beach, Palm Beach County, Florida, USA","Hobe Sound Beach, Palm Beach County",Florida,USA,5
fd03b0e755b6783e,"Hollywood, Broward County, Florida, USA","Hollywood, Broward County",Florida,USA,5
b78f6fea8c8b8f18,"Howard E. Futch Memorial Park at Paradise Beach, Brevard County, Florida, USA","Howard E. Futch Memorial Park at Paradise Beach, Brevard County",Florida,USA,5
419f852e69541b54,"Hugenot Beach, Jacksonville, Florida, USA","Hugenot Beach, Jacksonville",Florida,USA,5
fef45d3ae9e78e44,"Huguenot Memorial Park, Duval County, Florida, USA","Huguenot Memorial Park, Duval County",Florida,USA,5
0d43f6c6507a216e,"Huguenot Park, Florida, USA",Huguenot Park,Florida,USA,5
78822e037034692c,"Hutchinson Island, Florida, USA",Hutchinson Island,Florida,USA,5
22a3c97aa6a85dde,"In Gulf of Mexico 17 miles off Weeki Wachee, Florida, USA",In Gulf of Mexico 17 miles off Weeki Wachee,Florida,USA,5
b015bfedbb756f66,"In a canal [redacted address] Augustine, Florida, USA",In a canal [redacted address] Augustine,Florida,USA,5
5002b09d8ce577d0,"Indian Harbor Beach, Brevard County, Florida, USA","Indian Harbor Beach, Brevard County",Florida,USA,5
c0d2ec26a40747ae,"Indian River Inlet, Fort Pierce Inlet, Florida, USA","Indian River Inlet, Fort Pierce Inlet",Florida,USA,5
70593e70c29a6897,"Indian River area, Florida, USA",Indian River area,Florida,USA,5
3853d5fb855a3962,"Indian Rocks Beach, Clearwater, Florida, USA","Indian Rocks Beach, Clearwater",Florida,USA,5
8092fd5826f2c74c,"Intracoastal Waterway, Boca Raton, Florida, USA","Intracoastal Waterway, Boca Raton",Florida,USA,5
d0503421b71862ef,"Intracoastal Waterway, St. Petersburg, Florida, USA","Intracoastal Waterway, St. Petersburg",Florida,USA,5
4313f82c9e3381d6,"Islamorada Founder's Park, Plantation Key, Florida, USA","Islamorada Founder's Park, Plantation Key",Florida,USA,5
a43c94b13d018ed3,"Islamorada, Monroe County, Florida, USA","Islamorada, Monroe County",Florida,USA,5
37b4e7958509998d,"Jacksonville, Florida, USA",Jacksonville,Florida,USA,5
5f3f16786f2110f3,"Jacksonvlle, Duval County, Florida, USA","Jacksonvlle, Duval County",Florida,USA,5
8be888d4a068fcc4,"Jensen Beach, Florida, USA",Jensen Beach,Florida,USA,5
c3c827240782d76f,"John Pennekamp Marine Park, Monroe County, Florida, USA","John Pennekamp Marine Park, Monroe County",Florida,USA,5
061f67df8974224b,"John's Pass, Pinellas County, Florida, USA","John's Pass, Pinellas County",Florida,USA,5
ee3055248a7a77ed,"Jupiter Beach, Palm Beach County, Florida, USA","Jupiter Beach, Palm Beach County",Florida,USA,5
408d717aa0fd5355,"Jupiter Inlet, Florida, USA",Jupiter Inlet,Florida,USA,5
c5208518e3d42dfe,"Jupiter Island Beach, Martin County, Florida, USA","Jupiter Island Beach, Martin County",Florida,USA,5
251bfba652b8b755,"Jupiter Island, Brevard County, Florida, USA","Jupiter Island, Brevard County",Florida,USA,5
860531c3853a18c4,"Key Biscayne, Dade County, Florida, USA","Key Biscayne, Dade County",Florida,USA,5
99b6dab4b7e90619,"Key Colony Beach, Monroe County, Florida, USA","Key Colony Beach, Monroe County",Florida,USA,5
67bd636f7a428684,"Key Largo, Florida, USA",Key Largo,Florida,USA,5
d3cbada070a24f7f,"Key Largo Sound, Florida, USA",Key Largo Sound,Florida,USA,5
6df1e9ef675adcb1,"Key West Aquarium, Florida, USA",Key West Aquarium,Florida,USA,5
d7a8d21765fa4234,"Laguna Beach, Bay County, Florida, USA","Laguna Beach, Bay County",Florida,USA,5
b539d0ebd0b2d36b,"Lake Worth Inlet, West Palm Beach, Florida, USA","Lake Worth Inlet, West Palm Beach",Florida,USA,5
678f29ebe3313d30,"Lantana Beach, Palm Beach County, Florida, USA","Lantana Beach, Palm Beach County",Florida,USA,5
439c9b643ccd1939,"Lauderdale-By-The-Sea, Broward County, Florida, USA","Lauderdale-By-The-Sea, Broward County",Florida,USA,5
cc24781237d39319,"Lighhouse Point Park, Ponce Inlet, Florida, USA","Lighhouse Point Park, Ponce Inlet",Florida,USA,5
ca372040f065a70f,"Lignum Vitae Channel, Florida Keys, Florida, USA","Lignum Vitae Channel, Florida Keys",Florida,USA,5
5782ea08e3c62446,"Little Talbot Island, Jacksonville, Florida, USA","Little Talbot Island, Jacksonville",Florida,USA,5
dac66bdb691eba20,"Long Key, Monroe County, Florida, USA","Long Key, Monroe County",Florida,USA,5
2fa26457a5c893b7,"Longboat Key, Sarasota, Florida, USA","Longboat Key, Sarasota",Florida,USA,5
a6957053ae1f7288,"Macarthur State Park, Florida, USA",Macarthur State Park,Florida,USA,5
bfa0614d1ebb4250,"Manalapan, Palm Beach County, Florida, USA","Manalapan, Palm Beach County",Florida,USA,5
28beb3a33ba26269,"Manasota Beach, Sarasota County, Florida, USA","Manasota Beach, Sarasota County",Florida,USA,5
dfd76c308f27cd9e,"Manatee County, Florida, USA",Manatee County,Florida,USA,5
9cb1dffc78194ef2,"Marco Island, Collier County, Florida, USA","Marco Island, Collier County",Florida,USA,5
1ab5d0ded064ddbd,"Marques Island, Florida, USA",Marques Island,Florida,USA,5
7f2a7f31de02c953,"Matanzas Bay Inlet, St. Johns County, Florida, USA","Matanzas Bay Inlet, St. Johns County",Florida,USA,5
272c5850e022c9e5,"Matanzas Inlet, St Johns County, Florida, USA","Matanzas Inlet, St Johns County",Florida,USA,5
795fa3ee6e5ea476,"Mayport Naval Station Beach, Duval County, Florida, USA","Mayport Naval Station Beach, Duval County",Florida,USA,5
e504f091ede9c4da,"Mayport Naval Station Duval County, Florida, USA",Mayport Naval Station Duval County,Florida,USA,5
f9421ae758796e55,"Mayport Naval Station, Jacksonville, Florida, USA","Mayport Naval Station, Jacksonville",Florida,USA,5
d5847799030187a4,"McArthur Beach, Singer Island, Florida, USA","McArthur Beach, Singer Island",Florida,USA,5
40d57492cb213db5,"Melbourne, Brevard County, Florida, USA","Melbourne, Brevard County",Florida,USA,5
1fc50425006c784d,"Miami Beach, Florida, USA",Miami Beach,Florida,USA,5
7bcbce26609467ca,"Miami Beach, Dade County, Florida, USA","Miami Beach, Dade County",Florida,USA,5
f961bc8ed1d10017,"Miami Seaquarium, Virginia Key, Florida, USA","Miami Seaquarium, Virginia Key",Florida,USA,5
5e6e2d4d2c11a931,"Miami, Miami-Dade County, Florida, USA","Miami, Miami-Dade County",Florida,USA,5
4e6791861b23e503,"Miami, Miami-Date County, Florida, USA","Miami, Miami-Date County",Florida,USA,5
36b156f36b677872,"Micklers Landing, St. Johns County, Florida, USA","Micklers Landing, St. Johns County",Florida,USA,5
64a793bace11fc50,"Middle Sambo Reef off Boca Chica, Monroe County, Florida, USA","Middle Sambo Reef off Boca Chica, Monroe County",Florida,USA,5
8b37bdc90537b7a8,"Monster Hole, Sebastian Inlet, Florida, USA","Monster Hole, Sebastian Inlet",Florida,USA,5
b500d08355d4e7f4,"Mullet Key, Pinellas County, Florida, USA","Mullet Key, Pinellas County",Florida,USA,5
1d3787e76d4b2cb0,"Municipal Bathing area, Riviera Beach, Florida, USA","Municipal Bathing area, Riviera Beach",Florida,USA,5
48b9ecfbdd6bd954,"Municipal Beach, Boyton Beach, Florida, USA","Municipal Beach, Boyton Beach",Florida,USA,5
9beca917df9e74a0,"Municipal Beach, Riviera Beach, Florida, USA","Municipal Beach, Riviera Beach",Florida,USA,5
9571488a6c3c52d2,"Municipal Pier, St. Petersburg, Florida, USA","Municipal Pier, St. Petersburg",Florida,USA,5
e0a34ec00c981961,"Naples, Florida, USA",Naples,Florida,USA,5
36b6ae9c533d2da2,"Near Boynton Beach, Palm Beach County, Florida, USA","Near Boynton Beach, Palm Beach County",Florida,USA,5
608f7f79da936f09,"Near Cocoa Beach, Brevard County, Florida, USA","Near Cocoa Beach, Brevard County",Florida,USA,5
da8420105bb5aacb,"Near New Smyrna Jetty, Volusia County, Florida, USA","Near New Smyrna Jetty, Volusia County",Florida,USA,5
efe8fea1569b1d83,"Near Panama City, Bay County, Florida, USA","Near Panama City, Bay County",Florida,USA,5
b19b07e538be7af4,"Near Patrick Air Force Base Brevard County, Florida, USA",Near Patrick Air Force Base Brevard County,Florida,USA,5
adb9b70bd8a1911e,"Near Port Canaveral Coast Guard Base, Florida, USA",Near Port Canaveral Coast Guard Base,Florida,USA,5
631ce0d4fcf210d7,"Neptune Avenue, Ormond Beach, Florida, USA","Neptune Avenue, Ormond Beach",Florida,USA,5
313f701c6666b404,"Neptune, Duval County, Florida, USA","Neptune, Duval County",Florida,USA,5
9275f4de34df1da1,"Nest Key, Monroe County, Florida, USA","Nest Key, Monroe County",Florida,USA,5
faab6997410c8206,"New Smyrna Beach, Cape Canaveral National Seashore, Florida, USA","New Smyrna Beach, Cape Canaveral National Seashore",Florida,USA,5
e0c859e46163a3a9,"New Smyrna Beach, Ponce Inlet, Florida, USA","New Smyrna Beach, Ponce Inlet",Florida,USA,5
7fb4021af7e80781,"Normandy Beach, Hutchinson Island, Florida, USA","Normandy Beach, Hutchinson Island",Florida,USA,5
1f79a6667d053e42,"North Beach Inlet, St. Lucie County, Florida, USA","North Beach Inlet, St. Lucie County",Florida,USA,5
57df4909dac9e042,"North Beach Jetty, St Lucie County, Florida, USA","North Beach Jetty, St Lucie County",Florida,USA,5
ad598ca2212a5f05,"North Beach, Hutchinson Island, Florida, USA","North Beach, Hutchinson Island",Florida,USA,5
b5f85d4b28f5018d,"North Beach, Patrick AFB, Florida, USA","North Beach, Patrick AFB",Florida,USA,5
7ab594450757d908,"North Dade- Interama area of Biscayne Bay, Florida, USA",North Dade- Interama area of Biscayne Bay,Florida,USA,5
d5807311e759868c,"North Hutchinson Island, St. Lucie Couny, Florida, USA","North Hutchinson Island, St. Lucie Couny",Florida,USA,5
f1754ba6e05839fc,"North Jetty Park, Fort Pierce, Florida, USA","North Jetty Park, Fort Pierce",Florida,USA,5
149df229cba33d78,"North end of County Beach, Palm Beach County, Florida, USA","North end of County Beach, Palm Beach County",Florida,USA,5
107961b72f49b853,"North of Jupiter Inlet, Palm Beach County, Florida, USA","North of Jupiter Inlet, Palm Beach County",Florida,USA,5
3cde2437346b294a,"Ocean Beach, Jaycee Park, Florida, USA","Ocean Beach, Jaycee Park",Florida,USA,5
0087eeff4d2f1b1c,"Off 12th Street, Miami Beach, Florida, USA","Off 12th Street, Miami Beach",Florida,USA,5
f90c3722fe066cc7,"Off Boca Raton Hotel & Club, Boca Raton, Florida, USA","Off Boca Raton Hotel & Club, Boca Raton",Florida,USA,5
f2731d5e217b4102,"Off Fort Pierce, St Lucie County, Florida, USA","Off Fort Pierce, St Lucie County",Florida,USA,5
c0adad4ace4871b5,"Off Fort Pierce, St. Lucie County, Florida, USA","Off Fort Pierce, St. Lucie County",Florida,USA,5
e74a6352b87267da,"Off Hutchinson Island, St Lucie County, Florida, USA","Off Hutchinson Island, St Lucie County",Florida,USA,5
6f31aa913a2abc0e,"Off Jupiter, Florida, USA",Off Jupiter,Florida,USA,5
b746f5227b66f104,"Off Jupiter Inlet, Palm Beach County, Florida, USA","Off Jupiter Inlet, Palm Beach County",Florida,USA,5
a248b2266d49b88e,"Off Key Largo, Monroe County, Florida, USA","Off Key Largo, Monroe County",Florida,USA,5
8f6067322c9eff26,"Off Lake Worth, Palm Beach County, Florida, USA","Off Lake Worth, Palm Beach County",Florida,USA,5
dce94bf86d464a92,"Off Panama City, Florida, USA",Off Panama City,Florida,USA,5
cb2964d4cc2c7f48,"Off Port Everglades, Broward County, Florida, USA","Off Port Everglades, Broward County",Florida,USA,5
ad379f5c871b2a26,"Off Singer Island, Palm Beach County, Florida, USA","Off Singer Island, Palm Beach County",Florida,USA,5
6fd70b769460df90,"Off Snipe Point, Florida Keys, Florida, USA","Off Snipe Point, Florida Keys",Florida,USA,5
ffcf93d54062065a,"Off Tarpon Springs, Florida, USA",Off Tarpon Springs,Florida,USA,5
0b7ab1b2939785eb,"Off Zelda Boulevard, Daytona Beach, Florida, USA","Off Zelda Boulevard, Daytona Beach",Florida,USA,5
19c29f6224d0239f,"Okaloosa County, Florida, USA",Okaloosa County,Florida,USA,5
56ad09821c480454,"Okaloosa Island, Florida, USA",Okaloosa Island,Florida,USA,5
827033573c694622,"On the south side of Ponce Inlet, Volusia County, Florida, USA","On the south side of Ponce Inlet, Volusia County",Florida,USA,5
938d310c02b9ecfa,"Opposite Patrick Air Force Base, Brevard County, Florida, USA","Opposite Patrick Air Force Base, Brevard County",Florida,USA,5
71e97b5ac5ee57be,"Opposite main gate at Patrick Air Force Base, Cape Canaveral, Florida, USA","Opposite main gate at Patrick Air Force Base, Cape Canaveral",Florida,USA,5
f92cc3a0d6516fa3,"Ormond By The Sea, Volusia County, Florida, USA","Ormond By The Sea, Volusia County",Florida,USA,5
9e28c9602b7a0bda,"Ormond-by-the-Sea, Volusia County, Florida, USA","Ormond-by-the-Sea, Volusia County",Florida,USA,5
3f38724ffc9edada,"Palm Beach Shores, Palm Beach County, Florida, USA","Palm Beach Shores, Palm Beach County",Florida,USA,5
948ec7af234b21e6,"Palm Beach Shores, Riviera Beach, Florida, USA","Palm Beach Shores, Riviera Beach",Florida,USA,5
7aa0ee13f9a6561c,"Panacea, Wakulla County, Florida, USA","Panacea, Wakulla County",Florida,USA,5
af392f6a4b567c1a,"Paradise Beach Park, Brevard County, Florida, USA","Paradise Beach Park, Brevard County",Florida,USA,5
91962092f648d937,"Pecks Lake, Martin County, Florida, USA","Pecks Lake, Martin County",Florida,USA,5
dbd2b3824d3f514d,"Pensacola Beach, Escambia County, Florida, USA","Pensacola Beach, Escambia County",Florida,USA,5
3904e937035f9af2,"Pensacola, Escambia County, Florida, USA","Pensacola, Escambia County",Florida,USA,5
7713bbc4d7da4293,"Perdido Key near the Florida Panhandle, Escambia County, Florida, USA","Perdido Key near the Florida Panhandle, Escambia County",Florida,USA,5
173cd35e98139730,"Perdido Key, Escambia County, Florida, USA","Perdido Key, Escambia County",Florida,USA,5
1d1a910c896839ee,"Pet Den, Satellite Beach, Florida, USA","Pet Den, Satellite Beach",Florida,USA,5
464a26f58561d23b,"Petting Tank, Florida Aquarium, Florida, USA","Petting Tank, Florida Aquarium",Florida,USA,5
59608d61b5c8fa61,"Pinellas County, Florida, USA",Pinellas County,Florida,USA,5
f666d159bc87faf4,"Playalinda, Brevard County, Florida, USA","Playalinda, Brevard County",Florida,USA,5
9ae6ee19842968a2,"Pompano Beach, Palm Beach County, Florida, USA","Pompano Beach, Palm Beach County",Florida,USA,5
16e90c990467fff8,"Ponce De Leon Inlet, Volusia County, Florida, USA","Ponce De Leon Inlet, Volusia County",Florida,USA,5
a9409b11819fa851,"Ponce, Volusia County, Florida, USA","Ponce, Volusia County",Florida,USA,5
56935aef8999af00,"Port of the Islands, Collier County, Florida, USA","Port of the Islands, Collier County",Florida,USA,5
b0b4250b6b08ba25,"Public Beach (Carlin Park), Jupiter, Florida, USA","Public Beach (Carlin Park), Jupiter",Florida,USA,5
66bee9937a69dbdc,"Public Beach, Siesta Key, Florida, USA","Public Beach, Siesta Key",Florida,USA,5
2204fcc00e2297d7,"Resident's Beach, Marco Island, Florida, USA","Resident's Beach, Marco Island",Florida,USA,5
99be687023adc7cb,"Riviera Beach, Florida, USA",Riviera Beach,Florida,USA,5
cf2dd0193dcf9f9d,"Riviera Beach, near Palm Beach Inlet, Florida, USA","Riviera Beach, near Palm Beach Inlet",Florida,USA,5
508748e90f3b3b0b,"Rock Harbor, Key Largo, Florida, USA","Rock Harbor, Key Largo",Florida,USA,5
9d198f219522f480,"Sand Key Beach, Clearwater, Florida, USA","Sand Key Beach, Clearwater",Florida,USA,5
72c72c77cdb687ef,"Sands Cut, Elliot Key, Florida, USA","Sands Cut, Elliot Key",Florida,USA,5
5ca295f613150128,"Santa Lucea Beach, South Hutchinson Island, Florida, USA","Santa Lucea Beach, South Hutchinson Island",Florida,USA,5
f56e221673168799,"Santa Rosa Beach, Walton County, Florida, USA","Santa Rosa Beach, Walton County",Florida,USA,5
4c50a105f1484f0c,"Santa Rosa Island, Escambia County, Florida, USA","Santa Rosa Island, Escambia County",Florida,USA,5
76d44c1cb9436257,"Santa Rosa Sound Escambia County, Florida, USA",Santa Rosa Sound Escambia County,Florida,USA,5
cfef023dfd179b13,"Sarasota Bay, Florida, USA",Sarasota Bay,Florida,USA,5
2dab97a2bff90986,"Sarasota, Sarasota County, Florida, USA","Sarasota, Sarasota County",Florida,USA,5
a8e91185b8d7e39d,"Sea Spray, Palm Beach, Florida, USA","Sea Spray, Palm Beach",Florida,USA,5
c3211bae31b2a3c7,"Seaport, Brevard County, Florida, USA","Seaport, Brevard County",Florida,USA,5
bbab24681a5958e9,"Sebastian Inlet, Florida, USA",Sebastian Inlet,Florida,USA,5
cf73e56259ca3f1d,"Sebastian Inlet, Indian River County, Florida, USA","Sebastian Inlet, Indian River County",Florida,USA,5
5e5ba059eab5b47e,"Sebastian Inlet, Indian River or Brevard County, Florida, USA","Sebastian Inlet, Indian River or Brevard County",Florida,USA,5
e146726e1dcefe64,"Sebastian, Indian River County, Florida, USA","Sebastian, Indian River County",Florida,USA,5
5ee8f3d3e8b17d2a,"Seminole Avenue, Ormond Beach, Florida, USA","Seminole Avenue, Ormond Beach",Florida,USA,5
e946ed1fc9453591,"Shark Shallows, Ponce Inlet, Florida, USA","Shark Shallows, Ponce Inlet",Florida,USA,5
4224883994de6948,"Shepard Park, Cocoa Beach, Florida, USA","Shepard Park, Cocoa Beach",Florida,USA,5
a58b585a109c2aff,"Siesta Key, Sarasota County, Florida, USA","Siesta Key, Sarasota County",Florida,USA,5
3d2f41a72d72db79,"Singer Island, Palm Beach County, Florida, USA","Singer Island, Palm Beach County",Florida,USA,5
489ad82399b0acbe,"Snapper Point Jetty, Miami, Florida, USA","Snapper Point Jetty, Miami",Florida,USA,5
f302fc88e89a85eb,"Snipes Point, Monroe County, Florida, USA","Snipes Point, Monroe County",Florida,USA,5
019d0c47023af5db,"South Beach Park, Indian River County, Florida, USA","South Beach Park, Indian River County",Florida,USA,5
7c7d5772506277c6,"South Beach, Fort Pierce, Florida, USA","South Beach, Fort Pierce",Florida,USA,5
c0fbcabef4b9839f,"South Beach, Miami-Dade County, Florida, USA","South Beach, Miami-Dade County",Florida,USA,5
497b75e470bbb914,"South Beach, Sebastian, Florida, USA","South Beach, Sebastian",Florida,USA,5
47caa822ec84ebbc,"South Jacksonville Beach, Duval County, Florida, USA","South Jacksonville Beach, Duval County",Florida,USA,5
f2c0db3602ad86de,"South Miami Beach, Dade County, Florida, USA","South Miami Beach, Dade County",Florida,USA,5
28d0842b27b43335,"South of Cocoa Beach, Brevard County, Florida, USA","South of Cocoa Beach, Brevard County",Florida,USA,5
38cd7e48133f5897,"South of Neptune Beach, Duval County, Florida, USA","South of Neptune Beach, Duval County",Florida,USA,5
0ef82906c4629c19,"South side of Ponce de Leon Inlet, Volusia County, Florida, USA","South side of Ponce de Leon Inlet, Volusia County",Florida,USA,5
de79748046b95345,"Spanish House Beach, Brevard County, Florida, USA","Spanish House Beach, Brevard County",Florida,USA,5
2052b7c285052359,"Spanish River Park Beach, Palm Beach County, Florida, USA","Spanish River Park Beach, Palm Beach County",Florida,USA,5
ded7f52a76a9ab1e,"Spessard Holland Park, Melbourne Beach, Florida, USA","Spessard Holland Park, Melbourne Beach",Florida,USA,5
6e791742164eec06,"St Augustine Beach. St. Johns County, Florida, USA",St Augustine Beach. St. Johns County,Florida,USA,5
263a58db17ec40ac,"St Augustine, St. Johns County, Florida, USA","St Augustine, St. Johns County",Florida,USA,5
9da3bb8a35fb8243,"St Lucie County, Florida, USA",St Lucie County,Florida,USA,5
6aaab313569181c4,"St. Andrews State Park, Bay County, Florida, USA","St. Andrews State Park, Bay County",Florida,USA,5
72ddd7a090596e9a,"St. Augustine, Florida, USA",St. Augustine,Florida,USA,5
80217e8900d77518,"St. Augustine Beach, St. John's County, Florida, USA","St. Augustine Beach, St. John's County",Florida,USA,5
da9bb550d9d781c2,"St. Augustine Beach, St. Johns County, Florida, USA","St. Augustine Beach, St. Johns County",Florida,USA,5
3dca786963f8277f,"St. Augustine, St Johns County, Florida, USA","St. Augustine, St Johns County",Florida,USA,5
604c63e98a10008d,"St. Augustine, St. Johns County, Florida, USA","St. Augustine, St. Johns County",Florida,USA,5
aa76ede858afe0e1,"St. George Island (near Apachicola), Franklin County, Florida, USA","St. George Island (near Apachicola), Franklin County",Florida,USA,5
3e59d04026252c0f,"St. Petersburg Beach, Pinellas County, Florida, USA","St. Petersburg Beach, Pinellas County",Florida,USA,5
8451c56347e2aac6,"St. Petersburg, Pinellas County, Florida, USA","St. Petersburg, Pinellas County",Florida,USA,5
0b1a75792a1a9825,"St. Petersburg, Pinnellas County, Florida, USA","St. Petersburg, Pinnellas County",Florida,USA,5
ccaa230e705ee261,"Stuart Park Beach, Martin County, Florida, USA","Stuart Park Beach, Martin County",Florida,USA,5
d49cf70d1ceebdaf,"Stuart Rocks, Martin County, Florida, USA","Stuart Rocks, Martin County",Florida,USA,5
92e3e1c20d886142,"Stuart, Martin County, Florida, USA","Stuart, Martin County",Florida,USA,5
b6d1e8e6a7ff2919,"Sunglow Pier, Daytona Beach Shores, Florida, USA","Sunglow Pier, Daytona Beach Shores",Florida,USA,5
037eb9af6e4899ab,"Table Beach, Brevard County, Florida, USA","Table Beach, Brevard County",Florida,USA,5
ffdb3d0b0d038627,"Tampa Bay, Hillsborough County, Florida, USA","Tampa Bay, Hillsborough County",Florida,USA,5
5f4faa2ee7a396bd,"Tampa Bay, Manatee County, Florida, USA","Tampa Bay, Manatee County",Florida,USA,5
66cee73522d6a453,"Taverniier, Monroe County, Florida, USA","Taverniier, Monroe County",Florida,USA,5
2f287a9f1b41a790,"Ten Thousand Islands National Wildlife Refuge, Collier County, Florida, USA","Ten Thousand Islands National Wildlife Refuge, Collier County",Florida,USA,5
2a84e51760dbb28f,"The Rocks, Hutchinson Island, Florida, USA","The Rocks, Hutchinson Island",Florida,USA,5
77837b9a5be55442,"Treasure Shores Beach, Indian River County, Florida, USA","Treasure Shores Beach, Indian River County",Florida,USA,5
95712745f2b65e7a,"Two miles off Key Colony Beach, Monroe County, Florida, USA","Two miles off Key Colony Beach, Monroe County",Florida,USA,5
1cc32786ea26ce54,"Vaca Cut Channel & bridge under Marathon, Monroe County, Florida, USA","Vaca Cut Channel & bridge under Marathon, Monroe County",Florida,USA,5
8e62ce4f4ced927a,"Vero Beach, St. Lucie County, Florida, USA","Vero Beach, St. Lucie County",Florida,USA,5
350a7abfee7dd486,"Walden Rocks, St. Lucie County, Florida, USA","Walden Rocks, St. Lucie County",Florida,USA,5
ba2d97f8bb8b81e1,"Walton Rocks, St Lucie County, Florida, USA","Walton Rocks, St Lucie County",Florida,USA,5
4d043ec6dae439bc,"West Palm Beach, Palm Beach County, Florida, USA","West Palm Beach, Palm Beach County",Florida,USA,5
723a2723f60702ac,"Wiggins Pass, Collier County, Florida, USA","Wiggins Pass, Collier County",Florida,USA,5
41e3d33a074ec939,"Wilbur-by-the-Sea, Volusia County, Florida, USA","Wilbur-by-the-Sea, Volusia County",Florida,USA,5
7ed9df4c31419c65,"Windsor Beach, Indian River County, Florida, USA","Windsor Beach, Indian River County",Florida,USA,5
3e5e72d9bb3bf429,"Winterhaven Park, Ponce Inlet, Florida, USA","Winterhaven Park, Ponce Inlet",Florida,USA,5
e7990d5f1ddbafb2,"World Typhoon Lagoon, Disney Water Park, Florida, USA","World Typhoon Lagoon, Disney Water Park",Florida,USA,5
51d69d1312fa82f4,"[redacted address]. Marks, Wakulla County, Florida, USA","[redacted address]. Marks, Wakulla County",Florida,USA,5
0a73d2b1dde3dfc7,"a pier at the end of Caxambas Drive, Marco Island, Florida, USA","a pier at the end of Caxambas Drive, Marco Island",Florida,USA,5
ac7774b2bd86f278,"200 miles east of Savannah, Georgia, USA",200 miles east of Savannah,Georgia,USA,5
d153bb25e763806c,"Back River, Savannah Beach, Georgia, USA","Back River, Savannah Beach",Georgia,USA,5
b0259bdbf744cd75,"North picnic area, Jekyll Island, Georgia, USA","North picnic area, Jekyll Island",Georgia,USA,5
efc420d539c4952b,"Savannah Beach, Savannah, Georgia, USA","Savannah Beach, Savannah",Georgia,USA,5
14210ded27f70c75,"St. Simon Island, Glynn County, Georgia, USA","St. Simon Island, Glynn County",Georgia,USA,5
5b9a5f0c42c819d8,"St. Simons Island or Jeykll Island, Glynn County, Georgia, USA","St. Simons Island or Jeykll Island, Glynn County",Georgia,USA,5
0a07d17897791e3a,"Thunderbolt, Chatham County, Georgia, USA","Thunderbolt, Chatham County",Georgia,USA,5
bd854ed65543c0a3,"Gun Beach, Guam, USA",Gun Beach,Guam,USA,5
a3a7bae3d00b5b50,"1 mile off Mala Wharf, Lahaina, Hawaii, USA","1 mile off Mala Wharf, Lahaina",Hawaii,USA,5
eab6b6b5a572d935,"2 miles off Keahole Airport, Hawaii, USA",2 miles off Keahole Airport,Hawaii,USA,5
4ecd54e43224cc61,"50 miles NE of Honolulu, Hawaii, USA",50 miles NE of Honolulu,Hawaii,USA,5
caddb70d74f745b9,"90 miles east of Hilo, Hawai'i, Hawaii, USA","90 miles east of Hilo, Hawai'i",Hawaii,USA,5
539511cd07652371,"Airplane Beach, Lahina, Hawaii, USA","Airplane Beach, Lahina",Hawaii,USA,5
2d70eefd44addb26,"Ala Moana Beach Park, Oah'u, Hawaii, USA","Ala Moana Beach Park, Oah'u",Hawaii,USA,5
61b66235d36e7eb8,"Alenuihaha Channel, Hawaii, USA",Alenuihaha Channel,Hawaii,USA,5
ec0637041dae0409,"Anahola, Kaua'i, Hawaii, USA","Anahola, Kaua'i",Hawaii,USA,5
4ed47f970f877c43,"Anini Beach, Kaua'i, Hawaii, USA","Anini Beach, Kaua'i",Hawaii,USA,5
b58c286db07346bd,"Awili, South Kona, Hawaii, USA","Awili, South Kona",Hawaii,USA,5
a3f094496463faf6,"Barbers Point, O'ahu, Hawaii, USA","Barbers Point, O'ahu",Hawaii,USA,5
ce81d6409ca8f20b,"Between Ala Moana Channel & Kewalo Basin, O'ahu, Hawaii, USA","Between Ala Moana Channel & Kewalo Basin, O'ahu",Hawaii,USA,5
b67a40db2a80d2bb,"Between Magic Sands Beach and Kahaluu Beach on the Kona coast, Hawaii, USA",Between Magic Sands Beach and Kahaluu Beach on the Kona coast,Hawaii,USA,5
aa54570d29e11323,"Between Makena & Molokini, Maui, Hawaii, USA","Between Makena & Molokini, Maui",Hawaii,USA,5
6e151291887c4183,"Big Island off Kona Village Resort, North Kona, Hawaii, USA","Big Island off Kona Village Resort, North Kona",Hawaii,USA,5
0f96e8768b3fe073,"Brenecke Beach, Po'ipu, Hawaii, USA","Brenecke Beach, Po'ipu",Hawaii,USA,5
1f8011b471f89a26,"Brennecke Beach, Po'ipu, Hawaii, USA","Brennecke Beach, Po'ipu",Hawaii,USA,5
d5f2cc127b9f610f,"Cannons, at Ha'ena on the north shore of Kaua'i Island, Hawaii, USA","Cannons, at Ha'ena on the north shore of Kaua'i Island",Hawaii,USA,5
91af7307e11513f4,"Charlie Young Beach, Kihei, Hawaii, USA","Charlie Young Beach, Kihei",Hawaii,USA,5
e3a48439218bbd6d,"Chun's Reef, Laniakea, Hawaii, USA","Chun's Reef, Laniakea",Hawaii,USA,5
8fe3e1633a08b6c8,"Cove Beach, Kalama Beach, Hawaii, USA","Cove Beach, Kalama Beach",Hawaii,USA,5
8b12b224e1e2c304,"Davidson's Surf Break, Kekaha, Hawaii, USA","Davidson's Surf Break, Kekaha",Hawaii,USA,5
fab0c7a7271a1124,"Davidsons Beach, Kekaha, Hawaii, USA","Davidsons Beach, Kekaha",Hawaii,USA,5
584c66404ae1058f,"East Moloka'i, Hawaii, USA",East Moloka'i,Hawaii,USA,5
e034e64160e82671,"Ewa Beach, O'ahu, Hawaii, USA","Ewa Beach, O'ahu",Hawaii,USA,5
c9d5ae0d5c3d66f2,"Ewa, O'ahu, Hawaii, USA","Ewa, O'ahu",Hawaii,USA,5
78a6d482e30e5faf,"French Frigate Shoals, Hawaii, USA",French Frigate Shoals,Hawaii,USA,5
a4ee5f4ff465b9bb,"Ha'ena Beach Park, Kaua'i, Hawaii, USA","Ha'ena Beach Park, Kaua'i",Hawaii,USA,5
2e46384771e9c9f3,"Hale'iwa, O'ahu, Hawaii, USA","Hale'iwa, O'ahu",Hawaii,USA,5
db5723231a25d940,"Halewia, Oahu, Hawaii, USA","Halewia, Oahu",Hawaii,USA,5
fe673f0467e13ddf,"Hanalei Point, Kaua'i, Hawaii, USA","Hanalei Point, Kaua'i",Hawaii,USA,5
b3c7d61798cb0220,"Hapuna Beach, Hawaii, USA",Hapuna Beach,Hawaii,USA,5
76b247857e571c4a,"Hawaii, Hawaii, USA",Hawaii,Hawaii,USA,5
34641ab6c249d72a,"Hideaways Beach, Princeville, Hawaii, USA","Hideaways Beach, Princeville",Hawaii,USA,5
f44f1064c21d948a,"Hilo Bay Yacht Club, Hilo, Hawaii, USA","Hilo Bay Yacht Club, Hilo",Hawaii,USA,5
d293d0e8beec0db4,"Hilo, Hawai'i, Hawaii, USA","Hilo, Hawai'i",Hawaii,USA,5
9814f6c000fb442e,"Hilo, off Kaua'i, Hawaii, USA","Hilo, off Kaua'i",Hawaii,USA,5
c39aa2980415eeb2,"Honokohau, Maui, Hawaii, USA","Honokohau, Maui",Hawaii,USA,5
1fa532655147e53a,"Honoli'i in Hilo (west side of Big Island), Hawaii, USA",Honoli'i in Hilo (west side of Big Island),Hawaii,USA,5
9874b3a5ff426bd1,"Honomu, Hawai'i, Hawaii, USA","Honomu, Hawai'i",Hawaii,USA,5
25d95ac1fd086c6a,"Honomuni, Moloka'i, Hawaii, USA","Honomuni, Moloka'i",Hawaii,USA,5
c8e44aacfd802129,"Hooipa Beach Park, Maui, Hawaii, USA","Hooipa Beach Park, Maui",Hawaii,USA,5
9954522516a1eb95,"Horners, Wailua, Hawaii, USA","Horners, Wailua",Hawaii,USA,5
9760bc18c29bb67f,"Hultin's Beach, Oahu, Hawaii, USA","Hultin's Beach, Oahu",Hawaii,USA,5
eb608b27b1b0df59,"Inter-Island Dry Dock at Kakaako Street, Honolulu, Hawaii, USA","Inter-Island Dry Dock at Kakaako Street, Honolulu",Hawaii,USA,5
3f3d4892f97ed7ee,"Iroquiois Point, Oahu, Hawaii, USA","Iroquiois Point, Oahu",Hawaii,USA,5
e5a2e11834089357,"Ka'a Point, Maui, Hawaii, USA","Ka'a Point, Maui",Hawaii,USA,5
d3f3e8d7332dc516,"Ka'anapali, Hawaii, USA",Ka'anapali,Hawaii,USA,5
ec6dae45b9ca8052,"Ka'anapali, Honokowai, Hawaii, USA","Ka'anapali, Honokowai",Hawaii,USA,5
f2306eda58fca2ef,"Ka'anapali, Maui, Hawaii, USA","Ka'anapali, Maui",Hawaii,USA,5
44f2e0157ba0c14a,"Kahala, O'ahu, Hawaii, USA","Kahala, O'ahu",Hawaii,USA,5
c478b905ebbe870f,"Kailua Bay, Hawaii, USA",Kailua Bay,Hawaii,USA,5
3e1ce1075d3e024c,"Kailua-Kona, Hawai'i, Hawaii, USA","Kailua-Kona, Hawai'i",Hawaii,USA,5
d0293b5a529fc8fe,"Kalama Beach, Kihei, Hawaii, USA","Kalama Beach, Kihei",Hawaii,USA,5
294fe714797be41c,"Kalama Park, Maui, Hawaii, USA","Kalama Park, Maui",Hawaii,USA,5
09d6a62711b8b0b9,"Kalapaki Beach, Kauai, Hawaii, USA","Kalapaki Beach, Kauai",Hawaii,USA,5
9b5c3805cd5b50c8,"Kalepolepo, Kihei, Hawaii, USA","Kalepolepo, Kihei",Hawaii,USA,5
2356a2806d4d185f,"Kalihi, O'ahu, Hawaii, USA","Kalihi, O'ahu",Hawaii,USA,5
da95b3b2be6759e7,"Kalihiwai Beach, Kauai, Hawaii, USA","Kalihiwai Beach, Kauai",Hawaii,USA,5
0e3dd1e6403e37fb,"Kaliiwi, Kauai, Hawaii, USA","Kaliiwi, Kauai",Hawaii,USA,5
ea640cf2c1a5a8da,"Kama'ole Beach Park I, Kihei, Hawaii, USA","Kama'ole Beach Park I, Kihei",Hawaii,USA,5
a6daa3372e4c9e06,"Kama'ole Beach, Park No. 1, Hawaii, USA","Kama'ole Beach, Park No. 1",Hawaii,USA,5
cba72a841fd53849,"Kamaole Beach Park I, Maui, Hawaii, USA","Kamaole Beach Park I, Maui",Hawaii,USA,5
201593698869e988,"Kanahena Cove, Hawaii, USA",Kanahena Cove,Hawaii,USA,5
ed5b637445b9b017,"Kane'ohe Bay, Mokapu, Hawaii, USA","Kane'ohe Bay, Mokapu",Hawaii,USA,5
aad38e2478a43068,"Kane'ohe Bay, O'ahu, Hawaii, USA","Kane'ohe Bay, O'ahu",Hawaii,USA,5
cbe59c5b864b64b9,"Kapalua, Maui, Hawaii, USA","Kapalua, Maui",Hawaii,USA,5
ed45524c57445dc2,"Kapehu Beach, Laupahoehoe, Hawaii, USA","Kapehu Beach, Laupahoehoe",Hawaii,USA,5
336300fcf4b85784,"Kaula Rock near Niihau, Hawaii, USA",Kaula Rock near Niihau,Hawaii,USA,5
f04359b2ff1eec4e,"Kawa'a, Hawaii, USA",Kawa'a,Hawaii,USA,5
8ac17881bb5a3928,"Kea'au Beach Park, O'ahu, Hawaii, USA","Kea'au Beach Park, O'ahu",Hawaii,USA,5
a452acc03b499c31,"Keawanui, Kamalo, Hawaii, USA","Keawanui, Kamalo",Hawaii,USA,5
f26e16b4c679de8d,"Keawekapu Beach, Kihei, Hawaii, USA","Keawekapu Beach, Kihei",Hawaii,USA,5
a1fd8e81fc833526,"Kehena Beach, Hawaii, Hawaii, USA","Kehena Beach, Hawaii",Hawaii,USA,5
423de68602cc8064,"Kekaha Beach, Kaua'i, Hawaii, USA","Kekaha Beach, Kaua'i",Hawaii,USA,5
9f70857e1b0f3266,"Kekaha Beach, Kauai, Hawaii, USA","Kekaha Beach, Kauai",Hawaii,USA,5
3ebb5397f969db6f,"Kewalo Basin Channel, O'ahu, Hawaii, USA","Kewalo Basin Channel, O'ahu",Hawaii,USA,5
3ff363ef2b3bcf63,"Kiholo Bay, Hawaii, USA",Kiholo Bay,Hawaii,USA,5
6651d996d83b855e,"Kinikini, Mana, Hawaii, USA","Kinikini, Mana",Hawaii,USA,5
fe2d55fc9635348a,"Koko Head, south side of O'ahu Island, Hawaii, USA","Koko Head, south side of O'ahu Island",Hawaii,USA,5
79f6099d8831d57d,"Kona Coast State Park, Hawaii, USA",Kona Coast State Park,Hawaii,USA,5
79a28c208e823e76,"Kukio Beach, Hawaii, USA",Kukio Beach,Hawaii,USA,5
c20f2e2a218f987d,"La'aloa Beach Park, Hawaii, USA",La'aloa Beach Park,Hawaii,USA,5
142b42822d35cff0,"La'au Point, Moloka'i, Hawaii, USA","La'au Point, Moloka'i",Hawaii,USA,5
c5c1a15e29c15258,"La'ie Point, O'ahu, Hawaii, USA","La'ie Point, O'ahu",Hawaii,USA,5
c076b2dc6a67c015,"Lahaina, Hawaii, USA",Lahaina,Hawaii,USA,5
4f209347456a4804,"Lahilahi Point, Oahu, Hawaii, USA","Lahilahi Point, Oahu",Hawaii,USA,5
832a965eb34aa83c,"Lanaikea, O'ahu, Hawaii, USA","Lanaikea, O'ahu",Hawaii,USA,5
42a87017de8a66ad,"Lanikai Beach, Kailua, Hawaii, USA","Lanikai Beach, Kailua",Hawaii,USA,5
7b179de6da018802,"Leftovers near Chun's Reef, Oahu, Hawaii, USA","Leftovers near Chun's Reef, Oahu",Hawaii,USA,5
5a56ca3fb4288f9d,"Leftovers, Oahu, Hawaii, USA","Leftovers, Oahu",Hawaii,USA,5
cd0aa0267024844c,"Little Glass Shacks, Princeville, Hawaii, USA","Little Glass Shacks, Princeville",Hawaii,USA,5
ebc72efb8f38d9c8,"Ma'ili Beach, O'ahu, Hawaii, USA","Ma'ili Beach, O'ahu",Hawaii,USA,5
22258870a599f754,"Maha'ulepu, Koloa, Hawaii, USA","Maha'ulepu, Koloa",Hawaii,USA,5
2369a2560faa651a,"Maile Point, O'ahu, Hawaii, USA","Maile Point, O'ahu",Hawaii,USA,5
bfbc43146c6371b0,"Majors Bay, Kaua'i, Hawaii, USA","Majors Bay, Kaua'i",Hawaii,USA,5
cac1cfbcde70ce05,"Makaha Surf Beach, Hawaii, USA",Makaha Surf Beach,Hawaii,USA,5
0371c8af2e931b44,"Makaha, O'ahu, Hawaii, USA","Makaha, O'ahu",Hawaii,USA,5
6d07f86c7d29cea8,"Makaha, Oahu, Hawaii, USA","Makaha, Oahu",Hawaii,USA,5
aa41ba5211947bfa,"Makahuena Point, Kauai, Hawaii, USA","Makahuena Point, Kauai",Hawaii,USA,5
08b9a67c4a56ca3f,"Makenat, Maui, Hawaii, USA","Makenat, Maui",Hawaii,USA,5
9b2150c19a96baaa,"Makua Beach, Oahu, Hawaii, USA","Makua Beach, Oahu",Hawaii,USA,5
4dbd2855bf89f9a7,"Malaka, Oahu, Hawaii, USA","Malaka, Oahu",Hawaii,USA,5
ce8aea67b7098fa6,"Maliko Point, Maui, Hawaii, USA","Maliko Point, Maui",Hawaii,USA,5
5390c76977bc9ffd,"Mana, Kaua'i, Hawaii, USA","Mana, Kaua'i",Hawaii,USA,5
0762e7b7d9d67c66,"Midway, Northwestern Hawaiian Islands, Hawaii, USA","Midway, Northwestern Hawaiian Islands",Hawaii,USA,5
1e9209cae8688e72,"Mokapu, Kane'ohe Marine Air Corps Station, Hawaii, USA","Mokapu, Kane'ohe Marine Air Corps Station",Hawaii,USA,5
01449ee991ba35e8,"Mouth of Wallua River, Kaua'i, Hawaii, USA","Mouth of Wallua River, Kaua'i",Hawaii,USA,5
02c6811ae879fa7f,"Nakalele Point, Maui, Hawaii, USA","Nakalele Point, Maui",Hawaii,USA,5
c8a842c5d91eed22,"Nankuli, O'ahu, Hawaii, USA","Nankuli, O'ahu",Hawaii,USA,5
02bc4b7b39ade07d,"Near Twin Islands off Lanikai, O'ahu (east coast), Hawaii, USA","Near Twin Islands off Lanikai, O'ahu (east coast)",Hawaii,USA,5
0c6ebc4b7d291a8d,"Nimitz Beach, Barbers Point, Hawaii, USA","Nimitz Beach, Barbers Point",Hawaii,USA,5
99d5b7e2c376fc85,"Nimitz State Beach, Oahu, Hawaii, USA","Nimitz State Beach, Oahu",Hawaii,USA,5
90a7e7dab1828e9b,"Ninole Bay, Hawaii County, Hawaii, USA","Ninole Bay, Hawaii County",Hawaii,USA,5
2b0fa3f929f8c335,"Noreiga's, Maui, Hawaii, USA","Noreiga's, Maui",Hawaii,USA,5
5159275c4dc1f180,"North Kihei, Maui, Hawaii, USA","North Kihei, Maui",Hawaii,USA,5
39d3585e4ed4b307,"North Kohala, Hawaii County, Hawaii, USA","North Kohala, Hawaii County",Hawaii,USA,5
07db7f23614d7c44,"North Shore, O'ahu, Hawaii, USA","North Shore, O'ahu",Hawaii,USA,5
773214cdc6d19994,"Off Diamond Head, Honolulu, Hawaii, USA","Off Diamond Head, Honolulu",Hawaii,USA,5
31c52bbea06f4ade,"Off Lahaina, Maui, Hawaii, USA","Off Lahaina, Maui",Hawaii,USA,5
63d048590ea4a122,"Off Pu'u Ola'l, Makena, Hawaii, USA","Off Pu'u Ola'l, Makena",Hawaii,USA,5
bc05d2426e4d4366,"Off Waianae, O'ahu, Hawaii, USA","Off Waianae, O'ahu",Hawaii,USA,5
cc8a821c88f40898,"Off the Hanalei River, Kaua'i, Hawaii, USA","Off the Hanalei River, Kaua'i",Hawaii,USA,5
a844fb644e49e91e,"Old Kona Airport State Park, Hawaii, USA",Old Kona Airport State Park,Hawaii,USA,5
c59754cd75be0ab5,"Olowalu, Hawaii, USA",Olowalu,Hawaii,USA,5
8e2660982da633a0,"Olowalu side of Lahina, Maui, Hawaii, USA","Olowalu side of Lahina, Maui",Hawaii,USA,5
021c5707984fc728,"One'ula Beach Park, 'Ewa Beach, Hawaii, USA","One'ula Beach Park, 'Ewa Beach",Hawaii,USA,5
b43299ee640e766f,"Opposite Grand Wailea Resort, Wailea, Hawaii, USA","Opposite Grand Wailea Resort, Wailea",Hawaii,USA,5
6fd8373dc1cd7a27,"Papaikou plantation, Hawaii, USA",Papaikou plantation,Hawaii,USA,5
3d2ac609c8cf8dc9,"Paradise Bay (next to Wailua Bay), Maui, Hawaii, USA","Paradise Bay (next to Wailua Bay), Maui",Hawaii,USA,5
71670baa93f928b9,"Pearl Harbor Channel, O'ahu, Hawaii, USA","Pearl Harbor Channel, O'ahu",Hawaii,USA,5
9933596c2e1fb59c,"Pepe'ekeo, Honomu, Hawaii, USA","Pepe'ekeo, Honomu",Hawaii,USA,5
4a0c3549e6579a87,"Pila'a Beach, Kaua'i, Hawaii, USA","Pila'a Beach, Kaua'i",Hawaii,USA,5
2db52236a9888d10,"Pohoiki, Hawaii, USA",Pohoiki,Hawaii,USA,5
e0d851221b06a696,"Puamana, Lahaina, Hawaii, USA","Puamana, Lahaina",Hawaii,USA,5
a2721f606dde28d9,"Punaluu, Hawaii, USA",Punaluu,Hawaii,USA,5
08cf06d43f976aa9,"Quarter mile offshore in Kaanapali, West Maui, Hawaii, USA","Quarter mile offshore in Kaanapali, West Maui",Hawaii,USA,5
81100168a8494b63,"Rocky Point, north shore of O'ahu, Hawaii, USA","Rocky Point, north shore of O'ahu",Hawaii,USA,5
7b3e342815b0070d,"Running Waters Beach, Ninini Point, Hawaii, USA","Running Waters Beach, Ninini Point",Hawaii,USA,5
8cefc3e2bf17c4bb,"Sandy Beach, Oahu, Hawaii, USA","Sandy Beach, Oahu",Hawaii,USA,5
74bdcd8d1b27eb18,"Silva's Channel, Mokuleia, Hawaii, USA","Silva's Channel, Mokuleia",Hawaii,USA,5
ad75cef440855f2c,"Silver (Silva) Channels, Waialua, Hawaii, USA","Silver (Silva) Channels, Waialua",Hawaii,USA,5
2efeaea82c56a4f1,"South Kohala, Hawai'i, Hawaii, USA","South Kohala, Hawai'i",Hawaii,USA,5
b620532eb34ddbc2,"Southwest of O'ahu, Hawaii, USA",Southwest of O'ahu,Hawaii,USA,5
ed332c3f7ce6fee1,"Spreckelsville, Maui, Hawaii, USA","Spreckelsville, Maui",Hawaii,USA,5
26596ce813f7a64b,"Sunset Beach, O'ahu, Hawaii, USA","Sunset Beach, O'ahu",Hawaii,USA,5
6e09754b257e1779,"Sunset Beach, Oahu, Hawaii, USA","Sunset Beach, Oahu",Hawaii,USA,5
9ad1290c583a074b,"Tavares Bay, Maui, Hawaii, USA","Tavares Bay, Maui",Hawaii,USA,5
b01f3cee4e5b3748,"Tunnels surf break off Makua Beach, Kaua'i, Hawaii, USA","Tunnels surf break off Makua Beach, Kaua'i",Hawaii,USA,5
142deab25d38b9dd,"Ulua Beach, Maui, Hawaii, USA","Ulua Beach, Maui",Hawaii,USA,5
d5dcba4906d4eb22,"Upolu Point, North Kohala, Hawaii, USA","Upolu Point, North Kohala",Hawaii,USA,5
c09623980161b729,"Velzyland, north shore of O'ahu, Hawaii, USA","Velzyland, north shore of O'ahu",Hawaii,USA,5
6bda129d4150f0c4,"Waialua Bay, O'ahu, Hawaii, USA","Waialua Bay, O'ahu",Hawaii,USA,5
09e10b9c1dd20650,"Waialua Beach, Moloka'i, Hawaii, USA","Waialua Beach, Moloka'i",Hawaii,USA,5
d88e3f23c0b7d0cd,"Waiau, Pearl Harbor, Hawaii, USA","Waiau, Pearl Harbor",Hawaii,USA,5
f272274d01ad90e3,"Waiehu, Maui, Hawaii, USA","Waiehu, Maui",Hawaii,USA,5
24880b6fd7faf968,"Waihe'e, Wailuku, Hawaii, USA","Waihe'e, Wailuku",Hawaii,USA,5
6ce2c707359eddb2,"Waikiki Beach, Oahu, Hawaii, USA","Waikiki Beach, Oahu",Hawaii,USA,5
83fcc2239a82b0b9,"Wailea, Maui, Hawaii, USA","Wailea, Maui",Hawaii,USA,5
f70811a546195874,"Wailua, Kaua'i, Hawaii, USA","Wailua, Kaua'i",Hawaii,USA,5
744534cf05e21c56,"Waimanu, Honoka'a, Hawaii, USA","Waimanu, Honoka'a",Hawaii,USA,5
5e1c922e4422a13b,"Waiokapua Bay, Majors Bay, Hawaii, USA","Waiokapua Bay, Majors Bay",Hawaii,USA,5
f95b817397c631a8,"Waipo, Hawaii, USA",Waipo,Hawaii,USA,5
cf1c63368786041d,"Newport Aquarium, Newport, Kentucky, USA","Newport Aquarium, Newport",Kentucky,USA,5
9f3be4ea77fa0fcb,"40 miles off Cocodrie, Louisiana, USA",40 miles off Cocodrie,Louisiana,USA,5
53d2afa712c517f1,"Curlew Island, Breton Sound, Louisiana, USA","Curlew Island, Breton Sound",Louisiana,USA,5
54d972a9551eeb36,"Lake Ponchartain off Southshore Harbor, New Orleans, Louisiana, USA","Lake Ponchartain off Southshore Harbor, New Orleans",Louisiana,USA,5
105fa42f2f0974e1,"Midnight Lump (38 miles offshore), Louisiana, USA",Midnight Lump (38 miles offshore),Louisiana,USA,5
3043cdca6e4b2a42,"Scofield - Sandy Point, Louisiana, USA",Scofield - Sandy Point,Louisiana,USA,5
23c62c27ed77dc08,"Burnt Cove near Eastport, Washington County, Maine, USA","Burnt Cove near Eastport, Washington County",Maine,USA,5
9546d8a360c2566b,"100 miles off Ocean City, Maryland, Maryland, USA","100 miles off Ocean City, Maryland",Maryland,USA,5
d52568682ad84df6,"Assateague National Seashore, Maryland, USA",Assateague National Seashore,Maryland,USA,5
0a3be716b8f2c74a,"Baltimore Aquarium, Maryland, USA",Baltimore Aquarium,Maryland,USA,5
4894a58b42f4ce3a,"North Beach, Maryland, USA",North Beach,Maryland,USA,5
edda0712b2e37c9a,"Tangier Sound, Somerset County, Maryland, USA","Tangier Sound, Somerset County",Maryland,USA,5
ad1f15e0c792c626,"40 miles south of Nantucket, Massachusetts, USA",40 miles south of Nantucket,Massachusetts,USA,5
95968826337ca6be,"Ballston Beach, Truro, Massachusetts, USA","Ballston Beach, Truro",Massachusetts,USA,5
124190b8f6dc4ead,"Chatham Island, Massachusetts, USA",Chatham Island,Massachusetts,USA,5
4a3c6ab088834b35,"Granite Pier, Rockport, Massachusetts, USA","Granite Pier, Rockport",Massachusetts,USA,5
9c25c2a417e84ff5,"Hollywood Beach, just above Mattapoisett Harbor, Massachusetts, USA","Hollywood Beach, just above Mattapoisett Harbor",Massachusetts,USA,5
98125bcffcd58654,"Manomet Point, Plymouth, Massachusetts, USA","Manomet Point, Plymouth",Massachusetts,USA,5
e9276d3d74f47912,"Marconi Beach, Wellfleet, Massachusetts, USA","Marconi Beach, Wellfleet",Massachusetts,USA,5
085c7ddae2ba7508,"Menauhant Beach, Falmouth, Massachusetts, USA","Menauhant Beach, Falmouth",Massachusetts,USA,5
9743b1fd53e38485,"Nahant, Massachusetts, USA",Nahant,Massachusetts,USA,5
397cb937f936b5f9,"Off Gloucester, Essec County, Massachusetts, USA","Off Gloucester, Essec County",Massachusetts,USA,5
0f39bc39615ae3f1,"Truro (Cape Cod), Barnstable County, Massachusetts, USA","Truro (Cape Cod), Barnstable County",Massachusetts,USA,5
e20d5697c8bdbe10,"Bay St. Louis, Hancock County, Mississippi, USA","Bay St. Louis, Hancock County",Mississippi,USA,5
62e7eb0685b096fd,"Cat Island, Harrison County, Mississippi, USA","Cat Island, Harrison County",Mississippi,USA,5
e94a3f4b1d5e0f50,"Mississippi City, Mississippi, USA",Mississippi City,Mississippi,USA,5
96b455b3d0f87be3,"St. Louis, Missouri, USA",St. Louis,Missouri,USA,5
f05d602d14d711fc,"1 mile ESE of Navesink, Monmouth County, New Jersey, USA","1 mile ESE of Navesink, Monmouth County",New Jersey,USA,5
c1f3bfc13a7280bd,"10 miles offshore from Sea Isle City, Cape May County, New Jersey, USA","10 miles offshore from Sea Isle City, Cape May County",New Jersey,USA,5
9332171c1409ab53,"20 miles off Seabright, New Jersey, USA",20 miles off Seabright,New Jersey,USA,5
0b19d28a715c5149,"50 miles offshore, New Jersey, USA",50 miles offshore,New Jersey,USA,5
2fc25ef177fbebe4,"Adventure Aquarium, Camden, New Jersey, USA","Adventure Aquarium, Camden",New Jersey,USA,5
98185e2b2922c38b,"Bay Head, Ocean County, New Jersey, USA","Bay Head, Ocean County",New Jersey,USA,5
c66ae7df1a20b28c,"Beach Haven, Ocean County, New Jersey, USA","Beach Haven, Ocean County",New Jersey,USA,5
5bc864ebadd1e5df,"Brielle, Monmouth County (Offshore), New Jersey, USA","Brielle, Monmouth County (Offshore)",New Jersey,USA,5
a072d947c02b007e,"Egg Harbor, Atlantic County, New Jersey, USA","Egg Harbor, Atlantic County",New Jersey,USA,5
0cab16ff98cb3d6f,"In Matawan Creek, off NJ Clay Company brickyards at Cliffwood, New Jersey, USA","In Matawan Creek, off NJ Clay Company brickyards at Cliffwood",New Jersey,USA,5
e18f5ef0269124f8,"Long Branch, Monmouth County (offshore), New Jersey, USA","Long Branch, Monmouth County (offshore)",New Jersey,USA,5
3feedf9425b8ded5,"Lower Delaware Bay, New Jersey, USA",Lower Delaware Bay,New Jersey,USA,5
00c6c6bf4cb923fa,"Manasquan, Ocean County, New Jersey, USA","Manasquan, Ocean County",New Jersey,USA,5
7b5ae600a923902e,"Off Ocean City, Cape May County, New Jersey, USA","Off Ocean City, Cape May County",New Jersey,USA,5
f1a7f3e06019158d,"Offshore, between Mantoloking & Point Pleasant, New Jersey, USA","Offshore, between Mantoloking & Point Pleasant",New Jersey,USA,5
5fe7a9454e6ba9eb,"Reeds Bay, Brigantine, New Jersey, USA","Reeds Bay, Brigantine",New Jersey,USA,5
90fb732d2618c654,"Sandy Hook (ocean side), Monmouth County, New Jersey, USA","Sandy Hook (ocean side), Monmouth County",New Jersey,USA,5
9aa147249a793f7a,"Seabright, Monmouth County, New Jersey, USA","Seabright, Monmouth County",New Jersey,USA,5
5e804dc2d81e3fcc,"Seaside Park, Ocean County, New Jersey, USA","Seaside Park, Ocean County",New Jersey,USA,5
931c5ef0efebef0c,"Seaside, Ocean County, New Jersey, USA","Seaside, Ocean County",New Jersey,USA,5
c6bedb7bf1fe9243,"Shrewsbury River, Monmouth County, New Jersey, USA","Shrewsbury River, Monmouth County",New Jersey,USA,5
da59a8c222e659ea,"Spring Lake, Monmouth County, New Jersey, USA","Spring Lake, Monmouth County",New Jersey,USA,5
29f0f3d52d0378ce,"Steel Pier, Atlantic City, New Jersey, USA","Steel Pier, Atlantic City",New Jersey,USA,5
f38a6907446b5c66,"Ventnor, New Jersey, USA",Ventnor,New Jersey,USA,5
554de2c33ca613d9,"Albuquerue Aquarium, Albuquerue, New Mexico, USA","Albuquerue Aquarium, Albuquerue",New Mexico,USA,5
ba30bb56158cb06f,"15 miles south of Jones Inlet, New York, USA",15 miles south of Jones Inlet,New York,USA,5
a9edad62780d886b,"Beach 103rd Street, Rockaway, New York, USA","Beach 103rd Street, Rockaway",New York,USA,5
9c012c7fc9036161,"Montauk, New York, USA",Montauk,New York,USA,5
058cdb46032e4685,"Off Long Island, New York, USA",Off Long Island,New York,USA,5
d2cb55d65e0b6998,"Rockaway Beach, New York, USA",Rockaway Beach,New York,USA,5
3a58cd92b60eccfc,"Staten Island, New York, USA",Staten Island,New York,USA,5
de74ecc969ffab83,"Whitewood Point on Lloyd Neck in Oyster Bay, New York, USA",Whitewood Point on Lloyd Neck in Oyster Bay,New York,USA,5
ae062fdbe88a5614,"Atlantic, near New Bern, North Carolina, USA","Atlantic, near New Bern",North Carolina,USA,5
c1e2c7e42ba85b01,"Beaufort Inlet, North Carolina, USA",Beaufort Inlet,North Carolina,USA,5
9f6dbd409b7f23f6,"Bouges Bank, Emerald Isle, North Carolina, USA","Bouges Bank, Emerald Isle",North Carolina,USA,5
17b23a09140fd62c,"Buxton Beach, Dare County, North Carolina, USA","Buxton Beach, Dare County",North Carolina,USA,5
ee9c4342b6b328c2,"Cape Lookout Bight, North Carolina, USA",Cape Lookout Bight,North Carolina,USA,5
49e3706507eeedd3,"Cape Lookout, Carteret County, North Carolina, USA","Cape Lookout, Carteret County",North Carolina,USA,5
86ae9d1b62794cbf,"Carolina Beach off Texas Avenue, New Hanover County, North Carolina, USA","Carolina Beach off Texas Avenue, New Hanover County",North Carolina,USA,5
51e22b538a33a23a,"Carolina Beach, New Hanover County, North Carolina, USA","Carolina Beach, New Hanover County",North Carolina,USA,5
8d21317db4f2ba78,"Davis Shore, east of Beaufor, North Carolina, USA","Davis Shore, east of Beaufor",North Carolina,USA,5
5a6362bfcf2dfd2c,"Figure Eight Island, New Hanover County, North Carolina, USA","Figure Eight Island, New Hanover County",North Carolina,USA,5
df8e8a8aa4df2f56,"Figure Eight Island, Wilmington, North Carolina, USA","Figure Eight Island, Wilmington",North Carolina,USA,5
848635d7e49f6083,"Fort Fisher, New Hanover County, North Carolina, USA","Fort Fisher, New Hanover County",North Carolina,USA,5
51e180d85ed1d661,"Frying Pan Shoals, North Carolina, USA",Frying Pan Shoals,North Carolina,USA,5
f9ca12deca075288,"Hammocks Beach State Park, Bear Island, North Carolina, USA","Hammocks Beach State Park, Bear Island",North Carolina,USA,5
1e3b3e556bdf4896,"Hamstead, Pender County, North Carolina, USA","Hamstead, Pender County",North Carolina,USA,5
38a1f554af42ede6,"Kure Beach, New Hanover County, North Carolina, USA","Kure Beach, New Hanover County",North Carolina,USA,5
f436cac4130ffecb,"Masonboro Inlet, New Hanover County, North Carolina, USA","Masonboro Inlet, New Hanover County",North Carolina,USA,5
aa2146923fed1848,"New Hanover County, North Carolina, USA",New Hanover County,North Carolina,USA,5
3fc017a05e5f6cc0,"North Carolina Aquarium at Fort Fisher, North Carolina, USA",North Carolina Aquarium at Fort Fisher,North Carolina,USA,5
d0920a46ef7e968f,"Oceanic Pier, Wrightsville Beach, North Carolina, USA","Oceanic Pier, Wrightsville Beach",North Carolina,USA,5
f4fbb475ee4e9739,"Ocracoke, North Carolina, USA",Ocracoke,North Carolina,USA,5
a8500bf5edec0fbc,"Ocracoke Inlet, Carteret County, North Carolina, USA","Ocracoke Inlet, Carteret County",North Carolina,USA,5
c290b3d0fd1bc5d4,"Ocracoke Island, Hyde County, North Carolina, USA","Ocracoke Island, Hyde County",North Carolina,USA,5
7670b66151c0663b,"Ocracoke, Lifeguard Beach, North Carolina, USA","Ocracoke, Lifeguard Beach",North Carolina,USA,5
21652a17b8245390,"Off Cape Hatteraa, North Carolina, USA",Off Cape Hatteraa,North Carolina,USA,5
cd57fa39b481e46d,"Off Surf City, Pender County, North Carolina, USA","Off Surf City, Pender County",North Carolina,USA,5
9b074e709a684536,"On one of the sounds near Wilmington, North Carolina, USA",On one of the sounds near Wilmington,North Carolina,USA,5
d1e89aa4ca7eaf03,"Onslow Beach, North Carolina, USA",Onslow Beach,North Carolina,USA,5
64025d9ea14025f3,"Pamlico Sound, North Carolina, USA",Pamlico Sound,North Carolina,USA,5
ceed552185316685,"Pamlico Sound off Frisco, Dare County, North Carolina, USA","Pamlico Sound off Frisco, Dare County",North Carolina,USA,5
ac7dc3b7ea453bd0,"Pine Island, Corolla, North Carolina, USA","Pine Island, Corolla",North Carolina,USA,5
d66ccb65ecc2681f,"Salter Path, Atlantic Beach, North Carolina, USA","Salter Path, Atlantic Beach",North Carolina,USA,5
910cb7b0b6d092c2,"Southport, Brunswick County, North Carolina, USA","Southport, Brunswick County",North Carolina,USA,5
8688b9129ebb9451,"Surf City, North Carolina, USA",Surf City,North Carolina,USA,5
709a0bd78b557938,"Surf City, Topsail Island, North Carolina, USA","Surf City, Topsail Island",North Carolina,USA,5
07f74a7c8b63479a,"Topsail Beach, Pender County, North Carolina, USA","Topsail Beach, Pender County",North Carolina,USA,5
40194c7d37dcbbcb,"""Turnaround"", Cape Kiwanda, Oregon, USA","""Turnaround"", Cape Kiwanda",Oregon,USA,5
60b1c0aefe54c244,"Bastendorf Beach, Coos County, Oregon, USA","Bastendorf Beach, Coos County",Oregon,USA,5
1338139f1b04a14e,"Cape Kiwanda, Oregon, USA",Cape Kiwanda,Oregon,USA,5
a40bcbb6c2221231,"Florence, Oregon, USA",Florence,Oregon,USA,5
74d013c1d185ff18,"Florence, Lane County, Oregon, USA","Florence, Lane County",Oregon,USA,5
50e2f8190d64f0c6,"Gleneden Beach, Oregon, USA",Gleneden Beach,Oregon,USA,5
8d4799996109c0e5,"Gleneden Beach, Lincoln County, Oregon, USA","Gleneden Beach, Lincoln County",Oregon,USA,5
ffcb7973c225e718,"Gold Beach, Oregon, USA",Gold Beach,Oregon,USA,5
0193024885dbf56f,"Gold Beach, Curry County, Oregon, USA","Gold Beach, Curry County",Oregon,USA,5
9de5e4abf98bb2eb,"Haystack Rock, Cannon Beach, Oregon, USA","Haystack Rock, Cannon Beach",Oregon,USA,5
9084d4c7239c7855,"Lincoln City, Lincoln County, Oregon, USA","Lincoln City, Lincoln County",Oregon,USA,5
4313a51b5ad2b986,"Myers Creek, Oregon, USA",Myers Creek,Oregon,USA,5
b439d5e578b28f03,"Neskowin, Tillamook County, Oregon, USA","Neskowin, Tillamook County",Oregon,USA,5
80d46d258993ff85,"Newport, Lincoln County, Oregon, USA","Newport, Lincoln County",Oregon,USA,5
28d0f7c6a139c3f3,"Off Umpqua River, Oregon, USA",Off Umpqua River,Oregon,USA,5
1dfd2a469710ff22,"Oswald State Park, Oregon, USA",Oswald State Park,Oregon,USA,5
911cd7fc94767a13,"Seaside, Oregon, USA",Seaside,Oregon,USA,5
73b2fe564f1495b8,"Seaside Cove, Oregon, USA",Seaside Cove,Oregon,USA,5
2776b0058ee93f46,"Short Sand Beach, Oswald West State Park, Oregon, USA","Short Sand Beach, Oswald West State Park",Oregon,USA,5
66a1fb1759bd0cfe,"Siletz River mouth, Lincoln County, Oregon, USA","Siletz River mouth, Lincoln County",Oregon,USA,5
53cdbf31dbe297da,"Tillamook Head, Clatsop County, Oregon, USA","Tillamook Head, Clatsop County",Oregon,USA,5
3b8ce0acd1e63929,"Winchester Bay, Douglas County, Oregon, USA","Winchester Bay, Douglas County",Oregon,USA,5
5313e8c8f8602e7e,"Fairmount Park Aquarium, Philadelphia, Pennsylvania, USA","Fairmount Park Aquarium, Philadelphia",Pennsylvania,USA,5
7abb0a38fd8cbc34,"Aquadilla, Puerto Rico, USA",Aquadilla,Puerto Rico,USA,5
340665414637a89d,"Mona Island, 40 miles west of the mainland, Puerto Rico, USA","Mona Island, 40 miles west of the mainland",Puerto Rico,USA,5
27ab36f79bc08664,"North coast, Puerto Rico, USA",North coast,Puerto Rico,USA,5
a22352ae301882ca,"Quebradillas, Puerto Rico, USA",Quebradillas,Puerto Rico,USA,5
7041bf134cff4583,"Santurce, Puerto Rico, USA",Santurce,Puerto Rico,USA,5
2b1652f4adba1413,"Vieques, Puerto Rico, USA",Vieques,Puerto Rico,USA,5
baec810643afb0ca,"Coddington Cove, Rhode Island, USA",Coddington Cove,Rhode Island,USA,5
48a6d1004eea0f5c,"Occupasstuxet (Patuxent) Cove, Rhode Island, USA",Occupasstuxet (Patuxent) Cove,Rhode Island,USA,5
012f306c2c0db9c1,"16 miles off Hilton Head, South Carolina, USA",16 miles off Hilton Head,South Carolina,USA,5
f9179dbe20827f5e,"34th Avenue North, Myrtle Beach, South Carolina, USA","34th Avenue North, Myrtle Beach",South Carolina,USA,5
522576a441014c33,"60 miles southeast of Beaufort, South Carolina, USA",60 miles southeast of Beaufort,South Carolina,USA,5
9e92c248c32f7a49,"Albergotti Creek, near Air Station boat docks, South Carolina, USA","Albergotti Creek, near Air Station boat docks",South Carolina,USA,5
da9a6f18c54746bb,"Atlantic Beach, Horry County, South Carolina, USA","Atlantic Beach, Horry County",South Carolina,USA,5
de95c0465746d868,"Awendaw, Charleston County, South Carolina, USA","Awendaw, Charleston County",South Carolina,USA,5
cd498f41c39defaf,"Calibogue Sound, South Carolina, USA",Calibogue Sound,South Carolina,USA,5
5e11fc090b0d94b3,"Cherry Grove, South Carolina, USA",Cherry Grove,South Carolina,USA,5
4a9d34a0f1143faf,"DeBordieu Colony, Georgetown County, South Carolina, USA","DeBordieu Colony, Georgetown County",South Carolina,USA,5
999d70c1e48fc3b5,"Debordieu Beach, Georgetown County, South Carolina, USA","Debordieu Beach, Georgetown County",South Carolina,USA,5
8ad3a7f74901ecba,"Fort Moultrie, South Carolina, USA",Fort Moultrie,South Carolina,USA,5
7767525dbc9d7348,"Fripp Island, South Carolina, USA",Fripp Island,South Carolina,USA,5
bc01b12fdedb5232,"Garden City, South Carolina, USA",Garden City,South Carolina,USA,5
956bbe01996bd4a0,"Garden City Beach, Horry County, South Carolina, USA","Garden City Beach, Horry County",South Carolina,USA,5
06c4790a26c8ea5e,"Grand Strand, Myrtle Beach, South Carolina, USA","Grand Strand, Myrtle Beach",South Carolina,USA,5
3da24ebb68f2794d,"Hilton Head, Beaufort County, South Carolina, USA","Hilton Head, Beaufort County",South Carolina,USA,5
85c1623db2f71513,"Isle of Palms County Park, Isle of Palms, South Carolina, USA","Isle of Palms County Park, Isle of Palms",South Carolina,USA,5
f4c103428ae7bf2e,"James Island Sound, Charleston, South Carolina, USA","James Island Sound, Charleston",South Carolina,USA,5
342e8365dc1194ba,"Kingston Plantation, Myrtle Beach, South Carolina, USA","Kingston Plantation, Myrtle Beach",South Carolina,USA,5
298bed4d9aa6a467,"Lakewood Campground, Grand Strand, South Carolina, USA","Lakewood Campground, Grand Strand",South Carolina,USA,5
507af83b8b6523d5,"Litchfield Beach, Georgetown County, South Carolina, USA","Litchfield Beach, Georgetown County",South Carolina,USA,5
8460cd0de0d3b168,"Little River Beach, Horry County, South Carolina, USA","Little River Beach, Horry County",South Carolina,USA,5
35d67701d01394a2,"Murrells Inlet, Georgetown County, South Carolina, USA","Murrells Inlet, Georgetown County",South Carolina,USA,5
cb8f1c0a706c0fe7,"Near 70th Avenue, Myrtle Beach, South Carolina, USA","Near 70th Avenue, Myrtle Beach",South Carolina,USA,5
122b95973a452097,"North Forest Beach, near Hilton Head, South Carolina, USA","North Forest Beach, near Hilton Head",South Carolina,USA,5
65e6005ad0a25f5d,"North end of Morris Island at mouth of Charleston Harbor, South Carolina, USA",North end of Morris Island at mouth of Charleston Harbor,South Carolina,USA,5
9386a4e97025d012,"North of Apache Pier, Myrtle Beach, South Carolina, USA","North of Apache Pier, Myrtle Beach",South Carolina,USA,5
951577a23860bb3c,"Ocean Lakes Campground, south of Myrtle Beach, South Carolina, USA","Ocean Lakes Campground, south of Myrtle Beach",South Carolina,USA,5
09e92c0d14273896,"Off 21st Avenue, Isle of Palms, South Carolina, USA","Off 21st Avenue, Isle of Palms",South Carolina,USA,5
887e10543a14f519,"Off 29th Avenue, Myrtle Beach, South Carolina, USA","Off 29th Avenue, Myrtle Beach",South Carolina,USA,5
0e2ffd9e1b4b9edc,"Off Hilton Head, Beaufort County, South Carolina, USA","Off Hilton Head, Beaufort County",South Carolina,USA,5
26f5f540dd9caee2,"Off Sullivans Island, South Carolina, USA",Off Sullivans Island,South Carolina,USA,5
e682fcb0d7fa0419,"Oketee River, Jasper County, South Carolina, USA","Oketee River, Jasper County",South Carolina,USA,5
66303ac271d30699,"Palmetto Dunes, Hilton Head, South Carolina, USA","Palmetto Dunes, Hilton Head",South Carolina,USA,5
60b7ed6068ebd94d,"Parris Island, South Carolina, USA",Parris Island,South Carolina,USA,5
62860b9c2976c650,"Sea Pines Beach Club, Hilton Head, South Carolina, USA","Sea Pines Beach Club, Hilton Head",South Carolina,USA,5
7ca9578541d6dfad,"Sea Pines Resort, Hilton Head Island, South Carolina, USA","Sea Pines Resort, Hilton Head Island",South Carolina,USA,5
a50981741784c3a3,"Shipyard Beach Club, Hilton Head Island, South Carolina, USA","Shipyard Beach Club, Hilton Head Island",South Carolina,USA,5
853a1409d58c13ca,"Singleton Beach, Hilton Head Island, South Carolina, USA","Singleton Beach, Hilton Head Island",South Carolina,USA,5
12cfd0f4b53032df,"Small creek near Coles Island, South Carolina, USA",Small creek near Coles Island,South Carolina,USA,5
53b156547a040953,"South Beach, Hunting Island State Park, South Carolina, USA","South Beach, Hunting Island State Park",South Carolina,USA,5
867283a21206c394,"South Forest Beach, Hilton Head Island, South Carolina, USA","South Forest Beach, Hilton Head Island",South Carolina,USA,5
b47ccbe329d4e1df,"Stono Inlet, near Charleston, South Carolina, USA","Stono Inlet, near Charleston",South Carolina,USA,5
a83fc52a36a6a25a,"Sullivan's Island at entrance to Charleston Harbor, South Carolina, USA",Sullivan's Island at entrance to Charleston Harbor,South Carolina,USA,5
cd56242c913e33f5,"Surfside Beach, Horry County, South Carolina, USA","Surfside Beach, Horry County",South Carolina,USA,5
3b52866099261a89,"Windy Hill Beach, South Carolina, USA",Windy Hill Beach,South Carolina,USA,5
9f2c90631a34d468,"Windy Hill, near Myrtle Beach, South Carolina, USA","Windy Hill, near Myrtle Beach",South Carolina,USA,5
33998c8e9cde26ad,"Winyah Bay, South Carolina, USA",Winyah Bay,South Carolina,USA,5
e7ba0b6405e629e0,"1.5 miles off Surfside, Texas, USA",1.5 miles off Surfside,Texas,USA,5
8f9675d37e8dcf86,"Bolivar Peninsula, Texas, USA",Bolivar Peninsula,Texas,USA,5
22b1ebf3eaa715a9,"Bryan Beach, Brazoria County, Texas, USA","Bryan Beach, Brazoria County",Texas,USA,5
304fa8e9b8b926b5,"Channel between South Padre Island & Padre Island National Seashore, Texas, USA",Channel between South Padre Island & Padre Island National Seashore,Texas,USA,5
c7e7eec92369f5d4,"Corpus Christi, Texas, USA",Corpus Christi,Texas,USA,5
e46673bd32f851c8,"Crystal Beach (east of Galveston), Texas, USA",Crystal Beach (east of Galveston),Texas,USA,5
5dfd82b24c982cae,"East Beach, Galveston, Texas, USA","East Beach, Galveston",Texas,USA,5
5cf82678416fc500,"Eight Mile Beach, Galveston, Texas, USA","Eight Mile Beach, Galveston",Texas,USA,5
a07bd440457fc515,"Follett's Island, Brazoria County, Texas, USA","Follett's Island, Brazoria County",Texas,USA,5
b833446eb586ee8f,"Galveston Ship Channel, Texas, USA",Galveston Ship Channel,Texas,USA,5
d10806c209835820,"Grass Island, Aransas County, Texas, USA","Grass Island, Aransas County",Texas,USA,5
c6f23684aa01c456,"Gulf of Mexico between Brownsville & Carmen, Mexico, Texas, USA","Gulf of Mexico between Brownsville & Carmen, Mexico",Texas,USA,5
72f064e48e367625,"High Island, Texas, USA",High Island,Texas,USA,5
466cfe059be5b724,"J.P. Luby Surf Park, Corpus Christi, Texas, USA","J.P. Luby Surf Park, Corpus Christi",Texas,USA,5
431ff3fbcbd178eb,"Matagorda Beach, Texas, USA",Matagorda Beach,Texas,USA,5
65cf2fe8e37fb64f,"Mustang Island State Park, Nueces County, Texas, USA","Mustang Island State Park, Nueces County",Texas,USA,5
45eb8c8cbe40b3f8,"Near Port Aransas, Nueces County, Texas, USA","Near Port Aransas, Nueces County",Texas,USA,5
c84afce8b169db75,"Near Port Arthur, Texas, USA",Near Port Arthur,Texas,USA,5
3457d6a4e4068cfd,"Near Port Lavaca, Calhoun County, Texas, USA","Near Port Lavaca, Calhoun County",Texas,USA,5
0b73e39fd3705249,"Off Andy Bowie Park, Padre Island, Texas, USA","Off Andy Bowie Park, Padre Island",Texas,USA,5
4d74fe33caddaf40,"Off Brownsville, Texas, USA",Off Brownsville,Texas,USA,5
bd7a05664d6eb62a,"Off Surfside, Texas, USA",Off Surfside,Texas,USA,5
ac33afadd1bbc7c2,"Packery Channel, Texas, USA",Packery Channel,Texas,USA,5
d1cca3cb54ea92bd,"Padre Island, Texas, USA",Padre Island,Texas,USA,5
00ba7525152258f9,"Padre Island National Seashore, Texas, USA",Padre Island National Seashore,Texas,USA,5
a24f647adb384d61,"Pirate's Beach, Galveston Island, Texas, USA","Pirate's Beach, Galveston Island",Texas,USA,5
2fbb41d98f7ac679,"Pirates Beach, Galveston, Texas, USA","Pirates Beach, Galveston",Texas,USA,5
2112086bf11a33c1,"Point Comfort, Calhoun County, Texas, USA","Point Comfort, Calhoun County",Texas,USA,5
0637cfb0f4992728,"Port Aransas, Texas, USA",Port Aransas,Texas,USA,5
52e07a8b88bdbd50,"Port Bolivar, Galveston County, Texas, USA","Port Bolivar, Galveston County",Texas,USA,5
7997b8ff81cce404,"Port Lavaca, Calhoun County, Texas, USA","Port Lavaca, Calhoun County",Texas,USA,5
be8d899fd90101f2,"Rockport, Aransas County, Texas, USA","Rockport, Aransas County",Texas,USA,5
c80c4932703dd289,"South Jetty, Galveston, Texas, USA","South Jetty, Galveston",Texas,USA,5
166687b1e55502f0,"Sunday Beach, Matagorda Island, Texas, USA","Sunday Beach, Matagorda Island",Texas,USA,5
540d63134f8c25ed,"Surfside Beach, Texas, USA",Surfside Beach,Texas,USA,5
e1c2ccb2024549b7,"Surfside Beach, Brazoria County, Texas, USA","Surfside Beach, Brazoria County",Texas,USA,5
3b52d84d35c25922,"Texas City, Galveston, Texas, USA","Texas City, Galveston",Texas,USA,5
51e24f0b50523932,"West Bay, 19 miles from Galveston, Texas, USA","West Bay, 19 miles from Galveston",Texas,USA,5
689671a1631311e5,"West Beach, Galveston, Texas, USA","West Beach, Galveston",Texas,USA,5
c3a539329ba57dd2,"Buck Island, US Virgin Islands, USA",Buck Island,US Virgin Islands,USA,5
692f303f8aa9301d,"St. Croix, Cane Bay, US Virgin Islands, USA","St. Croix, Cane Bay",US Virgin Islands,USA,5
3d14c0054eb6709f,"St. John, Genti Bay, US Virgin Islands, USA","St. John, Genti Bay",US Virgin Islands,USA,5
97a605a23a36f799,"St. Thomas, Magens Bay, US Virgin Islands, USA","St. Thomas, Magens Bay",US Virgin Islands,USA,5
a28cc0adf8775b13,"Water Island, US Virgin Islands, USA",Water Island,US Virgin Islands,USA,5
f0cf11263fe0016f,"150 miles off Cape Henry, Virginia, USA",150 miles off Cape Henry,Virginia,USA,5
419e0a4565a07a1d,"200 miles off Hampton Roads, Virginia, Virginia, USA","200 miles off Hampton Roads, Virginia",Virginia,USA,5
4e355324b538b850,"At sea, several hundred miles south east of Cape Henry, Virginia, USA","At sea, several hundred miles south east of Cape Henry",Virginia,USA,5
0d203aff7bcd1506,"Coral Gardens Reef, 6 miles SSE of Chicoteague Inlet, Virginia, USA","Coral Gardens Reef, 6 miles SSE of Chicoteague Inlet",Virginia,USA,5
daed647a77d50cc7,"False Cape, Virginia, USA",False Cape,Virginia,USA,5
d8d9d36a4fcabf6e,"Hog Island, Virginia, USA",Hog Island,Virginia,USA,5
dc4563b57d26b9d9,"Sandbridge Beach, Princess Anne County, Virginia, USA","Sandbridge Beach, Princess Anne County",Virginia,USA,5
a843beeb1e26ed30,"Sandridge Beach, Virginia, USA",Sandridge Beach,Virginia,USA,5
77962fdc06518d97,"Virginia Aquarium & Marine Science Center, Virginia Beach, Virginia, USA","Virginia Aquarium & Marine Science Center, Virginia Beach",Virginia,USA,5
22fdbcdb98e42392,"Virginia Beach, Virginia, USA",Virginia Beach,Virginia,USA,5
ebf0686548ae1a10,"Wreck of the Navy Barge, 22 miles SE of Rudee, Virginia, USA","Wreck of the Navy Barge, 22 miles SE of Rudee",Virginia,USA,5
4c88ce2cf52bcf10,"Wilkes Islet Lagoon (Pacific Ocean north of the Marshall Islands), Wake Island, USA",Wilkes Islet Lagoon (Pacific Ocean north of the Marshall Islands),Wake Island,USA,5
a4228ffbdd9f023e,"Pacific Beach, Grays Harbor County, Washington, USA","Pacific Beach, Grays Harbor County",Washington,USA,5
dd672f889ca967ad,"South Beach, Westport, Washington, USA","South Beach, Westport",Washington,USA,5
64a238d44a474d82,"Atchin Island off Malakula, Malampa Province, VANUATU",Atchin Island off Malakula,Malampa Province,VANUATU,5
60a0d8430731f4b6,"Atchin Island, off Malakula, Malampa Province, VANUATU","Atchin Island, off Malakula",Malampa Province,VANUATU,5
b67b9557e0a8122e,"Island of Paam'a, Malampa Province, VANUATU",Island of Paam'a,Malampa Province,VANUATU,5
28bb0efc4be64ff5,"Malakula (Malakula Island), Malampa Province, VANUATU",Malakula (Malakula Island),Malampa Province,VANUATU,5
d38901fdc488356e,"Off the beach opposite Atchin Island, Malakula, Malampa Province, VANUATU","Off the beach opposite Atchin Island, Malakula",Malampa Province,VANUATU,5
acb60d7f5dfc7e1e,"Port Sandwich Bay, Lamap, Malampa Province, VANUATU","Port Sandwich Bay, Lamap",Malampa Province,VANUATU,5
703d92276c0a579c,"Port Sandwich, Malakula, Malampa Province, VANUATU","Port Sandwich, Malakula",Malampa Province,VANUATU,5
97b30ab067a14e1f,"Ranon, Ambryn, Malampa Province, VANUATU","Ranon, Ambryn",Malampa Province,VANUATU,5
a0af28297af33fd1,"Vao Island, Malampa Province, VANUATU",Vao Island,Malampa Province,VANUATU,5
9e636f68445a9e27,"Lelepa Island, Shefa Province, VANUATU",Lelepa Island,Shefa Province,VANUATU,5
84c2f09863767083,"Aniwa Island, Tafea Province, VANUATU",Aniwa Island,Tafea Province,VANUATU,5
b75ffe757b3312f7,"Punta Caracas, VENEZUELA",Punta Caracas,,VENEZUELA,5
628e8a7161bb5637,"Playa Colorada Beach, Mochima National Park, Anzoategui, VENEZUELA","Playa Colorada Beach, Mochima National Park",Anzoategui,VENEZUELA,5
ad41a5fe5b3df691,"Santa Cruz Beach, Mochima National Park, Anzoategui, VENEZUELA","Santa Cruz Beach, Mochima National Park",Anzoategui,VENEZUELA,5
67b2103e90bee0f9,"El Falito, near Puerto Cabello, Carabobo, VENEZUELA","El Falito, near Puerto Cabello",Carabobo,VENEZUELA,5
7a41514a3ca4509e,"El Yaqu, Isla de Margarita, Nueva Esparta, VENEZUELA","El Yaqu, Isla de Margarita",Nueva Esparta,VENEZUELA,5
6f8111885ac2bf92,"Margarita Island, Nueva Esparta, VENEZUELA",Margarita Island,Nueva Esparta,VENEZUELA,5
982799989a07779b,"Saigon, VIETNAM",Saigon,,VIETNAM,5
c36c37619d043292,"Telegraph Bay, Aden, YEMEN",Telegraph Bay,Aden,YEMEN,5
03c1b1e2612f40c6,"Ras-Alkalb, Muhafazat Hadramawt, YEMEN",Ras-Alkalb,Muhafazat Hadramawt,YEMEN,5
eea6759cc7f3c5ec,"Between Cuba & Costa Rica, Caribbean Sea",Between Cuba & Costa Rica,Caribbean Sea,,4
dc59cd17e3df6009,"Île Saint-Paul, French Southern Territories",Île Saint-Paul,French Southern Territories,,4
e61746058a9cf868,"Cape Levêque, Western Australia, AUSTRALIA",Cape Levêque,Western Australia,AUSTRALIA,4
ebfa6d8dc4687394,"Ilhéus, Bahia, BRAZIL",Ilhéus,Bahia,BRAZIL,4
9a7b6abfc7f87dcd,"Estaleirinho beach, Balneário Camboriú, BRAZIL",Estaleirinho beach,Balneário Camboriú,BRAZIL,4
8c2c1a8e0a75296a,"Praia de São Marcus, Sáo Luiz, Maranhão, BRAZIL","Praia de São Marcus, Sáo Luiz",Maranhão,BRAZIL,4
ce1b95e8d280d621,"Praia do Olho D'Água, São Luis, Maranhão, BRAZIL","Praia do Olho D'Água, São Luis",Maranhão,BRAZIL,4
3777290caaf89ca8,"Itamaracá, Pernambuco, BRAZIL",Itamaracá,Pernambuco,BRAZIL,4
2953121989ae0336,"Escalerio Beach Balneário Camboriú, Santa Catarina State, BRAZIL",Escalerio Beach Balneário Camboriú,Santa Catarina State,BRAZIL,4
20d039a5492bd852,"São Vicente, Barlavento Islands, CAPE VERDE",São Vicente,Barlavento Islands,CAPE VERDE,4
1896fb6fe956cae9,"Off Cartagena, COLUMBIA",Off Cartagena,,COLUMBIA,4
b521d619bb1905fd,"Makuaka Caño, Taganga, Magdalena Department, COLUMBIA","Makuaka Caño, Taganga",Magdalena Department,COLUMBIA,4
f28389f32187dbf8,"Albuquerque Cay, San Andrés archipelago, COLUMBIA",Albuquerque Cay,San Andrés archipelago,COLUMBIA,4
eb8729b27877326d,"Parismina, Limón Province, COSTA RICA",Parismina,Limón Province,COSTA RICA,4
62f43ba87865d9b9,"Su?uraj, Hvar Island, Split-Dalmatia Count,, CROATIA","Su?uraj, Hvar Island","Split-Dalmatia Count,",CROATIA,4
77462549beb33f5c,"Playa Jackson, Samaná Province, DOMINICAN REPUBLIC",Playa Jackson,Samaná Province,DOMINICAN REPUBLIC,4
41a1afb21814a291,"Barandúa Beach, Santa Elena, ECUADOR",Barandúa Beach,Santa Elena,ECUADOR,4
1bfa5c61824f4dbb,"Daedalus Reef, Red Sea, EGYPT",Daedalus Reef,Red Sea,EGYPT,4
c342d0060f2b8c6e,"1 km off the mouth of Marsa Bereika, north of Ras Mohammed, South Sinai, Gulf of Aqaba, EGYPT / ISRAEL","1 km off the mouth of Marsa Bereika, north of Ras Mohammed","South Sinai, Gulf of Aqaba",EGYPT / ISRAEL,4
7c7e41c0020ce2b3,"Ahé Atoll, Tuamotus, FRENCH POLYNESIA",Ahé Atoll,Tuamotus,FRENCH POLYNESIA,4
30b98487cf28b6c8,"Kérkira, Corfu Island, GREECE",Kérkira,Corfu Island,GREECE,4
78cefa2c8a09722c,"Vicinity of Abadan, Shatt-al-Arab River, IRAN / IRAQ",Vicinity of Abadan,Shatt-al-Arab River,IRAN / IRAQ,4
02a189e57a76e5ff,"Coal wharf, Port Royal, JAMAICA","Coal wharf, Port Royal",,JAMAICA,4
9419fb57d4955a21,"East Beach, Kingsston, JAMAICA","East Beach, Kingsston",,JAMAICA,4
edc265651a550513,"Boca de la Leña, La Unión, Guerrero, MEXICO","Boca de la Leña, La Unión",Guerrero,MEXICO,4
3614de490defe285,"Mazatlán, Sinaloa, MEXICO",Mazatlán,Sinaloa,MEXICO,4
17fcc7ef455daa35,"Sánchez Magallanes, Cárdenas, Tabasco, MEXICO","Sánchez Magallanes, Cárdenas",Tabasco,MEXICO,4
5bbd221ce8348316,"Côte-Blanche, Nouméa, NEW CALEDONIA","Côte-Blanche, Nouméa",,NEW CALEDONIA,4
da228c96c15c97c5,"Île de Sable, NEW CALEDONIA",Île de Sable,,NEW CALEDONIA,4
02597a030f34c6fc,"Bay of Bweedro, Ouvéa, Loyalty Islands, NEW CALEDONIA","Bay of Bweedro, Ouvéa",Loyalty Islands,NEW CALEDONIA,4
87feac8b2a3bf7ad,"Maré, Loyalty Islands, NEW CALEDONIA",Maré,Loyalty Islands,NEW CALEDONIA,4
53e22ce11a4b4278,"Hienghène, North Province, NEW CALEDONIA",Hienghène,North Province,NEW CALEDONIA,4
6be4b49c69d55bec,"Ile Yandé (between Poum and Bélep), North Province, NEW CALEDONIA",Ile Yandé (between Poum and Bélep),North Province,NEW CALEDONIA,4
6ace429bfd89e35b,"Lindéralique, Hienghène, North Province, NEW CALEDONIA","Lindéralique, Hienghène",North Province,NEW CALEDONIA,4
949b57e36e4b852a,"Poindimié, North Province, NEW CALEDONIA",Poindimié,North Province,NEW CALEDONIA,4
0ce65cc695091d06,"Dumbéa, South Province, NEW CALEDONIA",Dumbéa,South Province,NEW CALEDONIA,4
3c3790646c92c6a6,"Île de Casey, South Province, NEW CALEDONIA",Île de Casey,South Province,NEW CALEDONIA,4
dbbc32ec830375b7,"Sjøstrand, Oslo Fjord, NORWAY",Sjøstrand,Oslo Fjord,NORWAY,4
7e330eeda406fcec,"22º08'S : 178º06'W, Near the Fiji Islands, PACIFIC OCEAN",22º08'S : 178º06'W,Near the Fiji Islands,PACIFIC OCEAN,4
aa7f2b9b403773c9,"Jarque, just south of Pi?as Bay, PANAMA","Jarque, just south of Pi?as Bay",,PANAMA,4
4fb9292616e8785f,"Playa La Cabaña, Bocas, PANAMA",Playa La Cabaña,Bocas,PANAMA,4
eb563b17c2b380e6,"Cristobal, Colón Province, PANAMA",Cristobal,Colón Province,PANAMA,4
764d13f047d72243,"Jukuataia Village, 10ºS, 142ºE, PAPUA NEW GUINEA",Jukuataia Village,"10ºS, 142ºE",PAPUA NEW GUINEA,4
1e6174c790557345,"P' tit Paris, Saint-Pierre, Conservatória District, REUNION","P' tit Paris, Saint-Pierre",Conservatória District,REUNION,4
dc892c8a1fa8480f,"Roche-aux-Oiseaux, L' Etang Salé-les-Bains, REUNION",Roche-aux-Oiseaux,L' Etang Salé-les-Bains,REUNION,4
dc34527ecd233337,"Ravine des Sables, Saint Leu, L'Etang-Salé, REUNION","Ravine des Sables, Saint Leu",L'Etang-Salé,REUNION,4
5c79ce0ce7b02fcc,"Port de la Marine, Saint-Benoit, REUNION",Port de la Marine,Saint-Benoit,REUNION,4
564568520ce2bee7,"Spot de la gare, Saint-Benoît, REUNION",Spot de la gare,Saint-Benoît,REUNION,4
0b9bf270e2d2a17b,"Embouchure de l'étang du Gol, Saint-Louis, REUNION",Embouchure de l'étang du Gol,Saint-Louis,REUNION,4
24b705468828aa73,"Embouchure de l'étang de Saint Paul, Saint-Paul, REUNION",Embouchure de l'étang de Saint Paul,Saint-Paul,REUNION,4
dac718aa623f9691,"Le cimetière marin, Saint-Paul, REUNION",Le cimetière marin,Saint-Paul,REUNION,4
ff84897a2f0de265,"Basse Vallée, Saint-Philippe, REUNION",Basse Vallée,Saint-Philippe,REUNION,4
28f9b32fc80b45da,"Isle de Gorée, Near Dakar, Cap Vert Peninsula, SENEGAL",Isle de Gorée,"Near Dakar, Cap Vert Peninsula",SENEGAL,4
8fee4cbf047e1780,"North of Guadalcanal, Solomon Islands while enroute to Vanuatu, SOLOMON ISLANDS / VANUATU","North of Guadalcanal, Solomon Islands while enroute to Vanuatu",,SOLOMON ISLANDS / VANUATU,4
afb58ddfa23de4cf,"36º17'N, 126º31'E, South Chungcheong Province, SOUTH KOREA","36º17'N, 126º31'E",South Chungcheong Province,SOUTH KOREA,4
8dd632218e06ee65,"Tarifa, Cádiz, SPAIN",Tarifa,Cádiz,SPAIN,4
bd1bc80036ecb4c6,"Sardina del Norte, Gáldar, Grand Canary Island, SPAIN","Sardina del Norte, Gáldar",Grand Canary Island,SPAIN,4
0e8f5db112885329,"Ceuta, Málaga, SPAIN",Ceuta,Málaga,SPAIN,4
abbfd0ec86ac0afd,"Southern part, Red Sea, SUDAN?",Southern part,Red Sea,SUDAN?,4
9893b3badddd9abc,"Bakurköy, Istanbul, TURKEY","Bakurköy, Istanbul",,TURKEY,4
2972518dfdbae548,"?nciralti Beach, ?zmir, Anatolia, TURKEY","?nciralti Beach, ?zmir",Anatolia,TURKEY,4
e98f08074f1bcc1f,"Montaña de Oro State Park, San Luis Obispo County, California, USA","Montaña de Oro State Park, San Luis Obispo County",California,USA,4
68a099040bb3e17c,"Anna Maria Island, Manatee County, Florida, USA","Anna Maria Island, Manatee County",Florida,USA,4
b74a69c10b6011d0,"Florida Keys 25ºN, 82ºW, Florida, USA","Florida Keys 25ºN, 82ºW",Florida,USA,4
fa2ab772832a7d36,"Fort Myers Beach, Lee County, Florida, USA","Fort Myers Beach, Lee County",Florida,USA,4
fd54a7fcdfac3598,"Gulf Island National Seashore Park, Florida, USA",Gulf Island National Seashore Park,Florida,USA,4
ae5dfb689bf58219,"Juan Ponce de León Landing, Melbourne Beach, Florida, USA","Juan Ponce de León Landing, Melbourne Beach",Florida,USA,4
06ca899b87e52789,"Lovers Key State Park, Bonita Springs, Florida, USA","Lovers Key State Park, Bonita Springs",Florida,USA,4
3c88a63e3250aeb7,"½ mile offshore & 9 miles north of Fort Pierce, Florida, USA",½ mile offshore & 9 miles north of Fort Pierce,Florida,USA,4
5e580708f919ccaf,"Maalaea, South Maui, Hawaii, USA","Maalaea, South Maui",Hawaii,USA,4
03ecd0610eee711c,"Grand Lake, Louisiana, USA",Grand Lake,Louisiana,USA,4
7cd9b52ae6d8126f,"Croatan Beach, Virginia Beach, Virginia, USA","Croatan Beach, Virginia Beach",Virginia,USA,4
72967e157ef4bb48,"Nha Trang, Khánh Hòa Province, VIETNAM",Nha Trang,Khánh Hòa Province,VIETNAM,4
4e0f8e250fc9885f,"Coff’s Harbor, New South Wales, AUSTRALIA",Coff’s Harbor,New South Wales,AUSTRALIA,3
19debbf61da6051c,"George’s River at Kentucky, New South Wales, AUSTRALIA",George’s River at Kentucky,New South Wales,AUSTRALIA,3
7b66efbfd320a28e,"Grey’s Point, Port Hacking, New South Wales, AUSTRALIA","Grey’s Point, Port Hacking",New South Wales,AUSTRALIA,3
f0b496e2c32b2ffc,"Lambeth Street Wharf, George’s River, New South Wales, AUSTRALIA","Lambeth Street Wharf, George’s River",New South Wales,AUSTRALIA,3
df66113b1d630461,"Mark’s Point, Swan Bay, New South Wales, AUSTRALIA","Mark’s Point, Swan Bay",New South Wales,AUSTRALIA,3
17a3bf3a849732d4,"Oatley Bay near Como, George’s River, New South Wales, AUSTRALIA","Oatley Bay near Como, George’s River",New South Wales,AUSTRALIA,3
0469b97c4832bfc1,"Riecks Point, Campbell’s Beach, New South Wales, AUSTRALIA","Riecks Point, Campbell’s Beach",New South Wales,AUSTRALIA,3
1e1bbbbc357b2c75,"St. George’s River at Moorebank, near Milperra Bridge, New South Wales, AUSTRALIA","St. George’s River at Moorebank, near Milperra Bridge",New South Wales,AUSTRALIA,3
43e6816fc3f4cafb,"Between Smith’s Rock & Moreton Island, Queensland, AUSTRALIA",Between Smith’s Rock & Moreton Island,Queensland,AUSTRALIA,3
ebe302f3c8525c47,"Black’s Beach, 9 miles north of Mackay, Queensland, AUSTRALIA","Black’s Beach, 9 miles north of Mackay",Queensland,AUSTRALIA,3
5dae7850e878548f,"Cid Harbor, Whitsundays, Queensland, AUSTRALIA","Cid Harbor, Whitsundays",Queensland,AUSTRALIA,3
3b3306fa6cecf45e,"College’s Crossing, 54 miles above mouth of the Brisbane River, Queensland, AUSTRALIA","College’s Crossing, 54 miles above mouth of the Brisbane River",Queensland,AUSTRALIA,3
962846dce16eb96c,"King’s Beach, Caloundra, Queensland, AUSTRALIA","King’s Beach, Caloundra",Queensland,AUSTRALIA,3
0ec236da77f81de6,"Lambert’s Beach, Mackay, Queensland, AUSTRALIA","Lambert’s Beach, Mackay",Queensland,AUSTRALIA,3
c76c67dae9d5adc1,"North West Island, Queensland, AUSTRALIA",North West Island,Queensland,AUSTRALIA,3
94c30cdcb7feb8db,"Scott’s Point, Redcliffe Peninsula, Queensland, AUSTRALIA","Scott’s Point, Redcliffe Peninsula",Queensland,AUSTRALIA,3
4504114783c92864,"Wiseman’s Beach, Peake Bay, South Australia, AUSTRALIA","Wiseman’s Beach, Peake Bay",South Australia,AUSTRALIA,3
cd111b9a3a63c872,"Left break at the ‘Hot Spot’ at Sheringa Beach, Western Australia, AUSTRALIA",Left break at the ‘Hot Spot’ at Sheringa Beach,Western Australia,AUSTRALIA,3
545175ee87ab80fa,"Quinn’s Rocks, south of Yanchep, Western Australia, AUSTRALIA","Quinn’s Rocks, south of Yanchep",Western Australia,AUSTRALIA,3
a432d939b96325ae,"Woodman’s Point, Western Australia, AUSTRALIA",Woodman’s Point,Western Australia,AUSTRALIA,3
ad00e44e8b821c28,"10 miles west of Walker’s Cay, Abaco Islands, BAHAMAS",10 miles west of Walker’s Cay,Abaco Islands,BAHAMAS,3
75748aa34f49db50,"Sha’ab Mahmud, Ras Mohamed Park, Sinai Peninsula, EGYPT","Sha’ab Mahmud, Ras Mohamed Park",Sinai Peninsula,EGYPT,3
871cb51c4c8c6fd4,"In Los Angeles – Honolulu yacht race, PACIFIC OCEAN",In Los Angeles – Honolulu yacht race,,PACIFIC OCEAN,3
153452d4c6a2c0e4,"Fisherman’s Island near Port Moresby, Central Province, PAPUA NEW GUINEA",Fisherman’s Island near Port Moresby,Central Province,PAPUA NEW GUINEA,3
2d68940f3cb0f92b,"Hadrian’s (Haidana?) Island, near Port Moresby, Central Province, PAPUA NEW GUINEA","Hadrian’s (Haidana?) Island, near Port Moresby",Central Province,PAPUA NEW GUINEA,3
5881e9d54255c66d,"Nofoali’i, Upolu Island, SAMOA",Nofoali’i,Upolu Island,SAMOA,3
c9dbe8a8f47c4534,"Trench’s Beach, Guadalcanal Island, Guadalcanal Province, SOLOMON ISLANDS","Trench’s Beach, Guadalcanal Island",Guadalcanal Province,SOLOMON ISLANDS,3
04e70444cbcb694e,"Fuller’s Bay, Eastern Cape Province, SOUTH AFRICA",Fuller’s Bay,Eastern Cape Province,SOUTH AFRICA,3
fdc3ba4ab3dc489a,"Paradise Beach, Jeffrey’s Bay, Eastern Cape Province, SOUTH AFRICA","Paradise Beach, Jeffrey’s Bay",Eastern Cape Province,SOUTH AFRICA,3
6aa4db057cdbd279,"St. George’s Strand, Eastern Cape Province, SOUTH AFRICA",St. George’s Strand,Eastern Cape Province,SOUTH AFRICA,3
41f2576d057d861e,"St. George’s Strand, Port Elizabeth, Eastern Cape Province, SOUTH AFRICA","St. George’s Strand, Port Elizabeth",Eastern Cape Province,SOUTH AFRICA,3
286a979ff9500ca2,"Anstey’s, KwaZulu-Natal, SOUTH AFRICA",Anstey’s,KwaZulu-Natal,SOUTH AFRICA,3
bed6f443be20f96a,"Catfish Rock, between Salt Rock & Shaka’s Rock, KwaZulu-Natal, SOUTH AFRICA","Catfish Rock, between Salt Rock & Shaka’s Rock",KwaZulu-Natal,SOUTH AFRICA,3
f8f54a22e7f32c00,"Granny’s Pool, Winkelspruit, KwaZulu-Natal, SOUTH AFRICA","Granny’s Pool, Winkelspruit",KwaZulu-Natal,SOUTH AFRICA,3
394294e76cd1c33b,"Vetch’s Pier, Durban, KwaZulu-Natal, SOUTH AFRICA","Vetch’s Pier, Durban",KwaZulu-Natal,SOUTH AFRICA,3
0df497ff093d830d,"5 km from Gordon’s Bay, False Bay, Western Cape Province, SOUTH AFRICA","5 km from Gordon’s Bay, False Bay",Western Cape Province,SOUTH AFRICA,3
a01dee3048abaa42,"Miller’s Point, Western Cape Province, SOUTH AFRICA",Miller’s Point,Western Cape Province,SOUTH AFRICA,3
b1519e5c6e13eb15,"Simon’s Bay, Western Cape Province, SOUTH AFRICA",Simon’s Bay,Western Cape Province,SOUTH AFRICA,3
8756bf057c752a0c,"Simon’s Town, False Bay, Western Cape Province, SOUTH AFRICA","Simon’s Town, False Bay",Western Cape Province,SOUTH AFRICA,3
c78a60fb49705339,"Playa d’en Bossa, Ibiza Island, SPAIN",Playa d’en Bossa,Ibiza Island,SPAIN,3
751bcb45cca9375d,"Tu’anuku, Vava'u, TONGA",Tu’anuku,Vava'u,TONGA,3
ffb4c70aec714245,"Between Ofu & Fafini Islands, Vava’u, TONGA",Between Ofu & Fafini Islands,Vava’u,TONGA,3
713eb7c31d96f637,"Near Tapana Island, Vava’u, TONGA",Near Tapana Island,Vava’u,TONGA,3
b9645508807ae11a,"Ye?ilköy, TURKEY",Ye?ilköy,,TURKEY,3
ea199aec671d5a8b,"Sewell’s Point, near Palm Beach, Florida, USA","Sewell’s Point, near Palm Beach",Florida,USA,3
7d79070dbe4ef9d8,"Bellows Beach near Wailea Point, O’ahu, Hawaii, USA","Bellows Beach near Wailea Point, O’ahu",Hawaii,USA,3
cc51fd3150a11607,"Goats Island (Moku’auia Island), Malaekahana State Recreation Area, Hawaii, USA","Goats Island (Moku’auia Island), Malaekahana State Recreation Area",Hawaii,USA,3
22194ddceae6e7bb,"Kama‘ole Beach Park, Maui, Hawaii, USA","Kama‘ole Beach Park, Maui",Hawaii,USA,3
022d5af33eb0b74f,"Ka’anapali Shores, Hawaii, USA",Ka’anapali Shores,Hawaii,USA,3
4afb2f6fd97b930e,"Ka’eleki’I Point, Maui, Hawaii, USA","Ka’eleki’I Point, Maui",Hawaii,USA,3
c382f7d62566a97c,"Maha‘ulepu Beach, Kauai, Hawaii, USA","Maha‘ulepu Beach, Kauai",Hawaii,USA,3
88740cf935444b87,"Nanakuli, Oah’u, Hawaii, USA","Nanakuli, Oah’u",Hawaii,USA,3
a14c41a4653cf61e,"Shipwreck’s Beach, Keoneloa Bay, Hawaii, USA","Shipwreck’s Beach, Keoneloa Bay",Hawaii,USA,3
0803b0cd8e94b552,"Bald Head Island, Brunswick County, North Carolina, USA","Bald Head Island, Brunswick County",North Carolina,USA,3
45adc0dd1f1a0155,"Brown’s Inlet on New River, Onslow Beach, North Carolina, USA","Brown’s Inlet on New River, Onslow Beach",North Carolina,USA,3
1d4dea4bb06050b1,"Pawley’s Island, Georgetown County, South Carolina, USA","Pawley’s Island, Georgetown County",South Carolina,USA,3
2ec2fe3ee95f163c,"Pawley’s Island, north of Charleston, South Carolina, USA","Pawley’s Island, north of Charleston",South Carolina,USA,3
2060df06055dcf2f,"Nu’ulua, Upolu Island, WESTERN SAMOA",Nu’ulua,Upolu Island,WESTERN SAMOA,3
ef029e01cbcb3642,"Crowdy Bay, NSW, AUSTRALIA",Crowdy Bay,NSW,AUSTRALIA,2
0bd6cdc70e5b1f32,"Crowdy Baay, New South Wales, AUSTRALIA",Crowdy Baay,New South Wales,AUSTRALIA,2
f0ace1df71807716,"Groote Eylandt, Northern Territory, AUSTRALIA",Groote Eylandt,Northern Territory,AUSTRALIA,2
82fc261ffffb63b8,"Fraser Island, Queensland, AUSTRALIA",Fraser Island,Queensland,AUSTRALIA,2
2d9b37c63182617b,"Gays Corner, Bulimba Reach of Brisbane River, Queensland, AUSTRALIA","Gays Corner, Bulimba Reach of Brisbane River",Queensland,AUSTRALIA,2
bcac0b851b86be68,"Gayï¿½s Corner, Bulimba Reach of Brisbane River, Queensland, AUSTRALIA","Gayï¿½s Corner, Bulimba Reach of Brisbane River",Queensland,AUSTRALIA,2
bbd9b3bacbd2ce59,"Woorim Beach, Bribie Island, Queensland, AUSTRALIA","Woorim Beach, Bribie Island",Queensland,AUSTRALIA,2
eaf14f5880ed8bd0,"Yorkeys Knob Beach near Cairns, Queensland, AUSTRALIA",Yorkeys Knob Beach near Cairns,Queensland,AUSTRALIA,2
c4e3546bea741503,"Yorkeyï¿½s Knob Beach near Cairns, Queensland, AUSTRALIA",Yorkeyï¿½s Knob Beach near Cairns,Queensland,AUSTRALIA,2
6ae28f6461e2e20d,"Port Noarlunga, South Australia, AUSTRALIA",Port Noarlunga,South Australia,AUSTRALIA,2
85269c22f6ca77cf,"Ocean Grove Beach, Victoria, AUSTRALIA",Ocean Grove Beach,Victoria,AUSTRALIA,2
653393814a323d71,"Cable Beach, Western Australia, AUSTRALIA",Cable Beach,Western Australia,AUSTRALIA,2
328e3c759393eb11,"Bimini Bay, BAHAMAS",Bimini Bay,,BAHAMAS,2
eabb748d9ce68207,"Tiger Beach, Grand Bahama Island, BAHAMAS",Tiger Beach,Grand Bahama Island,BAHAMAS,2
2924d2ba97b5bd0c,"Praia da Marcela, Sï¿½o Marcos Bay, Maranhï¿½o, BRAZIL","Praia da Marcela, Sï¿½o Marcos Bay",Maranhï¿½o,BRAZIL,2
271f5cda15869eff,"Piedade Beach, Jaboatï¿½o dos Guararapes City, Pernambuco, BRAZIL","Piedade Beach, Jaboatï¿½o dos Guararapes City",Pernambuco,BRAZIL,2
21476ff8e6e414db,"Moš?eni?ka Draga, Primorje-Gorski Kotar County, CROATIA",Moš?eni?ka Draga,Primorje-Gorski Kotar County,CROATIA,2
1bc9b5f70ca2ff5e,"Sahl Hasheesh, Hurghada, Red Sea Governorate, EGYPT",Sahl Hasheesh,"Hurghada, Red Sea Governorate",EGYPT,2
e3a663b966fe280b,"Red Sea, North of Marsa Alam, EGYPT",Red Sea,North of Marsa Alam,EGYPT,2
2c58f51ef579a577,"Guadalupe Island, MEXICO",Guadalupe Island,,MEXICO,2
100745f7fca1c239,"Playa Quieta, Ixtapa, Guerrero, MEXICO","Playa Quieta, Ixtapa",Guerrero,MEXICO,2
3374b6808800505d,"Oreti Beach, Southland, NEW ZEALAND",Oreti Beach,Southland,NEW ZEALAND,2
1a87eec471b218c3,"Ravine Mula, dÉtang-Salé, REUNION",Ravine Mula,dÉtang-Salé,REUNION,2
a8cda7ee67f8917a,"Ravine Mula, dï¿½ï¿½tang-Salï¿½, REUNION",Ravine Mula,dï¿½ï¿½tang-Salï¿½,REUNION,2
4d90d8f8fe3bd284,"Jeffreys Bay, Eastern Cape Province, SOUTH AFRICA",Jeffreys Bay,Eastern Cape Province,SOUTH AFRICA,2
15a17691a546a4c4,"Jeffreyï¿½s Bay, Eastern Cape Province, SOUTH AFRICA",Jeffreyï¿½s Bay,Eastern Cape Province,SOUTH AFRICA,2
c86b0bf83894b9bc,"Kidds Beach, Eastern Cape Province, SOUTH AFRICA",Kidds Beach,Eastern Cape Province,SOUTH AFRICA,2
54e0442b1f134840,"Kiddï¿½s Beach, Eastern Cape Province, SOUTH AFRICA",Kiddï¿½s Beach,Eastern Cape Province,SOUTH AFRICA,2
b51f01ee9b704011,"Kings Beach, Eastern Cape Province, SOUTH AFRICA",Kings Beach,Eastern Cape Province,SOUTH AFRICA,2
f09cf07509cddf8f,"Kingï¿½s Beach, Eastern Cape Province, SOUTH AFRICA",Kingï¿½s Beach,Eastern Cape Province,SOUTH AFRICA,2
23c3d73d074c6b10,"Gordons Bay, Western Cape Province, SOUTH AFRICA",Gordons Bay,Western Cape Province,SOUTH AFRICA,2
5dcbdab6b898133e,"Gordonï¿½s Bay, Western Cape Province, SOUTH AFRICA",Gordonï¿½s Bay,Western Cape Province,SOUTH AFRICA,2
8f177bb74e5b2021,"Santa Barbara Channel, California, USA",Santa Barbara Channel,California,USA,2
9a4aab7ee1d4564b,"Bathtub Beach, Martin County, Florida, USA","Bathtub Beach, Martin County",Florida,USA,2
665b6a2f3cf593b0,"Canaveral National Seashore, Florida, USA",Canaveral National Seashore,Florida,USA,2
3225e95cf9ae95a1,"Near Patrick AFB, Brevard County, Florida, USA","Near Patrick AFB, Brevard County",Florida,USA,2
63d92f1914351c9a,"Barbers Point, O'ahu, Hawaii, USA","Barbers Point, O'ahu",Hawaii,USA,2
49df216de809b704,"Barberï¿½s Point, O'ahu, Hawaii, USA","Barberï¿½s Point, O'ahu",Hawaii,USA,2
c1e811ef6b3a6178,"Haleiwa, Oahu, Hawaii, USA","Haleiwa, Oahu",Hawaii,USA,2
4afdb410ca2bafcb,"Kaiwi Channel, Hawaii, USA",Kaiwi Channel,Hawaii,USA,2
276a23cba88572ba,"Jones Beach, Nassau County, New York, USA","Jones Beach, Nassau County",New York,USA,2
e4ca1aa69fead32e,"Smith Point Beach, Suffolk County, New York, USA","Smith Point Beach, Suffolk County",New York,USA,2
82c15a969b4670e9,Kralievica,Kralievica,,,1
57e3fcd0fd949859,"North of Guadalcanal, Solomon Islands while enroute to Vanuatu","North of Guadalcanal, Solomon Islands while enroute to Vanuatu",,,1
022d49221a47c4d9,"ï¿½le Saint-Paul, French Southern Territories",ï¿½le Saint-Paul,French Southern Territories,,1
1c01be597547acf7,"Southern part, Red Sea",Southern part,Red Sea,,1
79ef347557b943dd,"Vicinity of Abadan, Shatt-al-Arab River",Vicinity of Abadan,Shatt-al-Arab River,,1
b98fb8d186852e28,"1 km off the mouth of Marsa Bereika, north of Ras Mohammed, South Sinai, Gulf of Aqaba","1 km off the mouth of Marsa Bereika, north of Ras Mohammed","South Sinai, Gulf of Aqaba",,1
048a50c73aeeb1a9,"Chubut Province, Patagonia, ARGENTINA",Chubut Province,Patagonia,ARGENTINA,1
93a523939ee1762a,"Angels Beach East Ballina, NSW, AUSTRALIA",Angels Beach East Ballina,NSW,AUSTRALIA,1
7c4d7e9ed4e73e55,"Avalon Beach, NSW, AUSTRALIA",Avalon Beach,NSW,AUSTRALIA,1
570f395ee4767624,"Cabarita Beach, NSW, AUSTRALIA",Cabarita Beach,NSW,AUSTRALIA,1
7fc0dd366b64ce32,"Dee Why, NSW, AUSTRALIA",Dee Why,NSW,AUSTRALIA,1
ff37823b62552d75,"Gunyah beach Bundeena Port Hacking, NSW, AUSTRALIA",Gunyah beach Bundeena Port Hacking,NSW,AUSTRALIA,1
814b842f165f8e68,"Little Avalon Beach, NSW, AUSTRALIA",Little Avalon Beach,NSW,AUSTRALIA,1
a9d3f85eec6a761e,"Long Reef Sydney, NSW, AUSTRALIA",Long Reef Sydney,NSW,AUSTRALIA,1
df1c1a5a67dc1b72,"Nielsen Park Vaucluse Sydney Harbour, NSW, AUSTRALIA",Nielsen Park Vaucluse Sydney Harbour,NSW,AUSTRALIA,1
a7027ecf38c17ffa,"Norries Headland Cabarita Beach, NSW, AUSTRALIA",Norries Headland Cabarita Beach,NSW,AUSTRALIA,1
7dddafde2950fabf,"North Shore Beach, Port Macquarie, NSW, AUSTRALIA","North Shore Beach, Port Macquarie",NSW,AUSTRALIA,1
31916c3c5fa26019,"North Steyne, NSW, AUSTRALIA",North Steyne,NSW,AUSTRALIA,1
0102d1a9b2621ce9,"Off Port Stephens near Newcastle, NSW, AUSTRALIA",Off Port Stephens near Newcastle,NSW,AUSTRALIA,1
692684c2e3873185,"Point Plomber North of Port Macquarie, NSW, AUSTRALIA",Point Plomber North of Port Macquarie,NSW,AUSTRALIA,1
df3bc0a0cf44c79d,"Tathra Beach, NSW, AUSTRALIA",Tathra Beach,NSW,AUSTRALIA,1
ed7aebad8d6fd290,"26 nautical miles out to sea off Lake Macquarie, New South Wales, AUSTRALIA",26 nautical miles out to sea off Lake Macquarie,New South Wales,AUSTRALIA,1
7ee4d2c46feebee4,"7 Mile Beach, Gerroa, New South Wales, AUSTRALIA","7 Mile Beach, Gerroa",New South Wales,AUSTRALIA,1
1d4902dfca0635d3,"Avoca, New South Wales, AUSTRALIA",Avoca,New South Wales,AUSTRALIA,1
3a7f24096f02e3ce,"Belongil Bay, New South Wales, AUSTRALIA",Belongil Bay,New South Wales,AUSTRALIA,1
6e4eb2a9cb2a635e,"Buchan Point, Sydney, New South Wales, AUSTRALIA","Buchan Point, Sydney",New South Wales,AUSTRALIA,1
bbad451be3241c70,"Cabarita Beach, New South Wales, AUSTRALIA",Cabarita Beach,New South Wales,AUSTRALIA,1
0b86add314974639,"Coffs Harbour, New South Wales, AUSTRALIA",Coffs Harbour,New South Wales,AUSTRALIA,1
6f3452377a9d510a,"Coffs Harbor, New South Wales, AUSTRALIA",Coffs Harbor,New South Wales,AUSTRALIA,1
0ef0f5f61cdd3555,"Coffï¿½s Harbor, New South Wales, AUSTRALIA",Coffï¿½s Harbor,New South Wales,AUSTRALIA,1
9af35784593636d7,"Elizabeth Bay, Sydney Harbor, New South Wales, AUSTRALIA","Elizabeth Bay, Sydney Harbor",New South Wales,AUSTRALIA,1
92ffa1bca4ddffa2,"Forster, New South Wales, AUSTRALIA",Forster,New South Wales,AUSTRALIA,1
bbf11df5cb4c4d9b,"Georges River, New South Wales, AUSTRALIA",Georges River,New South Wales,AUSTRALIA,1
a1e1ed6d2e3c9a92,"Georges River at Kentucky, New South Wales, AUSTRALIA",Georges River at Kentucky,New South Wales,AUSTRALIA,1
e69292946fa6fbe1,"Georgeï¿½s River at Kentucky, New South Wales, AUSTRALIA",Georgeï¿½s River at Kentucky,New South Wales,AUSTRALIA,1
cc0cc4e3ccf98a43,"Greys Point, Port Hacking, New South Wales, AUSTRALIA","Greys Point, Port Hacking",New South Wales,AUSTRALIA,1
c30f12e3b5933d84,"Greyï¿½s Point, Port Hacking, New South Wales, AUSTRALIA","Greyï¿½s Point, Port Hacking",New South Wales,AUSTRALIA,1
30ea821ee7faee6b,"Hyams Beach, Jervis Bay, New South Wales, AUSTRALIA","Hyams Beach, Jervis Bay",New South Wales,AUSTRALIA,1
ca4e89893d7f8fb6,"Killick Creek near Crescent Head, New South Wales, AUSTRALIA",Killick Creek near Crescent Head,New South Wales,AUSTRALIA,1
7a69155a750b3ce2,"Lambeth Street Wharf, Georges River, New South Wales, AUSTRALIA","Lambeth Street Wharf, Georges River",New South Wales,AUSTRALIA,1
e0dce9b33d764cba,"Lambeth Street Wharf, Georgeï¿½s River, New South Wales, AUSTRALIA","Lambeth Street Wharf, Georgeï¿½s River",New South Wales,AUSTRALIA,1
9dd292f649132771,"Lighthouse Beach, Port Macquarie, New South Wales, AUSTRALIA","Lighthouse Beach, Port Macquarie",New South Wales,AUSTRALIA,1
e085764fd0ceb5be,"Marks Point, Swan Bay, New South Wales, AUSTRALIA","Marks Point, Swan Bay",New South Wales,AUSTRALIA,1
b45e5f663effe3d3,"Markï¿½s Point, Swan Bay, New South Wales, AUSTRALIA","Markï¿½s Point, Swan Bay",New South Wales,AUSTRALIA,1
547f6159fbffc8bd,"Nambucca, New South Wales, AUSTRALIA",Nambucca,New South Wales,AUSTRALIA,1
1988c0dd445f873a,"Oatley Bay near Como, Georges River, New South Wales, AUSTRALIA","Oatley Bay near Como, Georges River",New South Wales,AUSTRALIA,1
b54b591737e3a579,"Oatley Bay near Como, Georgeï¿½s River, New South Wales, AUSTRALIA","Oatley Bay near Como, Georgeï¿½s River",New South Wales,AUSTRALIA,1
1471ef44d1473325,"Off North Bondi, New South Wales, AUSTRALIA",Off North Bondi,New South Wales,AUSTRALIA,1
a52f091bd9fe2113,"Old Bar, New South Wales, AUSTRALIA",Old Bar,New South Wales,AUSTRALIA,1
853e4da3be23fdc1,"Riecks Point, Campbells Beach, New South Wales, AUSTRALIA","Riecks Point, Campbells Beach",New South Wales,AUSTRALIA,1
944e87305c11a5a7,"Riecks Point, Campbellï¿½s Beach, New South Wales, AUSTRALIA","Riecks Point, Campbellï¿½s Beach",New South Wales,AUSTRALIA,1
7e4961a0a6cbd1cb,"Salt Beach near Kingscliff, New South Wales, AUSTRALIA",Salt Beach near Kingscliff,New South Wales,AUSTRALIA,1
c3972388c75fa9d5,"Samurai Beach, New South Wales, AUSTRALIA",Samurai Beach,New South Wales,AUSTRALIA,1
b35b75b68957657f,"Shellharbour, New South Wales, AUSTRALIA",Shellharbour,New South Wales,AUSTRALIA,1
e17ca68424ecb9ad,"Shelly Beach, Ballina, New South Wales, AUSTRALIA","Shelly Beach, Ballina",New South Wales,AUSTRALIA,1
dc4b15a89bd4d536,"Shelly Beach, Port Macquarie, New South Wales, AUSTRALIA","Shelly Beach, Port Macquarie",New South Wales,AUSTRALIA,1
95d0fd75f0eb9685,"South Steyne, New South Wales, AUSTRALIA",South Steyne,New South Wales,AUSTRALIA,1
4f5fd51497dca6e8,"St. Georges River at Moorebank, near Milperra Bridge, New South Wales, AUSTRALIA","St. Georges River at Moorebank, near Milperra Bridge",New South Wales,AUSTRALIA,1
e6b0bf80b2327ce2,"St. Georgeï¿½s River at Moorebank, near Milperra Bridge, New South Wales, AUSTRALIA","St. Georgeï¿½s River at Moorebank, near Milperra Bridge",New South Wales,AUSTRALIA,1
57fca6f8603a65d4,"Suffolk Park, New South Wales, AUSTRALIA",Suffolk Park,New South Wales,AUSTRALIA,1
b2f28b5569bde1f6,"Terrigal Beach, New South Wales, AUSTRALIA",Terrigal Beach,New South Wales,AUSTRALIA,1
547348c455f872c0,"Tomaree, New South Wales, AUSTRALIA",Tomaree,New South Wales,AUSTRALIA,1
431e4560d4d7c885,"Town Beach, Port Macquarie, New South Wales, AUSTRALIA","Town Beach, Port Macquarie",New South Wales,AUSTRALIA,1
767796c0bc068206,"Turncurry Beach, New South Wales, AUSTRALIA",Turncurry Beach,New South Wales,AUSTRALIA,1
78742df03c85cb29,"Urunga area, New South Wales, AUSTRALIA",Urunga area,New South Wales,AUSTRALIA,1
a76bc74b95b14d3f,"Wamberal Beach, New South Wales, AUSTRALIA",Wamberal Beach,New South Wales,AUSTRALIA,1
b883f9f415e4b83b,"Warriewood, New South Wales, AUSTRALIA",Warriewood,New South Wales,AUSTRALIA,1
f0d13fa6f5b75a66,"Wilsons Headland, New South Wales, AUSTRALIA",Wilsons Headland,New South Wales,AUSTRALIA,1
f2b22645bb682b95,"Windang Beach, New South Wales, AUSTRALIA",Windang Beach,New South Wales,AUSTRALIA,1
1012182d183bf98d,"Killick Creek near Crescent Head, New South ales, AUSTRALIA",Killick Creek near Crescent Head,New South ales,AUSTRALIA,1
9f29ea68fcb50405,"Nightcliff Jetty, Darwin, Northern Territory, AUSTRALIA","Nightcliff Jetty, Darwin",Northern Territory,AUSTRALIA,1
6c8edb9c574af2c3,"Off Nhulunbuy, Northern Territory, AUSTRALIA",Off Nhulunbuy,Northern Territory,AUSTRALIA,1
c23127e560790c98,"1770, Queensland, AUSTRALIA",1770,Queensland,AUSTRALIA,1
a0b4565f9ad8da5f,"Bargara, Queensland, AUSTRALIA",Bargara,Queensland,AUSTRALIA,1
4c5af84c53206d98,"Bargara Beach, Queensland, AUSTRALIA",Bargara Beach,Queensland,AUSTRALIA,1
642fa23c6abb865c,"Between Smiths Rock & Moreton Island, Queensland, AUSTRALIA",Between Smiths Rock & Moreton Island,Queensland,AUSTRALIA,1
0578bd3079fa493b,"Between Smithï¿½s Rock & Moreton Island, Queensland, AUSTRALIA",Between Smithï¿½s Rock & Moreton Island,Queensland,AUSTRALIA,1
8ed7fdc14b6567df,"Blacks Beach, 9 miles north of Mackay, Queensland, AUSTRALIA","Blacks Beach, 9 miles north of Mackay",Queensland,AUSTRALIA,1
d963f75b47036eaa,"Blackï¿½s Beach, 9 miles north of Mackay, Queensland, AUSTRALIA","Blackï¿½s Beach, 9 miles north of Mackay",Queensland,AUSTRALIA,1
265e17db9f4bfc66,"Britomart Reef, Queensland, AUSTRALIA",Britomart Reef,Queensland,AUSTRALIA,1
71bf469430209a00,"Bullcock Beach, Queensland, AUSTRALIA",Bullcock Beach,Queensland,AUSTRALIA,1
879ed4202cc47716,"Cairns, Queensland, AUSTRALIA",Cairns,Queensland,AUSTRALIA,1
2af8e68c9da30cbd,"Clack Island, Queensland, AUSTRALIA",Clack Island,Queensland,AUSTRALIA,1
6728be821be67e6f,"Colleges Crossing, 54 miles above mouth of the Brisbane River, Queensland, AUSTRALIA","Colleges Crossing, 54 miles above mouth of the Brisbane River",Queensland,AUSTRALIA,1
1ba39b3c773378f0,"Collegeï¿½s Crossing, 54 miles above mouth of the Brisbane River, Queensland, AUSTRALIA","Collegeï¿½s Crossing, 54 miles above mouth of the Brisbane River",Queensland,AUSTRALIA,1
8450050da9e4d9ac,"Cook Esplanade Thursday Island, Queensland, AUSTRALIA",Cook Esplanade Thursday Island,Queensland,AUSTRALIA,1
a91a596d84a5a0d0,"Curtis Island Near Gladstone QLD central coast, Queensland, AUSTRALIA",Curtis Island Near Gladstone QLD central coast,Queensland,AUSTRALIA,1
d32931e8ae14ced3,"Elliot Head, near Bundaberg., Queensland, AUSTRALIA","Elliot Head, near Bundaberg.",Queensland,AUSTRALIA,1
8f1dbcc62ce97b7c,"Greenmount Beach, Coolangatta, Queensland, AUSTRALIA","Greenmount Beach, Coolangatta",Queensland,AUSTRALIA,1
2081471a0b0a2a79,"Hinchinbrook Channel, Queensland, Queensland, AUSTRALIA","Hinchinbrook Channel, Queensland",Queensland,AUSTRALIA,1
fe1408619e26e7af,"Hook Island, Whitsundays, Queensland, AUSTRALIA","Hook Island, Whitsundays",Queensland,AUSTRALIA,1
55162e22f41d3b0a,"Humpy Island Great Keppel Island, Queensland, AUSTRALIA",Humpy Island Great Keppel Island,Queensland,AUSTRALIA,1
8108f797f2c6fb18,"Kings Beach, Caloundra, Queensland, AUSTRALIA","Kings Beach, Caloundra",Queensland,AUSTRALIA,1
a87c65d674546560,"Kingï¿½s Beach, Caloundra, Queensland, AUSTRALIA","Kingï¿½s Beach, Caloundra",Queensland,AUSTRALIA,1
455ae483342012e4,"Lady Elliott Island, Queensland, AUSTRALIA",Lady Elliott Island,Queensland,AUSTRALIA,1
a42548ae510f37ec,"Lady Musgrave Island, Queensland, AUSTRALIA",Lady Musgrave Island,Queensland,AUSTRALIA,1
3454f97457201c50,"Lamberts Beach, Mackay, Queensland, AUSTRALIA","Lamberts Beach, Mackay",Queensland,AUSTRALIA,1
947c4a0b3332f050,"Lambertï¿½s Beach, Mackay, Queensland, AUSTRALIA","Lambertï¿½s Beach, Mackay",Queensland,AUSTRALIA,1
992cfaec0af44f4d,"Line Reef, Queensland, AUSTRALIA",Line Reef,Queensland,AUSTRALIA,1
6f1c5c6ddc2412bc,"Lucinda, Queensland, AUSTRALIA",Lucinda,Queensland,AUSTRALIA,1
8a68a7e72fa6fdf6,"Magra Islet, Queensland, AUSTRALIA",Magra Islet,Queensland,AUSTRALIA,1
5c19753353920dd3,"Maroochydore Beach, Queensland, AUSTRALIA",Maroochydore Beach,Queensland,AUSTRALIA,1
df8e140b386767f9,"Moffat Beach, Queensland, AUSTRALIA",Moffat Beach,Queensland,AUSTRALIA,1
2f13f5dbc04776e3,"Mooloolaba Beach, Queensland, AUSTRALIA",Mooloolaba Beach,Queensland,AUSTRALIA,1
2dc9797f4c8c9ce7,"North Stradbroke Island, Queensland, AUSTRALIA",North Stradbroke Island,Queensland,AUSTRALIA,1
d4fa0884fdf48793,"Off Airlie Beach, Whitsundays, Queensland, AUSTRALIA","Off Airlie Beach, Whitsundays",Queensland,AUSTRALIA,1
eeb6710b253e35d3,"Pelican Waters, Caloundra, Queensland, AUSTRALIA","Pelican Waters, Caloundra",Queensland,AUSTRALIA,1
1bd8a8cafd3e4c75,"Redcliffe, Queensland, AUSTRALIA",Redcliffe,Queensland,AUSTRALIA,1
1073052c9344c1ac,"Scotts Point, Redcliffe Peninsula, Queensland, AUSTRALIA","Scotts Point, Redcliffe Peninsula",Queensland,AUSTRALIA,1
55105290a35d9573,"Scottï¿½s Point, Redcliffe Peninsula, Queensland, AUSTRALIA","Scottï¿½s Point, Redcliffe Peninsula",Queensland,AUSTRALIA,1
16c912624a5788f3,"Seaforth River, near MacKay, Queensland, AUSTRALIA","Seaforth River, near MacKay",Queensland,AUSTRALIA,1
a75e290b35d6776c,"Southport, Queensland, AUSTRALIA",Southport,Queensland,AUSTRALIA,1
8ceff29037c56061,"Sudbury Island, Queensland, AUSTRALIA",Sudbury Island,Queensland,AUSTRALIA,1
feccd6347504538b,"Swain Reef, Queensland, AUSTRALIA",Swain Reef,Queensland,AUSTRALIA,1
72e6ba6e0883f481,"The Wrecks walking track Moreton Island, Queensland, AUSTRALIA",The Wrecks walking track Moreton Island,Queensland,AUSTRALIA,1
e79a1e316dfb9915,"Waterford West, Queensland, AUSTRALIA",Waterford West,Queensland,AUSTRALIA,1
351517123f86693e,"Whitsunday Islands, Queensland, AUSTRALIA",Whitsunday Islands,Queensland,AUSTRALIA,1
ff38307e1c5f1eb1,"Yandaran Beach, Queensland, AUSTRALIA",Yandaran Beach,Queensland,AUSTRALIA,1
dc481ef98fe50179,"Yarrabah, Queensland, AUSTRALIA",Yarrabah,Queensland,AUSTRALIA,1
0598edba1c25a943,"Beachport, South Australia, AUSTRALIA",Beachport,South Australia,AUSTRALIA,1
3f37035269096218,"Cape Jaffa Limestone Coast, South Australia, AUSTRALIA",Cape Jaffa Limestone Coast,South Australia,AUSTRALIA,1
8ae5f6d4511f1802,"D’Estrees Bay near Kangaroo Island, South Australia, AUSTRALIA",D’Estrees Bay near Kangaroo Island,South Australia,AUSTRALIA,1
3fe096a4f5fe400f,"Elliston, South Australia, AUSTRALIA",Elliston,South Australia,AUSTRALIA,1
84cad282f9395b93,"Ethel Beach, South Australia, AUSTRALIA",Ethel Beach,South Australia,AUSTRALIA,1
dd2f3bc5b3450fd0,"Gleneg, South Australia, AUSTRALIA",Gleneg,South Australia,AUSTRALIA,1
ba809a33a77f34c0,"Granites Beach near Westall Streaky Bay, South Australia, AUSTRALIA",Granites Beach near Westall Streaky Bay,South Australia,AUSTRALIA,1
80bd1e354327837c,"Laura Bay, South Australia, AUSTRALIA",Laura Bay,South Australia,AUSTRALIA,1
0e131d7eb15e421a,"Middleton Beach Fleurieu Peninsula Adelaide, South Australia, AUSTRALIA",Middleton Beach Fleurieu Peninsula Adelaide,South Australia,AUSTRALIA,1
1c64616f078d3a4d,"Port MacDonnell, South Australia, AUSTRALIA",Port MacDonnell,South Australia,AUSTRALIA,1
15b65221db9ad022,"Seacliff, South Australia, AUSTRALIA",Seacliff,South Australia,AUSTRALIA,1
041acececc7328cc,"Seacliff beach Adelaide, South Australia, AUSTRALIA",Seacliff beach Adelaide,South Australia,AUSTRALIA,1
838b164aa7068c50,"Walkers Beach, Elliston, South Australia, AUSTRALIA","Walkers Beach, Elliston",South Australia,AUSTRALIA,1
3aaf1401f5958e00,"West beach Glenelg, South Australia, AUSTRALIA",West beach Glenelg,South Australia,AUSTRALIA,1
43d27f9dfa6823ff,"Wisemans Beach, Peake Bay, South Australia, AUSTRALIA","Wisemans Beach, Peake Bay",South Australia,AUSTRALIA,1
316003c64b457cf2,"Wisemanï¿½s Beach, Peake Bay, South Australia, AUSTRALIA","Wisemanï¿½s Beach, Peake Bay",South Australia,AUSTRALIA,1
f55ad7f67400cd77,"Barren Joey Island, Tasmania, AUSTRALIA",Barren Joey Island,Tasmania,AUSTRALIA,1
9edac92b7c1e2b7b,"Cooee Beach west of Burnie, Tasmania, AUSTRALIA",Cooee Beach west of Burnie,Tasmania,AUSTRALIA,1
7889651754093f30,"Maatsuyker Island, Tasmania, AUSTRALIA",Maatsuyker Island,Tasmania,AUSTRALIA,1
a00dec02b07e99df,"Nettley Bay, Tasmania, AUSTRALIA",Nettley Bay,Tasmania,AUSTRALIA,1
9a76053540127194,"Off Stanley, Tasmania, AUSTRALIA",Off Stanley,Tasmania,AUSTRALIA,1
2d54b5ae31664052,"Tenth Island, Tasmania, AUSTRALIA",Tenth Island,Tasmania,AUSTRALIA,1
976a64dbd882ae76,"13th Beach, Victoria, AUSTRALIA",13th Beach,Victoria,AUSTRALIA,1
70cf825b1899dccc,"Elwood, Victoria, AUSTRALIA",Elwood,Victoria,AUSTRALIA,1
b313c01e0f40bf95,"Nun's Beach, Portland, Victoria, AUSTRALIA","Nun's Beach, Portland",Victoria,AUSTRALIA,1
6a59e73eb874f17c,"Nuns Beach near Portland, Victoria, AUSTRALIA",Nuns Beach near Portland,Victoria,AUSTRALIA,1
82fc6b8d3a9d06c4,"Ship's Graveyard off Point Lonsdale, Victoria, AUSTRALIA",Ship's Graveyard off Point Lonsdale,Victoria,AUSTRALIA,1
de2dd6bad40731b6,"Southside Beach, near Geelong, Victoria, AUSTRALIA","Southside Beach, near Geelong",Victoria,AUSTRALIA,1
24af60ddc9f0d106,"Duke of Orleans Bay, WA, AUSTRALIA",Duke of Orleans Bay,WA,AUSTRALIA,1
da4c69215b08a170,"Sandtrax Port Beach North Fremantle Perth, WA, AUSTRALIA",Sandtrax Port Beach North Fremantle Perth,WA,AUSTRALIA,1
9b9266afe9dda206,"Goode Beach, Westerm Australia, AUSTRALIA",Goode Beach,Westerm Australia,AUSTRALIA,1
0a19b305abffd067,"Peak Island, Westerm Australia, AUSTRALIA",Peak Island,Westerm Australia,AUSTRALIA,1
21b2c15c1d8bbca5,"14 Mile Beach Coral Bay (Gascoyne Region), Western Australia, AUSTRALIA",14 Mile Beach Coral Bay (Gascoyne Region),Western Australia,AUSTRALIA,1
eda5d7057c331288,"Alexander Bay, Esperance, Western Australia, AUSTRALIA","Alexander Bay, Esperance",Western Australia,AUSTRALIA,1
77126abeb743069a,"Avalon Point, Manurah, Western Australia, AUSTRALIA","Avalon Point, Manurah",Western Australia,AUSTRALIA,1
627157bad77351aa,"Beds, Wylie Bay, Western Australia, AUSTRALIA","Beds, Wylie Bay",Western Australia,AUSTRALIA,1
9d9f4bbffd0096a4,"Blackwall Reach, Western Australia, AUSTRALIA",Blackwall Reach,Western Australia,AUSTRALIA,1
f91a877defc3b0ee,"Blasck Wall Reach Swan River Perth, Western Australia, AUSTRALIA",Blasck Wall Reach Swan River Perth,Western Australia,AUSTRALIA,1
acfa2a5332ae20fd,"Bunker Bay Beach, Western Australia, AUSTRALIA",Bunker Bay Beach,Western Australia,AUSTRALIA,1
bf84f211653ffbdc,"Burns Beach, Perth, Western Australia, AUSTRALIA","Burns Beach, Perth",Western Australia,AUSTRALIA,1
982284334f8dc7ce,"Cape Levï¿½que, Western Australia, AUSTRALIA",Cape Levï¿½que,Western Australia,AUSTRALIA,1
bab2a2787b245e40,"Cheynes beach, Western Australia, AUSTRALIA",Cheynes beach,Western Australia,AUSTRALIA,1
6de1f251ea94e610,"Cull Island, Esperance, Western Australia, AUSTRALIA","Cull Island, Esperance",Western Australia,AUSTRALIA,1
a9b4b2c6059be985,"Delta Island, Western Australia, AUSTRALIA",Delta Island,Western Australia,AUSTRALIA,1
04e27711bb0576b7,"Denmark, Western Australia, AUSTRALIA",Denmark,Western Australia,AUSTRALIA,1
885ccbe300f5df62,"Esperance, Western Australia, AUSTRALIA",Esperance,Western Australia,AUSTRALIA,1
1c1fd902255b5326,"Five Fingers Reef, Western Australia, AUSTRALIA",Five Fingers Reef,Western Australia,AUSTRALIA,1
381c0e30aee6471b,"Freemantle, Western Australia, AUSTRALIA",Freemantle,Western Australia,AUSTRALIA,1
a23d222019f99bd2,"Gnarabup Beach, Western Australia, AUSTRALIA",Gnarabup Beach,Western Australia,AUSTRALIA,1
1cc9d6f2d73561f9,"Greenough River Mouth Beach Cape Burney 12km south of Geraldton, Western Australia, AUSTRALIA",Greenough River Mouth Beach Cape Burney 12km south of Geraldton,Western Australia,AUSTRALIA,1
8021096262287cec,"Guillotines surf break, Shire of Augusta Margaret River, Western Australia, AUSTRALIA","Guillotines surf break, Shire of Augusta Margaret River",Western Australia,AUSTRALIA,1
92a9043b3e6376c2,"Gum Tree Bay, Western Australia, AUSTRALIA",Gum Tree Bay,Western Australia,AUSTRALIA,1
3bd1f60c3753f17a,"Honeycombs, 250 km south of Perth, Western Australia, AUSTRALIA","Honeycombs, 250 km south of Perth",Western Australia,AUSTRALIA,1
cf9e37ece152d630,"Horseshoe Reef Rottnest Island, Western Australia, AUSTRALIA",Horseshoe Reef Rottnest Island,Western Australia,AUSTRALIA,1
109043318efea79f,"Karratha, Western Australia, AUSTRALIA",Karratha,Western Australia,AUSTRALIA,1
4c8f5c6f22e3fdf9,"Kelp Beds Beach (Kelpies), Western Australia, AUSTRALIA",Kelp Beds Beach (Kelpies),Western Australia,AUSTRALIA,1
0d9fe7d75a0a78e7,"Kurrajong Campground, Exnouth, Western Australia, AUSTRALIA","Kurrajong Campground, Exnouth",Western Australia,AUSTRALIA,1
8420b70e1f10c9bc,"Left break at the Hot Spot at Sheringa Beach, Western Australia, AUSTRALIA",Left break at the Hot Spot at Sheringa Beach,Western Australia,AUSTRALIA,1
24ec2b5f3e65689c,"Left break at the ï¿½Hot Spotï¿½ at Sheringa Beach, Western Australia, AUSTRALIA",Left break at the ï¿½Hot Spotï¿½ at Sheringa Beach,Western Australia,AUSTRALIA,1
3b20ae5f523ac642,"Leighton Beach, south of North Cottesloe, Western Australia, AUSTRALIA","Leighton Beach, south of North Cottesloe",Western Australia,AUSTRALIA,1
bccbdccb81d42b68,"Lighthouse bombie surf spot Exemouth, Western Australia, AUSTRALIA",Lighthouse bombie surf spot Exemouth,Western Australia,AUSTRALIA,1
cfe5831a14038931,"Little Beach Reef, Bremer Bay, Western Australia, AUSTRALIA","Little Beach Reef, Bremer Bay",Western Australia,AUSTRALIA,1
55a96e02f735e70c,"Lucy's Beach, Western Australia, AUSTRALIA",Lucy's Beach,Western Australia,AUSTRALIA,1
f1236dda4e35e477,"Melaleuca Beach, Cowaramup Bay, Western Australia, AUSTRALIA","Melaleuca Beach, Cowaramup Bay",Western Australia,AUSTRALIA,1
4889869b50a34057,"Near Coral Bay, Western Australia, AUSTRALIA",Near Coral Bay,Western Australia,AUSTRALIA,1
015fb6cc1a387250,"North Cottesloe, Western Australia, AUSTRALIA",North Cottesloe,Western Australia,AUSTRALIA,1
1f1ea4ccea36fe1c,"North Lancelin, Western Australia, AUSTRALIA",North Lancelin,Western Australia,AUSTRALIA,1
d15f7eb1adff90d9,"Ocean Reef North Perth, Western Australia, AUSTRALIA",Ocean Reef North Perth,Western Australia,AUSTRALIA,1
c9590d4c922abb49,"Oyster Stacks near Exmouth12h15, Western Australia, AUSTRALIA",Oyster Stacks near Exmouth12h15,Western Australia,AUSTRALIA,1
1b41cebbe9f0b190,"Port Beach, North Freemantle, Western Australia, AUSTRALIA","Port Beach, North Freemantle",Western Australia,AUSTRALIA,1
e2a1221c3afa4a28,"Prevelly Beach Magaret River, Western Australia, AUSTRALIA",Prevelly Beach Magaret River,Western Australia,AUSTRALIA,1
e2f8ec1bfdb935f0,"Pyramids Beach, Mandurah, Western Australia, AUSTRALIA","Pyramids Beach, Mandurah",Western Australia,AUSTRALIA,1
12ade050a3c5f255,"Quinns Rocks, south of Yanchep, Western Australia, AUSTRALIA","Quinns Rocks, south of Yanchep",Western Australia,AUSTRALIA,1
061682a3b4eecf87,"Quinnï¿½s Rocks, south of Yanchep, Western Australia, AUSTRALIA","Quinnï¿½s Rocks, south of Yanchep",Western Australia,AUSTRALIA,1
e0b8b9ddac57b129,"Quondong Beach, Western Australia, AUSTRALIA",Quondong Beach,Western Australia,AUSTRALIA,1
791e8ba7ad3317c0,"Royal Perth Yacht Club, Swan River, Western Australia, AUSTRALIA","Royal Perth Yacht Club, Swan River",Western Australia,AUSTRALIA,1
5e0bd16dc3a094a6,"Sandlnd Island, Jurian Bay, Western Australia, AUSTRALIA","Sandlnd Island, Jurian Bay",Western Australia,AUSTRALIA,1
df12d85a89b5671f,"Shipwreck Cove, Western Australia, AUSTRALIA",Shipwreck Cove,Western Australia,AUSTRALIA,1
0eff1fa3456f732c,"Swan River Bicton, Western Australia, AUSTRALIA",Swan River Bicton,Western Australia,AUSTRALIA,1
ba6b3775ee1bc7ee,"Tantabitti Beach, Nigaloo, Western Australia, AUSTRALIA","Tantabitti Beach, Nigaloo",Western Australia,AUSTRALIA,1
aff7d8e5d9e18666,"Toms Surf break, Hamersley Pool, Western Australia, AUSTRALIA","Toms Surf break, Hamersley Pool",Western Australia,AUSTRALIA,1
0ca4816feb4a3ab4,"Trigg beach Sterling, Western Australia, AUSTRALIA",Trigg beach Sterling,Western Australia,AUSTRALIA,1
8dc5c1d8df157860,"Two Rocks near Three Mile Reef, Western Australia, AUSTRALIA",Two Rocks near Three Mile Reef,Western Australia,AUSTRALIA,1
e98da1b48976d927,"Varanus Island, Western Australia, AUSTRALIA",Varanus Island,Western Australia,AUSTRALIA,1
63ef109adc15bba2,"Whalers Beach, Western Australia, AUSTRALIA",Whalers Beach,Western Australia,AUSTRALIA,1
7270c81977ba6970,"Woodmans Point, Western Australia, AUSTRALIA",Woodmans Point,Western Australia,AUSTRALIA,1
5339a8c6ec6dfad1,"Woodmanï¿½s Point, Western Australia, AUSTRALIA",Woodmanï¿½s Point,Western Australia,AUSTRALIA,1
b6abe78259fb1b70,"Yallingup Lagoon, Western Australia, AUSTRALIA",Yallingup Lagoon,Western Australia,AUSTRALIA,1
1c6bc60049ad75f4,"Yallingup, Busselton, Western Australia, AUSTRALIA","Yallingup, Busselton",Western Australia,AUSTRALIA,1
1bc4c3560794620e,"Green Cay, BAHAMAS",Green Cay,,BAHAMAS,1
6f2d5afc59c9b675,"Wells Cay, BAHAMAS",Wells Cay,,BAHAMAS,1
38460ab536e669d8,"10 miles west of Walkers Cay, Abaco Islands, BAHAMAS",10 miles west of Walkers Cay,Abaco Islands,BAHAMAS,1
7df670e110ca4e1b,"10 miles west of Walkerï¿½s Cay, Abaco Islands, BAHAMAS",10 miles west of Walkerï¿½s Cay,Abaco Islands,BAHAMAS,1
b0bf261540319676,"Carter's Cay, Abaco Islands, BAHAMAS",Carter's Cay,Abaco Islands,BAHAMAS,1
3d3e9c3cee4aee37,"Coco Bay, Green Turtle Cay, Abaco Islands, BAHAMAS","Coco Bay, Green Turtle Cay",Abaco Islands,BAHAMAS,1
aeebe37b5e5ab529,"Great Guana Cay, Abaco Islands, BAHAMAS",Great Guana Cay,Abaco Islands,BAHAMAS,1
01ccc1f52054c1ec,"NoName Cay, Abaco Islands, BAHAMAS",NoName Cay,Abaco Islands,BAHAMAS,1
621ab6e9d7c97d06,"Treasure Cay, Abaco Islands, BAHAMAS",Treasure Cay,Abaco Islands,BAHAMAS,1
130d9c4b647d3b25,"Fresh Creek, Andros Island, BAHAMAS",Fresh Creek,Andros Island,BAHAMAS,1
ef7eb486de8fac5b,"North of Grand Bahama near Freeport, Atlantic Ocean near Big Grand Cay, BAHAMAS",North of Grand Bahama near Freeport,Atlantic Ocean near Big Grand Cay,BAHAMAS,1
d752a1a7b974f006,"Tongue of the Ocean, Bimini Islands, BAHAMAS",Tongue of the Ocean,Bimini Islands,BAHAMAS,1
b50030c20931d4b9,"Flying Fish Marina, Clarence Town Long Isand, BAHAMAS",Flying Fish Marina,Clarence Town Long Isand,BAHAMAS,1
65748b233e0b4222,"Compass Cay, Exumas, BAHAMAS",Compass Cay,Exumas,BAHAMAS,1
df26c04e2b50da1a,"Pig Beach, Pig Island, Exumas, BAHAMAS","Pig Beach, Pig Island",Exumas,BAHAMAS,1
5dbba2129aa0ad23,"Shark Junction, Freeport, BAHAMAS",Shark Junction,Freeport,BAHAMAS,1
283a9beeb532033f,"East End Point, Grand Bahama Island, BAHAMAS",East End Point,Grand Bahama Island,BAHAMAS,1
e979e375736b3855,"Sandy Cay, Grand Bahama Island, BAHAMAS",Sandy Cay,Grand Bahama Island,BAHAMAS,1
4dd88bb2da3b5766,"Spanish Cay, Great Abaco Islands, BAHAMAS",Spanish Cay,Great Abaco Islands,BAHAMAS,1
a7fa8349c8c5f2dd,"Rose Island, Lucayan Archipelago, BAHAMAS",Rose Island,Lucayan Archipelago,BAHAMAS,1
040ca7eb86b2825d,"Athol Island, Lucayan Lucayan Archipelago, BAHAMAS",Athol Island,Lucayan Lucayan Archipelago,BAHAMAS,1
436d668f80a00304,"Sandals Resort, New Providence Isoad, BAHAMAS",Sandals Resort,New Providence Isoad,BAHAMAS,1
d017cf47bb746ddf,"Saunders Beach, Nassau, New Providence Isoad, BAHAMAS","Saunders Beach, Nassau",New Providence Isoad,BAHAMAS,1
e34248dce7cb3b46,"Paradise Island Resort, Paradise Island, BAHAMAS",Paradise Island Resort,Paradise Island,BAHAMAS,1
aa0dd107b9c51f87,"Compass Cay, The Exuma Cays, BAHAMAS",Compass Cay,The Exuma Cays,BAHAMAS,1
99ba851fef078d39,"Great Exuma, The Exuma Cays, BAHAMAS",Great Exuma,The Exuma Cays,BAHAMAS,1
25c864dc043eaed1,"Staniel Cay, The Exuma Cays, BAHAMAS",Staniel Cay,The Exuma Cays,BAHAMAS,1
71a7873b8021d43b,"Off San Pedro, Ambergris Cay, BELIZE",Off San Pedro,Ambergris Cay,BELIZE,1
28cc822500164432,"San Pedro, Ambergris Caye, Belize District, BELIZE","San Pedro, Ambergris Caye",Belize District,BELIZE,1
9823c8d15a101f7e,"Central America, Gulf of Honduras, BELIZE",Central America,Gulf of Honduras,BELIZE,1
719535539435f8f6,"Ilhï¿½us, Bahia, BRAZIL",Ilhï¿½us,Bahia,BRAZIL,1
34e17eaecb4e050e,"Estaleirinho beach, Balneï¿½rio Camboriï¿½, BRAZIL",Estaleirinho beach,Balneï¿½rio Camboriï¿½,BRAZIL,1
3251f79317c2f916,"Cacimba do Padre, Fernando de Noronha, BRAZIL",Cacimba do Padre,Fernando de Noronha,BRAZIL,1
d8630d617b34649b,"Praia de Porto, Fernando de Noronha, BRAZIL",Praia de Porto,Fernando de Noronha,BRAZIL,1
7536957352d77e82,"Olho d'Água, Maranhão, BRAZIL",Olho d'Água,Maranhão,BRAZIL,1
bf1d3a70e60052e8,"Praia de Sï¿½o Marcus, Sï¿½o Luiz, Maranhï¿½o, BRAZIL","Praia de Sï¿½o Marcus, Sï¿½o Luiz",Maranhï¿½o,BRAZIL,1
b22d5eb9c2a76689,"Praia do Olho D'ï¿½gua, Sï¿½o Luis, Maranhï¿½o, BRAZIL","Praia do Olho D'ï¿½gua, Sï¿½o Luis",Maranhï¿½o,BRAZIL,1
be853ada9d3896c3,"Cacimba do Padre Beach, Pernambuco, BRAZIL",Cacimba do Padre Beach,Pernambuco,BRAZIL,1
620a55f38c66db40,"Itamaracï¿½, Pernambuco, BRAZIL",Itamaracï¿½,Pernambuco,BRAZIL,1
f4f74d46b57a9d46,"Praia de Milagres, Pernambuco, BRAZIL",Praia de Milagres,Pernambuco,BRAZIL,1
1f6915d8037e429e,"Praia del Chifre, Olinda, Pernambuco, BRAZIL","Praia del Chifre, Olinda",Pernambuco,BRAZIL,1
a8f3a393c2e5bdc4,"Del Chifre Beach in Olinda, Recife, BRAZIL",Del Chifre Beach in Olinda,Recife,BRAZIL,1
a3073a8133572ec9,"Escalerio Beach Balneï¿½rio Camboriï¿½, Santa Catarina State, BRAZIL",Escalerio Beach Balneï¿½rio Camboriï¿½,Santa Catarina State,BRAZIL,1
955c6e8dfbcc1559,"Boqueirão Beach, São Paulo., BRAZIL",Boqueirão Beach,São Paulo.,BRAZIL,1
3f1f3aeac09368c5,"Ubatuba Beach, São Paulo., BRAZIL",Ubatuba Beach,São Paulo.,BRAZIL,1
43cc9df815c89f24,"Tofino, Vancouver, British Colombia, CANADA","Tofino, Vancouver",British Colombia,CANADA,1
3cdc013a199502d3,"Cape Breton Island, Nova Scotia, CANADA",Cape Breton Island,Nova Scotia,CANADA,1
b222abc8415ff5a7,"Los Mollinas, Fuerteventura, CANARY ISLANDS",Los Mollinas,Fuerteventura,CANARY ISLANDS,1
c0eb2cdb99d79c63,"Sï¿½o Vicente, Barlavento Islands, CAPE VERDE",Sï¿½o Vicente,Barlavento Islands,CAPE VERDE,1
fe3af35853667b50,"Stingray City Bar, Grand Cayman, CAYMAN ISLANDS",Stingray City Bar,Grand Cayman,CAYMAN ISLANDS,1
bb36e9d4023d1fcf,"Caribbean Sea, Little Cayman Island, CAYMAN ISLANDS",Caribbean Sea,Little Cayman Island,CAYMAN ISLANDS,1
d2181f8c6d56e415,"Shopping mall aquarium in Guiyang City, Guizhou Province, CHINA",Shopping mall aquarium in Guiyang City,Guizhou Province,CHINA,1
abd30b19f8acb0fd,"Laohutan Ocean Park Aquarium, Dalian City, Liaoning Province, CHINA","Laohutan Ocean Park Aquarium, Dalian City",Liaoning Province,CHINA,1
79f202c41b2a5b82,"Nirvana, San Andrés Island, COLOMBIA",Nirvana,San Andrés Island,COLOMBIA,1
d2524623c25e2577,"Catagena Province, Bolivar, del Isolate, COLUMBIA",Catagena Province,"Bolivar, del Isolate",COLUMBIA,1
b80ced883ebea744,"La Piscinita, Isla De San Andres, COLUMBIA",La Piscinita,Isla De San Andres,COLUMBIA,1
f4382d73962a1a48,"Makuaka Caï¿½o, Taganga, Magdalena Department, COLUMBIA","Makuaka Caï¿½o, Taganga",Magdalena Department,COLUMBIA,1
c0b59ed7dae9bc2a,"Albuquerque Cay, San Andrï¿½s archipelago, COLUMBIA",Albuquerque Cay,San Andrï¿½s archipelago,COLUMBIA,1
ae8302a2ab0f7287,"Cocos Islands, COSTA RICA",Cocos Islands,,COSTA RICA,1
e55f8c52c6c28202,"Playa Del Coco, Guanacoste, COSTA RICA",Playa Del Coco,Guanacoste,COSTA RICA,1
80264d6680a1639f,"Parismina, Limï¿½n Province, COSTA RICA",Parismina,Limï¿½n Province,COSTA RICA,1
bbc9a3b4346ca2a5,"Buccari Bay, CROATIA",Buccari Bay,,CROATIA,1
3efd9ebd1e41553d,"Ika, Istria, CROATIA",Ika,Istria,CROATIA,1
c044ea2fa268c7a6,"Mo?eni?ka Draga, Primorje-Gorski Kotar County, CROATIA",Mo?eni?ka Draga,Primorje-Gorski Kotar County,CROATIA,1
4728980402e7c998,"Moï¿½?eni?ka Draga, Primorje-Gorski Kotar County, CROATIA",Moï¿½?eni?ka Draga,Primorje-Gorski Kotar County,CROATIA,1
e301431d292f8c80,"Mošćenička Draga, Primorje-Gorski Kotar County, CROATIA",Mošćenička Draga,Primorje-Gorski Kotar County,CROATIA,1
94f0ee0f63601846,"Sućuraj, Hvar Island, Split-Dalmatia Count,, CROATIA","Sućuraj, Hvar Island","Split-Dalmatia Count,",CROATIA,1
e4be785e3038ab31,"Playa Majana, Artemisa, CUBA",Playa Majana,Artemisa,CUBA,1
0b36563aac8841f3,"20 miles from Havana, Caribbean Sea, CUBA",20 miles from Havana,Caribbean Sea,CUBA,1
40fed1507125e57d,"Guardalavaca Beach, Holquin, CUBA",Guardalavaca Beach,Holquin,CUBA,1
0b73607353b9b557,"Puerto Escondido, Mayabeque, CUBA",Puerto Escondido,Mayabeque,CUBA,1
7f020f18651fa661,"Playa Jackson, Samanï¿½ Province, DOMINICAN REPUBLIC",Playa Jackson,Samanï¿½ Province,DOMINICAN REPUBLIC,1
9126d81db57c60d9,"Mosquera Islet, Galapagos Islands, ECUADOR",Mosquera Islet,Galapagos Islands,ECUADOR,1
134cea4a075f5e57,"Barandï¿½a Beach, Santa Elena, ECUADOR",Barandï¿½a Beach,Santa Elena,ECUADOR,1
47ecb646a64daa82,"Brothers Island, EGYPT",Brothers Island,,EGYPT,1
6232ad376a99604c,"Brothers' Island, EGYPT",Brothers' Island,,EGYPT,1
fbae2930dbfc9276,"Sidi Abdel Rahmen, EGYPT",Sidi Abdel Rahmen,,EGYPT,1
3d01d852fc5d817d,"Daedalus Reefï¿½, Red Sea, EGYPT",Daedalus Reefï¿½,Red Sea,EGYPT,1
c90a8c343bdf3442,"Dream Beach, Hurguda, Red Sea Protectorate, EGYPT","Dream Beach, Hurguda",Red Sea Protectorate,EGYPT,1
6b7ff5837217218a,"Marsa Alam, Red Sea Protectorate, EGYPT",Marsa Alam,Red Sea Protectorate,EGYPT,1
ca2101dd6f09b263,"Shaab Mahmud, Ras Mohamed Park, Sinai Peninsula, EGYPT","Shaab Mahmud, Ras Mohamed Park",Sinai Peninsula,EGYPT,1
a4bcfafcffc9609d,"Shaï¿½ab Mahmud, Ras Mohamed Park, Sinai Peninsula, EGYPT","Shaï¿½ab Mahmud, Ras Mohamed Park",Sinai Peninsula,EGYPT,1
839f6eeaf57ad4a2,"Dahab, South Sinai, EGYPT",Dahab,South Sinai,EGYPT,1
4b6e7037a5b632b5,"Marsa Alam, South Sinai, EGYPT",Marsa Alam,South Sinai,EGYPT,1
2a2e2a05c784bc1d,"Shark Reef, Ras Muhammed, South Sinai, EGYPT","Shark Reef, Ras Muhammed",South Sinai,EGYPT,1
635c8ab8b9eba5f8,"Sharm-el-Sheikh, South Sinai Peninsula, EGYPT",Sharm-el-Sheikh,South Sinai Peninsula,EGYPT,1
65802068825a6e17,"Fury Shoal, Southern Red Sea, EGYPT",Fury Shoal,Southern Red Sea,EGYPT,1
eb6a8d3f04565c92,"Port Said, Suez Canal, EGYPT",Port Said,Suez Canal,EGYPT,1
75866f2742e1d57e,"Penzance, Cornwall, ENGLAND",Penzance,Cornwall,ENGLAND,1
f80412b2edf83b18,"Littlehampton, West Sussex, ENGLAND",Littlehampton,West Sussex,ENGLAND,1
114940842236d6ef,"Beqa, FIJI",Beqa,,FIJI,1
da5b460b720124af,"reef 40km east Vanua Levu, FIJI",reef 40km east Vanua Levu,,FIJI,1
a3ddc03eab40ef94,"Ura Estate, Taveuni Island, FIJI",Ura Estate,Taveuni Island,FIJI,1
ccc3efc7ca32e092,"Cakau Levu, Vanua Levu, FIJI",Cakau Levu,Vanua Levu,FIJI,1
a1341dce01b73ab4,"Dawara, Vanua Levu, FIJI",Dawara,Vanua Levu,FIJI,1
0c2ff639760dbabf,"Tawake, Cakaudrove, Vanua Levu, FIJI","Tawake, Cakaudrove",Vanua Levu,FIJI,1
a70a4b7eed568c0d,"Makemo atoll, FRENCH POLYNESIA",Makemo atoll,,FRENCH POLYNESIA,1
0bb799fbb4e272b0,"To'opua, Bora Bora, FRENCH POLYNESIA",To'opua,Bora Bora,FRENCH POLYNESIA,1
921e9b1e27467b0c,"Mangareva Atoll, Gambier Islands, FRENCH POLYNESIA",Mangareva Atoll,Gambier Islands,FRENCH POLYNESIA,1
ecef1b8d9f2522b0,"Ua Huka, Marquesas, FRENCH POLYNESIA",Ua Huka,Marquesas,FRENCH POLYNESIA,1
cc37bffebae6a657,"Ua Pou, Marquesas, FRENCH POLYNESIA",Ua Pou,Marquesas,FRENCH POLYNESIA,1
f3e67291c3e9ba08,"Hakahau Bay, Marquesas Islands, FRENCH POLYNESIA",Hakahau Bay,Marquesas Islands,FRENCH POLYNESIA,1
f90a4458787e1726,"Afareitu Lagoonarium., Moorea, FRENCH POLYNESIA",Afareitu Lagoonarium.,Moorea,FRENCH POLYNESIA,1
d1721043165edf4a,"Opunohu Bay, Moorea, FRENCH POLYNESIA",Opunohu Bay,Moorea,FRENCH POLYNESIA,1
44862f402dd3ddde,"Taiohae Bay, Nuku Hiva, FRENCH POLYNESIA",Taiohae Bay,Nuku Hiva,FRENCH POLYNESIA,1
07eae3ff5f41b898,"Matavai Bay, Arue, Tahiti, FRENCH POLYNESIA","Matavai Bay, Arue",Tahiti,FRENCH POLYNESIA,1
2d9a9756220bfe0d,"Pointe des pêcheurs, Punaahuia, Tahiti, FRENCH POLYNESIA","Pointe des pêcheurs, Punaahuia",Tahiti,FRENCH POLYNESIA,1
70bf8e16e7eb1247,"Rangiroa, Tahiti, FRENCH POLYNESIA",Rangiroa,Tahiti,FRENCH POLYNESIA,1
dd65a231fe152f14,"Tautira, Tahiti, FRENCH POLYNESIA",Tautira,Tahiti,FRENCH POLYNESIA,1
680eec2cbf0b97a2,"Vallée Blanche, Tahiti, FRENCH POLYNESIA",Vallée Blanche,Tahiti,FRENCH POLYNESIA,1
0b02c69b3ef2b234,"Tikehau, Tuamotu Islands, FRENCH POLYNESIA",Tikehau,Tuamotu Islands,FRENCH POLYNESIA,1
b59813f532112e4e,"Ahï¿½ Atoll, Tuamotus, FRENCH POLYNESIA",Ahï¿½ Atoll,Tuamotus,FRENCH POLYNESIA,1
756ac9895bf2325e,"Kï¿½rkira, Corfu Island, GREECE",Kï¿½rkira,Corfu Island,GREECE,1
77c576a9c4f582d9,"Achang Reef, Merizo, GUAM",Achang Reef,Merizo,GUAM,1
65554908e24507b8,"Aux Cayes (now Les Cayes), Tiburon Peninsula, HAITI",Aux Cayes (now Les Cayes),Tiburon Peninsula,HAITI,1
aee3e4b483a711a7,"Sand Piles Waiehu Beach Park, Maui, HAWAII",Sand Piles Waiehu Beach Park,Maui,HAWAII,1
a7f1f5e31ee02758,"Atlantida, Tela, HONDURAS",Atlantida,Tela,HONDURAS,1
fedb1eb5a980e87b,"Puerto Castillo, Trujillo Colon, HONDURAS",Puerto Castillo,Trujillo Colon,HONDURAS,1
293b85e142f300c9,"Vaitarna River, Palghar District, Maharashtra, INDIA","Vaitarna River, Palghar District",Maharashtra,INDIA,1
80dbb15465bdb2a4,"300 nm from shore, West of Ceylon (Sri Lanka), INDIAN OCEAN",300 nm from shore,West of Ceylon (Sri Lanka),INDIAN OCEAN,1
b27982c1349830d3,"Pulau Reong Island, Timor Leste, INDONESIA",Pulau Reong Island,Timor Leste,INDONESIA,1
e05acdcab8362e31,"Haifa, ISRAEL",Haifa,,ISRAEL,1
d25945cdc45948f7,"Olga Beach near Hadera Stream, Hadera, ISRAEL",Olga Beach near Hadera Stream,Hadera,ISRAEL,1
31fa0ba45bb42d68,"Torino di Sangro, Chieti, Province, ITALY",Torino di Sangro,"Chieti, Province",ITALY,1
b298511e92b010ba,"Cervara, Genoa Province, ITALY",Cervara,Genoa Province,ITALY,1
ce152f9aa06dc980,"Acqua alta research platform, Golfo de Venezia, ITALY",Acqua alta research platform,Golfo de Venezia,ITALY,1
08e96772a1396ffc,"Borgeo Verezzi, Liguria, ITALY",Borgeo Verezzi,Liguria,ITALY,1
b9984124223bedab,"12 miles off Senigallia (Adriatic Sea), Marches region, ITALY",12 miles off Senigallia (Adriatic Sea),Marches region,ITALY,1
c58d61b49039512f,"Elba Island, Tuscany, ITALY",Elba Island,Tuscany,ITALY,1
1bbfc675a7bd95d1,"Coal wharf, Port Royal, Kingston Parish, JAMAICA","Coal wharf, Port Royal",Kingston Parish,JAMAICA,1
06bcbf3187fd5a1d,"East Beach, Kingston, Kingston Parish, JAMAICA","East Beach, Kingston",Kingston Parish,JAMAICA,1
7b69ff76bba7e79f,"Falmouth, Montego Bay, JAMAICA",Falmouth,Montego Bay,JAMAICA,1
4e3318b66ba6cab0,"Rose Hall beach, Montego Bay, JAMAICA",Rose Hall beach,Montego Bay,JAMAICA,1
01754b5900cba4d2,"James Bond Beach, St. Marys Parish, JAMAICA",James Bond Beach,St. Marys Parish,JAMAICA,1
b9f6852b0cf44515,"Little Bay, Little London, Westmoreland Parish, JAMAICA","Little Bay, Little London",Westmoreland Parish,JAMAICA,1
f2127483e369e651,"Nago, Okinawa, JAPAN",Nago,Okinawa,JAPAN,1
5c736f7825de40ea,"Indian Ocean, Maahvah Laamu Atoll, MALDIVE ISLANDS",Indian Ocean,Maahvah Laamu Atoll,MALDIVE ISLANDS,1
39ae1db70b647548,"Unspecified, Nunu Atoll, MALDIVE ISLANDS",Unspecified,Nunu Atoll,MALDIVE ISLANDS,1
1332f32c5d164bcb,"Maafilaafushi Island, Lhaviyani Atoll, MALDIVES","Maafilaafushi Island, Lhaviyani Atoll",,MALDIVES,1
ce955ded06875fef,"Kooddoo, Gaafu Alif Atoll, MALDIVES",Kooddoo,Gaafu Alif Atoll,MALDIVES,1
5f2c9dbf6a89c853,"Maafushi, Kaafu, MALDIVES",Maafushi,Kaafu,MALDIVES,1
ed12c51100b05526,"Haa Dhaalu atoll, Kulhudhuffushi City, MALDIVES",Haa Dhaalu atoll,Kulhudhuffushi City,MALDIVES,1
e53abba54a0cfd1a,"Faadoo Island, Raa Atoll, MALDIVES",Faadoo Island,Raa Atoll,MALDIVES,1
a19d9ac9de1b97d4,"Lagoon along Sand Island, Eniwetok Atoll, MARSHALL ISLANDS",Lagoon along Sand Island,Eniwetok Atoll,MARSHALL ISLANDS,1
bfb0995f4ad833f9,"Magdalena Bay, Baja, MEXICO",Magdalena Bay,Baja,MEXICO,1
b0264761edb3e944,"Boca de la Leï¿½a, La Uniï¿½n, Guerrero, MEXICO","Boca de la Leï¿½a, La Uniï¿½n",Guerrero,MEXICO,1
cfa34ba130dafa1e,"Off Barra Vieja, Guerrero, MEXICO",Off Barra Vieja,Guerrero,MEXICO,1
8545c109770bb769,"Troncones, Guerrero, MEXICO",Troncones,Guerrero,MEXICO,1
7e47549b8e904daa,"Tobari Bay, Gulf of California, MEXICO",Tobari Bay,Gulf of California,MEXICO,1
ceb73260e3580819,"San Patricio Melaque, Jalisco, MEXICO",San Patricio Melaque,Jalisco,MEXICO,1
242cb2512bfa34c6,"Cabo Catoche, Quinta Roo, MEXICO",Cabo Catoche,Quinta Roo,MEXICO,1
38bcfb3fd0f0a9cc,"Banco Chinchorro Biosphere Reserve, Quintana Roo, MEXICO",Banco Chinchorro Biosphere Reserve,Quintana Roo,MEXICO,1
894407a13f0e8486,"Cancún, Quintana Roo, MEXICO",Cancún,Quintana Roo,MEXICO,1
10313c9f47a70bc9,"Mahahual, Quintana Roo, MEXICO",Mahahual,Quintana Roo,MEXICO,1
44edccfda5e8319c,"Chac Mool Beach Cancun, Quntana Roo, MEXICO",Chac Mool Beach Cancun,Quntana Roo,MEXICO,1
7f93a45b4927486c,"Mazatlï¿½n, Sinaloa, MEXICO",Mazatlï¿½n,Sinaloa,MEXICO,1
ef4c5c0c774bbcaf,"Southeast of Puerto Peñasco, Sonora, MEXICO",Southeast of Puerto Peñasco,Sonora,MEXICO,1
eee4a0f38f6fc784,"Tojahui Beach, Yavaros, Sonora, MEXICO","Tojahui Beach, Yavaros",Sonora,MEXICO,1
99f7e07b7aa21392,"Yavaros, Sonora, MEXICO",Yavaros,Sonora,MEXICO,1
6fe8992d38f141e2,"Sï¿½nchez Magallanes, Cï¿½rdenas, Tabasco, MEXICO","Sï¿½nchez Magallanes, Cï¿½rdenas",Tabasco,MEXICO,1
6a53d418f66e2bba,"Playa Baghdad, Matamoros, Tamaulipas, MEXICO","Playa Baghdad, Matamoros",Tamaulipas,MEXICO,1
1c1ec230b9934644,"West of Dakhla, Southern Morocco, MOROCCO",West of Dakhla,Southern Morocco,MOROCCO,1
1898b3f3ab04bd91,"?, ?, MOZAMBIQUE",?,?,MOZAMBIQUE,1
76cd92b233a1e622,"Chicuque Beac Maxixe City, Inhambane Province, MOZAMBIQUE",Chicuque Beac Maxixe City,Inhambane Province,MOZAMBIQUE,1
5bb5148a1c1bfdd0,"Vilankulo Bay, Inhambane Province, MOZAMBIQUE",Vilankulo Bay,Inhambane Province,MOZAMBIQUE,1
8c82e0cbef3e1c4a,"Prainha, Inhambe Province, MOZAMBIQUE",Prainha,Inhambe Province,MOZAMBIQUE,1
3306b5c5b0ff3a7a,"Vilanculous District, Inhambe Province, MOZAMBIQUE",Vilanculous District,Inhambe Province,MOZAMBIQUE,1
0f73bb3421992d60,"Ponto do Ouro, Maputo Province, MOZAMBIQUE",Ponto do Ouro,Maputo Province,MOZAMBIQUE,1
238cae95dd374b0e,"Beira, Sofala Province, MOZAMBIQUE",Beira,Sofala Province,MOZAMBIQUE,1
79003327b71fbae8,"Castle Beach, NEVIS",Castle Beach,,NEVIS,1
930f2fb2dfa86b99,"Calana, NEW CALEDONIA",Calana,,NEW CALEDONIA,1
a8c1c01d47001ca4,"Cï¿½te-Blanche, Noumï¿½a, NEW CALEDONIA","Cï¿½te-Blanche, Noumï¿½a",,NEW CALEDONIA,1
dfbc104b01acb9d2,"I'îot Maître, NEW CALEDONIA",I'îot Maître,,NEW CALEDONIA,1
86b2e34b9b4aa48b,"ï¿½le de Sable, NEW CALEDONIA",ï¿½le de Sable,,NEW CALEDONIA,1
9ce03d987c5b5fe2,"Cook Reef, Bélep Islands, NEW CALEDONIA",Cook Reef,Bélep Islands,NEW CALEDONIA,1
00962b4520c4164a,"Islet of Kendek near Koumac, Grande Terre, NEW CALEDONIA",Islet of Kendek near Koumac,Grande Terre,NEW CALEDONIA,1
3b145dc2d4c765bc,"Between Bourail and Moindou, Kélé, NEW CALEDONIA",Between Bourail and Moindou,Kélé,NEW CALEDONIA,1
01e8f2ac8a98d807,"Bay of Bweedro, Ouvï¿½a, Loyalty Islands, NEW CALEDONIA","Bay of Bweedro, Ouvï¿½a",Loyalty Islands,NEW CALEDONIA,1
89f99c5fb00b348f,"Marï¿½, Loyalty Islands, NEW CALEDONIA",Marï¿½,Loyalty Islands,NEW CALEDONIA,1
e867840ad614a5e4,"Ouvï¿½a, Loyalty Islands, NEW CALEDONIA",Ouvï¿½a,Loyalty Islands,NEW CALEDONIA,1
f2906af9e10ae891,"Hienghï¿½ne, North Province, NEW CALEDONIA",Hienghï¿½ne,North Province,NEW CALEDONIA,1
0a66bf907eaca93d,"Ile Yandï¿½ (between Poum and Bï¿½lep), North Province, NEW CALEDONIA",Ile Yandï¿½ (between Poum and Bï¿½lep),North Province,NEW CALEDONIA,1
c4e1efd931e6c5ed,"Lindï¿½ralique, Hienghï¿½ne, North Province, NEW CALEDONIA","Lindï¿½ralique, Hienghï¿½ne",North Province,NEW CALEDONIA,1
2f2af59f6e9d44db,"Poindimiï¿½, North Province, NEW CALEDONIA",Poindimiï¿½,North Province,NEW CALEDONIA,1
0250f27a15d322ea,"Anse Vata near Point Magnin, Noumea, NEW CALEDONIA",Anse Vata near Point Magnin,Noumea,NEW CALEDONIA,1
1555704f6ec5158c,"Port South Marina, Noumea, NEW CALEDONIA",Port South Marina,Noumea,NEW CALEDONIA,1
d407b30aa03a4184,"CHS Beach, Nouville, NEW CALEDONIA",CHS Beach,Nouville,NEW CALEDONIA,1
0996e3c42df96f7c,"Twagne, Poum, NEW CALEDONIA",Twagne,Poum,NEW CALEDONIA,1
97931a91ba2f2084,"Chateau Royal Beach, Noumea, South Province, NEW CALEDONIA","Chateau Royal Beach, Noumea",South Province,NEW CALEDONIA,1
229ee70b93ed1656,"Château-Royal Beach, Noumea, South Province, NEW CALEDONIA","Château-Royal Beach, Noumea",South Province,NEW CALEDONIA,1
5af06f33bbc87f3d,"Dumbï¿½a, South Province, NEW CALEDONIA",Dumbï¿½a,South Province,NEW CALEDONIA,1
eec3de54b9025d8a,"Plateau de Ricaudy, Nouméa, South Province, NEW CALEDONIA","Plateau de Ricaudy, Nouméa",South Province,NEW CALEDONIA,1
87c0b72233b3f97c,"St. Vincent Bay, South Province, NEW CALEDONIA",St. Vincent Bay,South Province,NEW CALEDONIA,1
2894432b650bf943,"ï¿½le de Casey, South Province, NEW CALEDONIA",ï¿½le de Casey,South Province,NEW CALEDONIA,1
e92a441a0c3091c6,"Chatham Islands, Bay of Waitangi, NEW ZEALAND",Chatham Islands,Bay of Waitangi,NEW ZEALAND,1
088a24385d0e4dda,"Pitt Island or Chatham Island, Chatham Islands, NEW ZEALAND",Pitt Island or Chatham Island,Chatham Islands,NEW ZEALAND,1
7bfe36313739af6e,"Baylys Beach, North Island, NEW ZEALAND",Baylys Beach,North Island,NEW ZEALAND,1
45b996dbb358e78a,"Cape Pallister, North Island, NEW ZEALAND",Cape Pallister,North Island,NEW ZEALAND,1
c4d0d35371ee117c,"Matauri Bay, North Island, NEW ZEALAND",Matauri Bay,North Island,NEW ZEALAND,1
a77b5658a706612b,"Pauanui Beach, North Island, NEW ZEALAND",Pauanui Beach,North Island,NEW ZEALAND,1
b0f8cf7530195dbe,"Stanmore Bay, Auckland, North Island, NEW ZEALAND","Stanmore Bay, Auckland",North Island,NEW ZEALAND,1
f44e09f7ae5c8616,"Ti Point, North Island, NEW ZEALAND",Ti Point,North Island,NEW ZEALAND,1
af984bbe1f130a9d,"Waihī Beach, Bay of Plenty, North Island, NEW ZEALAND","Waihī Beach, Bay of Plenty",North Island,NEW ZEALAND,1
a2e9f136d34be507,"Whangarei, North Island, NEW ZEALAND",Whangarei,North Island,NEW ZEALAND,1
781af1296feae59a,"Whiritoa, Eastern Cormandel, North Island, NEW ZEALAND","Whiritoa, Eastern Cormandel",North Island,NEW ZEALAND,1
9eafd2de14f000ac,"White Island, North Island, NEW ZEALAND",White Island,North Island,NEW ZEALAND,1
73d43a6b2777a500,"90 Mile Beach, Northlands, NEW ZEALAND",90 Mile Beach,Northlands,NEW ZEALAND,1
091ee41f559582ea,"Cobden, South Island, NEW ZEALAND",Cobden,South Island,NEW ZEALAND,1
1160e6238171417b,"Friendly Bay, Oamaru, South Island, NEW ZEALAND","Friendly Bay, Oamaru",South Island,NEW ZEALAND,1
4bd37e71e3cbc237,"Marfells Beach, South Island, NEW ZEALAND",Marfells Beach,South Island,NEW ZEALAND,1
c7bc4d2b96734fe0,"Pororari River, South Island, NEW ZEALAND",Pororari River,South Island,NEW ZEALAND,1
c73bbe025eaa9558,"Riverton, South Island, NEW ZEALAND",Riverton,South Island,NEW ZEALAND,1
ae0e014eea724563,"Aircraft went down on 6, 12, NORTH PACIFIC OCEAN","Aircraft went down on 6, 12",,NORTH PACIFIC OCEAN,1
9a20a2282522b94a,"Sjï¿½strand, Oslo Fjord, NORWAY",Sjï¿½strand,Oslo Fjord,NORWAY,1
a2387a865b506cb1,"In Los Angeles  Honolulu yacht race, PACIFIC OCEAN",In Los Angeles  Honolulu yacht race,,PACIFIC OCEAN,1
42f360929d8a6166,"In Los Angeles ï¿½ Honolulu yacht race, PACIFIC OCEAN",In Los Angeles ï¿½ Honolulu yacht race,,PACIFIC OCEAN,1
e43b96299ff14e91,"22ï¿½08'S : 178ï¿½06'W, Near the Fiji Islands, PACIFIC OCEAN",22ï¿½08'S : 178ï¿½06'W,Near the Fiji Islands,PACIFIC OCEAN,1
24ce617e1485705a,"Jarque, just south of Piňas Bay, PANAMA","Jarque, just south of Piňas Bay",,PANAMA,1
20537d33f17713ca,"Playa La Cabaï¿½a, Bocas, PANAMA",Playa La Cabaï¿½a,Bocas,PANAMA,1
0a1d3b7acce97921,"Cristobal, Colï¿½n Province, PANAMA",Cristobal,Colï¿½n Province,PANAMA,1
7b099197c755c60d,"Jukuataia Village, 10ï¿½S, 142ï¿½E, PAPUA NEW GUINEA",Jukuataia Village,"10ï¿½S, 142ï¿½E",PAPUA NEW GUINEA,1
e69d189da926a7bd,"Fishermans Island near Port Moresby, Central Province, PAPUA NEW GUINEA",Fishermans Island near Port Moresby,Central Province,PAPUA NEW GUINEA,1
ce707d04e431df28,"Fishermanï¿½s Island near Port Moresby, Central Province, PAPUA NEW GUINEA",Fishermanï¿½s Island near Port Moresby,Central Province,PAPUA NEW GUINEA,1
d073bb4bfb01064c,"Hadrians (Haidana?) Island, near Port Moresby, Central Province, PAPUA NEW GUINEA","Hadrians (Haidana?) Island, near Port Moresby",Central Province,PAPUA NEW GUINEA,1
ad7dd2f258d5f1de,"Hadrianï¿½s (Haidana?) Island, near Port Moresby, Central Province, PAPUA NEW GUINEA","Hadrianï¿½s (Haidana?) Island, near Port Moresby",Central Province,PAPUA NEW GUINEA,1
640ff5fc73355ac8,"Ragelapara reef, Central Province, PAPUA NEW GUINEA",Ragelapara reef,Central Province,PAPUA NEW GUINEA,1
e8cb588530081682,"Between Nago and Makau, New Ireland, PAPUA NEW GUINEA",Between Nago and Makau,New Ireland,PAPUA NEW GUINEA,1
039be6dc4842cc71,"Verde Island, Batangas Resort, PHILIPPINES",Verde Island,Batangas Resort,PHILIPPINES,1
5332defe2ec959d8,"Pangasinan, Ilocos Norte, Bolinao, PHILIPPINES","Pangasinan, Ilocos Norte",Bolinao,PHILIPPINES,1
67eb21c68d5698f3,"Sao Jorge, Madeira Island, Madeira Islands, PORTUGAL","Sao Jorge, Madeira Island",Madeira Islands,PORTUGAL,1
e9298c5f2d5731e6,"9 nm off Vila do Conde, Norte, PORTUGAL",9 nm off Vila do Conde,Norte,PORTUGAL,1
bee927565028ced7,"Carolina Beach, Carolina, PUERTO RICO",Carolina Beach,Carolina,PUERTO RICO,1
918baab5ecd22a6d,"P' tit Paris, Saint-Pierre, Conservatï¿½ria District, REUNION","P' tit Paris, Saint-Pierre",Conservatï¿½ria District,REUNION,1
73ffc0ead17aa526,"Roche-aux-Oiseaux, L' Etang Salï¿½-les-Bains, REUNION",Roche-aux-Oiseaux,L' Etang Salï¿½-les-Bains,REUNION,1
9f04574e5d42ce08,"Ravine des Sables, Saint Leu, L'Etang-Salï¿½, REUNION","Ravine des Sables, Saint Leu",L'Etang-Salï¿½,REUNION,1
6625ceb1f4e0bd82,"Port de laï¿½Marine, Saint-Benoit, REUNION",Port de laï¿½Marine,Saint-Benoit,REUNION,1
c02e832b105c2676,"Spot de la gare, Saint-Benoï¿½t, REUNION",Spot de la gare,Saint-Benoï¿½t,REUNION,1
e6f6cfd55f9ec117,"Embouchure de l'ï¿½tang du Gol, Saint-Louis, REUNION",Embouchure de l'ï¿½tang du Gol,Saint-Louis,REUNION,1
f47d5560cefc0feb,"Embouchure de l'ï¿½tang de Saint Paul, Saint-Paul, REUNION",Embouchure de l'ï¿½tang de Saint Paul,Saint-Paul,REUNION,1
51ae1207382e31dd,"Le cimetiï¿½re marin, Saint-Paul, REUNION",Le cimetiï¿½re marin,Saint-Paul,REUNION,1
c7b38f0e3ef3f70b,"Basse Vallï¿½e, Saint-Philippe, REUNION",Basse Vallï¿½e,Saint-Philippe,REUNION,1
86503a1ad05f9226,"Saint Leu, REUNION ISLAND",Saint Leu,,REUNION ISLAND,1
2d6d69d232b718ab,"Sainte-Rose at the mouth of Riviere de l'Est, REUNION ISLAND",Sainte-Rose at the mouth of Riviere de l'Est,,REUNION ISLAND,1
98dea6f2fa7da9d7,"L’Hermitage Lagoon, Saint-Gilles, REUNION ISLAND",L’Hermitage Lagoon,Saint-Gilles,REUNION ISLAND,1
eff648d5d8bc681d,"Aga Reef Resort Lalomanu, SAMOA",Aga Reef Resort Lalomanu,,SAMOA,1
4c5c5351ad03ae0c,"Lano, Savai'i island, SAMOA",Lano,Savai'i island,SAMOA,1
3d0336b9370767ea,"Nofoalii, Upolu Island, SAMOA",Nofoalii,Upolu Island,SAMOA,1
964a4f4cf524aa2b,"Nofoaliï¿½i, Upolu Island, SAMOA",Nofoaliï¿½i,Upolu Island,SAMOA,1
684f591dea8066f2,"Off Duba, Tabuk Province, SAUDI ARABIA",Off Duba,Tabuk Province,SAUDI ARABIA,1
d6ccfd7e2fcf8025,"Isle de Gorï¿½e, Near Dakar, Cap Vert Peninsula, SENEGAL",Isle de Gorï¿½e,"Near Dakar, Cap Vert Peninsula",SENEGAL,1
1ca3ee0f853fdf01,"Off North Island, Inner Islands, SEYCHELLES",Off North Island,Inner Islands,SEYCHELLES,1
0bd550433460b7e0,"Amitié Beach, Praslin, SEYCHELLES",Amitié Beach,Praslin,SEYCHELLES,1
41374d79f28fde2a,"Trenchs Beach, Guadalcanal Island, Guadalcanal Province, SOLOMON ISLANDS","Trenchs Beach, Guadalcanal Island",Guadalcanal Province,SOLOMON ISLANDS,1
eaf1576099c7dde5,"Trenchï¿½s Beach, Guadalcanal Island, Guadalcanal Province, SOLOMON ISLANDS","Trenchï¿½s Beach, Guadalcanal Island",Guadalcanal Province,SOLOMON ISLANDS,1
fea9e157b6bc6388,"Mngcibe Beach, Easten Cape Province, SOUTH AFRICA",Mngcibe Beach,Easten Cape Province,SOUTH AFRICA,1
805958f35b822aa7,"Supertubes, Jeffreys Bay, Easten Cape Province, SOUTH AFRICA","Supertubes, Jeffreys Bay",Easten Cape Province,SOUTH AFRICA,1
a02aaa0a392ab694,"30 nm off Port Elizabeth, Eastern Cape Province, SOUTH AFRICA",30 nm off Port Elizabeth,Eastern Cape Province,SOUTH AFRICA,1
446a1b7e41e46885,"Chinta East, Eastern Cape Province, SOUTH AFRICA",Chinta East,Eastern Cape Province,SOUTH AFRICA,1
15f4df6d6f22884c,"Chintsa, Eastern Cape Province, SOUTH AFRICA",Chintsa,Eastern Cape Province,SOUTH AFRICA,1
00299210f1a4a88a,"Fullers Bay, Eastern Cape Province, SOUTH AFRICA",Fullers Bay,Eastern Cape Province,SOUTH AFRICA,1
5706ca11e6788fce,"Fullerï¿½s Bay, Eastern Cape Province, SOUTH AFRICA",Fullerï¿½s Bay,Eastern Cape Province,SOUTH AFRICA,1
9da67e9c284d3f02,"Papiesfontein, Eastern Cape Province, SOUTH AFRICA",Papiesfontein,Eastern Cape Province,SOUTH AFRICA,1
1509e50e89826893,"Paradise Beach, Jeffreys Bay, Eastern Cape Province, SOUTH AFRICA","Paradise Beach, Jeffreys Bay",Eastern Cape Province,SOUTH AFRICA,1
55dcfed4ce7b28f2,"Paradise Beach, Jeffreyï¿½s Bay, Eastern Cape Province, SOUTH AFRICA","Paradise Beach, Jeffreyï¿½s Bay",Eastern Cape Province,SOUTH AFRICA,1
39a257853b7d143e,"St. Georges Strand, Eastern Cape Province, SOUTH AFRICA",St. Georges Strand,Eastern Cape Province,SOUTH AFRICA,1
29aaebd2ae733a37,"St. Georges Strand, Port Elizabeth, Eastern Cape Province, SOUTH AFRICA","St. Georges Strand, Port Elizabeth",Eastern Cape Province,SOUTH AFRICA,1
16177e0d59e3afe6,"St. Georgeï¿½s Strand, Eastern Cape Province, SOUTH AFRICA",St. Georgeï¿½s Strand,Eastern Cape Province,SOUTH AFRICA,1
0cdb9099a524d0c4,"St. Georgeï¿½s Strand, Port Elizabeth, Eastern Cape Province, SOUTH AFRICA","St. Georgeï¿½s Strand, Port Elizabeth",Eastern Cape Province,SOUTH AFRICA,1
c1766fa95c62b0af,"Protea Banks, KNZ, SOUTH AFRICA",Protea Banks,KNZ,SOUTH AFRICA,1
b7c8138d4fe9ea1d,"LaLucia, KZN, SOUTH AFRICA",LaLucia,KZN,SOUTH AFRICA,1
461df6ba25667f1a,"Ansteys, KwaZulu-Natal, SOUTH AFRICA",Ansteys,KwaZulu-Natal,SOUTH AFRICA,1
bc336af808d7e503,"Ansteyï¿½s, KwaZulu-Natal, SOUTH AFRICA",Ansteyï¿½s,KwaZulu-Natal,SOUTH AFRICA,1
7d42bc2ba3c14a47,"Catfish Rock, between Salt Rock & Shakas Rock, KwaZulu-Natal, SOUTH AFRICA","Catfish Rock, between Salt Rock & Shakas Rock",KwaZulu-Natal,SOUTH AFRICA,1
b512b1806a63b044,"Catfish Rock, between Salt Rock & Shakaï¿½s Rock, KwaZulu-Natal, SOUTH AFRICA","Catfish Rock, between Salt Rock & Shakaï¿½s Rock",KwaZulu-Natal,SOUTH AFRICA,1
380fe942d1978289,"Grannys Pool, Winkelspruit, KwaZulu-Natal, SOUTH AFRICA","Grannys Pool, Winkelspruit",KwaZulu-Natal,SOUTH AFRICA,1
9e206fcb6f9772d4,"Grannyï¿½s Pool, Winkelspruit, KwaZulu-Natal, SOUTH AFRICA","Grannyï¿½s Pool, Winkelspruit",KwaZulu-Natal,SOUTH AFRICA,1
cca029dad29d8d57,"King Reef off Park Rynie, KwaZulu-Natal, SOUTH AFRICA",King Reef off Park Rynie,KwaZulu-Natal,SOUTH AFRICA,1
15900c436045a117,"Mdloti, KwaZulu-Natal, SOUTH AFRICA",Mdloti,KwaZulu-Natal,SOUTH AFRICA,1
fdd5fb5470a4c29b,"Mfazazana Hibberdene, KwaZulu-Natal, SOUTH AFRICA",Mfazazana Hibberdene,KwaZulu-Natal,SOUTH AFRICA,1
3b9124d35488882c,"Off Beachbums, Tongaat, KwaZulu-Natal, SOUTH AFRICA","Off Beachbums, Tongaat",KwaZulu-Natal,SOUTH AFRICA,1
b0bff81a60f81a21,"Tinley Manor, KwaZulu-Natal, SOUTH AFRICA",Tinley Manor,KwaZulu-Natal,SOUTH AFRICA,1
001baf86750ea30b,"Vetchs Pier, Durban, KwaZulu-Natal, SOUTH AFRICA","Vetchs Pier, Durban",KwaZulu-Natal,SOUTH AFRICA,1
bc3144ff4a26def6,"Vetchï¿½s Pier, Durban, KwaZulu-Natal, SOUTH AFRICA","Vetchï¿½s Pier, Durban",KwaZulu-Natal,SOUTH AFRICA,1
0b767a0367cdaf56,"5 km from Gordons Bay, False Bay, Western Cape Province, SOUTH AFRICA","5 km from Gordons Bay, False Bay",Western Cape Province,SOUTH AFRICA,1
3d253914743d703d,"5 km from Gordonï¿½s Bay, False Bay, Western Cape Province, SOUTH AFRICA","5 km from Gordonï¿½s Bay, False Bay",Western Cape Province,SOUTH AFRICA,1
1646f3f5d1b754c7,"Central Beach, Plettenberg Bay, Western Cape Province, SOUTH AFRICA","Central Beach, Plettenberg Bay",Western Cape Province,SOUTH AFRICA,1
5a0b2a94e36364de,"Hawston, Western Cape Province, SOUTH AFRICA",Hawston,Western Cape Province,SOUTH AFRICA,1
7fa0ddab425b4ef2,"Millers Point, Western Cape Province, SOUTH AFRICA",Millers Point,Western Cape Province,SOUTH AFRICA,1
66c2dd216ab3076b,"Millerï¿½s Point, Western Cape Province, SOUTH AFRICA",Millerï¿½s Point,Western Cape Province,SOUTH AFRICA,1
839b01a4ba6d94ba,"Platbank, Western Cape Province, SOUTH AFRICA",Platbank,Western Cape Province,SOUTH AFRICA,1
0348231df627c530,"Reef on seaward side of Geyser Island, Western Cape Province, SOUTH AFRICA",Reef on seaward side of Geyser Island,Western Cape Province,SOUTH AFRICA,1
892a4adea45cef21,"Sanctuary Beach, Plettenberg Bay, Western Cape Province, SOUTH AFRICA","Sanctuary Beach, Plettenberg Bay",Western Cape Province,SOUTH AFRICA,1
3b455d969530a15b,"Simons Bay, Western Cape Province, SOUTH AFRICA",Simons Bay,Western Cape Province,SOUTH AFRICA,1
c8108991ef0efa22,"Simons Town, False Bay, Western Cape Province, SOUTH AFRICA","Simons Town, False Bay",Western Cape Province,SOUTH AFRICA,1
19dca1856c336704,"Simonï¿½s Bay, Western Cape Province, SOUTH AFRICA",Simonï¿½s Bay,Western Cape Province,SOUTH AFRICA,1
58c6c60bccae2931,"Simonï¿½s Town, False Bay, Western Cape Province, SOUTH AFRICA","Simonï¿½s Town, False Bay",Western Cape Province,SOUTH AFRICA,1
d9c8200fcc90dd08,"36ï¿½17'N, 126ï¿½31'E, South Chungcheong Province, SOUTH KOREA","36ï¿½17'N, 126ï¿½31'E",South Chungcheong Province,SOUTH KOREA,1
3b2e002e1aa4fa40,"San Juan Beach, Alicante, SPAIN",San Juan Beach,Alicante,SPAIN,1
e184836e530dee78,"Famara Beach, Lanzarote, Canary Islands, SPAIN","Famara Beach, Lanzarote",Canary Islands,SPAIN,1
7ad92a8dfc0169b9,"Tarifa, Cï¿½diz, SPAIN",Tarifa,Cï¿½diz,SPAIN,1
49e20c1a2957c1d4,"Sardina del Norte, Gï¿½ldar, Grand Canary Island, SPAIN","Sardina del Norte, Gï¿½ldar",Grand Canary Island,SPAIN,1
ababfe1645c4876f,"Playa den Bossa, Ibiza Island, SPAIN",Playa den Bossa,Ibiza Island,SPAIN,1
fcd2540bcdc59a1e,"Playa dï¿½en Bossa, Ibiza Island, SPAIN",Playa dï¿½en Bossa,Ibiza Island,SPAIN,1
6023ceb8f6d2f3f3,"Playa de Palma beach, Majorca, SPAIN",Playa de Palma beach,Majorca,SPAIN,1
12294225adbe6aa8,"Ceuta, Mï¿½laga, SPAIN",Ceuta,Mï¿½laga,SPAIN,1
ff71f731a93f7e2c,"Rabdells Beach, Valencia, SPAIN",Rabdells Beach,Valencia,SPAIN,1
1bf869dc3c325b54,"Pasikudha, Eastern Province, SRI LANKA",Pasikudha,Eastern Province,SRI LANKA,1
e2729cf9531f5ed7,"Booby Island, The Narrows, ST KITTS / NEVIS",Booby Island,The Narrows,ST KITTS / NEVIS,1
a3145068e44042be,"Orient Beach, ST MARTIN",Orient Beach,,ST MARTIN,1
0984f54ae0fad776,"Kung Krabaenbay Royal Département Study Center, Chanthaburi Province, THAILAND",Kung Krabaenbay Royal Département Study Center,Chanthaburi Province,THAILAND,1
4386c99db28357e2,"Chebilang pier, Muang district of Satun province,, THAILAND",Chebilang pier,"Muang district of Satun province,",THAILAND,1
51c4226d69fee893,"Khao Lak Beach, Phang Nga Province, THAILAND",Khao Lak Beach,Phang Nga Province,THAILAND,1
9b8bbc6061bd0f8c,"Nang Thong Beach, Phang Nga Province, THAILAND",Nang Thong Beach,Phang Nga Province,THAILAND,1
8958b5ef2e67a39a,"Kamala Beach, Phuket, THAILAND",Kamala Beach,Phuket,THAILAND,1
7d7ecccf6fbe4497,"Turtle beach, Graet Courland Bay, TOBAGO",Turtle beach,Graet Courland Bay,TOBAGO,1
4becfa426c6b22a6,"Tuanuku, Vava'u, TONGA",Tuanuku,Vava'u,TONGA,1
d85c013c47eac2bb,"Tuï¿½anuku, Vava'u, TONGA",Tuï¿½anuku,Vava'u,TONGA,1
d4039fa4c129f593,"Between Ofu & Fafini Islands, Vavau, TONGA",Between Ofu & Fafini Islands,Vavau,TONGA,1
771190d3a3c34223,"Near Tapana Island, Vavau, TONGA",Near Tapana Island,Vavau,TONGA,1
46e334b02b705cb5,"Neiafu, Vavau, TONGA",Neiafu,Vavau,TONGA,1
17f959671f88927f,"Between Ofu & Fafini Islands, Vavaï¿½u, TONGA",Between Ofu & Fafini Islands,Vavaï¿½u,TONGA,1
4578ade7e9890356,"Near Tapana Island, Vavaï¿½u, TONGA",Near Tapana Island,Vavaï¿½u,TONGA,1
0995bb572dd60a3f,"Off Radix Village, Mayoro County, Trinidad, TRINIDAD & TOBAGO","Off Radix Village, Mayoro County",Trinidad,TRINIDAD & TOBAGO,1
b2a0d3ca9b33135b,"Bakurkïy, Istanbul, TURKEY","Bakurkïy, Istanbul",,TURKEY,1
2f0035cfa00810f3,"Istanbul, TURKEY",Istanbul,,TURKEY,1
94bc21c8d16565e6,"Ye?ilkï¿½y, TURKEY",Ye?ilkï¿½y,,TURKEY,1
930f6c11b0527920,"Yeşilköy, TURKEY",Yeşilköy,,TURKEY,1
ef7ab786842b7b2d,"İnciralti Beach, İzmir, Anatolia, TURKEY","İnciralti Beach, İzmir",Anatolia,TURKEY,1
71d521ef4501295b,"Thompson Cove Beach, Near five Cays settlement West Caicos, TURKS AND CAICOS",Thompson Cove Beach,Near five Cays settlement West Caicos,TURKS AND CAICOS,1
02dc6fa28dcd65a0,"Grace Bay Beach, Providenciales Island, TURKS AND CAICOS",Grace Bay Beach,Providenciales Island,TURKS AND CAICOS,1
bd73224e237191cf,"Leward reef, Providenciales Island, TURKS AND CAICOS",Leward reef,Providenciales Island,TURKS AND CAICOS,1
a04a9e6c5a4df4e5,"Khor Fakkan, Umm al Qaywayan Province, UNITED ARAB EMIRATES (UAE)",Khor Fakkan,Umm al Qaywayan Province,UNITED ARAB EMIRATES (UAE),1
c0c3c39d7e2e6c44,"Atherfield, Isle of Wight, UNITED KINGDOM",Atherfield,Isle of Wight,UNITED KINGDOM,1
1fc5d3781cd0292b,"Dorsch Beach, Fredricksted Island St Croix, US VIRGIN ISLANDS",Dorsch Beach,Fredricksted Island St Croix,US VIRGIN ISLANDS,1
d5e67074201ec8af,"1200 miles east of New Jersey, USA",1200 miles east of New Jersey,,USA,1
280c9b72b1e2b8e0,"Southern USA, USA",Southern USA,,USA,1
ba89cd41f400197d,"Orange Beach, Baldwin County, Alabama, USA","Orange Beach, Baldwin County",Alabama,USA,1
95b27552b46e9c0c,"Spanish Cay, Bahamas, USA",Spanish Cay,Bahamas,USA,1
d52736fe4949a99b,"Beacons Beach, San Diego County, California, USA","Beacons Beach, San Diego County",California,USA,1
55d7227c8320dcd3,"Big River Beach Mendocino County, California, USA",Big River Beach Mendocino County,California,USA,1
fdbc6b5fa9373f69,"Broad Beach, Malibu, California, USA","Broad Beach, Malibu",California,USA,1
9585ab2264fe95bb,"Cambria, San Luis Obispo County, California, USA","Cambria, San Luis Obispo County",California,USA,1
6874b16150d47a66,"Capitola Beach, Santa Cruz County, California, USA","Capitola Beach, Santa Cruz County",California,USA,1
2afe68b8f2309d8c,"Carmel, Monterey County, California, USA","Carmel, Monterey County",California,USA,1
54a8bcf072d2b224,"Catalina Channel, California, USA",Catalina Channel,California,USA,1
a1e5c02d7e37eda7,"Catalina Island, Orange County, California, USA","Catalina Island, Orange County",California,USA,1
dcafb0ace6b87691,"Centerville Beach, California, USA",Centerville Beach,California,USA,1
3fcf04b75929649e,"Coronado, San Diego County, California, USA","Coronado, San Diego County",California,USA,1
1a80fb445d69bb82,"Del Mar Beach San Diego, California, USA",Del Mar Beach San Diego,California,USA,1
e5d1deb717a64aed,"Del Mar Beach, San Diego County, California, USA","Del Mar Beach, San Diego County",California,USA,1
61bef0edcbc26099,"Dog Beach, Huntington Beach, California, USA","Dog Beach, Huntington Beach",California,USA,1
715c774b441ec972,"Gray Whale Beach Cove State Beach, San Mateo County, California, USA","Gray Whale Beach Cove State Beach, San Mateo County",California,USA,1
3885e23df5c86391,"Humboldt County, California, USA",Humboldt County,California,USA,1
884a4041c1020a69,"Linda Mar, Pacific State Beach, California, USA","Linda Mar, Pacific State Beach",California,USA,1
325268e9bff04350,"Lovers Point Pacific Grove, California, USA",Lovers Point Pacific Grove,California,USA,1
8fc1b87388fbe71d,"Lovers Point, Pacific Grove, California, USA","Lovers Point, Pacific Grove",California,USA,1
b869a58cf5b6f348,"Manresa State Beach, Santa Cruz County, California, USA","Manresa State Beach, Santa Cruz County",California,USA,1
556fda4cf9896395,"Mendocino County, California, USA",Mendocino County,California,USA,1
ae24e9888bc96fc2,"Montara State Beach, California, USA",Montara State Beach,California,USA,1
6d4ff0df68002bd1,"Montaï¿½a de Oro State Park, San Luis Obispo County, California, USA","Montaï¿½a de Oro State Park, San Luis Obispo County",California,USA,1
6bb68427c7336959,"Moonlight Beach, San Diego County, California, USA","Moonlight Beach, San Diego County",California,USA,1
a7da24b48c824988,"Otter Point, Pacific Grove, California, USA","Otter Point, Pacific Grove",California,USA,1
56faff5d4ec89c02,"Pacifica, San Mateo County, California, USA","Pacifica, San Mateo County",California,USA,1
2452aa1ae47bbd44,"Pebble Beach, San Mateo County, California, USA","Pebble Beach, San Mateo County",California,USA,1
f7261602cf954fa0,"San Miguel Islandl, Santa Barbara County, California, USA","San Miguel Islandl, Santa Barbara County",California,USA,1
1f98ee383ed87745,"Sand Dollar Beach, Santa Cruz County, California, USA","Sand Dollar Beach, Santa Cruz County",California,USA,1
53e74e8e2ab64e4e,"Sandspit Beach, Montaña de Oro State Park, California, USA","Sandspit Beach, Montaña de Oro State Park",California,USA,1
e4e44e5123092324,"Santa Barbara, California, USA",Santa Barbara,California,USA,1
6a19ebd4a5dcd5fd,"Santa Rosa Island, Ventura County, California, USA","Santa Rosa Island, Ventura County",California,USA,1
7cd2c29971ad0707,"Ship Rock near Catalina, Los Angeles County, California, USA","Ship Rock near Catalina, Los Angeles County",California,USA,1
1d51eb797b4d81d3,"Summerland, Santa Barbara County, California, USA","Summerland, Santa Barbara County",California,USA,1
f9825387ab38903e,"Sunset Beach, Orange County, California, USA","Sunset Beach, Orange County",California,USA,1
2d44dd326eb053c8,"Tourmaline Surf Park, San Diego County, California, USA","Tourmaline Surf Park, San Diego County",California,USA,1
b1abd38040a0d32c,"Trinidad Beach, Huboldt County, California, USA","Trinidad Beach, Huboldt County",California,USA,1
1d4193b7d3a93190,"Wildcat Beach, Marin County, California, USA","Wildcat Beach, Marin County",California,USA,1
70aaab1256766139,"Grand Cayman, Cayman Islands, USA",Grand Cayman,Cayman Islands,USA,1
8e6f39bc6ad614f1,"3 days out of Old Saybrook, Connecticut, Connecticut, USA","3 days out of Old Saybrook, Connecticut",Connecticut,USA,1
9bdfe3f8c7b1f33c,"Fenwick Island, Delaware, USA",Fenwick Island,Delaware,USA,1
5c487cd07a1ea6a8,"Herring Point, Sussex County, Delaware, USA","Herring Point, Sussex County",Delaware,USA,1
1664bf255d93000d,"New Smyrna Beach, Floria, USA",New Smyrna Beach,Floria,USA,1
aff77ad3dfee938f,"100 miles offshore, Florida, USA",100 miles offshore,Florida,USA,1
7432a45d1e014764,"150 miles southeast of Cape Kennedy, Florida, USA",150 miles southeast of Cape Kennedy,Florida,USA,1
7e546fa56e9edb76,"46 miles off Mayport, Duval County, Florida, USA","46 miles off Mayport, Duval County",Florida,USA,1
974eac54ea3f2e90,"5 miles south of Palm Beach, Florida, USA",5 miles south of Palm Beach,Florida,USA,1
7c3ae2d9a8b7c974,"70 miles off Pensacola, Florida, USA",70 miles off Pensacola,Florida,USA,1
cfef61cf09b5bd68,"Alligator Reef off Islamorada, Monroe County, Florida, USA","Alligator Reef off Islamorada, Monroe County",Florida,USA,1
9eaa4afe9dab3737,"Bathtub Reef Beach, Martin County, Florida, USA","Bathtub Reef Beach, Martin County",Florida,USA,1
50e2df81227729f9,"Bethel Shoals, Indian River County, Florida, USA","Bethel Shoals, Indian River County",Florida,USA,1
dc971ba323ba0b19,"Block Houe Beach, Brevard County, Florida, USA","Block Houe Beach, Brevard County",Florida,USA,1
898e7bcd3e9c51b6,"Blue Fish Channel, Key West, Florida, USA","Blue Fish Channel, Key West",Florida,USA,1
bc83a7d2dfe03a64,"Boca Grande, Florida, USA",Boca Grande,Florida,USA,1
890118636a532002,"Brevard County Orlando, Florida, USA",Brevard County Orlando,Florida,USA,1
44bc4d430de925a0,"Cayo Costa Boca Grande, Florida, USA",Cayo Costa Boca Grande,Florida,USA,1
42d62a23fe70e5de,"Content Keys, Monroe County, Florida, USA","Content Keys, Monroe County",Florida,USA,1
f4dcaf7ab7f38855,"Corners Beach, Jupiter, Florida, USA","Corners Beach, Jupiter",Florida,USA,1
88db438be32f1fb5,"Crescent Beach, St Johns County, Florida, USA","Crescent Beach, St Johns County",Florida,USA,1
e0e8a8fa803ede6d,"Davis Reef, Islamorada, Florida, USA","Davis Reef, Islamorada",Florida,USA,1
0944da334a1b796b,"Everglades National Park Flamingo Lodge Highway West Miami-Dade (Monroe County), Florida, USA",Everglades National Park Flamingo Lodge Highway West Miami-Dade (Monroe County),Florida,USA,1
32214d2aac788fc7,"Flagship Drive, Summerland Key, Florida, USA","Flagship Drive, Summerland Key",Florida,USA,1
1c2762eb18d8f3bc,"Flamingo Marina, Homestead, Florida, USA","Flamingo Marina, Homestead",Florida,USA,1
cc956475e9780939,"Florida Keys 25ï¿½N, 82ï¿½W, Florida, USA","Florida Keys 25ï¿½N, 82ï¿½W",Florida,USA,1
98c8f1f1357cd5a1,"Fort Pierce State Park, St. Lucie County, Florida, USA","Fort Pierce State Park, St. Lucie County",Florida,USA,1
8484d83dc44a0e62,"Grayton Beach State Park, Walton County, Florida, USA","Grayton Beach State Park, Walton County",Florida,USA,1
9da28a6248411b82,"Haulover Inlet, Miami-Dade County, Florida, USA","Haulover Inlet, Miami-Dade County",Florida,USA,1
7b24fc11385df54a,"Higkand Beach, Palm Beach County, Florida, USA","Higkand Beach, Palm Beach County",Florida,USA,1
00cc23b851f5b062,"Hobe Sound, Florida, USA",Hobe Sound,Florida,USA,1
745146853019e05f,"Homestead, Miami-Dade County, Florida, USA","Homestead, Miami-Dade County",Florida,USA,1
5d26ae1502dd5a97,"Horseshoe reef Key Largo, Florida, USA",Horseshoe reef Key Largo,Florida,USA,1
61dffd8531b7ca91,"Huguenot Park, Jacksonville, Florida, USA","Huguenot Park, Jacksonville",Florida,USA,1
febbdb528501746a,"Indian River County, Florida, USA",Indian River County,Florida,USA,1
22c8a5922f0843ac,"Juan Ponce de Leï¿½n Landing, Melbourne Beach, Florida, USA","Juan Ponce de Leï¿½n Landing, Melbourne Beach",Florida,USA,1
cafd35f44855d971,"Jupiter Inlet off Jupiter Beach Palm Beach County, Florida, USA",Jupiter Inlet off Jupiter Beach Palm Beach County,Florida,USA,1
76d895612cd23d8c,"Jupiter Island, Martin County, Florida, USA","Jupiter Island, Martin County",Florida,USA,1
425f0925044ceb96,"Keaton Beach, Florida, USA",Keaton Beach,Florida,USA,1
739b5727ba18f3e7,"Key Biscayne, Miami, Florida, USA","Key Biscayne, Miami",Florida,USA,1
08c99d5db2882bcc,"Key Biscayne, Miami-Dade County, Florida, USA","Key Biscayne, Miami-Dade County",Florida,USA,1
f5b876e4cffca1d6,"Looe Key, Monroe County, Florida, USA","Looe Key, Monroe County",Florida,USA,1
247e51429e1032a6,"Near Key Largo, Florida, USA",Near Key Largo,Florida,USA,1
c6a697467a5b5662,"Near US Air Force Base at Elgin, Okaloosa County, Florida, USA","Near US Air Force Base at Elgin, Okaloosa County",Florida,USA,1
dce355570d05ef37,"Near the Bahia Honda Bridge, Monroe County, Florida, USA","Near the Bahia Honda Bridge, Monroe County",Florida,USA,1
d0c84f62c1eb4506,"New Smyrna Beach Beach Access 14 Volusia County, Florida, USA",New Smyrna Beach Beach Access 14 Volusia County,Florida,USA,1
2c8defe880a428e7,"Off Boca Grande, Lee County, Florida, USA","Off Boca Grande, Lee County",Florida,USA,1
78dea2cf8b7bddd9,"Off Boca Raton. Palm Beach County, Florida, USA",Off Boca Raton. Palm Beach County,Florida,USA,1
b3c617eb80bd0c40,"Off Crystal River, Citrus County, Florida, USA","Off Crystal River, Citrus County",Florida,USA,1
226e3eb6e951a462,"Off Gasparilla Island, Charlotte County, Florida, USA","Off Gasparilla Island, Charlotte County",Florida,USA,1
527c2fecf246973f,"Off Key Biscayne, Florida, USA",Off Key Biscayne,Florida,USA,1
48b9f009e25fafcf,"Off Tampa Bay, Florida, USA",Off Tampa Bay,Florida,USA,1
048263e1b58a8d3e,"Ormond Beach, Florida, USA",Ormond Beach,Florida,USA,1
719ae746de90a82b,"Outer Mole, Fort Zachrry Tatlor Historic Park, Florida, USA","Outer Mole, Fort Zachrry Tatlor Historic Park",Florida,USA,1
1be21f42f4af6df6,"Ponce de Leon Inlet Volusia County, Florida, USA",Ponce de Leon Inlet Volusia County,Florida,USA,1
0a4c1e2cb1eefd6e,"Redington Beach, Pinellas County, Florida, USA","Redington Beach, Pinellas County",Florida,USA,1
b31f142b2d551dcc,"Rosemary Beach Walton County, Florida, USA",Rosemary Beach Walton County,Florida,USA,1
f4cb5fbe2f6269c1,"Sawyer Key, Monroe County, Florida, USA","Sawyer Key, Monroe County",Florida,USA,1
cdcc534980f3b5db,"Sewells Point, near Palm Beach, Florida, USA","Sewells Point, near Palm Beach",Florida,USA,1
d3977557286d56fb,"Sewellï¿½s Point, near Palm Beach, Florida, USA","Sewellï¿½s Point, near Palm Beach",Florida,USA,1
48ce81e43822cbce,"Soldier Key, Miami-Dade County, Florida, USA","Soldier Key, Miami-Dade County",Florida,USA,1
41400496d06fbf16,"Sombero Key Light, Monroe County, Florida, USA","Sombero Key Light, Monroe County",Florida,USA,1
6ce491ea8e50896f,"St. Augustine Beach, Anastasia Island, Florida, USA","St. Augustine Beach, Anastasia Island",Florida,USA,1
089eba7b876cbc80,"Tampa Bay, Florida, USA",Tampa Bay,Florida,USA,1
219377cb44f4861a,"Vaughn Beach, Flagler County, Florida, USA","Vaughn Beach, Flagler County",Florida,USA,1
2b0a00e80010411a,"Virginia Key, Monroe County, Florida, USA","Virginia Key, Monroe County",Florida,USA,1
ca1b3eeff278d425,"Walton Beach Psrk, St. Lucie County, Florida, USA","Walton Beach Psrk, St. Lucie County",Florida,USA,1
47b047f29ff085e8,"Water Sound Beach Walton County, Florida, USA",Water Sound Beach Walton County,Florida,USA,1
1d4154a759298b14,"Whale Harbor, Islamorada, Florida, USA","Whale Harbor, Islamorada",Florida,USA,1
02e17d7723b68cd2,"ï¿½ mile offshore & 9 miles north of Fort Pierce, Florida, USA",ï¿½ mile offshore & 9 miles north of Fort Pierce,Florida,USA,1
fcd2e61de62a333b,"St George Island, Franklin County, Florida, USA",St George Island,"Franklin County, Florida",USA,1
6c37da218e5e0f85,"Jamaica Beach, Galveston, USA",Jamaica Beach,Galveston,USA,1
2b2fe762fa8885a9,"Wilmington River, Chatham County, Georgia, USA","Wilmington River, Chatham County",Georgia,USA,1
8402f8fdd4481388,"Île de Saint Simon, Glynn County, Georgia, USA","Île de Saint Simon, Glynn County",Georgia,USA,1
2dd88520e7304352,"Talofofo Bay, Guam, USA",Talofofo Bay,Guam,USA,1
437bc5c35eeeb295,"Anaeho'imalu Bay, Hawaii, USA",Anaeho'imalu Bay,Hawaii,USA,1
f8288d94f7fecb9f,"Anaehoomalu Bay, Hawaii, USA",Anaehoomalu Bay,Hawaii,USA,1
9104a7305537bb53,"Anaehoomalu Bay Waikoloa, Hawaii County, Hawaii, USA","Anaehoomalu Bay Waikoloa, Hawaii County",Hawaii,USA,1
1b7ac9d8ac27eec6,"Anaehoomalu Bay, Hawaii, Hawaii, USA","Anaehoomalu Bay, Hawaii",Hawaii,USA,1
f7b21fbcc15feea1,"Baby Beach, Maui, Hawaii, USA","Baby Beach, Maui",Hawaii,USA,1
86b270ccea8d32ff,"Banyans, Kailua-Kona, Hawaii, USA","Banyans, Kailua-Kona",Hawaii,USA,1
7f02c7d9ae8445b3,"Bellows Beach near Wailea Point, Oahu, Hawaii, USA","Bellows Beach near Wailea Point, Oahu",Hawaii,USA,1
43452cdf150bb5f8,"Bellows Beach near Wailea Point, Oï¿½ahu, Hawaii, USA","Bellows Beach near Wailea Point, Oï¿½ahu",Hawaii,USA,1
46de1e3ca8e5b9fd,"Browns, Oahu, Hawaii, USA","Browns, Oahu",Hawaii,USA,1
40f94e1307dccce9,"Charley Young Beach, Maui, Hawaii, USA","Charley Young Beach, Maui",Hawaii,USA,1
b42961c3d2db6f90,"Cove Park, Kihei, Hawaii, USA","Cove Park, Kihei",Hawaii,USA,1
701aafec1f74de81,"Davidsons Beach, Kauai, Hawaii, USA","Davidsons Beach, Kauai",Hawaii,USA,1
78da1e4d339c7537,"Goat Island (Moku'auia) La'ie Bay, Hawaii, USA",Goat Island (Moku'auia) La'ie Bay,Hawaii,USA,1
962ff188c16abb71,"Goats Island (Mokuauia Island), Malaekahana State Recreation Area, Hawaii, USA","Goats Island (Mokuauia Island), Malaekahana State Recreation Area",Hawaii,USA,1
16ad8697bd6e3425,"Goats Island (Mokuï¿½auia Island), Malaekahana State Recreation Area, Hawaii, USA","Goats Island (Mokuï¿½auia Island), Malaekahana State Recreation Area",Hawaii,USA,1
483b12deef77382c,"Habush, Oahu, Hawaii, USA","Habush, Oahu",Hawaii,USA,1
d6c701a6e1efe3c7,"Honokowai Point, Maui, Hawaii, USA","Honokowai Point, Maui",Hawaii,USA,1
e06113ec4adec6dd,"Honolua Bay, Hawaii, USA",Honolua Bay,Hawaii,USA,1
1d2412e887dfa0f4,"Kamaole Beach Park, Maui, Hawaii, USA","Kamaole Beach Park, Maui",Hawaii,USA,1
52332495921d9446,"Kamaï¿½ole Beach Park, Maui, Hawaii, USA","Kamaï¿½ole Beach Park, Maui",Hawaii,USA,1
fc649159bc52c5f4,"Kanaha Beach Park, Maui, Hawaii, USA","Kanaha Beach Park, Maui",Hawaii,USA,1
dca8ffdfd8ebe62f,"Kaanapali Shores, Hawaii, USA",Kaanapali Shores,Hawaii,USA,1
306a8ffd7da4387f,"KaelekiI Point, Maui, Hawaii, USA","KaelekiI Point, Maui",Hawaii,USA,1
bfb95dfa8ad9a60d,"Kaï¿½anapali Shores, Hawaii, USA",Kaï¿½anapali Shores,Hawaii,USA,1
b1276d58bef27209,"Kaï¿½elekiï¿½I Point, Maui, Hawaii, USA","Kaï¿½elekiï¿½I Point, Maui",Hawaii,USA,1
9b5ec3ac1672d97d,"Keawakapu Point, Kehei, Hawaii, USA","Keawakapu Point, Kehei",Hawaii,USA,1
e322605526c2f4b9,"Kewalos, Oahu, Hawaii, USA","Kewalos, Oahu",Hawaii,USA,1
8778ba33977c2075,"Kihei, South Maui, Hawaii, USA","Kihei, South Maui",Hawaii,USA,1
8b5c8f7f9360a83b,"Kualoa, Oahu, Hawaii, USA","Kualoa, Oahu",Hawaii,USA,1
79ca08f6757a23d0,"Kukio Bay, Hawaii, USA",Kukio Bay,Hawaii,USA,1
c2bc0d86fff14a52,"Laysan, Hawaii, USA",Laysan,Hawaii,USA,1
be7cbd5b95ed176a,"Lower Paia Beach Park, Maui, Hawaii, USA","Lower Paia Beach Park, Maui",Hawaii,USA,1
072145ecd4655a82,"Mahaulepu Beach, Kauai, Hawaii, USA","Mahaulepu Beach, Kauai",Hawaii,USA,1
42dbd70e31c8fccc,"Mahaï¿½ulepu Beach, Kauai, Hawaii, USA","Mahaï¿½ulepu Beach, Kauai",Hawaii,USA,1
02226e63907732c5,"Makaha, Hawaii, USA",Makaha,Hawaii,USA,1
e0c99833e9a12ee8,"Makaha Beach, Oahu, Hawaii, USA","Makaha Beach, Oahu",Hawaii,USA,1
9e4ea305ed71da2a,"Marine Corps Base, Oahu, Hawaii, USA","Marine Corps Base, Oahu",Hawaii,USA,1
f8bf628e51ed69af,"Molokai Channel, Hawaii, USA",Molokai Channel,Hawaii,USA,1
8157ee4fecaa630f,"Nanakuli, Oahu, Hawaii, USA","Nanakuli, Oahu",Hawaii,USA,1
53a3c86b89606ccc,"Nanakuli, Oahï¿½u, Hawaii, USA","Nanakuli, Oahï¿½u",Hawaii,USA,1
19337cd05a4df5f2,"Napoopoo Park in Kealakekua Bay, The Big Island, Hawaii, USA","Napoopoo Park in Kealakekua Bay, The Big Island",Hawaii,USA,1
e179ec69e35c5e2b,"North Koahala, Big Island, Hawaii, USA","North Koahala, Big Island",Hawaii,USA,1
563d425e59b685b5,"Off Haleiwa Boat Harbour Oahu, Hawaii, USA",Off Haleiwa Boat Harbour Oahu,Hawaii,USA,1
56da4d8d64091428,"Old Man's, Waikiki, Hawaii, USA","Old Man's, Waikiki",Hawaii,USA,1
7c152000f162e566,"Paia, Maui, Hawaii, USA","Paia, Maui",Hawaii,USA,1
0baf687efe8d1550,"Pine Trees Hanalei Bay Kaui, Hawaii, USA",Pine Trees Hanalei Bay Kaui,Hawaii,USA,1
20318a400cff860a,"Pounders Beach, Oahu, Hawaii, USA","Pounders Beach, Oahu",Hawaii,USA,1
80d36c374d7701e0,"Puako, Hawaii, USA",Puako,Hawaii,USA,1
b8ec2592879f1969,"Pua’ena Point, Haleiwa, Hawaii, USA","Pua’ena Point, Haleiwa",Hawaii,USA,1
0dda4b107012d065,"Rainbows, Oahu, Hawaii, USA","Rainbows, Oahu",Hawaii,USA,1
a08f73698e242345,"Shipwrecks Beach, Keoneloa Bay, Hawaii, USA","Shipwrecks Beach, Keoneloa Bay",Hawaii,USA,1
158ab36a4d962054,"Shipwreckï¿½s Beach, Keoneloa Bay, Hawaii, USA","Shipwreckï¿½s Beach, Keoneloa Bay",Hawaii,USA,1
400aa8f5d7d56595,"Wai'anae, O'ahu, Hawaii, USA","Wai'anae, O'ahu",Hawaii,USA,1
43ed51a548ea2ba2,"Waikiki, Hawaii, USA",Waikiki,Hawaii,USA,1
6c29335c9f8cef14,"Waikiki, O'ahu, Hawaii, USA","Waikiki, O'ahu",Hawaii,USA,1
3b974ea8f4134e00,"Waikoloa area, Hawaii, USA",Waikoloa area,Hawaii,USA,1
4702e97c62795624,"Waiokapua Bay, Kaui, Hawaii, USA","Waiokapua Bay, Kaui",Hawaii,USA,1
eede2cf4451af943,"Ka'alu""alu Beach, Hawaii West Coast Big Island, USA","Ka'alu""alu Beach",Hawaii West Coast Big Island,USA,1
cc705aac0d59b4cc,"Wantagh, Long Island NY, USA",Wantagh,Long Island NY,USA,1
5a55a0b25908cbb1,"Morro Strand San Luis Obispo, Los Angeles, USA",Morro Strand San Luis Obispo,Los Angeles,USA,1
67aad4016dc8d709,"120 miles southeast of New Orleans, Louisiana, USA",120 miles southeast of New Orleans,Louisiana,USA,1
91747112a352d0f8,"25 mikes from Empire, Louisiana, USA",25 mikes from Empire,Louisiana,USA,1
b249b49ade5e40c8,"25 miles off Empire, Louisiana, USA",25 miles off Empire,Louisiana,USA,1
0a029c7a01edb886,"Grand Isle, Jefferson Parish, Louisiana, USA","Grand Isle, Jefferson Parish",Louisiana,USA,1
1826fc8f943b4c2a,"Pontchartrain Beach, Louisiana, USA",Pontchartrain Beach,Louisiana,USA,1
4de7f316db80b76c,"off Grand Isle, Louisiana, USA",off Grand Isle,Louisiana,USA,1
d3e49fa41c8ee3a7,"off Grand Lake, Cameron Parish, Louisiana, USA","off Grand Lake, Cameron Parish",Louisiana,USA,1
709c4cc03d1d8543,"Bailey Island, Cumberland County, Maine, USA","Bailey Island, Cumberland County",Maine,USA,1
1b2c063d8d9d1b42,"Ocean City, Worcester County, Maryland, USA","Ocean City, Worcester County",Maryland,USA,1
c94e947cd1820f50,"Rhode River, Chesapeake Bay, Maryland, USA","Rhode River, Chesapeake Bay",Maryland,USA,1
f4e1b4ff89a66e4c,"Hoicks Hollow Nantucket Beach, Massachusetts, USA",Hoicks Hollow Nantucket Beach,Massachusetts,USA,1
34a62b7fce792bac,"Longnook Beach, Truro, Massachusetts, USA","Longnook Beach, Truro",Massachusetts,USA,1
caeefa25c73b61e9,"Newcomb Hollow Beach, Wellfleet, Massachusetts, USA","Newcomb Hollow Beach, Wellfleet",Massachusetts,USA,1
2628d0c3e860ff81,"Ukumehama, Maui, USA",Ukumehama,Maui,USA,1
191421b1550a77c5,"Wailea, Maui, USA",Wailea,Maui,USA,1
fc6c2aae91513318,"Barnegat Light, Ocean County, New Jersey, USA","Barnegat Light, Ocean County",New Jersey,USA,1
ff87119ebe0f93c2,"Off shore, New Jersey, USA",Off shore,New Jersey,USA,1
d79e1a8c8eba35eb,"Ship Bottom, Ocean County, New Jersey, USA","Ship Bottom, Ocean County",New Jersey,USA,1
f30051edadff3e32,"Stone Harbor, Cape May County, New Jersey, USA","Stone Harbor, Cape May County",New Jersey,USA,1
1c290f4274d9ee58,"Surf City, Long Beach Island, New Jersey, USA","Surf City, Long Beach Island",New Jersey,USA,1
c154eb865803f8fd,"Tutle Back Zoo, New Jersey, USA",Tutle Back Zoo,New Jersey,USA,1
60ed3bffd3addf99,"Atlantique Beach, Fire Island, New York, USA","Atlantique Beach, Fire Island",New York,USA,1
e071e69e0e46bba6,"Beach 3, Robert Moses State Park, New York, USA","Beach 3, Robert Moses State Park",New York,USA,1
65e0de5c4c873f1e,"Cherry Grove, Suffolk County, New York, USA","Cherry Grove, Suffolk County",New York,USA,1
3a4bc8319993e8b3,"Fire Island Pines, Suffolk County, New York, USA","Fire Island Pines, Suffolk County",New York,USA,1
9a4fcd84dbad6ab5,"Kismet Beach, Long Island, New York, USA","Kismet Beach, Long Island",New York,USA,1
fbc34ee8c3bed128,"Kismet Beach, Suffolk County, New York, USA","Kismet Beach, Suffolk County",New York,USA,1
45ec4e1957a74b43,"Ocean Beach, Long Island, New York, USA","Ocean Beach, Long Island",New York,USA,1
b2e3eafd0a32767b,"Quogue Village Beach, Suffolk County, New York, USA","Quogue Village Beach, Suffolk County",New York,USA,1
13c8975e9096d012,"Sailors Haven, Fire Island, New York, USA","Sailors Haven, Fire Island",New York,USA,1
bd9a61514c8ad038,"Seaview Beach, Suffolk County, New York, USA","Seaview Beach, Suffolk County",New York,USA,1
c5721c68e5402d95,"Smith Point, Long Island, New York, USA","Smith Point, Long Island",New York,USA,1
3a232ba816da33c1,"Topsail Beach, Pender County, Noirth Carolina, USA","Topsail Beach, Pender County",Noirth Carolina,USA,1
8046aa48b4297775,"Browns Inlet on New River, Onslow Beach, North Carolina, USA","Browns Inlet on New River, Onslow Beach",North Carolina,USA,1
ee656299eb14ffe4,"Brownï¿½s Inlet on New River, Onslow Beach, North Carolina, USA","Brownï¿½s Inlet on New River, Onslow Beach",North Carolina,USA,1
82c2e99e6697f57f,"Carolina Beach, North Carolina, USA",Carolina Beach,North Carolina,USA,1
db5480c240effef6,"Fort Macon State Beach, Carteret County, North Carolina, USA","Fort Macon State Beach, Carteret County",North Carolina,USA,1
61e7bb07122c6271,"Neuse River, Craven County, North Carolina, USA","Neuse River, Craven County",North Carolina,USA,1
890daa53c1a6b991,"Off Cape Hatteras, Dare County, North Carolina, USA","Off Cape Hatteras, Dare County",North Carolina,USA,1
792bc5cb69a1a2b9,"Outer Banks, North Carolina, USA",Outer Banks,North Carolina,USA,1
33bbc59057f5b6d3,"Sunset Beach, North Carolina, USA",Sunset Beach,North Carolina,USA,1
00b6c05b9e778b9c,"Surf City, Pender County, North Carolina, USA","Surf City, Pender County",North Carolina,USA,1
fc29f14d6652935f,"Wrightsville Beach, North Carolina, USA",Wrightsville Beach,North Carolina,USA,1
bd7f75b1ff9f4056,"Catalina Island, Off California, USA",Catalina Island,Off California,USA,1
7f16bfc518547af6,"Seaside Cove, Clatsop County, Oregon, USA","Seaside Cove, Clatsop County",Oregon,USA,1
8827a2b26dbc80ad,"Hatillo Beach, Puerto Rico, USA",Hatillo Beach,Puerto Rico,USA,1
387318a7394e083f,"Moonstone Beach, South Kingstown, Rhode Island, USA","Moonstone Beach, South Kingstown",Rhode Island,USA,1
263ed9da8b8cca9d,"Pago Pago Harbor, Samoa, USA",Pago Pago Harbor,Samoa,USA,1
18171ff0cef9cdd5,"Salmon Creek, Sonoma County California, USA",Salmon Creek,Sonoma County California,USA,1
a91b7889ce2a9bbd,"Beach Marker 24 Hilton Head Island, South Carolina, USA",Beach Marker 24 Hilton Head Island,South Carolina,USA,1
c2e0cdfe6600d17e,"Coligny Beach Hilton Head Island, South Carolina, USA",Coligny Beach Hilton Head Island,South Carolina,USA,1
ead3f918c9ab587f,"Pawleys Island, Georgetown County, South Carolina, USA","Pawleys Island, Georgetown County",South Carolina,USA,1
24894c232f205420,"Pawleys Island, north of Charleston, South Carolina, USA","Pawleys Island, north of Charleston",South Carolina,USA,1
c6aa857fdb252977,"Pawleyï¿½s Island, Georgetown County, South Carolina, USA","Pawleyï¿½s Island, Georgetown County",South Carolina,USA,1
32788f40a3ca6120,"Pawleyï¿½s Island, north of Charleston, South Carolina, USA","Pawleyï¿½s Island, north of Charleston",South Carolina,USA,1
445feb4653a31bb5,"Sea Pines Beach, Hilton Head Island, South Carolina, USA","Sea Pines Beach, Hilton Head Island",South Carolina,USA,1
7f2539b64719efd4,"Wrightsville Beach, South Carolina, USA",Wrightsville Beach,South Carolina,USA,1
a063c7577809d6ad,"Y-73' Ledge reef Chareston Coast, South Carolina, USA",Y-73' Ledge reef Chareston Coast,South Carolina,USA,1
c294b7a59d9aab02,"Crystal Beach, Galveston County, Texas, USA","Crystal Beach, Galveston County",Texas,USA,1
6e8dee9874dc5d98,"Galveston Bay, Texas, USA",Galveston Bay,Texas,USA,1
cb4e2446e2dec36d,"Galveston Island, Galveston County, Texas, USA","Galveston Island, Galveston County",Texas,USA,1
2409eaec04ae714f,"Matagorda Beach Matagorda, Texas, USA",Matagorda Beach Matagorda,Texas,USA,1
df06e95fd1460591,"Sea Quest Aquarium Layton Davis County, Utah, USA",Sea Quest Aquarium Layton Davis County,Utah,USA,1
3539de19fb8b6b56,"Candle Reef, St. Croix, Virgin Islands, USA","Candle Reef, St. Croix",Virgin Islands,USA,1
732b9147abcc04b0,"Espiitu Santo Island, South Santo, VANUATU",Espiitu Santo Island,South Santo,VANUATU,1
74fd51dd46c8e12e,"Nha Trang, Khï¿½nh Hï¿½a Province, VIETNAM",Nha Trang,Khï¿½nh Hï¿½a Province,VIETNAM,1
8510f05822ef276c,"Nuulua, Upolu Island, WESTERN SAMOA",Nuulua,Upolu Island,WESTERN SAMOA,1
e0f86dfff0dcc44a,"Nuï¿½ulua, Upolu Island, WESTERN SAMOA",Nuï¿½ulua,Upolu Island,WESTERN SAMOA,1
