query_id,location,region,country,latitude,longitude,relevance,coast_distance_km,validation_status,provider,provider_country,provider_match_level
16ce9da49c2381fa,"New Smyrna Beach, Volusia County",Florida,USA,29.02727,-80.9231,1.0,3.437,validated,CSV2GEO,United States,city
f392fa8b5c8afcf4,"Daytona Beach, Volusia County",Florida,USA,29.20366,-81.03917,1.0,4.364,validated,CSV2GEO,United States,city
5cf57532aa8ca944,"Cocoa Beach, Brevard County",Florida,USA,28.31818,-80.61006,1.0,0.84,validated,CSV2GEO,United States,city
cfd0363a4c97f8e6,"Ponce Inlet, Volusia County",Florida,USA,29.12154,-80.95209,1.0,0.666,validated,CSV2GEO,United States,city
d2fc05e716be35a5,"Melbourne Beach, Brevard County",Florida,USA,28.06841,-80.56534,1.0,0.408,validated,CSV2GEO,United States,city
ec04ee37020cf64f,"Isle of Palms, Charleston County",South Carolina,USA,32.78997,-79.78384,1.0,0.919,validated,CSV2GEO,United States,city
8bb0dbadd5d5b90e,"Myrtle Beach, Horry County",South Carolina,USA,33.69372,-78.88231,1.0,0.175,validated,CSV2GEO,United States,city
86f7e2c6e34e2dbe,"Boa Viagem, Recife",Pernambuco,BRAZIL,-8.1279,-34.90618,1.0,1.744,validated,CSV2GEO,Brasil,city
956b499e2a153594,"Ponce Inlet, New Smyrna Beach",Florida,USA,29.06316,-80.90891,0.84,,country_mismatch,CSV2GEO,United States,poi
1094549b1b3c7aa3,Piedade,Pernambuco,BRAZIL,-8.17592,-34.91751,1.0,1.908,validated,CSV2GEO,Brasil,city
e62caceb16e17617,Mossel Bay,Western Cape Province,SOUTH AFRICA,-34.18268,22.14562,0.71,,low_relevance,CSV2GEO,South Africa,city
7cc143301b099362,"Ormond Beach, Volusia County",Florida,USA,29.28558,-81.05555,1.0,2.073,validated,CSV2GEO,United States,city
0bd3d5790e861b1a,"Singer Island, Riviera Beach",Florida,USA,26.79111,-80.03349,1.0,,country_mismatch,CSV2GEO,United States,poi
f9450ea5da6b5c95,"Jensen Beach, Martin County",Florida,USA,27.26078,-80.23329,1.0,0.499,validated,CSV2GEO,United States,city
28f7a3b75c4f4d57,"Boa Viagem Beach, Recife",Pernambuco,BRAZIL,-8.1078,-34.88868,0.98,0.468,validated,CSV2GEO,Brasil,poi
42c081583f71d606,Xai Xai,Gaza,MOZAMBIQUE,-25.04706,33.64469,1.0,9.656,validated,CSV2GEO,Moçambique,city
d1e1e1ccd6382f15,Nahoon,Eastern Cape Province,SOUTH AFRICA,-32.98724,27.92615,0.68,,low_relevance,CSV2GEO,South Africa,city
9177426b5f796e75,"Palm Beach, Palm Beach County",Florida,USA,26.70306,-80.03661,1.0,0.227,validated,CSV2GEO,United States,city
ee33bd02a3d4263b,"Juno Beach, Palm Beach County",Florida,USA,26.87194,-80.05262,1.0,,country_mismatch,CSV2GEO,United States,city
33abdcebe838bb87,"Florida Keys, Monroe County",Florida,USA,25.13472,-80.40432,0.97,1.081,validated,CSV2GEO,United States,poi
182fa4f4137b2754,Thursday Island,Torres Strait,AUSTRALIA,-10.58354,142.2098,0.99,,country_mismatch,CSV2GEO,Australia,poi
38ee9670ce3fc689,"Jacksonville Beach, Duval County",Florida,USA,30.28899,-81.39186,1.0,,country_mismatch,CSV2GEO,United States,city
0824158b2dc7a798,"Vero Beach, Indian River County",Florida,USA,27.63885,-80.3938,1.0,1.856,validated,CSV2GEO,United States,city
3606cdec5416e853,"North Beach, Durban",KwaZulu-Natal,SOUTH AFRICA,-29.84399,31.03459,1.0,1.373,validated,CSV2GEO,South Africa,city
b4036484a2f0037a,Near Thursday Island,Torres Strait,AUSTRALIA,-10.58354,142.2098,0.87,,country_mismatch,CSV2GEO,Australia,poi
683f9e1d9bfffd4e,"Ahvaz, on the Karun River",Khuzestan Province,IRAN,31.318327,48.670619,1.0,93.549,too_far_inland,CSV2GEO,Iran,
fd4d6655fa9ff840,"Nahoon, East London",Eastern Cape Province,SOUTH AFRICA,-32.98724,27.92615,0.77,1.104,validated,CSV2GEO,South Africa,city
a668e7cf85ba3a84,"Country Club Beach, Durban",KwaZulu-Natal,SOUTH AFRICA,-29.82866,31.03561,1.0,0.937,validated,CSV2GEO,South Africa,poi
3e1086dd8451a7ae,"Sanibel Island, Lee County",Florida,USA,26.42557,-82.09618,0.98,0.485,validated,CSV2GEO,United States,poi
2837d44225f09141,Quy Nhon,Binh Dinh Province,VIETNAM,13.76204,109.21087,0.99,2.538,validated,CSV2GEO,Việt Nam,poi
637763b27b5df24e,Florida Keys,Florida,USA,27.85257,-82.48712,0.99,0.219,validated,CSV2GEO,United States,street
fe55af3f2754c1f9,"Ross River, Townsville",Queensland,AUSTRALIA,-19.44284,146.83567,1.0,16.933,validated,CSV2GEO,Australia,city
96df84b3650e2162,False Bay,Western Cape Province,SOUTH AFRICA,-34.34845,18.827,0.7,,low_relevance,CSV2GEO,South Africa,street
00e2e1be2c30494a,Plettenberg Bay,Western Cape Province,SOUTH AFRICA,-34.05532,23.37224,0.76,,country_mismatch,CSV2GEO,South Africa,city
488d2c1c5ee1635c,"Daytona Beach Shores, Volusia County",Florida,USA,29.17214,-80.98048,1.0,0.643,validated,CSV2GEO,United States,city
f48f5bb25ef33664,"Folly Beach, Charleston County",South Carolina,USA,32.65536,-79.9407,1.0,,country_mismatch,CSV2GEO,United States,city
395347fa27b34755,Coogee,New South Wales,AUSTRALIA,-33.92066,151.25562,1.0,2.182,validated,CSV2GEO,Australia,city
b3904b5396bb6465,Amanzimtoti,KwaZulu-Natal,SOUTH AFRICA,-30.06055,30.88039,1.0,0.281,validated,CSV2GEO,South Africa,city
300814762cb86677,"Gulf Shores, Baldwin County",Alabama,USA,30.27753,-87.68309,1.0,3.151,validated,CSV2GEO,United States,city
003b3d5efa7ed10e,Byron Bay,New South Wales,AUSTRALIA,-28.64647,153.61272,1.0,0.747,validated,CSV2GEO,Australia,city
3ab21a08a2e171aa,Sydney,New South Wales,AUSTRALIA,-33.87072,151.20788,1.0,3.666,validated,CSV2GEO,Australia,city
54ed0661007346ab,Wollongong,New South Wales,AUSTRALIA,-34.42486,150.89299,1.0,1.194,validated,CSV2GEO,Australia,city
840d016b2442f2dc,Port Alfred,Eastern Cape Province,SOUTH AFRICA,-33.58825,26.89323,0.72,,low_relevance,CSV2GEO,South Africa,city
29943a5ebc45ce44,"South Beach, Durban",KwaZulu-Natal,SOUTH AFRICA,-29.85998,31.03944,1.0,0.908,validated,CSV2GEO,South Africa,city
b55c311ae8a18e1a,"Jacksonville, Duval County",Florida,USA,30.33147,-81.65622,1.0,25.004,too_far_inland,CSV2GEO,United States,city
30b142066cfb1782,"Jupiter, Palm Beach County",Florida,USA,26.93277,-80.10189,1.0,,country_mismatch,CSV2GEO,United States,city
e5d15b4b570d03f2,"Riviera Beach, Palm Beach County",Florida,USA,26.78349,-80.06401,1.0,1.803,validated,CSV2GEO,United States,city
b18ee70cee8ff83e,"Marathon, Monroe County",Florida,USA,24.72747,-81.04282,1.0,0.171,validated,CSV2GEO,United States,city
a6cd1c818acb7d23,Great Barrier Reef,Queensland,AUSTRALIA,-22.575197,144.084793,1.0,,too_far_inland,CSV2GEO,Australia,
aded34116ae3e1ba,East London,Eastern Cape Province,SOUTH AFRICA,-33.01524,27.90396,0.72,,low_relevance,CSV2GEO,South Africa,city
4764289b39626a20,"Panama City, Bay County",Florida,USA,30.1604,-85.66033,1.0,0.277,validated,CSV2GEO,United States,city
aba9e64566e3c0b9,"Playalinda Beach, Brevard County",Florida,USA,28.64358,-80.73435,0.99,4.432,validated,CSV2GEO,United States,street
61192d7b929d918a,Bondi,New South Wales,AUSTRALIA,-33.89381,151.26299,1.0,1.984,validated,CSV2GEO,Australia,city
e9c23a590d99afa8,Brisbane,Queensland,AUSTRALIA,-27.46844,153.02334,1.0,16.413,validated,CSV2GEO,Australia,city
26ca6fdbaa7369f2,Brisbane River,Queensland,AUSTRALIA,-27.38577,153.16216,0.99,1.53,validated,CSV2GEO,Australia,street
7c98d3d8e8a8778d,Townsville,Queensland,AUSTRALIA,-19.25718,146.82136,1.0,0.813,validated,CSV2GEO,Australia,city
5bb65b0803df8ad4,Bunbury,Western Australia,AUSTRALIA,-33.32166,115.63692,1.0,1.565,validated,CSV2GEO,Australia,city
6df97ce6ccec32d1,Oreti Beach,South Island,NEW ZEALAND,-46.436917,168.244894,1.0,,country_mismatch,CSV2GEO,New Zealand,
8112b26a0ad4ad8c,Macassar,Western Cape Province,SOUTH AFRICA,-34.0574,18.76163,0.7,,low_relevance,CSV2GEO,South Africa,city
bcd6957fc0cdb49a,Muizenberg,Western Cape Province,SOUTH AFRICA,-34.10656,18.47159,0.72,,low_relevance,CSV2GEO,South Africa,city
c6d0edd3fd43cd5c,"La Jolla, San Diego County",California,USA,32.84833,-117.27351,1.0,0.185,validated,CSV2GEO,United States,city
579cf69f2b7ec7a4,"Flagler Beach, Flagler County",Florida,USA,29.48103,-81.12746,1.0,0.061,validated,CSV2GEO,United States,city
208df15aa640270d,"Key West, Monroe County",Florida,USA,24.55451,-81.80024,1.0,0.555,validated,CSV2GEO,United States,city
735ef71ee61f7784,New Smyrna Beach,Florida,USA,29.02727,-80.9231,1.0,3.437,validated,CSV2GEO,United States,city
f32a310828e39f0c,"Ocean Reef Park, Singer Island",Florida,USA,26.79372,-80.03288,0.99,,country_mismatch,CSV2GEO,United States,poi
b0471aa9f1357737,"Playalinda Beach, Canaveral National Seashore",Florida,USA,28.67175,-80.64446,0.99,0.054,validated,CSV2GEO,United States,poi
8a306555851ec840,"Ponce de Leon Inlet, Volusia County",Florida,USA,29.07924,-80.92764,1.0,0.905,validated,CSV2GEO,United States,poi
b6beab709c207043,"North Topsail Beach, Onslow County",North Carolina,USA,34.49299,-77.42634,1.0,0.849,validated,CSV2GEO,United States,city
e5c6cac6d57f0c1e,South Padre Island,Texas,USA,26.11878,-97.16983,1.0,0.613,validated,CSV2GEO,United States,city
152c107d9877a827,Darwin,Northern Territory,AUSTRALIA,-12.4609,130.84154,1.0,,country_mismatch,CSV2GEO,Australia,city
c0c4f7d0bf0228ba,Streaky Bay,South Australia,AUSTRALIA,-32.79846,134.21047,1.0,,country_mismatch,CSV2GEO,Australia,city
eea36b2db0f03f9d,Rottnest Island,Western Australia,AUSTRALIA,-31.99889,115.53209,1.0,0.256,validated,CSV2GEO,Australia,city
ce605bb64d3704d2,"Nahoon Beach, East London",Eastern Cape Province,SOUTH AFRICA,-32.98643,27.94588,0.8,0.155,validated,CSV2GEO,South Africa,city
6ffb9c99e2ffe1a2,Isipingo,KwaZulu-Natal,SOUTH AFRICA,-29.99317,30.94455,1.0,0.467,validated,CSV2GEO,South Africa,city
4e14d5bf6b474344,"San Onofre, San Diego County",California,USA,33.39006,-117.57997,1.0,0.878,validated,CSV2GEO,United States,city
3d6b52e98bc64698,"Stuart Beach, Martin County",Florida,USA,27.20033,-80.25581,0.83,,country_mismatch,CSV2GEO,United States,city
897e4bcc41df15df,Galveston,Texas,USA,29.29563,-94.80801,1.0,1.478,validated,CSV2GEO,United States,city
dece36be55e67584,Avoca Beach,New South Wales,AUSTRALIA,-33.46731,151.4338,1.0,0.564,validated,CSV2GEO,Australia,city
268ffa01c3544d10,Cronulla,New South Wales,AUSTRALIA,-34.05495,151.15329,1.0,0.843,validated,CSV2GEO,Australia,city
15c096daf8bbeff8,"Marineland, Sydney",New South Wales,AUSTRALIA,-33.94662,151.25649,0.86,1.862,validated,CSV2GEO,Australia,street
9d06678e3ad2b248,Newcastle,New South Wales,AUSTRALIA,-32.92806,151.77261,1.0,1.326,validated,CSV2GEO,Australia,city
ed6d82d3b78de2cb,"Stockton Beach, Newcastle",New South Wales,AUSTRALIA,-32.90026,151.78929,1.0,1.023,validated,CSV2GEO,Australia,poi
218ddabe355994a2,Albany,Western Australia,AUSTRALIA,-35.02394,117.88355,1.0,,country_mismatch,CSV2GEO,Australia,city
bb73523c2eaf715c,Nassau,New Providence Island,BAHAMAS,25.06464,-77.45703,0.99,1.245,validated,CSV2GEO,Bahamas,street
abdd36ae826c4f57,Paiva,Pernambuco,BRAZIL,-8.25803,-34.94708,1.0,1.222,validated,CSV2GEO,Brasil,city
7e28e4eac32175ae,"Piedade Beach, Recife",Pernambuco,BRAZIL,-8.0541,-34.87895,0.82,0.807,validated,CSV2GEO,Brasil,street
5b5b44f88e3be681,"Piedade, Recife",Pernambuco,BRAZIL,-8.0541,-34.87895,1.0,0.807,validated,CSV2GEO,Brasil,street
51be53c0bd03e012,"Copacabana Beach, Rio de Janiero",Rio de Janeiro,BRAZIL,-22.96717,-43.17862,0.97,0.691,validated,CSV2GEO,Brasil,poi
08dd7abaa721b300,Balian,Bali,INDONESIA,-8.68597,115.24183,1.0,3.152,validated,CSV2GEO,Indonesia,street
538edb48bf391efe,Kei River Mouth,Eastern Cape Province,SOUTH AFRICA,-32.67738,28.384707,1.0,,country_mismatch,CSV2GEO,South Africa,
b42378f3d60fbbc9,"Second Beach, Port St. John\'s",Eastern Cape Province,SOUTH AFRICA,-31.65069,29.5149,0.8,,country_mismatch,CSV2GEO,South Africa,city
d45a9b2e336929da,St. Francis Bay,Eastern Cape Province,SOUTH AFRICA,-34.15373,24.83335,0.98,0.253,validated,CSV2GEO,South Africa,street
355a984ef711a37e,"Battery Beach, Durban",KwaZulu-Natal,SOUTH AFRICA,-29.83948,31.0354,1.0,1.181,validated,CSV2GEO,South Africa,poi
444705dd1c4dc311,"Inyoni Rocks, Amanzimtoti",KwaZulu-Natal,SOUTH AFRICA,-30.0501,30.88958,1.0,0.086,validated,CSV2GEO,South Africa,street
1ee3adbccc0661ac,Margate,KwaZulu-Natal,SOUTH AFRICA,-30.85423,30.37628,1.0,0.81,validated,CSV2GEO,South Africa,city
27bb78a3a77d29a3,Scottburgh,KwaZulu-Natal,SOUTH AFRICA,-30.28817,30.75186,1.0,0.129,validated,CSV2GEO,South Africa,city
046f7a3b6270865f,Winkelspruit,KwaZulu-Natal,SOUTH AFRICA,-30.09553,30.85588,0.96,0.41,validated,CSV2GEO,South Africa,city
4e5a5e9ef97aeec3,Arniston,Western Cape Province,SOUTH AFRICA,-34.66907,20.23116,0.7,,low_relevance,CSV2GEO,South Africa,city
9b7cde536c0ae675,Hartenbos,Western Cape Province,SOUTH AFRICA,-34.12392,22.10762,0.71,,low_relevance,CSV2GEO,South Africa,city
01596d6926448868,"Moonstone Beach, Humboldt County",California,USA,41.03032,-124.10965,0.87,0.112,validated,CSV2GEO,United States,city
96f88a76f0bbd76e,"San Onofre State Beach, San Diego County",California,USA,33.42659,-117.57956,1.0,3.877,validated,CSV2GEO,United States,poi
42a158f78f49073e,"Santa Monica, Los Angeles County",California,USA,34.01158,-118.49227,1.0,0.454,validated,CSV2GEO,United States,city
e524a6aa699f1167,"Tomales Point, Marin County",California,USA,38.24773,-122.90475,0.85,4.468,validated,CSV2GEO,United States,city
c33b7856da41fab2,"Floridana Beach, Brevard County",Florida,USA,27.94464,-80.49578,1.0,0.472,validated,CSV2GEO,United States,city
3dc682df18ca2c2d,"Indialantic, Brevard County",Florida,USA,28.0908,-80.56915,1.0,0.52,validated,CSV2GEO,United States,city
f3351bdd8782275f,"Indiatlantic, Brevard County",Florida,USA,28.0908,-80.56915,0.97,0.52,validated,CSV2GEO,United States,city
d19a7af9aaaf2aec,"Lori Wilson Park, Cocoa Beach",Florida,USA,28.33714,-80.60948,1.0,0.875,validated,CSV2GEO,United States,poi
1a6ddb2fe66cc70e,Palm Beach County,Florida,USA,26.64754,-80.46544,1.0,42.187,too_far_inland,CSV2GEO,United States,region
6f526468ac74345d,"South Jetty, New Smyrna Beach",Florida,USA,29.02305,-80.91927,0.84,3.45,validated,CSV2GEO,United States,street
ad986475f0e3ae55,"Olowalu, Maui",Hawaii,USA,20.81398,-156.62524,1.0,0.032,validated,CSV2GEO,United States,city
b5dc04c447058732,"Atlantic City, Atlantic County",New Jersey,USA,39.36287,-74.42637,1.0,0.833,validated,CSV2GEO,United States,city
29998a0bcee726c9,"Avon, Hatteras Island",North Carolina,USA,35.35561,-75.50771,1.0,,country_mismatch,CSV2GEO,United States,poi
110fdfe15ed05111,"Wrightsville Beach, New Hanover County",North Carolina,USA,34.20829,-77.79599,1.0,,country_mismatch,CSV2GEO,United States,city
547439f26d60f88e,Charleston,South Carolina,USA,32.78115,-79.9316,1.0,,country_mismatch,CSV2GEO,United States,city
530c61c694ac4bff,"North Myrtle Beach, Horry County",South Carolina,USA,33.82835,-78.68502,1.0,0.995,validated,CSV2GEO,United States,city
6184c48b36705141,Sullivan\'s Island,South Carolina,USA,32.76393,-79.8357,1.0,0.266,validated,CSV2GEO,United States,city
7ac51cc8f4e2a6f4,"Bethune Beach, Volusia County",Florida,USA,28.94776,-80.83703,1.0,,country_mismatch,CSV2GEO,United States,city
48306b3eca2e37dc,"Fort Lauderdale, Broward County",Florida,USA,26.12401,-80.14357,1.0,3.127,validated,CSV2GEO,United States,city
7c812b838db18962,"Miami Beach, Miami-Dade County",Florida,USA,25.79339,-80.13493,1.0,0.064,validated,CSV2GEO,United States,city
247cca46e1305a44,"Hanalei Bay, Kauai",Hawaii,USA,22.20309,-159.49575,0.86,0.74,validated,CSV2GEO,United States,city
752fad60998bc19b,"Emerald Isle, Carteret County",North Carolina,USA,34.67752,-76.95261,1.0,,country_mismatch,CSV2GEO,United States,city
d9aead705e80bad9,"Ocean Isle, Brunswick County",North Carolina,USA,33.89341,-78.59033,0.99,1.6,validated,CSV2GEO,United States,street
4af4fd39cdc91ac3,Lennox Head,New South Wales,AUSTRALIA,-28.79837,153.59273,1.0,1.04,validated,CSV2GEO,Australia,city
bbc436739023268e,Maroubra,New South Wales,AUSTRALIA,-33.94149,151.23835,1.0,3.295,validated,CSV2GEO,Australia,city
36229e2ebe2138c2,Glenelg,South Australia,AUSTRALIA,-34.97828,138.52,1.0,1.294,validated,CSV2GEO,Australia,city
7d754c5571f59643,Cojimar,Havana Province,CUBA,23.16311,-82.32481,0.62,,low_relevance,CSV2GEO,Cuba,street
3b29ecdc2b3ac1b7,"Villa del Mar Beach, Veracruz",Veracruz,MEXICO,24.84127,-98.12249,0.83,55.215,too_far_inland,CSV2GEO,México,street
78d9750f1c905c0d,Durban,KwaZulu-Natal,SOUTH AFRICA,-29.85756,31.02781,1.0,1.17,validated,CSV2GEO,South Africa,city
b592ec7bb25e92dc,Mtunzini,KwaZulu-Natal,SOUTH AFRICA,-27.73786,29.92862,1.0,,too_far_inland,CSV2GEO,South Africa,street
6a3d725d43aec056,Dyer Island,Western Cape Province,SOUTH AFRICA,-26.10128,28.09817,0.99,,too_far_inland,CSV2GEO,ZA,
193b57d1c325418e,Farallon Islands,California,USA,37.65433,-122.48417,0.72,,low_relevance,CSV2GEO,United States,street
19346da111e77121,"Franklin Point, San Mateo County",California,USA,37.1828,-122.37993,1.0,0.23,validated,CSV2GEO,United States,poi
5b693217cd6ba6f5,"Huntington Beach, Orange County",California,USA,33.67893,-118.00157,1.0,1.818,validated,CSV2GEO,United States,city
1597c820c321070f,Kauai,Hawaii,USA,22.08185,-159.72677,1.0,2.975,validated,CSV2GEO,United States,region
efb62e15dc3a4efd,"Bar Beach, Newcastle",New South Wales,AUSTRALIA,-32.93825,151.76849,1.0,0.832,validated,CSV2GEO,Australia,city
7e3fd79b7c92378e,Newcastle Beach,New South Wales,AUSTRALIA,-32.92744,151.79024,0.99,0.205,validated,CSV2GEO,Australia,street
9d6c2ac9401d5f10,North Bondi,New South Wales,AUSTRALIA,-33.88471,151.27612,1.0,1.063,validated,CSV2GEO,Australia,city
0fa0b9e9cb46e946,Parramatta River,New South Wales,AUSTRALIA,-33.81581,151.02088,0.99,21.382,validated,CSV2GEO,Australia,street
796a063aff6f1beb,"Tallow Beach, Byron Bay",New South Wales,AUSTRALIA,-28.67615,153.61459,1.0,0.924,validated,CSV2GEO,Australia,poi
c7bbf01a0a488f7c,Lizard Island,Queensland,AUSTRALIA,-27.6288,153.29676,0.97,1.326,validated,CSV2GEO,Australia,street
81fdcbfb1b210660,Mermaid Waters,Queensland,AUSTRALIA,-28.03587,153.41014,1.0,3.687,validated,CSV2GEO,Australia,city
ce14b348deb7c9cd,Moreton Bay,Queensland,AUSTRALIA,-27.38192,153.23427,1.0,,country_mismatch,CSV2GEO,Australia,city
0925c573e7e7c669,Near Moreton Island in Moreton Bay,Queensland,AUSTRALIA,-27.16353,153.37765,0.59,,low_relevance,CSV2GEO,Australia,city
a80e038e11894d4d,"Off Lodestone Reef, Great Barrier Reef",Queensland,AUSTRALIA,-23.27626,150.57543,0.48,,low_relevance,CSV2GEO,Australia,city
5547dae713a7bd0c,Sunshine Beach,Queensland,AUSTRALIA,-26.40664,153.10466,1.0,2.361,validated,CSV2GEO,Australia,city
8301bd708753d4c5,Adelaide,South Australia,AUSTRALIA,-34.92587,138.59982,1.0,9.532,validated,CSV2GEO,Australia,city
d2999bc1161f8590,Ardrossan,South Australia,AUSTRALIA,-34.42209,137.91043,1.0,1.721,validated,CSV2GEO,Australia,city
29b0d5c455612186,Middleton Beach,South Australia,AUSTRALIA,-35.50838,138.70805,0.82,4.165,validated,CSV2GEO,Australia,city
08f52aab11feb3ac,Near Mabuiag Island,Torres Strait,AUSTRALIA,-9.95661,142.18679,0.45,,low_relevance,CSV2GEO,Australia,city
dc2e63f86f992ff8,Coral Bay,Western Australia,AUSTRALIA,-23.14346,113.77288,1.0,2.041,validated,CSV2GEO,Australia,city
f000b34c7dcf8b69,Cottesloe Beach,Western Australia,AUSTRALIA,-32.00745,115.7541,0.99,1.912,validated,CSV2GEO,Australia,street
188a3126f55c4044,"Cottesloe Beach, Perth",Western Australia,AUSTRALIA,-32.01189,115.75294,1.0,1.854,validated,CSV2GEO,Australia,poi
46e3df71043742d8,Geraldton,Western Australia,AUSTRALIA,-28.77592,114.62608,1.0,3.947,validated,CSV2GEO,Australia,city
f9044bf7f4c0ca05,Grand Cay,Abaco Islands,BAHAMAS,26.64797,-78.37621,0.4,,low_relevance,CSV2GEO,Bahamas,region
b369f935e520bedb,Green Turtle Cay,Abaco Islands,BAHAMAS,26.7739,-77.32734,0.73,,low_relevance,CSV2GEO,Bahamas,poi
bc4f92b185ef50e9,Manuelita,Cocos Island,COSTA RICA,-12.164165,96.870956,1.0,,country_mismatch,CSV2GEO,Cocos (Keeling) Islands,
d7415d646aa13b22,Playa Grande,Guanacaste,COSTA RICA,10.323483,-85.841905,1.0,0.092,validated,CSV2GEO,Costa Rica,
69f7f9957bff63c9,Habili Gafar,St. Johns Reef,EGYPT,,,,,missing_or_invalid_coordinate,CSV2GEO,?,
a7252006c102e401,Tahiti,Society Islands,FRENCH POLYNESIA,-17.65092,-149.426042,1.0,10.209,validated,CSV2GEO,French Polynesia,
f025ce9b59e96705,Grenville,St. Andrew Parish,GRENADA,-37.91141,144.99275,0.86,,country_mismatch,CSV2GEO,Australia,poi
51ab8e4f063bf4b5,Bashamir,Shatt-al-Arab River,IRAN,,,,,missing_or_invalid_coordinate,CSV2GEO,?,
52f6200c7d5da199,Shatt-al-Arab River,Basrah,IRAQ,30.57607,47.78455,0.73,,low_relevance,CSV2GEO,العراق,poi
bafb4ec476fe1365,Kingston Harbor,Kingston Parish,JAMAICA,17.97904,-76.7921,0.57,,low_relevance,CSV2GEO,Jamaica,street
5353259ff765db8e,Matsuyama,Ehime Prefecture,JAPAN,33.83917,132.7656,1.0,6.281,validated,CSV2GEO,日本,city
2c92d1b20dab1314,"Revolcadero Beach, Acapulco",Guerrero,MEXICO,26.56434,-99.22363,1.0,,too_far_inland,CSV2GEO,México,city
f06c2cb262c41a25,Tampico,Tamaulipas,MEXICO,22.25172,-97.86479,1.0,8.851,validated,CSV2GEO,México,city
bb4a63e34ca1c645,Mocambo,Veracruz,MEXICO,19.16682,-96.21418,1.0,8.675,validated,CSV2GEO,México,street
02e2611308b29c88,"Gijana, 150 km inland",Limpopo River,MOZAMBIQUE,-23.020642,30.888649,1.0,,country_mismatch,CSV2GEO,South Africa,
1daa888fe8111ba0,Noumea,South Province,NEW CALEDONIA,-22.271687,166.439863,1.0,0.1,validated,CSV2GEO,New Caledonia,
7b1c25bab67fbcb7,"Long Island near Madang, about 500 km (310 miles) north of the South Pacific nation\'s capital of Port Moresby",Madang Province,PAPUA NEW GUINEA,-9.479004,147.149416,1.0,0.588,validated,CSV2GEO,Papua New Guinea,
c524f729391a7c6f,Madang,Madang Province,PAPUA NEW GUINEA,-5.228495,145.797884,1.0,,country_mismatch,CSV2GEO,Papua New Guinea,
f9c8460e5cdc4417,Fort Mills,Manila,PHILIPPINES,14.60488,120.98626,0.4,,low_relevance,CSV2GEO,Philippines,city
1779192cbd12904e,Mogadishu,Banaadir Region,SOMALIA,2.106541,45.393342,1.0,4.406,validated,CSV2GEO,Somalia,
86de628d46cd9905,Cape Recife,Eastern Cape Province,SOUTH AFRICA,-34.20973,24.82967,0.72,,low_relevance,CSV2GEO,South Africa,street
b2034ce22a2c9ae2,Cape St. Francis,Eastern Cape Province,SOUTH AFRICA,-34.19711,24.83508,0.75,0.487,validated,CSV2GEO,South Africa,city
eda2cd5aabbe3644,Jeffreys Bay,Eastern Cape Province,SOUTH AFRICA,-34.04723,24.92057,0.73,,low_relevance,CSV2GEO,South Africa,city
e56ba7d5680227cd,Port Elizabeth,Eastern Cape Province,SOUTH AFRICA,-33.96238,25.62326,0.75,1.485,validated,CSV2GEO,South Africa,city
f4130ad3ad9692d5,Port St. John\'s,Eastern Cape Province,SOUTH AFRICA,-31.62332,29.54551,0.73,,low_relevance,CSV2GEO,South Africa,city
83a1a7c05308603e,"Second Beach, Port St. Johns",Eastern Cape Province,SOUTH AFRICA,-31.65069,29.5149,0.8,,country_mismatch,CSV2GEO,South Africa,city
c078a5d6c8b39ea3,Richards Bay,KwaZulu-Natal,SOUTH AFRICA,-28.75045,32.05264,1.0,3.229,validated,CSV2GEO,South Africa,city
e7a24b3d51929c5d,Salt Rock,KwaZulu-Natal,SOUTH AFRICA,-29.49699,31.23333,1.0,0.489,validated,CSV2GEO,South Africa,city
1f5ffbc0a193d952,Sodwana,KwaZulu-Natal,SOUTH AFRICA,-27.37827,31.61449,0.99,105.969,too_far_inland,CSV2GEO,South Africa,street
b411b755e39861ae,Umkomaas,KwaZulu-Natal,SOUTH AFRICA,-30.20691,30.79668,1.0,0.425,validated,CSV2GEO,South Africa,city
f6f7a806bc7feec1,Melkbosstrand,Western Cape Province,SOUTH AFRICA,-33.7271,18.44644,0.75,0.496,validated,CSV2GEO,South Africa,city
ff3e35f26ea77b7e,"Seal Island, False Bay",Western Cape Province,SOUTH AFRICA,-34.04718,23.04765,0.51,,low_relevance,CSV2GEO,South Africa,city
ac30afa38b2cc37a,"Coco Beach, Dar-es-Salaam",,TANZANIA,-6.76791,39.28171,1.0,0.145,validated,CSV2GEO,Tanzania,poi
2959498931cd5def,"Bunkers, Humboldt Bay",California,USA,40.76979,-124.22081,0.86,0.587,validated,CSV2GEO,United States,street
6eebee572976ddde,"Dillon Beach, Marin County",California,USA,38.24959,-122.96276,1.0,0.506,validated,CSV2GEO,United States,city
606a2d889f43d780,"Imperial Beach, San Diego County",California,USA,32.57657,-117.11635,1.0,1.54,validated,CSV2GEO,United States,city
5c65f1f3845e60f9,"Pigeon Point, San Mateo County",California,USA,37.18546,-122.38741,0.99,0.367,validated,CSV2GEO,United States,street
ff2aa502333d1743,"Pismo Beach, San Luis Obispo County",California,USA,35.15697,-120.66859,1.0,0.74,validated,CSV2GEO,United States,city
25d2e2e27131d687,San Francisco Bay,California,USA,37.80511,-122.41788,0.99,0.657,validated,CSV2GEO,United States,street
5947e00141615f89,"San Miguel Island, Santa Barbara County",California,USA,34.95914,-120.5885,0.97,5.99,validated,CSV2GEO,United States,street
583588a0841faa94,Santa Barbara County,California,USA,34.67357,-120.01707,1.0,23.336,validated,CSV2GEO,United States,region
8b916370cbca4909,"Venice Beach, Los Angeles County",California,USA,33.98615,-118.46316,0.99,0.75,validated,CSV2GEO,United States,street
026a13b9a4428ecb,"Boca Grande, Lee County",Florida,USA,26.74875,-82.26002,1.0,0.152,validated,CSV2GEO,United States,city
d0a1ccb286b8ae5b,"Boca Raton, Palm Beach County",Florida,USA,26.35049,-80.08837,1.0,1.491,validated,CSV2GEO,United States,city
12206fee06427fa4,"Crescent Beach, St. Johns County",Florida,USA,29.77058,-81.25489,1.0,0.419,validated,CSV2GEO,United States,city
c769518f7bf775a8,Fort Lauderdale,Florida,USA,26.12401,-80.14357,1.0,3.127,validated,CSV2GEO,United States,city
cdb8c99c53a8c79d,"Hutchinson Island, St. Lucie County",Florida,USA,27.30781,-80.22155,0.99,0.763,validated,CSV2GEO,United States,city
64b2fc858a58bee1,"Ormond Beach, Daytona Beach",Florida,USA,29.25104,-81.08106,0.98,5.903,validated,CSV2GEO,United States,city
ab0a9e663196ba82,"Pablo Beach, Jacksonville",Florida,USA,30.28563,-81.43595,0.98,4.175,validated,CSV2GEO,United States,poi
201148d90f810710,"Pensacola Bay, Escambia County",Florida,USA,30.42643,-87.17717,0.99,,country_mismatch,CSV2GEO,United States,street
8427b5559cd5d65f,"Ponte Vedra Beach, St Johns County",Florida,USA,30.22612,-81.38668,1.0,1.219,validated,CSV2GEO,United States,city
ad59d34f9a0cc566,"Ponte Vedra, St. Johns County",Florida,USA,30.09655,-81.46575,1.0,12.106,validated,CSV2GEO,United States,city
bd58f07db996828f,"St. Augustine, St. John\'s County",Florida,USA,29.89216,-81.31411,1.0,1.971,validated,CSV2GEO,United States,city
1865e02eb9f88875,"Tiger Shores Beach, Martin County",Florida,USA,26.64135,-80.07174,0.44,,low_relevance,CSV2GEO,United States,city
48bf8e75a7763fb5,Volusia County,Florida,USA,29.05839,-81.18183,1.0,23.708,validated,CSV2GEO,United States,region
e8b104ed687c4609,"Tybee Island, Chatham County",Georgia,USA,32.00877,-80.84264,1.0,0.262,validated,CSV2GEO,United States,city
3e78b863bc085457,"Ho\'okipa Beach, Pa\'ia",Hawaii,USA,20.91745,-156.38003,0.97,0.667,validated,CSV2GEO,United States,poi
8186b931daa09c97,"Kanaha Beach, Maui",Hawaii,USA,21.08635,-157.02159,0.9,0.363,validated,CSV2GEO,United States,street
78366100c8f806cb,"Kihei, Maui",Hawaii,USA,20.78276,-156.46349,1.0,0.172,validated,CSV2GEO,United States,city
2c9abc20f4fb0f91,"Holden Beach, Brunswick County",North Carolina,USA,33.91473,-78.26069,1.0,,country_mismatch,CSV2GEO,United States,city
db3346c5ca60937b,Holden Beach. Brunswick County,North Carolina,USA,33.91473,-78.26069,1.0,,country_mismatch,CSV2GEO,United States,city
ff4a0f1cb64920e3,"Masonboro Island, New Hanover County",North Carolina,USA,34.18032,-77.84722,0.86,0.415,validated,CSV2GEO,United States,city
18c25eded1189e95,Winchester Bay,Oregon,USA,43.675,-124.17389,1.0,,country_mismatch,CSV2GEO,United States,city
74acc7d83f854a87,"Condado Beach, San Juan",Puerto Rico,USA,33.60548,-117.65874,0.57,,low_relevance,CSV2GEO,United States,street
b3ff26ce8b41f9e6,"Coligny Beach, Hilton Head",South Carolina,USA,32.144,-80.7513,0.97,,country_mismatch,CSV2GEO,United States,street
c65dc1cb94a2df30,"Folly Island, near Charleston",South Carolina,USA,32.72053,-79.96648,0.86,5.117,validated,CSV2GEO,United States,street
6d3cdb44585b82e9,"Kiawah Island, Charleston County",South Carolina,USA,32.5964,-80.10773,1.0,0.662,validated,CSV2GEO,United States,city
8c07d41fb88bd1db,"Pawleys Island, Georgetown County",South Carolina,USA,33.43864,-79.12754,1.0,0.971,validated,CSV2GEO,United States,city
f7e97c8ecd552434,"Mustang Island, near Port Aransas",Texas,USA,27.833916,-97.061099,1.0,0.811,validated,CSV2GEO,United States,poi
eedfedba0673c4c6,"Virginia Beach, Princess Anne County",Virginia,USA,36.75158,-76.05379,0.85,9.268,validated,CSV2GEO,United States,city
cf1dc536fc3da77a,"Sharpes Beach, Ballina",New South Wales,AUSTRALIA,-28.8445,153.59847,1.0,0.952,validated,CSV2GEO,Australia,poi
a6b2a5cbade34f41,"Long Beach, Los Angeles County",California,USA,33.76672,-118.1924,1.0,0.562,validated,CSV2GEO,United States,city
c052efb6c47225ab,"Fort Pierce, St. Lucie County",Florida,USA,27.44904,-80.32678,1.0,1.074,validated,CSV2GEO,United States,city
52f4fe6d859be325,Maui,Hawaii,USA,20.85884,-156.56412,1.0,7.046,validated,CSV2GEO,United States,region
e09df1c849be2a70,Piedade Beach,Pernambuco,BRAZIL,-8.17592,-34.91751,0.77,1.908,validated,CSV2GEO,Brasil,city
998f45e7ef1ed679,"Hilton Head Island, Beaufort County",South Carolina,USA,32.1551,-80.76254,1.0,1.54,validated,CSV2GEO,United States,city
c25f1d764ad45aca,Crescent Head,New South Wales,AUSTRALIA,-31.18832,152.97248,1.0,0.685,validated,CSV2GEO,Australia,city
a651e69f19260d6d,Evans Head,New South Wales,AUSTRALIA,-29.1149,153.42848,1.0,1.092,validated,CSV2GEO,Australia,city
88d2512fb1326776,Lake Macquarie,New South Wales,AUSTRALIA,-33.07655,151.59061,1.0,6.851,validated,CSV2GEO,Australia,city
852b829ff0a9b1a1,Lighthouse Beach,New South Wales,AUSTRALIA,-28.86754,153.59234,0.99,1.067,validated,CSV2GEO,Australia,intersection
b7ed58e14ce4bf0e,Bimini,,BAHAMAS,25.74901,-79.28118,1.0,0.104,validated,CSV2GEO,Bahamas,city
a3f9186dbf48a8b5,Guadalupe Island,Baja California,MEXICO,20.78838,-103.47709,0.98,206.63,too_far_inland,CSV2GEO,México,
ebdfcb0d53679839,Acapulco,Guerrero,MEXICO,16.84948,-99.90943,1.0,0.386,validated,CSV2GEO,México,city
40307bd9a70a7184,Bonza Bay,Eastern Cape Province,SOUTH AFRICA,-32.97271,27.95806,0.7,,low_relevance,CSV2GEO,South Africa,city
ffa8c986adcb86f5,Jeffrey\'s Bay,Eastern Cape Province,SOUTH AFRICA,-34.04723,24.92057,0.73,,low_relevance,CSV2GEO,South Africa,city
5245d6cf1cd1a71a,LaMercy,KwaZulu-Natal,SOUTH AFRICA,-29.63997,31.1307,1.0,0.915,validated,CSV2GEO,South Africa,city
71bf4faae34188a6,Umhlanga Rocks,KwaZulu-Natal,SOUTH AFRICA,-29.74652,31.0727,1.0,0.656,validated,CSV2GEO,South Africa,city
8418095e3d973d63,"Hermosa Beach, Los Angeles County",California,USA,33.86405,-118.39535,1.0,0.882,validated,CSV2GEO,United States,city
5bfd219d9776bf90,"Cape Canaveral, Brevard County",Florida,USA,28.38469,-80.60443,1.0,1.004,validated,CSV2GEO,United States,city
b967e85d1ee9ba96,"Cape San Blas, Gulf County",Florida,USA,29.67176,-85.35321,1.0,,country_mismatch,CSV2GEO,United States,street
1f6f7a068d095e55,"Hobe Sound, Martin County",Florida,USA,27.06003,-80.13501,1.0,1.953,validated,CSV2GEO,United States,city
81c02ff89edd3942,"Pearl Harbor, O\'ahu",Hawaii,USA,21.35046,-157.9451,0.81,0.745,validated,CSV2GEO,United States,city
f94cf124205de494,"Oak Island, Brunswick County",North Carolina,USA,33.90906,-78.10928,1.0,0.109,validated,CSV2GEO,United States,city
c81ff73c40b0b8fd,"Rodanthe, Dare County",North Carolina,USA,35.59583,-75.46748,1.0,0.267,validated,CSV2GEO,United States,city
25d27c0e1fe4d27b,Avalon,New South Wales,AUSTRALIA,-35.55107,145.16821,1.0,,too_far_inland,CSV2GEO,Australia,street
256e98116fc8aaf5,Bellambi Reef,New South Wales,AUSTRALIA,-34.36907,150.9175,0.84,0.706,validated,CSV2GEO,Australia,city
e8ac7c028ab741d4,Bondi Beach,New South Wales,AUSTRALIA,-33.88866,151.27786,1.0,1.374,validated,CSV2GEO,Australia,city
e18ceecf5cb7d899,"Bondi Beach, Sydney",New South Wales,AUSTRALIA,-33.88866,151.27786,1.0,1.374,validated,CSV2GEO,Australia,city
2adff488ad508ebe,Broken Head,New South Wales,AUSTRALIA,-28.7112,153.59355,1.0,2.405,validated,CSV2GEO,Australia,city
b81067b91552df1e,Bronte Beach,New South Wales,AUSTRALIA,-33.91207,151.25998,0.95,2.11,validated,CSV2GEO,Australia,street
b189b377e9829a6e,Brunswick Heads,New South Wales,AUSTRALIA,-28.5399,153.54807,1.0,1.942,validated,CSV2GEO,Australia,city
499fbdf37fa46a1a,Clarence River,New South Wales,AUSTRALIA,-33.4775,150.21242,0.81,94.577,too_far_inland,CSV2GEO,Australia,city
70a4d121d41c520c,Crowdy Head,New South Wales,AUSTRALIA,-31.84172,152.74691,1.0,,country_mismatch,CSV2GEO,Australia,city
b501cea3cbd66246,East Ballina,New South Wales,AUSTRALIA,-28.86245,153.58563,1.0,1.928,validated,CSV2GEO,Australia,city
7eebd79b459e6bb6,Georges River,New South Wales,AUSTRALIA,-33.8966,151.1032,0.99,10.397,validated,CSV2GEO,Australia,street
b46d981b660cffe9,Jervis Bay,New South Wales,AUSTRALIA,-35.13328,150.69369,1.0,1.423,validated,CSV2GEO,Australia,city
8b18849949ce7e48,"Julian Rocks, Byron Bay",New South Wales,AUSTRALIA,-28.63208,153.58615,0.99,1.626,validated,CSV2GEO,Australia,street
213f184cc21d8a01,Kempsey,New South Wales,AUSTRALIA,-31.07841,152.84243,1.0,16.22,validated,CSV2GEO,Australia,city
7c1313e5c6d5ed2f,"Knobby\'s Beach, Newcastle",New South Wales,AUSTRALIA,-32.92389,151.79259,0.97,0.34,validated,CSV2GEO,Australia,poi
81ba6737fab3a89c,"Lane Cove River, Sydney Harbor (Estuary)",New South Wales,AUSTRALIA,-33.82294,151.1714,0.71,,low_relevance,CSV2GEO,Australia,street
cbd68eb14abe0bc3,"Lennox Head, Ballina",New South Wales,AUSTRALIA,-28.79746,153.59311,0.99,0.984,validated,CSV2GEO,Australia,street
3b5559c597dfbc14,"Lighthouse Beach, Ballina",New South Wales,AUSTRALIA,-28.86754,153.59234,0.99,1.067,validated,CSV2GEO,Australia,intersection
d3adfbdf0cbf64a6,Manly,New South Wales,AUSTRALIA,-33.79471,151.28724,1.0,1.87,validated,CSV2GEO,Australia,city
802cab5c76e67e86,"Maria River, Port Macquarie",New South Wales,AUSTRALIA,-31.42981,152.90811,0.72,,low_relevance,CSV2GEO,Australia,city
a09a79be50002983,Maroubra Beach,New South Wales,AUSTRALIA,-33.94149,151.23835,0.81,3.295,validated,CSV2GEO,Australia,city
b327990ad6878e7f,Mereweather Beach,New South Wales,AUSTRALIA,-32.94336,151.74896,0.79,1.307,validated,CSV2GEO,Australia,city
291334826bfabcfe,"Merewether Beach, Newcastle",New South Wales,AUSTRALIA,-32.95744,151.74139,1.0,0.565,validated,CSV2GEO,Australia,poi
f2719f3a98353c0e,"Middle Harbour, Sydney",New South Wales,AUSTRALIA,-33.80323,151.24613,1.0,3.353,validated,CSV2GEO,Australia,city
6be4f3f006707353,Mona Vale,New South Wales,AUSTRALIA,-33.6781,151.29913,1.0,1.48,validated,CSV2GEO,Australia,city
b6fe3e7c8f84e164,"Mona Vale, near Sydney",New South Wales,AUSTRALIA,-33.6781,151.29913,0.87,1.48,validated,CSV2GEO,Australia,city
d1e9357e8e335ed0,Newcastle Harbor,New South Wales,AUSTRALIA,-30.29756,153.11527,0.99,2.449,validated,CSV2GEO,Australia,poi
80463a8d0ddc1b9d,"North Brighton, Botany Bay",New South Wales,AUSTRALIA,-33.99143,151.23176,0.63,,low_relevance,CSV2GEO,Australia,city
89328b22f16eb966,"North Head, Sydney Harbour",New South Wales,AUSTRALIA,-33.84705,151.24605,0.74,,low_relevance,CSV2GEO,Australia,poi
46e8346cd0686925,"Redhead Beach, Newcastle",New South Wales,AUSTRALIA,-32.96233,151.71421,0.97,2.435,validated,CSV2GEO,Australia,street
478a049d104884f9,"Seven Mile Beach, Gerroa",New South Wales,AUSTRALIA,-34.77009,150.81036,1.0,2.319,validated,CSV2GEO,Australia,poi
468d5766f5dd9024,"Seven Shillings Beach, Middle Harbor",New South Wales,AUSTRALIA,-33.80323,151.24613,0.57,,low_relevance,CSV2GEO,Australia,city
479f6619cc2a565d,Shelly Beach,New South Wales,AUSTRALIA,-33.37266,151.48249,1.0,0.728,validated,CSV2GEO,Australia,city
e1424b2fe39692f0,"Shelly Beach, near Port Macquarie",New South Wales,AUSTRALIA,-31.45074,152.92987,0.9,0.728,validated,CSV2GEO,Australia,poi
fb9cae6c78843966,"Sirius Cove, Sydney Harbor",New South Wales,AUSTRALIA,-33.83784,151.23775,0.83,1.481,validated,CSV2GEO,Australia,poi
fc19f042c5eadf5f,South West Rocks,New South Wales,AUSTRALIA,-30.88617,153.04157,1.0,,country_mismatch,CSV2GEO,Australia,city
a6a60fafa184ec8b,"Throsby Creek, Newcastle",New South Wales,AUSTRALIA,-32.91605,151.76006,1.0,3.091,validated,CSV2GEO,Australia,poi
f8d2b7bbbc971c6c,Tweed Heads,New South Wales,AUSTRALIA,-28.18605,153.52556,1.0,1.099,validated,CSV2GEO,Australia,city
3613ba4e78f44a86,Woy Woy on the Brisbane Waters,New South Wales,AUSTRALIA,-33.48162,151.32426,0.84,6.625,validated,CSV2GEO,Australia,street
db699a3ed3c7e29a,Darwin Harbour,Northern Territory,AUSTRALIA,-12.46241,130.84642,0.98,,country_mismatch,CSV2GEO,Australia,poi
6d1d3e235cb2495f,Arlington Reef near Cairns,Queensland,AUSTRALIA,-16.766,145.67618,0.76,0.409,validated,CSV2GEO,Australia,street
90f2c8e785c12ca7,Batt Reef,Queensland,AUSTRALIA,-26.40527,153.06839,0.78,4.781,validated,CSV2GEO,Australia,street
4789ecc1c0f127dd,Currumbin Rock,Queensland,AUSTRALIA,-28.13753,153.47532,0.83,2.033,validated,CSV2GEO,Australia,city
844c5e1c32daec12,"Ellis Beach, 20 miles from Cairns",Queensland,AUSTRALIA,-16.78885,145.68568,0.73,,low_relevance,CSV2GEO,Australia,rooftop
ff05944901957a73,Fingal Beach,Queensland,AUSTRALIA,-27.52302,153.04456,0.97,16.655,validated,CSV2GEO,Australia,street
cd1d5276bc678617,Gladstone,Queensland,AUSTRALIA,-23.85799,151.25426,1.0,3.441,validated,CSV2GEO,Australia,city
a1f30dcfdb87c819,Greenmount Beach,Queensland,AUSTRALIA,-27.78787,151.90298,0.8,,too_far_inland,CSV2GEO,Australia,city
a7e41b27be447db7,Heron Island,Queensland,AUSTRALIA,-27.07812,153.2037,0.97,0.458,validated,CSV2GEO,Australia,street
b1173ec874c5ad74,"Kirra Beach, Coolangatta",Queensland,AUSTRALIA,-28.16604,153.53626,1.0,,country_mismatch,CSV2GEO,Australia,poi
85a1c893af702f27,Magnetic Island,Queensland,AUSTRALIA,-19.15638,146.8592,0.99,,country_mismatch,CSV2GEO,Australia,street
39979f52e28858c4,"Off North Keppel Island, off Yeppoon",Queensland,AUSTRALIA,-23.11415,150.74596,0.7,,low_relevance,CSV2GEO,Australia,street
3c687778cd35d742,Off Stradbroke Island,Queensland,AUSTRALIA,-27.82344,153.41832,0.9,1.041,validated,CSV2GEO,Australia,street
eea641cd3106e304,Outer Barrier Reef near Port Douglas,Queensland,AUSTRALIA,-16.48444,145.46544,0.68,,low_relevance,CSV2GEO,Australia,city
f0726f72324d7796,Palm Beach,Queensland,AUSTRALIA,-28.12107,153.47264,1.0,1.389,validated,CSV2GEO,Australia,city
4f2ff29e018cea55,Pancake Creek,Queensland,AUSTRALIA,-27.46498,153.02704,0.68,,low_relevance,CSV2GEO,Australia,street
d80e54c690df2290,Ross Creek,Queensland,AUSTRALIA,-26.09858,152.75047,1.0,30.627,too_far_inland,CSV2GEO,Australia,city
c9a7143db7842754,Surfer\'s Paradise,Queensland,AUSTRALIA,-27.99909,153.42702,1.0,1.859,validated,CSV2GEO,Australia,city
cd073d5d226df82c,"Trinity Beach, Cairns",Queensland,AUSTRALIA,-16.78282,145.69854,1.0,,country_mismatch,CSV2GEO,Australia,city
6fcdcf2f605fdbb0,"Yeppoon, near Ross Creek",Queensland,AUSTRALIA,-23.13777,150.75224,0.87,1.049,validated,CSV2GEO,Australia,poi
9f5aa1f9229df68d,Cape Jervis,South Australia,AUSTRALIA,-35.60811,138.10114,1.0,,country_mismatch,CSV2GEO,Australia,city
8bb91f6b691f4bd0,"Middleton Point, Fleurieu Peninsula",South Australia,AUSTRALIA,-35.50838,138.70805,0.51,,low_relevance,CSV2GEO,Australia,city
05129c1117d11609,South Cape Bay,Tasmania,AUSTRALIA,-43.60101,146.85313,0.99,3.14,validated,CSV2GEO,Australia,street
1740e9e7248b2a01,Triabunna,Tasmania,AUSTRALIA,-42.50207,147.91183,1.0,1.704,validated,CSV2GEO,Australia,city
bb19313be963b960,Badu Island,Torres Strait,AUSTRALIA,-10.15922,142.16735,0.99,0.938,validated,CSV2GEO,Australia,poi
3f62f23863a75b74,Barrier Reef near Innisfail,Torres Strait,AUSTRALIA,-17.522735,146.027808,1.0,4.372,validated,CSV2GEO,Australia,
c15bfedd8b59e40f,Palm Island,Torres Strait,AUSTRALIA,-18.73605,146.57985,0.45,,low_relevance,CSV2GEO,Australia,city
d33847d76573ca04,"Flinders, Mornington Penisula",Victoria,AUSTRALIA,-38.47445,145.01722,0.98,1.938,validated,CSV2GEO,Australia,poi
055022a703825e0f,Geelong,Victoria,AUSTRALIA,-38.14855,144.36016,1.0,0.303,validated,CSV2GEO,Australia,city
58024a17bd1079b4,Point Lonsdale,Victoria,AUSTRALIA,-38.2778,144.6155,1.0,1.53,validated,CSV2GEO,Australia,city
c256b8add859b44c,Port Phillip Bay,Victoria,AUSTRALIA,-38.11333,144.82708,1.0,,country_mismatch,CSV2GEO,Australia,city
ef974d0e4bee8c70,Broome,Western Australia,AUSTRALIA,-17.95569,122.23719,1.0,0.886,validated,CSV2GEO,Australia,city
30168aae1000b0ad,"Cottesloe, Perth",Western Australia,AUSTRALIA,-31.99604,115.75725,1.0,2.074,validated,CSV2GEO,Australia,city
4fa774a8d2c8db90,Fremantle,Western Australia,AUSTRALIA,-32.04732,115.75351,1.0,2.322,validated,CSV2GEO,Australia,city
780f5dd6db0adb8a,Gracetown,Western Australia,AUSTRALIA,-33.86567,114.98747,1.0,2.366,validated,CSV2GEO,Australia,city
cba0f8a75524c6e6,Hamelin Bay,Western Australia,AUSTRALIA,-34.22184,115.03329,1.0,2.221,validated,CSV2GEO,Australia,city
28d70cecce6e7af0,"Mullaloo Beach, Perth",Western Australia,AUSTRALIA,-31.78568,115.7342,1.0,1.016,validated,CSV2GEO,Australia,poi
52e86bfaea5c7123,Off Rottnest Island,Western Australia,AUSTRALIA,-31.99889,115.53209,0.91,0.256,validated,CSV2GEO,Australia,city
97d7ba09da00d512,Perth? (Margaret River District),Western Australia,AUSTRALIA,-32.02546,115.80735,0.81,7.119,validated,CSV2GEO,Australia,poi
eb6ec6993a1778ea,Shark Bay,Western Australia,AUSTRALIA,-25.79495,113.71716,1.0,0.106,validated,CSV2GEO,Australia,poi
98f939cd2f4044cb,"South Point, Gracetown",Western Australia,AUSTRALIA,-33.86581,114.97822,1.0,1.512,validated,CSV2GEO,Australia,poi
8251dce838cd20bb,Swan River,Western Australia,AUSTRALIA,-31.88592,116.05211,0.88,29.502,too_far_inland,CSV2GEO,Australia,city
02a4966c5f3ee243,Trigg Beach,Western Australia,AUSTRALIA,-31.85664,115.75218,0.95,1.752,validated,CSV2GEO,Australia,poi
7befbb86fd6fd746,Walkers Cay,Abaco Islands,BAHAMAS,26.355503,-77.148516,1.0,6.993,validated,CSV2GEO,The Bahamas,
e623412232388e6c,Freeport,Grand Bahama Island,BAHAMAS,26.53559,-78.69696,0.76,4.23,validated,CSV2GEO,Bahamas,city
4bf5e46621e49c82,Barra de Jangada,Pernambuco,BRAZIL,-8.22383,-34.94574,1.0,2.154,validated,CSV2GEO,Brasil,city
46d095229d476212,Candeias,Pernambuco,BRAZIL,-8.19831,-34.92245,1.0,1.138,validated,CSV2GEO,Brasil,city
db90f6507ed64672,"Pina, Recife",Pernambuco,BRAZIL,-8.08867,-34.88326,1.0,,country_mismatch,CSV2GEO,Brasil,city
1a2298bca2919310,"Punta Del Chifre Beach, Olinda",Pernambuco,BRAZIL,-7.992019,-34.842237,1.0,1.061,validated,CSV2GEO,Brazil,street
003e94757b11aab9,Cabo Frio,Rio de Janeiro,BRAZIL,-22.87802,-42.02221,1.0,0.43,validated,CSV2GEO,Brasil,city
be0bb278bbc88874,68 miles east of Wallis Island,,CENTRAL PACIFIC,-37.2546,145.05341,0.71,,low_relevance,CSV2GEO,Australia,rooftop
4bda17479109bf7b,"Sharp Peak, Sai Kung Peninsula",Hong Kong,CHINA,22.433333,114.366667,1.0,0.823,validated,CSV2GEO,Hong Kong,
e75584c644d03f9e,Krk Island,Primorje-Gorski Kotar County,CROATIA,45.02585,14.57432,0.55,,low_relevance,CSV2GEO,Hrvatska,poi
8a028dbbdd0316a9,Boqueron,Guantanamo Province,CUBA,20.26732,-75.06345,0.69,,low_relevance,CSV2GEO,Cuba,street
ebcaaade16f3bb95,Havana Harbor,Havana Province,CUBA,23.13211,-82.36749,0.46,,low_relevance,CSV2GEO,Cuba,city
830263b0d7ff704e,Safaga,Red Sea,EGYPT,26.74985,33.93917,0.99,1.261,validated,CSV2GEO,مصر,poi
cec0171343f986c3,"Coral Bay, Sharm el-Sheikh",South Sinai Peninsula,EGYPT,27.91626,34.34874,0.77,,country_mismatch,CSV2GEO,مصر,poi
cc514c10131ee8a8,"Ras Nasrani, Sharm el-Sheikh",South Sinai Peninsula,EGYPT,27.94257,34.36142,0.76,1.602,validated,CSV2GEO,مصر,poi
f2dee88908e6210f,Weymouth,Dorset,ENGLAND,50.61224,-2.45854,1.0,0.12,validated,CSV2GEO,United Kingdom,city
fad315f32cc4e3fa,Great Astrolabe Reef,Kadavu,FIJI,-18.866667,178.516667,1.0,0.998,validated,CSV2GEO,Fiji,
dc1a5a6ac07441c9,Sigatoka,Vitu Levu,FIJI,-18.143619,177.504795,1.0,1.405,validated,CSV2GEO,Fiji,
25eef509c9f3697b,Makemo Atoll,Tuamotos,FRENCH POLYNESIA,-16.539562,-143.867187,1.0,,country_mismatch,CSV2GEO,French Polynesia,
17744e9224f9d9e3,Off Royal Residence,Corfu Island,GREECE,39.624262,19.921678,1.0,0.213,validated,CSV2GEO,Greece,
34e2a7694bb494ac,Lorok Bay,Java,INDONESIA,-8.249404,111.311646,1.0,1.327,validated,CSV2GEO,Indonesia,
df4145f658af5c65,"Hesamabad area of Shushtar, 420 km from the sea",Karun River,IRAN,31.938396,48.929354,1.0,157.226,too_far_inland,CSV2GEO,Iran,
dabe70efcb8c7c67,"near Ahvaz, 275 km from the sea",Karun River,IRAN,31.318327,48.670619,1.0,93.549,too_far_inland,CSV2GEO,Iran,
a7c35fec928c3876,"Marciana Marina, Isola d\'Elba",Tyrrhenian Sea,ITALY,42.77544,10.24237,0.43,,low_relevance,CSV2GEO,Italia,poi
9e5a690b51e9c9ed,Savanna-la-Mar,Westmoreland Parish,JAMAICA,18.22412,-78.12801,0.8,2.978,validated,CSV2GEO,Jamaica,city
d0cf8aded1f5fd90,"Kilindini Harbor, Mombasa",Coast Province,KENYA,-4.05936,39.67736,0.8,,country_mismatch,CSV2GEO,Kenya,poi
b6181d7e31edfaac,Island J4H,Alinglaplap Atoll,MARSHALL ISLANDS,7.4,168.75,1.0,,country_mismatch,CSV2GEO,Marshall Islands,
18aa2ac0c0e2af47,Enewetak Atoll,Ralik Archipelago,MARSHALL ISLANDS,11.465363,162.189,1.0,,country_mismatch,CSV2GEO,Marshall Islands,
df805bf9167bc96e,Ensenada,Baja California,MEXICO,31.86454,-116.61437,1.0,0.921,validated,CSV2GEO,México,city
7275984a57bdf5cf,Acapulco,Guerrrero,MEXICO,16.91095,-99.84445,0.96,6.559,validated,CSV2GEO,México,city
913dfbdd0342d84a,Playa Mocambo,Veracruz,MEXICO,19.21854,-96.1768,1.0,1.737,validated,CSV2GEO,México,street
ea4cef5a41b3a1fb,Praia Sepulveda,Gaza,MOZAMBIQUE,31.501695,34.466845,1.0,,country_mismatch,CSV2GEO,,
d27bff1b12baa9a5,Off Inhaca Island,Maputo Province,MOZAMBIQUE,-25.84173,32.57638,0.41,,low_relevance,CSV2GEO,Moçambique,street
8feeeeaa55c2bf50,Ponta do Ouro,Maputo Province,MOZAMBIQUE,-26.84201,32.88608,0.68,,low_relevance,CSV2GEO,Moçambique,city
c4e50d7d29e936f4,"Butliwan Village, 15 miles north of Rabaul",Duke of York Islands,NEW BRITAIN,-4.174522,152.438684,1.0,,unknown_country_boundary,CSV2GEO,Papua New Guinea,
8eb91bcdee504d8c,I\'le Ouen,,NEW CALEDONIA,-35.07028,142.319,0.57,,low_relevance,CSV2GEO,Australia,city
2a8186cf8fda56d1,Koumac,North Province,NEW CALEDONIA,-20.561405,164.281075,1.0,1.7,validated,CSV2GEO,New Caledonia,
049f79bc51a9ebcc,"St. Clair Beach, Dunedin",South Island,NEW ZEALAND,-45.91151,170.4874,0.63,,low_relevance,CSV2GEO,New Zealand,street
07cbc2c18a97253c,Between Wake & Johnston Islands,1000 miles west of Hawaii,NORTH PACIFIC OCEAN,19.898682,-155.665857,1.0,,unknown_country_boundary,CSV2GEO,United States,
4de33950e9db024f,600 miles northwest of Honolulu,Between Hawaii & Wake Island,PACIFIC OCEAN,21.309885,-157.85814,1.0,,unknown_country_boundary,CSV2GEO,United States,
c50fe67a47f23f71,Koror,Western Caroline Islands,PALAU,-37.75244,144.72915,0.67,,low_relevance,CSV2GEO,Australia,street
db8183e6c24fb99f,Manus Island,"Admiralty Islands, Manus Province",PAPUA NEW GUINEA,-2.094117,146.876095,1.0,9.459,validated,CSV2GEO,Papua New Guinea,
9cf55ff6cf244b0d,Hula,Central Province,PAPUA NEW GUINEA,-10.094815,147.727522,1.0,,country_mismatch,CSV2GEO,Papua New Guinea,
b158cb3c5b779b6d,"Brooker Island, Calvados Chain",Louisiade Archipelago,PAPUA NEW GUINEA,-11.052668,152.446013,1.0,,country_mismatch,CSV2GEO,Papua New Guinea,
ca700c5e47c16c93,Taludig,Madang,PAPUA NEW GUINEA,-5.228495,145.797884,1.0,,country_mismatch,CSV2GEO,Papua New Guinea,
460cf993aef2b569,"Singour, 60 miles south of Madang",Madang Province,PAPUA NEW GUINEA,-5.228495,145.797884,1.0,,country_mismatch,CSV2GEO,Papua New Guinea,
82d6b333e560b3c3,Manila Bay,Luzon Island,PHILIPPINES,14.59952,120.98411,0.8,2.773,validated,CSV2GEO,Philippines,poi
e279a83dbd09cdd0,Boucan Canot,,REUNION,-21.031564,55.227302,1.0,0.194,validated,CSV2GEO,Réunion,
32d7fff9b8b12773,Lieu-dit Cayenne,Saint-Joseph,REUNION,,,,,missing_or_invalid_coordinate,CSV2GEO,?,
b08b4e477c3a0164,Cap de la Marianne,Saint-Paul,REUNION,-21.016735,55.254678,1.0,2.484,validated,CSV2GEO,Réunion,
27d033e9f5c514b0,Pic du Diable,Saint-Pierre,REUNION,-21.329805,55.451603,1.0,,country_mismatch,CSV2GEO,Réunion,
e4676eee8bd9588f,Anse Lazio,Praslin,SEYCHELLES,-4.295681,55.70437,1.0,0.451,validated,CSV2GEO,Seychelles,
6c902d8fa93a6cdd,Honiara,Honiara,SOLOMON ISLANDS,-31.68968,115.70728,0.99,,country_mismatch,CSV2GEO,Australia,street
fce27363c6adf8a0,Glengariff,Eastern Cape Province,SOUTH AFRICA,-30.72609,27.74664,0.72,,low_relevance,CSV2GEO,South Africa,street
15bd62b5e03bb714,Gonubie,Eastern Cape Province,SOUTH AFRICA,-32.9495,28.00139,0.69,,low_relevance,CSV2GEO,South Africa,city
7b0b23f0d191b650,Gonubie River Mouth,Eastern Cape Province,SOUTH AFRICA,-32.9495,28.00139,0.5,,low_relevance,CSV2GEO,South Africa,city
b4c5507a37b919ea,"King\'s Beach, Port Elizabeth",Eastern Cape Province,SOUTH AFRICA,-33.97252,25.64559,0.81,0.485,validated,CSV2GEO,South Africa,poi
a43e6d39cc254643,"Pollock Beach, Port Elizabeth",Eastern Cape Province,SOUTH AFRICA,-33.98215,25.66128,0.82,0.478,validated,CSV2GEO,South Africa,poi
304a256b4cefa57f,Queensberry Bay,Eastern Cape Province,SOUTH AFRICA,-32.88242,28.09639,0.76,,country_mismatch,CSV2GEO,South Africa,city
1f268de5afad666d,Yellow Sands Point,Eastern Cape Province,SOUTH AFRICA,-32.89962,28.07166,0.63,,low_relevance,CSV2GEO,South Africa,city
0bd04021cae9759f,"Back Beach, Durban",KwaZulu-Natal,SOUTH AFRICA,-29.91096,31.02476,0.85,1.679,validated,CSV2GEO,South Africa,street
e12e8adc062e3691,Ballito,KwaZulu-Natal,SOUTH AFRICA,-29.54494,31.21368,1.0,,country_mismatch,CSV2GEO,South Africa,city
cd8564c8a956d691,Cape Vidal,KwaZulu-Natal,SOUTH AFRICA,-28.12395,32.55693,1.0,0.266,validated,CSV2GEO,South Africa,street
43e7f9a3c05fc0ac,"Danger Pool, Winkelspruit",KwaZulu-Natal,SOUTH AFRICA,-30.09553,30.85588,0.68,,low_relevance,CSV2GEO,South Africa,city
b16f2c19c578cd92,Hibberdene,KwaZulu-Natal,SOUTH AFRICA,-30.58056,30.57065,1.0,,country_mismatch,CSV2GEO,South Africa,city
b56349e4dde0d60d,"Inyoni Rocks, South Coast",KwaZulu-Natal,SOUTH AFRICA,-30.0501,30.88958,0.7,,low_relevance,CSV2GEO,South Africa,street
0120e4e2d2d3871a,Karridene,KwaZulu-Natal,SOUTH AFRICA,-30.12641,30.84521,1.0,,country_mismatch,CSV2GEO,South Africa,city
6b33ad9185b62c81,"North Pier, Durban",KwaZulu-Natal,SOUTH AFRICA,-29.85217,31.0332,0.85,1.713,validated,CSV2GEO,South Africa,street
18e4347f22312601,Paradise Reef,KwaZulu-Natal,SOUTH AFRICA,-27.75496,29.92221,0.83,,too_far_inland,CSV2GEO,South Africa,city
f09076a3ebf0a6c3,Port Edward,KwaZulu-Natal,SOUTH AFRICA,-31.05621,30.21166,1.0,0.241,validated,CSV2GEO,South Africa,city
760064373de18f1f,"Rocket Hut Beach, Durban",KwaZulu-Natal,SOUTH AFRICA,-29.91096,31.02476,0.72,,low_relevance,CSV2GEO,South Africa,street
ce022e1f684d8cfa,Umdhloti,KwaZulu-Natal,SOUTH AFRICA,-29.66569,31.12029,0.95,0.541,validated,CSV2GEO,South Africa,city
56fa38d041d26ca3,Umtentweni,KwaZulu-Natal,SOUTH AFRICA,-30.7208,30.45049,1.0,1.723,validated,CSV2GEO,South Africa,street
ddcc399ebbc1d4b3,Uvongo,KwaZulu-Natal,SOUTH AFRICA,-30.83366,30.39141,1.0,0.783,validated,CSV2GEO,South Africa,city
53b6eed45932ac00,"2 km from Macassar, False Bay",Western Cape Province,SOUTH AFRICA,-34.05517,18.78663,0.48,,low_relevance,CSV2GEO,South Africa,street
8ea8e8bad3ab4eab,Clifton,Western Cape Province,SOUTH AFRICA,-33.93085,18.37684,0.69,,low_relevance,CSV2GEO,South Africa,city
db4ce6d782345843,"Fish Hoek, False Bay",Western Cape Province,SOUTH AFRICA,-34.13775,18.42506,0.76,1.689,validated,CSV2GEO,South Africa,poi
c096c7fbabe58acf,Gansbaai,Western Cape Province,SOUTH AFRICA,-34.58217,19.35161,0.7,,low_relevance,CSV2GEO,South Africa,city
6eb42325d6a060c9,"Glencairn, False Bay",Western Cape Province,SOUTH AFRICA,-34.16741,18.43045,0.76,1.093,validated,CSV2GEO,South Africa,poi
80843895775ea909,"Melkbaai, False Bay",Western Cape Province,SOUTH AFRICA,-33.87669,22.36084,0.53,,low_relevance,CSV2GEO,South Africa,city
5248c7aff6f9fad3,"Miller\'s Point, False Bay",Western Cape Province,SOUTH AFRICA,-32.77802,18.04902,0.41,,low_relevance,CSV2GEO,South Africa,city
512247705771884e,Millers Point,Western Cape Province,SOUTH AFRICA,-34.23068,18.47235,0.74,,low_relevance,CSV2GEO,South Africa,street
012bffe4ed92289d,Noordhoek,Western Cape Province,SOUTH AFRICA,-34.10237,18.38603,0.71,,low_relevance,CSV2GEO,South Africa,city
e4ae39d6b5062c9c,"Robberg Beach, Plettenberg Bay",Western Cape Province,SOUTH AFRICA,-34.06162,23.37883,0.82,,country_mismatch,CSV2GEO,South Africa,poi
f358fbfeeb11f3ce,Saldanha Bay,Western Cape Province,SOUTH AFRICA,-33.0067,17.94396,0.73,,low_relevance,CSV2GEO,South Africa,city
8352adf8ae6aee1a,Strandfontein,Western Cape Province,SOUTH AFRICA,-31.7547,18.22786,0.75,0.628,validated,CSV2GEO,South Africa,city
7ebae049ea1126bc,Struis Bay,Western Cape Province,SOUTH AFRICA,-33.87687,22.36183,0.66,,low_relevance,CSV2GEO,South Africa,street
a33df005c33c7f5c,Struisbaai,Western Cape Province,SOUTH AFRICA,-34.79963,20.04985,0.72,,low_relevance,CSV2GEO,South Africa,city
ab2ee6c2a9fb981d,Victoria Bay,Western Cape Province,SOUTH AFRICA,-34.0019,22.54439,0.73,,low_relevance,CSV2GEO,South Africa,street
927fd80b6716027e,English Bay,Ascension Island,"ST HELENA, BRITISH OVERSEAS TERRITORY",-28.00341,153.42894,0.59,,low_relevance,CSV2GEO,Australia,poi
d1624f92aacadc65,Tamsui Beach,Northern Taiwan,TAIWAN,25.16977,121.44061,0.48,,low_relevance,CSV2GEO,台灣,city
9fffe3a6deea8514,Sai Noi Beach,Hua Hin,THAILAND,12.45284,99.98176,1.0,,country_mismatch,CSV2GEO,ประเทศไทย,poi
da5ff8fe3caf699e,Between \'Ata and Tongapatu,Tongapatu Group,TONGA,-21.166667,-175.166667,1.0,,country_mismatch,CSV2GEO,Tonga,
ba23d1251f589d36,French Cay,Caicos Bank,TURKS & CAICOS,-27.47142,153.01813,0.54,,low_relevance,CSV2GEO,Australia,poi
30119f574d05f70b,"Blue Planet Aquarium, Ellesmere Port",Cheshire,UNITED KINGDOM,53.2621,-2.88697,1.0,2.93,validated,CSV2GEO,United Kingdom,poi
3643236ed2662142,The Lizard,Cornwall,UNITED KINGDOM,49.96896,-5.20234,1.0,0.552,validated,CSV2GEO,United Kingdom,city
381b82800d92618f,"Bird Rock, Tomales Point",California,USA,32.80776,-117.26622,0.87,0.363,validated,CSV2GEO,United States,poi
e9d2a0b9d84b852d,"Bodega Rock, Sonoma County",California,USA,38.3468,-122.97293,0.88,6.057,validated,CSV2GEO,United States,city
d458c755638c1205,"Davenport Landing, Santa Cruz County",California,USA,37.01134,-122.19539,0.83,0.161,validated,CSV2GEO,United States,city
8580b3deb6f9fc03,"Klamath River, Del Norte County",California,USA,41.52828,-124.03744,0.97,2.847,validated,CSV2GEO,United States,street
a015ab2c1956a07f,"Linda Mar Beach, Pedro Point",California,USA,37.5955,-122.4941,0.55,,low_relevance,CSV2GEO,United States,city
86d8bfda773fbe2e,"Malibu, Los Angeles County",California,USA,34.03655,-118.68793,1.0,0.579,validated,CSV2GEO,United States,city
5ead1b9a9cf12394,"Marina State Beach, Monterey County",California,USA,36.69457,-121.79947,0.88,1.191,validated,CSV2GEO,United States,street
df4a1831d84fd0ec,"Mavericks, Half Moon Bay",California,USA,37.50351,-122.48856,0.99,0.158,validated,CSV2GEO,United States,poi
b7cb1feec89a46a9,"Mission Beach, San Diego County",California,USA,32.7725,-117.25122,0.83,0.393,validated,CSV2GEO,United States,city
203d7b5f464d1af8,"Monastery Beach, Carmel Bay",California,USA,36.52224,-121.92498,0.91,0.29,validated,CSV2GEO,United States,poi
9584ce57e4b98c4f,"Newport Beach, Orange County",California,USA,33.61703,-117.93033,1.0,0.822,validated,CSV2GEO,United States,city
a7eef7f3a464bbff,"Point Conception, Santa Barbara County",California,USA,34.88615,-120.43559,0.98,16.727,validated,CSV2GEO,United States,poi
5d4fe3d856fab05f,"Salmon Creek, Sonoma County",California,USA,38.35067,-123.06119,1.0,0.692,validated,CSV2GEO,United States,city
677bf630d843b601,"San Diego, San Diego County",California,USA,32.71568,-117.16171,1.0,1.036,validated,CSV2GEO,United States,city
29bb8d1a3bffe2d3,"Santa Catalina Island, Los Angeles County",California,USA,34.05531,-118.48167,0.84,4.729,validated,CSV2GEO,United States,street
4fa967989aa60fec,"Santa Cruz, Santa Cruz County",California,USA,36.97424,-122.03098,1.0,1.547,validated,CSV2GEO,United States,city
87c274e30d60b156,"Solana Beach, San Diego County",California,USA,32.98735,-117.27069,1.0,0.264,validated,CSV2GEO,United States,city
27c742d66ce5e422,"Southeast Farallon Island, Farallon Islands",California,USA,38.49121,-121.54102,0.56,,low_relevance,CSV2GEO,United States,street
31dd65b1631842bd,"Stinson Beach, Marin County",California,USA,37.89851,-122.63919,1.0,0.367,validated,CSV2GEO,United States,city
90eedcf5f088faf5,"Surf Beach, Lompoc",California,USA,34.66616,-120.6127,1.0,,country_mismatch,CSV2GEO,United States,poi
8b53075d6af0ecfe,"Bethune Beach, south of New Smyrna Beach",Florida,USA,28.94776,-80.83703,0.83,,country_mismatch,CSV2GEO,United States,city
7c1a2db693b23f32,"Boca Ciega Bay, Pinellas County",Florida,USA,27.76532,-82.75266,1.0,,country_mismatch,CSV2GEO,United States,poi
225c2e0f5dbca2e8,"Clearwater Beach, Pinellas County",Florida,USA,27.97763,-82.82455,1.0,,country_mismatch,CSV2GEO,United States,city
a4d47e13cf729418,Crescent Beach St. Johns County,Florida,USA,29.77058,-81.25489,1.0,0.419,validated,CSV2GEO,United States,city
391ccc18fffc9462,Daytona Beach Shores,Florida,USA,29.17214,-80.98048,1.0,0.643,validated,CSV2GEO,United States,city
60b1dc7164c20f2b,"Daytona, Volusia County",Florida,USA,29.16203,-81.00467,0.99,3.247,validated,CSV2GEO,United States,street
70651ae880776100,Delray Beach,Florida,USA,26.4649,-80.07419,1.0,1.478,validated,CSV2GEO,United States,city
c58440080fc21da9,"Delray Beach, Palm Beach County",Florida,USA,26.4649,-80.07419,1.0,1.478,validated,CSV2GEO,United States,city
ab27a60bb7bee8eb,"Destin, Okaloosa County",Florida,USA,30.39347,-86.49561,1.0,,country_mismatch,CSV2GEO,United States,city
6b1d835e31914f72,Elliot Key,Florida,USA,25.46282,-80.34671,0.99,0.427,validated,CSV2GEO,United States,street
29cfd66ef34e8fe9,Florida Straits,Florida,USA,25.44787,-80.4809,0.67,,low_relevance,CSV2GEO,United States,city
3af0609816ce8a3b,"Fort Pierce, St Lucie County",Florida,USA,27.44904,-80.32678,1.0,1.074,validated,CSV2GEO,United States,city
f6be9d42050cceb4,"Hanna Park, Jacksonville",Florida,USA,30.36396,-81.4022,1.0,0.926,validated,CSV2GEO,United States,poi
29d886e0a016c1f6,"Haulover Beach, Miami-Dade County",Florida,USA,25.9186,-80.12184,0.71,,low_relevance,CSV2GEO,United States,poi
dabb4e38fd4a6a4b,"Hobe Sound, Palm Beach County",Florida,USA,26.64754,-80.46544,0.71,,low_relevance,CSV2GEO,United States,region
e355c48192bfed50,"Hollywood Beach, Broward County",Florida,USA,26.01067,-80.16025,0.85,4.427,validated,CSV2GEO,United States,city
6d77a4c91d530b23,"Jensen Beach Park, Martin County",Florida,USA,27.26078,-80.23329,0.88,0.499,validated,CSV2GEO,United States,city
de0211147fcd6cdb,"Lauderdale-by-the-Sea, Broward County",Florida,USA,26.19212,-80.09642,1.0,0.255,validated,CSV2GEO,United States,city
d75de597099f73a2,"Loggerhead Park, Juno Beach",Florida,USA,26.88451,-80.05633,1.0,,country_mismatch,CSV2GEO,United States,poi
9f5c1f07a5500b2d,Miami,Florida,USA,25.77481,-80.19773,1.0,0.19,validated,CSV2GEO,United States,city
40cff635efbcf161,"Municipal Beach, West Palm Beach",Florida,USA,26.7144,-80.05329,0.82,1.855,validated,CSV2GEO,United States,city
3724ac3ac9c49e94,Near Key West,Florida,USA,24.55536,-81.7879,0.78,0.16,validated,CSV2GEO,United States,street
2ebe60ee0a4cb5ec,"Neptune Beach, Duval County",Florida,USA,30.32416,-81.39608,1.0,0.038,validated,CSV2GEO,United States,city
dcba8252c07e4699,"New Smyrna Beach, Waveland",Florida,USA,29.02727,-80.9231,0.72,,low_relevance,CSV2GEO,United States,city
728b898e59f792e3,"North Beach, St. Lucie County",Florida,USA,27.47985,-80.29803,1.0,1.216,validated,CSV2GEO,United States,city
bc8025efe215b9f0,"North Jetty, Fort Pierce Inlet State Park",Florida,USA,27.47378,-80.29204,0.76,0.896,validated,CSV2GEO,United States,poi
2befb4ec5da46638,"Palm Beach Inlet, Palm Beach County",Florida,USA,26.70306,-80.03661,0.86,0.227,validated,CSV2GEO,United States,city
0c45117d4b76d9ea,"Patrick Air Force Base, Brevard County",Florida,USA,28.25182,-80.60354,1.0,0.746,validated,CSV2GEO,United States,city
03935d6f083823e2,"Pelican Beach Park, Satellite Beach",Florida,USA,28.16753,-80.58786,1.0,0.389,validated,CSV2GEO,United States,poi
7d3261687662684f,"Pepper Park Beach, St. Lucie County",Florida,USA,27.49534,-80.30127,0.99,0.92,validated,CSV2GEO,United States,poi
189b050167930149,"Ponte Vedra Beach, St. Johns County",Florida,USA,30.22612,-81.38668,1.0,1.219,validated,CSV2GEO,United States,city
878071b17c6f80f8,"Round Island Park, Indian River County",Florida,USA,27.56159,-80.32398,0.95,0.47,validated,CSV2GEO,United States,poi
384b118b9c963b03,"Santa Maria Island, Manatee County",Florida,USA,27.46217,-82.66044,0.97,0.171,validated,CSV2GEO,United States,street
5ef0fa9bd0d61b23,Sarasota County,Florida,USA,27.18451,-82.33183,1.0,15.304,validated,CSV2GEO,United States,region
2bac55fe22c8a559,"Sebastian Inlet, Brevard County",Florida,USA,27.83412,-80.48771,0.68,,low_relevance,CSV2GEO,United States,street
21c21c04d4161824,"Shell Island Panama City Beach, Bay County",Florida,USA,30.19017,-85.75347,0.98,0.419,validated,CSV2GEO,United States,poi
160c139ac4a69232,"Smyrna Dunes Park, New Smyrna Beach",Florida,USA,29.06906,-80.91439,1.0,,country_mismatch,CSV2GEO,United States,poi
1c7917c93772ae86,"South of Ponce Inlet, New Smyrna Beach",Florida,USA,29.02305,-80.91927,0.68,,low_relevance,CSV2GEO,United States,street
262f9664c01614a4,"South of Ponce Inlet, Volusia County",Florida,USA,29.12154,-80.95209,0.81,0.666,validated,CSV2GEO,United States,city
98da9b291f317ae0,"South of Ponce de Leon Jetty, New Smyrna Beach",Florida,USA,30.72739,-85.9367,0.41,,low_relevance,CSV2GEO,United States,city
c9b35964f3ef1abc,"St Augustine Beach, St Johns County",Florida,USA,29.85535,-81.28008,1.0,1.24,validated,CSV2GEO,United States,city
d2df8d26942e6e5b,St. Lucie County,Florida,USA,27.37738,-80.47196,1.0,17.366,validated,CSV2GEO,United States,region
a35a8be4ba01aee7,"Turtle Beach, Siesta Key",Florida,USA,27.21968,-82.51627,0.99,0.282,validated,CSV2GEO,United States,street
568e785276e70f89,"Vilano Beach, St. Johns County",Florida,USA,29.91874,-81.29287,1.0,0.359,validated,CSV2GEO,United States,city
ede51f1cadf8503c,"Waveland Beach, Hutchinson Island",Florida,USA,27.27536,-80.20625,0.99,0.596,validated,CSV2GEO,United States,poi
7fd0c17b29eddd1a,"Jekyll Island, Glynn County",Georgia,USA,31.04739,-81.42069,1.0,0.237,validated,CSV2GEO,United States,city
760f7195b25b44d7,"Honokowai, Maui",Hawaii,USA,20.95125,-156.68715,1.0,0.17,validated,CSV2GEO,United States,city
f536bf80b6b2d2f9,"Ka\'a\'awa, Oahu",Hawaii,USA,19.59852,-155.51855,0.38,,low_relevance,CSV2GEO,United States,region
2380805912b9d5c1,"Kahana Beach, Maui",Hawaii,USA,20.97069,-156.678,1.0,0.53,validated,CSV2GEO,United States,poi
45a21be43333c728,"Kahului, Maui",Hawaii,USA,20.89096,-156.46724,1.0,1.593,validated,CSV2GEO,United States,city
cbe1823e00cda164,"Kealia Beach, Kaua\'i",Hawaii,USA,22.10211,-159.3069,0.77,0.654,validated,CSV2GEO,United States,city
b7052f0e74b3c05f,"Keawakapu Beach, Maui",Hawaii,USA,20.7049,-156.44639,1.0,0.162,validated,CSV2GEO,United States,poi
242cdffdbd20f487,Lanai,Hawaii,USA,20.82794,-156.91952,1.0,7.195,validated,CSV2GEO,United States,city
8e30dd5d49b7f8e6,"Leftovers, near Waimea Bay",Hawaii,USA,21.95504,-159.66734,0.43,,low_relevance,CSV2GEO,United States,city
6f06e38ce3b49d0e,"Lyman Beach, Kailua-Kona",Hawaii,USA,19.60424,-155.97421,0.81,0.655,validated,CSV2GEO,United States,poi
e72a923699d4e034,"Maile Beach, O\'ahu",Hawaii,USA,21.34085,-157.70322,0.7,,low_relevance,CSV2GEO,United States,city
128bb3afb08c21f6,"Makena Landing, Maui",Hawaii,USA,20.66637,-156.44153,0.97,0.197,validated,CSV2GEO,United States,street
4307bbfc3d4a781f,"Midway Island, Northwestern Hawaiian Islands",Hawaii,USA,28.207217,-177.373493,1.0,0.507,validated,CSV2GEO,United States Minor Outlying Islands,
e3e59f4c7d75fb7f,Moloka\'i,Hawaii,USA,21.50257,-158.07947,0.99,10.171,validated,CSV2GEO,United States,intersection
661e6fb547ae4def,"Off Makapauu Point, O\'ahu",Hawaii,USA,21.31068,-157.649262,1.0,,country_mismatch,CSV2GEO,United States,
4f62c6783a503879,"Paia Bay, Maui",Hawaii,USA,21.00098,-156.66375,0.76,0.301,validated,CSV2GEO,United States,street
63d2d629d6eb56b7,"Paukukalo, Maui",Hawaii,USA,20.90784,-156.48818,1.0,0.379,validated,CSV2GEO,United States,city
6869eec54a278c38,"Wailea Beach, Maui",Hawaii,USA,20.68908,-156.43572,0.97,1.074,validated,CSV2GEO,United States,poi
2c1ac2102a6d9223,"White Plains Beach, Barbers Point",Hawaii,USA,38.59026,-76.94021,0.5,,low_relevance,CSV2GEO,United States,city
b73c5ad6741a1196,"White Plains Beach, Oahu",Hawaii,USA,21.30797,-158.04469,0.82,0.545,validated,CSV2GEO,United States,street
408da909359d4f01,New Orleans,Louisiana,USA,29.9537,-90.07775,1.0,9.188,validated,CSV2GEO,United States,city
2a3dd1943ed1496e,"Matawan Creek, 10 miles from the sea",New Jersey,USA,40.41028,-74.23173,0.53,,low_relevance,CSV2GEO,United States,city
b8961366f1e52d5c,Ocean City (offshore),New Jersey,USA,39.27968,-74.57519,0.69,,low_relevance,CSV2GEO,United States,city
91650af0f19dc917,"Ocean City, Cape May County",New Jersey,USA,39.27968,-74.57519,1.0,0.356,validated,CSV2GEO,United States,city
0121af5796735db1,"Sea Bright, Monmouth County",New Jersey,USA,40.36026,-73.97393,1.0,0.191,validated,CSV2GEO,United States,city
c9bb819b65c36423,"Sea Girt, Monmouth County",New Jersey,USA,40.13339,-74.03539,1.0,1.28,validated,CSV2GEO,United States,city
2c598cc5ce217316,"Atlantic Beach, Emerald Isle",North Carolina,USA,34.70114,-76.73961,0.7,,low_relevance,CSV2GEO,United States,city
45b17a2910bae5c4,"Emerald Isle Pier (near Morehead City), Carteret County",North Carolina,USA,34.72179,-76.71758,0.67,,low_relevance,CSV2GEO,United States,city
e3d71788a0ff784a,"Ocracoke, Hyde County",North Carolina,USA,35.11089,-75.97998,1.0,1.066,validated,CSV2GEO,United States,city
4d59dd0909978791,"Off Masonboro Island, New Hanover County",North Carolina,USA,34.18032,-77.84722,0.81,0.415,validated,CSV2GEO,United States,city
33d2b4f1f1bf5689,"Topsail Island, Pender County",North Carolina,USA,34.39036,-77.68287,0.84,2.061,validated,CSV2GEO,United States,city
042b21c3b4413b20,"Indian Beach, Ecola State Park",Oregon,USA,45.928618,-123.978535,1.0,0.122,validated,CSV2GEO,United States,
8523ffab746bf329,San Juan,Puerto Rico,USA,26.65038,-98.35136,0.59,,low_relevance,CSV2GEO,United States,city
36bd048519db2d0e,Folly Beach,South Carolina,USA,32.65536,-79.9407,1.0,,country_mismatch,CSV2GEO,United States,city
b76b59e67ec75b95,"Fripp Island, Beaufort County",South Carolina,USA,32.32784,-80.46845,1.0,0.119,validated,CSV2GEO,United States,city
dadd2158e041c84c,Off Charleston,South Carolina,USA,32.78115,-79.9316,0.88,,country_mismatch,CSV2GEO,United States,city
4bda051b010285b3,Seabrook Beach,South Carolina,USA,32.53324,-80.74701,0.81,5.42,validated,CSV2GEO,United States,city
3ac31fe951029b87,"St. Helena Island, Beaufort County",South Carolina,USA,32.4419,-80.57207,0.99,1.544,validated,CSV2GEO,United States,street
56dc7caa56ee776c,Galveston Island,Texas,USA,29.26168,-94.87063,0.99,2.065,validated,CSV2GEO,United States,street
f2726887ce326484,"Isla Blanca Park, South Padre Island",Texas,USA,26.07545,-97.16302,1.0,0.129,validated,CSV2GEO,United States,poi
3e52eaa19e9204c9,"Mustang Island, Corpus Christi",Texas,USA,27.71908,-97.37207,0.97,2.963,validated,CSV2GEO,United States,street
ca1e97a16b0d139e,"Mustang Island, Nueces County",Texas,USA,27.67424,-97.1756,0.98,0.808,validated,CSV2GEO,United States,poi
682e94b95fd74ae7,"Sargent Beach, Matagorda County",Texas,USA,28.83946,-95.66406,0.84,10.148,validated,CSV2GEO,United States,city
f0554c065376e9fe,"South Padre Island, Cameron County",Texas,USA,26.11878,-97.16983,1.0,0.613,validated,CSV2GEO,United States,city
5202e83740bfd1f1,Exmouth,Western Australia,AUSTRALIA,-21.92899,114.12347,1.0,0.323,validated,CSV2GEO,Australia,city
cc858cd9d119bcd8,"Praia da Marcela, São Marcos Bay",Maranhão,BRAZIL,-2.4926,-44.2871,0.71,,low_relevance,CSV2GEO,Brasil,street
2d460b3737ce432c,"Piedade Beach, Jaboatão dos Guararapes City",Pernambuco,BRAZIL,-8.17592,-34.91751,0.81,1.908,validated,CSV2GEO,Brasil,city
ec381aa44d04fb86,"Fernandina Beach, Nassau County",Florida,USA,30.66999,-81.46383,1.0,3.05,validated,CSV2GEO,United States,city
7f25003fa0a1b942,Yallingup,Western Australia,AUSTRALIA,-33.64758,115.03429,1.0,3.837,validated,CSV2GEO,Australia,city
acc877b9d9428747,"Key Largo, Monroe County",Florida,USA,25.16636,-80.37834,1.0,1.628,validated,CSV2GEO,United States,city
1c62b1dd0aba6421,"Satellite Beach, Brevard County",Florida,USA,28.17235,-80.60208,1.0,0.984,validated,CSV2GEO,United States,city
ca477d18c058bf32,Booti Booti National Park,New South Wales,AUSTRALIA,-32.30671,152.51964,0.66,,low_relevance,CSV2GEO,Australia,city
d6c0045aa07c1b51,Emerald Beach,New South Wales,AUSTRALIA,-30.16776,153.18366,1.0,0.762,validated,CSV2GEO,Australia,city
5b95d5a87d20976c,"Kingscliffe Beach, south of Tweed Heads",New South Wales,AUSTRALIA,-28.17555,153.52443,0.68,,low_relevance,CSV2GEO,Australia,poi
d2ca8358f37698a2,Sydney Harbor,New South Wales,AUSTRALIA,-33.76814,151.27884,0.99,3.061,validated,CSV2GEO,Australia,street
233dfb80f7fc84e7,Fitzroy Island,Queensland,AUSTRALIA,-16.92694,145.99065,1.0,,country_mismatch,CSV2GEO,Australia,city
8b402dfa6479ee58,"Gay’s Corner, Bulimba Reach of Brisbane River",Queensland,AUSTRALIA,-27.45453,153.05676,0.64,,low_relevance,CSV2GEO,Australia,street
ad9144559da16729,Green Island,Queensland,AUSTRALIA,-16.75979,145.97166,1.0,,country_mismatch,CSV2GEO,Australia,city
230d5decc20a6fb4,Mooloolaba,Queensland,AUSTRALIA,-26.68359,153.11779,1.0,0.975,validated,CSV2GEO,Australia,city
efc22e0446c4bf7a,Yorkey’s Knob Beach near Cairns,Queensland,AUSTRALIA,-16.80614,145.72429,0.89,0.077,validated,CSV2GEO,Australia,poi
e251d3c1d35334c4,Kangaroo Island,South Australia,AUSTRALIA,-34.54537,138.69072,0.86,25.567,too_far_inland,CSV2GEO,Australia,city
6657c9b341e5b69f,Cheynes Beach,Western Australia,AUSTRALIA,-34.80972,118.25713,0.82,11.245,validated,CSV2GEO,Australia,city
3a23e175c89a9819,"City Beach, Perth",Western Australia,AUSTRALIA,-31.91366,115.76083,1.0,1.8,validated,CSV2GEO,Australia,city
f4d5945110f42f35,Floreat Beach,Western Australia,AUSTRALIA,-31.92776,115.79242,0.82,4.607,validated,CSV2GEO,Australia,city
af050cece30fa2e7,Port Hedland,Western Australia,AUSTRALIA,-20.31346,118.57726,1.0,,country_mismatch,CSV2GEO,Australia,city
83f526e295cf8400,Port Kennedy Beach,Western Australia,AUSTRALIA,-32.37135,115.76343,0.84,3.348,validated,CSV2GEO,Australia,city
a65287a71e6c693a,Wedge Island,Western Australia,AUSTRALIA,-30.81954,115.19986,1.0,1.893,validated,CSV2GEO,Australia,city
596da83345c10810,Cat Island,,BAHAMAS,24.5945,-75.64541,1.0,1.005,validated,CSV2GEO,Bahamas,city
10bc2134561d7adf,Balian Beach,Bali,INDONESIA,-8.50267,114.96672,0.99,,country_mismatch,CSV2GEO,Indonesia,poi
db086c92b28c1132,Parry Island,Eniwetok Atoll,MARSHALL ISLANDS,11.40433,162.371069,1.0,,country_mismatch,CSV2GEO,Marshall Islands,
6f5edcde22cff1db,Nouville,,NEW CALEDONIA,-24.88843,152.348,0.88,,country_mismatch,CSV2GEO,Australia,city
0a4cf8fa7702a11d,"Papamoa Beach, Bay of Plenty",North Island,NEW ZEALAND,-37.69988,176.28448,0.91,1.083,validated,CSV2GEO,New Zealand,poi
f90c4d132f862d02,Taranaki,North Island,NEW ZEALAND,-38.99764,174.24037,0.68,,low_relevance,CSV2GEO,New Zealand,street
df146adfdb8be692,Ravine Mula,d’Étang-Salé,REUNION,-21.254858,55.327145,1.0,,country_mismatch,CSV2GEO,Réunion,
777301ded3bc968c,"East Beach, Port Alfred",Eastern Cape Province,SOUTH AFRICA,-33.60304,26.89984,0.76,,country_mismatch,CSV2GEO,South Africa,poi
97725a12f93c00ea,Jeffrey’s Bay,Eastern Cape Province,SOUTH AFRICA,-34.04723,24.92057,0.73,,low_relevance,CSV2GEO,South Africa,city
26c263fafb1de306,Kidd’s Beach,Eastern Cape Province,SOUTH AFRICA,-33.14909,27.6931,0.72,,low_relevance,CSV2GEO,South Africa,street
f4937c57e4d16a9d,King’s Beach,Eastern Cape Province,SOUTH AFRICA,-33.14943,27.69521,0.66,,low_relevance,CSV2GEO,South Africa,city
2e3541c167b2e73d,Aliwal Shoal,KwaZulu-Natal,SOUTH AFRICA,-29.85499,31.02719,0.78,1.454,validated,CSV2GEO,South Africa,street
f99b4594bdad86a7,Island Rock,KwaZulu-Natal,SOUTH AFRICA,-26.10128,28.09817,0.99,,too_far_inland,CSV2GEO,ZA,
52068b8990fc8188,Gordon’s Bay,Western Cape Province,SOUTH AFRICA,-34.15735,18.8681,0.72,,low_relevance,CSV2GEO,South Africa,city
292902f947071f7a,Miller\'s Point,Western Cape Province,SOUTH AFRICA,-34.23068,18.47235,0.74,,low_relevance,CSV2GEO,South Africa,street
fda3d49b87e96c48,"Latigo Point, Paradise Cove",California,USA,38.01883,-121.95905,0.76,3.16,validated,CSV2GEO,United States,street
8d97352c8650ae08,"North Salmon Creek Beach, Sonoma County",California,USA,38.35067,-123.06119,0.77,0.692,validated,CSV2GEO,United States,city
61a93987d1f49677,"Pacific Grove, Monterey County",California,USA,36.61956,-121.91849,1.0,0.716,validated,CSV2GEO,United States,city
d254012a833082a8,"Pleasure Point, Santa Cruz County",California,USA,37.05624,-122.00161,0.66,,low_relevance,CSV2GEO,United States,region
00b54303312a50f0,"Salmon Creek Beach, Sonoma County",California,USA,38.35067,-123.06119,0.87,0.692,validated,CSV2GEO,United States,city
ff8338e629742487,"Shelter Cove, Humboldt County",California,USA,40.02876,-124.07228,1.0,0.354,validated,CSV2GEO,United States,city
3c44809f21d51814,"Sunset Cliffs, San Diego",California,USA,32.7285,-117.25002,1.0,0.543,validated,CSV2GEO,United States,city
3f3d6821df929bc8,"Amelia Island, Nassau County",Florida,USA,30.58981,-81.45746,1.0,0.73,validated,CSV2GEO,United States,city
91c16cb277a19587,"Fort Pierce Inlet, St Lucie County",Florida,USA,27.40934,-80.33736,0.86,3.72,validated,CSV2GEO,United States,poi
43a2768c5c3e5640,Key Biscayne,Florida,USA,25.68985,-80.16384,1.0,0.597,validated,CSV2GEO,United States,city
c4798c5b98defa22,"Lake Worth Beach, Palm Beach County",Florida,USA,26.61645,-80.05723,1.0,2.424,validated,CSV2GEO,United States,city
672aad20e078b978,"St Augustine, St Johns County",Florida,USA,29.89216,-81.31411,1.0,1.971,validated,CSV2GEO,United States,city
07f7ee80f4abbcb1,"Summerland Key, Monroe County",Florida,USA,24.66127,-81.44287,1.0,0.327,validated,CSV2GEO,United States,city
47bf11f172f87017,"Barber’s Point, O\'ahu",Hawaii,USA,21.32057,-158.0686,0.82,2.375,validated,CSV2GEO,United States,city
f479ab44476ac330,"Lahaina, Maui",Hawaii,USA,20.8787,-156.6782,1.0,0.34,validated,CSV2GEO,United States,city
731abf7afb5ea600,"Makena, Maui",Hawaii,USA,20.64483,-156.43913,1.0,0.413,validated,CSV2GEO,United States,city
f3c6b01414633eb5,O\'ahu,Hawaii,USA,19.59852,-155.51855,0.6,,low_relevance,CSV2GEO,United States,region
5bc83a6439028997,Lake Pontchartrain,Louisiana,USA,30.1085,-90.13889,0.99,,country_mismatch,CSV2GEO,United States,street
503627ba8417a42d,Horn Island,Mississippi,USA,31.93165,-88.53969,0.71,,low_relevance,CSV2GEO,United States,city
c8247878dab3791c,Rockaway,New York,USA,40.65999,-73.91886,0.99,4.349,validated,CSV2GEO,United States,street
4c9571850e204843,"Sheepshead Bay, Brooklyn",New York,USA,40.59094,-73.94493,1.0,1.735,validated,CSV2GEO,United States,city
e447dad0763c909f,"Atlantic Beach, Carteret County",North Carolina,USA,34.70114,-76.73961,1.0,,country_mismatch,CSV2GEO,United States,city
14dccb09d3ae4531,"Salvo, Dare County",North Carolina,USA,35.53937,-75.47334,1.0,0.604,validated,CSV2GEO,United States,city
b829081a2833d975,"Sunset Beach, Brunswick County",North Carolina,USA,33.89213,-78.50423,1.0,0.637,validated,CSV2GEO,United States,city
d9f4b1240b2e440c,"Cape Kiwanda, Tillamook County",Oregon,USA,45.20922,-123.96582,0.99,0.415,validated,CSV2GEO,United States,street
eccf81b4e30f1c9b,"Burkes Beach, Hilton Head",South Carolina,USA,32.19573,-80.69953,0.99,0.033,validated,CSV2GEO,United States,street
f396e1fe9a3045f0,Myrtle Beach,South Carolina,USA,33.69372,-78.88231,1.0,0.175,validated,CSV2GEO,United States,city
53a1d111e5d1bfc7,225 miles east of Hong Kong,,Hong Kong,22.319304,114.169361,1.0,0.646,validated,CSV2GEO,Hong Kong,
4e41ad736fc7bc71,Florida Strait,,,23.396974,-81.647344,1.0,,unknown_country_boundary,CSV2GEO,,
ae9cc4877853845c,Geyser Bank,Between Comores & Madagascar,Madagascar,-18.766947,46.869107,1.0,,too_far_inland,CSV2GEO,Madagascar,
d1bd36fa74f121de,Sisi (west coast of island),Manus Island,ADMIRALTY ISLANDS,-42.61999,148.04292,0.53,,low_relevance,CSV2GEO,Australia,street
e693a0f48469fb1e,Near tuna cannery in Pago Pago Harbor,Tutuila Island,AMERICAN SAMOA,-14.270371,-170.687113,1.0,1.333,validated,CSV2GEO,American Samoa,
4b34efe8d56837d2,Pago Pago Bay,Tutuila Island,AMERICAN SAMOA,-14.273487,-170.684012,1.0,1.742,validated,CSV2GEO,American Samoa,
7b15287224a0de4d,Van Camp wharf,Tutuila Island,AMERICAN SAMOA,-14.325755,-170.732529,1.0,2.748,validated,CSV2GEO,American Samoa,
3079acea4f61d133,"Miramar Beach, 46 km south of Mar de Plata",Buenos Aires Province,ARGENTINA,-38.05688,-57.57427,0.54,,low_relevance,CSV2GEO,Argentina,poi
37168e42259b8ff0,Boat capsized,,ARUBA,,,,,missing_or_invalid_coordinate,CSV2GEO,?,
1bcd83ec14295747,360 miles north of Ascension Island,,ATLANTIC OCEAN,-7.946717,-14.355916,1.0,,unknown_country_boundary,CSV2GEO,"Saint Helena, Ascension and Tristan da Cunha",
6090483608b1ce8c,"East of La Grande Island, North of Panama Canal",9.35N 79.35W,ATLANTIC OCEAN,8.537981,-80.782127,1.0,,unknown_country_boundary,CSV2GEO,Panama,
30ccc8d428ffe290,7 miles offshore on east coast of Australia,,AUSTRALIA,-27.672817,148.37169,1.0,,too_far_inland,CSV2GEO,Australia,
12c9d5b35352994e,Aquarium,,AUSTRALIA,-37.82016,144.95869,0.99,5.684,validated,CSV2GEO,Australia,street
fea9b67f6ad32d7f,1.5 miles off shore,New South Wales,AUSTRALIA,-28.83368,153.60052,0.81,0.858,validated,CSV2GEO,Australia,rooftop
85b5648a154dba56,10 miles off Nambucca Heads onboard trawler,New South Wales,AUSTRALIA,-30.65179,152.9904,0.52,,low_relevance,CSV2GEO,Australia,city
cb00b76795bbd3f7,15 miles up the Cataract River,New South Wales,AUSTRALIA,-34.30798,150.73877,0.55,,low_relevance,CSV2GEO,Australia,city
078c6f66d4a09fbf,20 miles off Sydney,New South Wales,AUSTRALIA,-33.9221,151.19453,0.9,4.154,validated,CSV2GEO,Australia,rooftop
5463dc77ac93855f,5 miles south of Sussex Inlet at mouth of Berara Lake,New South Wales,AUSTRALIA,-35.18225,150.57142,0.59,,low_relevance,CSV2GEO,Australia,rooftop
330dec326d37ab48,Angourie,New South Wales,AUSTRALIA,-29.47979,153.36076,1.0,,country_mismatch,CSV2GEO,Australia,city
a475896166327257,"Angourie, near Yamba",New South Wales,AUSTRALIA,-29.44477,153.35036,0.87,0.721,validated,CSV2GEO,Australia,street
3d7f282f6b236381,Arakoon\'s Little Bay,New South Wales,AUSTRALIA,-30.88861,153.07328,0.94,0.527,validated,CSV2GEO,Australia,poi
f9b3f70d7d83481a,Arrawarra Headland,New South Wales,AUSTRALIA,-30.06275,153.20017,1.0,0.301,validated,CSV2GEO,Australia,city
4a224866a5bf404f,Austinmer,New South Wales,AUSTRALIA,-34.30573,150.93507,1.0,0.298,validated,CSV2GEO,Australia,city
53ea409009f4b4a0,Avalon Beach,New South Wales,AUSTRALIA,-33.63583,151.32799,1.0,0.501,validated,CSV2GEO,Australia,city
027533da6f60a20b,"Bantry Bay, near Ironstone Point",New South Wales,AUSTRALIA,-32.99551,151.60819,0.62,,low_relevance,CSV2GEO,Australia,street
d34bc68ee436cf59,Bass Point,New South Wales,AUSTRALIA,-33.82586,151.113,0.97,12.836,validated,CSV2GEO,Australia,street
36d1a415c74123f9,Bateman\'s Bay,New South Wales,AUSTRALIA,-35.70844,150.17733,1.0,2.375,validated,CSV2GEO,Australia,city
8738e2291de8c945,Beecroft Head,New South Wales,AUSTRALIA,-33.74968,151.06461,0.84,20.214,validated,CSV2GEO,Australia,city
da02f9a199340855,Bellambi,New South Wales,AUSTRALIA,-34.36907,150.9175,1.0,0.706,validated,CSV2GEO,Australia,city
8ebc43455702eb30,Bellingen,New South Wales,AUSTRALIA,-30.45238,152.89828,1.0,14.636,validated,CSV2GEO,Australia,city
1fb8843e4d569b7d,"Belongil Beach, Byron Bay",New South Wales,AUSTRALIA,-28.63186,153.59715,1.0,0.808,validated,CSV2GEO,Australia,poi
f5515cdb7fed722a,Bermagui,New South Wales,AUSTRALIA,-36.42839,150.07617,1.0,,country_mismatch,CSV2GEO,Australia,city
55ac562fe9794ec3,"Berry\'s Bay, Sydney Harbour",New South Wales,AUSTRALIA,-33.87406,151.20287,0.74,,low_relevance,CSV2GEO,Australia,street
a81c689895cd7ca3,Between Dee Why and Long Reef,New South Wales,AUSTRALIA,-34.04241,150.82303,0.79,25.298,too_far_inland,CSV2GEO,Australia,intersection
95e4d25743b41520,Bherwerre Beach,New South Wales,AUSTRALIA,-36.93938,149.90727,0.67,,low_relevance,CSV2GEO,Australia,street
239cfc24fa5237b0,Birubi Point,New South Wales,AUSTRALIA,-34.02804,151.08537,0.97,1.759,validated,CSV2GEO,Australia,street
6d6b31b51c8e7c6e,"Black Head, south of Taree",New South Wales,AUSTRALIA,-32.06905,152.53719,0.65,,low_relevance,CSV2GEO,Australia,city
fb5ae0ab43dcc4df,Blue Bay,New South Wales,AUSTRALIA,-33.35506,151.49846,1.0,0.531,validated,CSV2GEO,Australia,city
3da56c71a3ae7ed6,"Boat Harbour, north of Cronulla",New South Wales,AUSTRALIA,-28.77095,153.37445,0.74,,low_relevance,CSV2GEO,Australia,city
3eb865cb808d63d2,Bombo Beach,New South Wales,AUSTRALIA,-34.64844,150.8532,0.78,1.208,validated,CSV2GEO,Australia,city
72e5b184154ed7af,"Bondi, Sydney",New South Wales,AUSTRALIA,-33.89381,151.26299,1.0,1.984,validated,CSV2GEO,Australia,city
a142d01e9b04f970,Botany Bay,New South Wales,AUSTRALIA,-33.99143,151.23176,1.0,,country_mismatch,CSV2GEO,Australia,city
2bf946056e964351,"Botany Bay, Sydney",New South Wales,AUSTRALIA,-33.99143,151.23176,1.0,,country_mismatch,CSV2GEO,Australia,city
1feedbfa60033d96,"Bradleys Head, Sydney",New South Wales,AUSTRALIA,-33.83707,151.24583,0.99,0.874,validated,CSV2GEO,Australia,street
10b0ad2f02419884,Broken Head Beach,New South Wales,AUSTRALIA,-28.7112,153.59355,0.82,2.405,validated,CSV2GEO,Australia,city
05fdb53d6e6cc1ab,Bronte,New South Wales,AUSTRALIA,-33.90287,151.26001,1.0,2.439,validated,CSV2GEO,Australia,city
6e627e7297abbedf,Broome Head,New South Wales,AUSTRALIA,-29.59982,153.32955,0.96,,country_mismatch,CSV2GEO,Australia,city
cbc944c2510f32ec,Broughton Island,New South Wales,AUSTRALIA,-34.75052,150.7203,0.79,8.246,validated,CSV2GEO,Australia,city
605a400ab2b70342,Bushrangers Pass at Bass Point,New South Wales,AUSTRALIA,-34.83547,150.12813,1.0,54.892,too_far_inland,CSV2GEO,Australia,
57f10869f096d8aa,Cape Howe,New South Wales,AUSTRALIA,-32.56938,151.18448,0.81,67.911,too_far_inland,CSV2GEO,Australia,street
8a3338949fc29b0a,Cave at Shell Harbour,New South Wales,AUSTRALIA,-34.57575,150.86418,0.81,,country_mismatch,CSV2GEO,Australia,city
322e16cd66858fae,Caves Beach,New South Wales,AUSTRALIA,-33.1007,151.64556,1.0,1.077,validated,CSV2GEO,Australia,city
bd954168bfb99b9b,Cellito Beach,New South Wales,AUSTRALIA,-34.00665,150.78057,0.76,29.049,too_far_inland,CSV2GEO,Australia,street
fc6b5104fa6cb1ca,"Charles Street Wharf, Parramatta River",New South Wales,AUSTRALIA,-33.816,151.00894,0.78,22.34,validated,CSV2GEO,Australia,street
b4e14a9be6e46d7a,Clarence Head,New South Wales,AUSTRALIA,-33.4775,150.21242,0.84,94.577,too_far_inland,CSV2GEO,Australia,city
08772a6ce7a91f97,"Clark Island, Sydney Harbour",New South Wales,AUSTRALIA,-33.86243,151.24138,0.81,0.533,validated,CSV2GEO,Australia,poi
723d5f25a23cebcc,"Clarkes Beach, Byron Bay",New South Wales,AUSTRALIA,-28.64284,153.62317,1.0,,country_mismatch,CSV2GEO,Australia,poi
d955a98621f0ffb0,"Clarks Beach, Byron Bay",New South Wales,AUSTRALIA,-28.64284,153.62317,0.99,,country_mismatch,CSV2GEO,Australia,poi
eea513372996ec31,Coffee Head,New South Wales,AUSTRALIA,-33.87073,151.20788,0.57,,low_relevance,CSV2GEO,Australia,region
cbbd06870c35fcca,Coledale Beach,New South Wales,AUSTRALIA,-34.28731,150.94796,0.81,0.262,validated,CSV2GEO,Australia,city
03fb39a20fe7a4be,Collaroy,New South Wales,AUSTRALIA,-33.73291,151.30158,1.0,0.618,validated,CSV2GEO,Australia,city
bc7f2ca92b7e29a2,"Coogee Bay, near Sydney",New South Wales,AUSTRALIA,-33.92083,151.25406,0.88,2.312,validated,CSV2GEO,Australia,poi
83edaca2286d9db5,Cook Island,New South Wales,AUSTRALIA,-34.01748,151.11021,0.99,0.009,validated,CSV2GEO,Australia,street
b7a3ccc545123aaf,"Cooks Hill, Newcastle",New South Wales,AUSTRALIA,-32.93194,151.76795,1.0,1.348,validated,CSV2GEO,Australia,city
d9fe0d7730be62cc,"Cronulla, near Sydney",New South Wales,AUSTRALIA,-34.05495,151.15329,0.87,0.843,validated,CSV2GEO,Australia,city
aef28218e24e419d,Crookhaven,New South Wales,AUSTRALIA,-34.91882,150.7299,0.99,1.451,validated,CSV2GEO,Australia,street
9d30ff4f5665eec8,Curl Curl,New South Wales,AUSTRALIA,-33.76843,151.29433,1.0,1.678,validated,CSV2GEO,Australia,city
664dc45aa1aaaa23,"Dee Why, north of Queenscliff",New South Wales,AUSTRALIA,-33.76187,151.29356,0.6,,low_relevance,CSV2GEO,Australia,street
74926cffc78fba00,"Egg Rock, Middle Harbor",New South Wales,AUSTRALIA,-33.80323,151.24613,0.78,3.353,validated,CSV2GEO,Australia,city
e3048af751c4a1e2,Eight-mile reef off Port Kembla,New South Wales,AUSTRALIA,-34.4797,150.90189,0.59,,low_relevance,CSV2GEO,Australia,city
ebed05be75fd7c02,Fairy Bower,New South Wales,AUSTRALIA,-33.595,150.2617,0.99,89.382,too_far_inland,CSV2GEO,Australia,street
09c2bd9170939290,"Fairy Bower, near North Steyne",New South Wales,AUSTRALIA,-33.87073,151.20788,0.34,,low_relevance,CSV2GEO,Australia,region
d1f14140dfef4baf,"Fig Tree Bridge, Lane Cove River",New South Wales,AUSTRALIA,-33.829,151.14612,0.82,9.8,validated,CSV2GEO,Australia,poi
db0c6218b54067af,Fingal Bay,New South Wales,AUSTRALIA,-32.74399,152.16951,1.0,1.956,validated,CSV2GEO,Australia,city
8d7d82ce6fb1c6cb,Fingal Beach,New South Wales,AUSTRALIA,-31.94673,152.59818,0.75,0.87,validated,CSV2GEO,Australia,street
aace103c041c7c10,"First Beach, Forster",New South Wales,AUSTRALIA,-32.18499,152.51624,0.83,0.812,validated,CSV2GEO,Australia,city
09b2d491b71dde4a,"First Sun Beach, Byron Bay",New South Wales,AUSTRALIA,-28.62932,153.58472,0.79,1.527,validated,CSV2GEO,Australia,poi
f3bbcba5e5139997,Flat Rock,New South Wales,AUSTRALIA,-33.81436,151.20582,0.99,5.34,validated,CSV2GEO,Australia,street
d508b4ef328d2e4e,"Flat Rock Beach, Lennox Head",New South Wales,AUSTRALIA,-28.79837,153.59273,0.64,,low_relevance,CSV2GEO,Australia,city
ac2f8dc8edd89b6c,"Flat Rock, Ballina",New South Wales,AUSTRALIA,-28.84331,153.60282,0.99,0.541,validated,CSV2GEO,Australia,street
bc1e40b626c01d93,"Flat Rock, Yamba",New South Wales,AUSTRALIA,-29.42924,153.3256,0.69,,low_relevance,CSV2GEO,Australia,city
354336e26aea37b3,Fraser\'s Reef,New South Wales,AUSTRALIA,-34.45147,150.84676,0.96,5.168,validated,CSV2GEO,Australia,street
c7dbbfa925721dcc,"Garden Island, Sydney",New South Wales,AUSTRALIA,-33.85921,151.22904,1.0,1.662,validated,CSV2GEO,Australia,poi
7c6a1a8d351d21a5,"Garden Point, Woolloomooloo Sydney Harbour",New South Wales,AUSTRALIA,-33.86888,151.21951,0.64,,low_relevance,CSV2GEO,Australia,city
5894153c34851e83,Gerringong,New South Wales,AUSTRALIA,-34.74671,150.82731,1.0,1.946,validated,CSV2GEO,Australia,city
260101cfcfcff056,Green Island,New South Wales,AUSTRALIA,-33.46034,151.38566,0.91,4.973,validated,CSV2GEO,Australia,street
5466ca148a053549,"Half Tide Beach, Evans Head",New South Wales,AUSTRALIA,-29.1165,153.43986,0.99,0.035,validated,CSV2GEO,Australia,poi
7e924b130fd13799,Hallidays Point,New South Wales,AUSTRALIA,-32.06738,152.49561,1.0,4.494,validated,CSV2GEO,Australia,city
e0704103ce3a587c,Hams Beach,New South Wales,AUSTRALIA,-35.10137,150.69082,0.99,0.946,validated,CSV2GEO,Australia,city
5cf077566beeb03d,Hawkesbury River,New South Wales,AUSTRALIA,-33.55453,151.26732,1.0,0.464,validated,CSV2GEO,Australia,street
f2f229626d6d3e65,Hawks Nest Beach,New South Wales,AUSTRALIA,-32.6711,152.17766,0.81,0.947,validated,CSV2GEO,Australia,city
cab165385ab7c988,"Homebush Bay, Parramatta River",New South Wales,AUSTRALIA,-33.82093,151.08472,0.99,15.504,validated,CSV2GEO,Australia,street
108ea63e7c44489e,"Honeysuckle Point, Eden",New South Wales,AUSTRALIA,-32.92584,151.76567,0.85,1.966,validated,CSV2GEO,Australia,street
1bdb7e25cb5421e5,Horseshoe Bay,New South Wales,AUSTRALIA,-35.14996,148.90848,0.88,192.295,too_far_inland,CSV2GEO,Australia,street
51c390d33fe0c44f,"Horseshoe Bay, near Kempsey",New South Wales,AUSTRALIA,-31.07841,152.84243,0.56,,low_relevance,CSV2GEO,Australia,city
3fe8bbdfbdf6f9be,Iluka Beach,New South Wales,AUSTRALIA,-29.39593,153.35569,0.78,1.247,validated,CSV2GEO,Australia,city
86c009e802ffb3f1,"Iron Cove, Sydney",New South Wales,AUSTRALIA,-33.85874,151.16203,0.99,7.852,validated,CSV2GEO,Australia,street
5050334e51c785af,Jimmy\'s Beach,New South Wales,AUSTRALIA,-32.68109,152.18494,0.97,0.283,validated,CSV2GEO,Australia,poi
ceddafd0cfbeebca,"Jimmys Beach, Port Stephens",New South Wales,AUSTRALIA,-32.71276,152.15841,0.83,,country_mismatch,CSV2GEO,Australia,poi
1d57c7b1e72b079d,"Just below Roseville Bridge, opposite Killarney picnic reserve",New South Wales,AUSTRALIA,-33.78341,151.17515,0.33,,low_relevance,CSV2GEO,Australia,city
d9bef061ecac2140,Just north of Fingal Spit,New South Wales,AUSTRALIA,-32.75125,152.15231,0.68,,low_relevance,CSV2GEO,Australia,street
571fe75c20927665,Kerosene Bay,New South Wales,AUSTRALIA,-33.86387,151.15927,0.67,,low_relevance,CSV2GEO,Australia,street
261e3bdd5f6ad747,"Kiah Creek, Eden",New South Wales,AUSTRALIA,-37.17447,149.84996,0.65,,low_relevance,CSV2GEO,Australia,city
2979686d482541ee,Kiama,New South Wales,AUSTRALIA,-34.67696,150.85197,1.0,0.853,validated,CSV2GEO,Australia,city
a9976f70d1079c1a,Kingscliff,New South Wales,AUSTRALIA,-28.25532,153.57518,1.0,0.903,validated,CSV2GEO,Australia,city
5a17f62123055eb4,"Kurnell, Botany Bay",New South Wales,AUSTRALIA,-33.94891,151.2051,0.9,1.171,validated,CSV2GEO,Australia,street
e534dde27e4bb332,"Kylie\'s Beach, Diamond Head",New South Wales,AUSTRALIA,-31.70393,152.78932,0.69,,low_relevance,CSV2GEO,Australia,city
5ca83d8e92d72096,"Lake Conjola, near Milton",New South Wales,AUSTRALIA,-35.26993,150.48471,0.71,,low_relevance,CSV2GEO,Australia,city
b2f7b10defed3cbc,"Latitude Reef, near Forster",New South Wales,AUSTRALIA,-32.18498,152.51624,0.56,,low_relevance,CSV2GEO,Australia,city
8847f325b8aed41c,"Leichardt, Sydney",New South Wales,AUSTRALIA,-33.88365,151.15894,0.99,8.366,validated,CSV2GEO,Australia,city
d5af75f13afb77e1,Lennox Heads,New South Wales,AUSTRALIA,-28.79837,153.59273,0.96,1.04,validated,CSV2GEO,Australia,city
c4422324b0f0a7d4,"Lighthouse Beach, Seal Rocks",New South Wales,AUSTRALIA,-32.44121,152.53748,0.99,0.083,validated,CSV2GEO,Australia,street
c4a3fd75f8a78db7,Lismore,New South Wales,AUSTRALIA,-28.81397,153.27809,1.0,27.632,too_far_inland,CSV2GEO,Australia,city
2595c07dfcb16421,"Little Congwong Beach, La Perouse",New South Wales,AUSTRALIA,-33.98891,151.23457,0.85,0.116,validated,CSV2GEO,Australia,poi
6ce4c2b466c9a23f,"Long Reef, Collaroy",New South Wales,AUSTRALIA,-33.73879,151.30666,0.98,0.555,validated,CSV2GEO,Australia,poi
111767ca32056603,"Long Reef, North Manly",New South Wales,AUSTRALIA,-33.7988,151.25151,0.77,3.548,validated,CSV2GEO,Australia,street
06879b8109a25151,"Long Reef, north of Sydney",New South Wales,AUSTRALIA,-34.04114,150.82348,0.79,25.24,too_far_inland,CSV2GEO,Australia,street
6400ab5748664248,Lord Howe Island,New South Wales,AUSTRALIA,-31.52646,159.07159,1.0,0.214,validated,CSV2GEO,Australia,city
b5e99f97ade7b31b,Manley Beach,New South Wales,AUSTRALIA,-33.79315,151.287649,1.0,1.845,validated,CSV2GEO,Australia,
379c24b100c74aee,"Manly Marineland, Sydney",New South Wales,AUSTRALIA,-33.79993,151.29253,0.88,1.338,validated,CSV2GEO,Australia,street
63ea67b70cd7e897,"Marineland Aquarium, Manley",New South Wales,AUSTRALIA,-33.79993,151.29253,0.65,,low_relevance,CSV2GEO,Australia,street
bf508e414f94174c,Maroubra Bay,New South Wales,AUSTRALIA,-33.94326,151.25231,0.99,2.077,validated,CSV2GEO,Australia,street
b65e385ae280713c,Martin Islet,New South Wales,AUSTRALIA,-33.86763,151.20916,0.79,3.527,validated,CSV2GEO,Australia,street
f2d4df545d3ec54d,McKenzies Beach,New South Wales,AUSTRALIA,-33.60235,145.80713,0.97,,too_far_inland,CSV2GEO,Australia,street
b841dce7e7c4c440,"McMasters Beach, Central Coast",New South Wales,AUSTRALIA,-33.50055,151.33112,0.97,4.556,validated,CSV2GEO,Australia,street
5a55ef798d249f2d,"Merewether Beach, near Newcastle",New South Wales,AUSTRALIA,-32.95744,151.74139,0.9,0.565,validated,CSV2GEO,Australia,poi
73110741a6488a18,Merimbula,New South Wales,AUSTRALIA,-36.88813,149.90606,1.0,1.246,validated,CSV2GEO,Australia,city
8866dea98038cc65,"Middle Harbour, Sugarloaf Bay",New South Wales,AUSTRALIA,-33.80323,151.24613,0.68,,low_relevance,CSV2GEO,Australia,city
5aac58753e99d145,"Mollymook Beach, Bannister Head",New South Wales,AUSTRALIA,-35.3193,150.47102,0.99,1.32,validated,CSV2GEO,Australia,street
1d025bd08b9214dd,"Mona Vale Beach, Sydney",New South Wales,AUSTRALIA,-33.87727,151.23408,0.85,1.649,validated,CSV2GEO,AU,
c5952d2061f51733,Moonee Beach,New South Wales,AUSTRALIA,-30.18428,153.13592,1.0,4.034,validated,CSV2GEO,Australia,city
5e4cfc06cca1c513,Mowarry Point,New South Wales,AUSTRALIA,-37.12772,149.95784,0.99,0.31,validated,CSV2GEO,Australia,street
93dd6d67b96a53ef,Mullaway Headland,New South Wales,AUSTRALIA,-30.06839,153.20234,0.95,0.205,validated,CSV2GEO,Australia,street
19e05ee2bb411651,"Murwillumbah, Tweed River",New South Wales,AUSTRALIA,-28.28201,153.46092,0.95,12.421,validated,CSV2GEO,Australia,poi
ab1610983aacadc6,Nambucca River Entrance,New South Wales,AUSTRALIA,-33.3442,151.49674,0.59,,low_relevance,CSV2GEO,Australia,city
0fbc8503a4fc63f6,"Near Asbestos Works, Camellia",New South Wales,AUSTRALIA,-33.82021,151.03164,0.55,,low_relevance,CSV2GEO,Australia,city
aa1ab623ea30cc75,Near Bondi Beach,New South Wales,AUSTRALIA,-33.88866,151.27786,0.85,1.374,validated,CSV2GEO,Australia,city
e407c5a8d5eeedc1,"Ned\'s Beach, Lord Howe Island",New South Wales,AUSTRALIA,-31.52141,159.06389,0.99,0.091,validated,CSV2GEO,Australia,street
7160e1cb4afe2e3e,Nelson\'s Bay,New South Wales,AUSTRALIA,-32.72202,152.14351,0.96,0.396,validated,CSV2GEO,Australia,city
f9bb1782f804df78,Norah Head,New South Wales,AUSTRALIA,-33.27394,151.56283,1.0,0.547,validated,CSV2GEO,Australia,city
c034c886ae8031a0,Noraville,New South Wales,AUSTRALIA,-33.26831,151.55519,1.0,0.828,validated,CSV2GEO,Australia,city
7c9d7b32e6f83c31,North Avoca Beach,New South Wales,AUSTRALIA,-33.46731,151.4338,0.82,0.564,validated,CSV2GEO,Australia,city
1a87f849503c67cb,"North Beach, Belligen River",New South Wales,AUSTRALIA,-30.4456,152.89479,0.72,,low_relevance,CSV2GEO,Australia,street
47f8fd19fc53c797,North Cronulla Beach,New South Wales,AUSTRALIA,-34.06869,151.15589,0.84,0.005,validated,CSV2GEO,Australia,street
d5f601b1039866fd,North Narrabeen Beach,New South Wales,AUSTRALIA,-33.69988,151.30446,0.99,0.353,validated,CSV2GEO,Australia,street
cebb70679af9df16,North Shelly Beach,New South Wales,AUSTRALIA,-33.37266,151.48249,0.83,0.728,validated,CSV2GEO,Australia,city
79221d0ac4a06dfa,"North Solitary Island, 8 miles from Wolli",New South Wales,AUSTRALIA,-29.85085,153.2558,0.75,1.878,validated,CSV2GEO,Australia,poi
4ae6e4bfb8e8ae74,North Steyne,New South Wales,AUSTRALIA,-33.79156,151.287,1.0,1.919,validated,CSV2GEO,Australia,street
bf49b226fe0bbea3,"Oceanworld, Manley",New South Wales,AUSTRALIA,-33.79414,151.28299,0.86,2.267,validated,CSV2GEO,Australia,street
3e9127ace31a4f8c,"Off Ben Buckler, near Sydney",New South Wales,AUSTRALIA,-33.88959,151.2837,0.81,0.828,validated,CSV2GEO,Australia,poi
e4d979152d2573fc,Off Blacksmith Beach,New South Wales,AUSTRALIA,-33.71979,150.93266,0.87,29.759,too_far_inland,CSV2GEO,Australia,street
46a95c8424f22403,Off Broughton Island near Port Stephens,New South Wales,AUSTRALIA,-32.70869,151.98093,0.53,,low_relevance,CSV2GEO,Australia,city
2f489554a766bd0b,Off Kisma,New South Wales,AUSTRALIA,-33.87073,151.20788,0.62,,low_relevance,CSV2GEO,Australia,region
75850f4cd92c18f8,Off Mooloolabah,New South Wales,AUSTRALIA,-33.87073,151.20788,0.48,,low_relevance,CSV2GEO,Australia,region
7431a2919c6315b8,Off Scotts,New South Wales,AUSTRALIA,-32.64331,151.93419,0.86,13.323,validated,CSV2GEO,Australia,street
6f2fc5a174457183,Otford,New South Wales,AUSTRALIA,-34.21064,151.00591,1.0,0.911,validated,CSV2GEO,Australia,city
673bccfca0228c65,Palm Beach,New South Wales,AUSTRALIA,-33.59243,151.3233,1.0,,country_mismatch,CSV2GEO,Australia,city
0067fb780fadac88,Paramatta River,New South Wales,AUSTRALIA,-33.81581,151.02088,0.99,21.382,validated,CSV2GEO,Australia,street
a204637e8d1d33c3,Paramatta River (near Sydney),New South Wales,AUSTRALIA,-33.81581,151.02088,0.89,21.382,validated,CSV2GEO,Australia,street
4b2e5be34fd8b101,"Park Beach, Coff\'s Harbour",New South Wales,AUSTRALIA,-30.295,153.13916,1.0,0.358,validated,CSV2GEO,Australia,poi
7cebfe1f3002829c,Parramata River,New South Wales,AUSTRALIA,-33.81581,151.02088,0.99,21.382,validated,CSV2GEO,Australia,street
4aa834241b9e3c9b,"Pelican Island, Macleay River",New South Wales,AUSTRALIA,-33.0709,151.64611,0.53,,low_relevance,CSV2GEO,Australia,city
8027c303518235c9,Point Plomer,New South Wales,AUSTRALIA,-31.24996,152.95823,0.99,0.678,validated,CSV2GEO,Australia,street
d020aaed3155e506,"Porpoise Pool, Tweed Heads",New South Wales,AUSTRALIA,-28.18605,153.52556,0.66,,low_relevance,CSV2GEO,Australia,city
96a15d4eb460d11d,Port Jervis,New South Wales,AUSTRALIA,-35.05962,150.62588,0.99,4.973,validated,CSV2GEO,Australia,street
4b9f5301a9cf12d5,Queenscliff,New South Wales,AUSTRALIA,-33.78263,151.28439,1.0,2.235,validated,CSV2GEO,Australia,city
cc5fa88ba7d52013,"Queenscliff, Sydney",New South Wales,AUSTRALIA,-33.78263,151.28439,1.0,2.235,validated,CSV2GEO,Australia,city
8378b152919a343b,Redhead Beach,New South Wales,AUSTRALIA,-32.05861,152.53434,0.8,1.531,validated,CSV2GEO,Australia,city
d485c9789d981ee4,"Sailor Bay, Middle Harbour",New South Wales,AUSTRALIA,-33.80323,151.24613,0.74,,low_relevance,CSV2GEO,Australia,city
4e14c514909dd794,Saltwater Beach,New South Wales,AUSTRALIA,-32.01321,152.54284,0.81,1.913,validated,CSV2GEO,Australia,city
e2f916012db8b5da,Sandbar Beach,New South Wales,AUSTRALIA,-32.37546,152.52271,0.8,0.727,validated,CSV2GEO,Australia,city
e3c134ed88b66c14,Sandon,New South Wales,AUSTRALIA,-29.67638,153.32865,1.0,,country_mismatch,CSV2GEO,Australia,city
4f42303697d01a6a,Scotts Head,New South Wales,AUSTRALIA,-30.74664,152.99258,1.0,0.323,validated,CSV2GEO,Australia,city
31d1a91bdac96a04,Seal Rocks,New South Wales,AUSTRALIA,-32.43784,152.53649,1.0,,country_mismatch,CSV2GEO,Australia,city
c0c370fafb2a7b43,"Seal Rocks, north of Newcastle",New South Wales,AUSTRALIA,-32.9125,151.78101,0.71,,low_relevance,CSV2GEO,Australia,street
e26c5948be057e50,"Seaspray, near Sale",New South Wales,AUSTRALIA,-35.31189,150.46189,0.93,2.293,validated,CSV2GEO,Australia,street
2286e1884c17fbd3,"Seven Mile Beach, Byron Bay",New South Wales,AUSTRALIA,-28.64647,153.61272,0.6,,low_relevance,CSV2GEO,Australia,city
651690485aefafe0,"Shelly Beach, Crescent Head",New South Wales,AUSTRALIA,-31.18832,152.97248,0.69,,low_relevance,CSV2GEO,Australia,city
65e16fb9d28dd186,Smiths,New South Wales,AUSTRALIA,-33.81494,151.00615,0.99,22.552,validated,CSV2GEO,Australia,street
c967b054c4feecc3,Smokey Cape,New South Wales,AUSTRALIA,-30.91582,153.08002,0.96,0.824,validated,CSV2GEO,Australia,street
95f9d8d5f98a81f8,South Broulee,New South Wales,AUSTRALIA,-35.85594,150.16561,0.8,1.871,validated,CSV2GEO,Australia,city
80d092a2fccb99be,South Coast,New South Wales,AUSTRALIA,-36.23135,150.12343,0.99,1.179,validated,CSV2GEO,Australia,street
12641195e997daab,South Golden Beach,New South Wales,AUSTRALIA,-28.49845,153.54608,1.0,1.621,validated,CSV2GEO,Australia,city
5a077a200308f425,South Narrabeen Beach,New South Wales,AUSTRALIA,-33.73631,151.30435,0.79,0.597,validated,CSV2GEO,Australia,street
4e11be5051719b42,"South Steyne, Manly",New South Wales,AUSTRALIA,-33.79854,151.28896,1.0,1.679,validated,CSV2GEO,Australia,street
49570237a93121cb,South coast,New South Wales,AUSTRALIA,-36.23135,150.12343,0.99,1.179,validated,CSV2GEO,Australia,street
5d0e3c16741031e6,Stockton Beach,New South Wales,AUSTRALIA,-32.88326,151.79276,0.97,1.247,validated,CSV2GEO,Australia,street
84acd6728e182187,Stockton Bight,New South Wales,AUSTRALIA,-32.91496,151.78496,0.81,1.547,validated,CSV2GEO,Australia,city
451a3457fc6f35bc,"Sugarloaf Bay, Middle Harbor",New South Wales,AUSTRALIA,-32.38727,151.7141,0.59,,low_relevance,CSV2GEO,Australia,city
655e22509a3d48db,"Sugarloaf Bay, Middle Harbour",New South Wales,AUSTRALIA,-33.80323,151.24613,0.68,,low_relevance,CSV2GEO,Australia,city
9815309ad025b2aa,"Surf Beach, Batemans Bay",New South Wales,AUSTRALIA,-35.75959,150.21022,1.0,0.902,validated,CSV2GEO,Australia,city
6fb9f0ccb7b9cd4b,"Surf Beach, Kiama",New South Wales,AUSTRALIA,-36.19593,150.1288,0.96,,country_mismatch,CSV2GEO,Australia,street
20126ded46ba8bfb,Sydney Harbour,New South Wales,AUSTRALIA,-33.84705,151.24605,1.0,0.418,validated,CSV2GEO,Australia,poi
0bdbadc3104dbfef,Tabourie Beach,New South Wales,AUSTRALIA,-35.44351,150.4007,0.99,2.073,validated,CSV2GEO,Australia,street
ea57d1ced46dae64,"Taree, Old Bar Beach",New South Wales,AUSTRALIA,-32.93825,151.76849,0.72,,low_relevance,CSV2GEO,Australia,city
bdc3deb344bcf08f,Target Beach,New South Wales,AUSTRALIA,-35.06379,150.77762,0.99,,country_mismatch,CSV2GEO,Australia,street
fa6fe243236b4581,"Taronga Wharf, Athol Bay",New South Wales,AUSTRALIA,-35.10255,150.65632,0.71,,low_relevance,CSV2GEO,Australia,street
14cf46fc2ce67ae9,Tathra,New South Wales,AUSTRALIA,-36.72921,149.98495,1.0,0.083,validated,CSV2GEO,Australia,city
784dc5e78a747979,"Tea Gardens, north of Newcastle",New South Wales,AUSTRALIA,-32.66153,152.15234,0.59,,low_relevance,CSV2GEO,Australia,city
d500e647776e8a96,The Australian Shark and Ray Centre,New South Wales,AUSTRALIA,-33.87073,151.20788,0.51,,low_relevance,CSV2GEO,Australia,region
200c042b0c6bf924,"The Entrance, near Gosford",New South Wales,AUSTRALIA,-33.35061,151.49263,0.84,0.416,validated,CSV2GEO,Australia,street
e2ef66c9932a06ac,The Farm,New South Wales,AUSTRALIA,-34.59315,150.8685,0.99,0.963,validated,CSV2GEO,Australia,street
e6cc568db3057435,Thirroul,New South Wales,AUSTRALIA,-34.31537,150.92248,1.0,0.902,validated,CSV2GEO,Australia,city
3dbad76f81c3b0ae,Trial Bay,New South Wales,AUSTRALIA,-30.89136,153.06398,0.86,,country_mismatch,CSV2GEO,Australia,street
0951a0eb780a81bb,"Trial Bay, north of Kempsey",New South Wales,AUSTRALIA,-31.07841,152.84243,0.57,,low_relevance,CSV2GEO,Australia,city
8b9b840d425d797e,Turners\' Beach,New South Wales,AUSTRALIA,-29.14357,153.31682,0.8,10.054,validated,CSV2GEO,Australia,street
6656ffe287e182bc,Umina Beach,New South Wales,AUSTRALIA,-33.5215,151.31938,1.0,3.052,validated,CSV2GEO,Australia,city
5f5fac1bda9c3d05,"Urunga, Belliger Heads",New South Wales,AUSTRALIA,-30.5218,153.02455,0.95,1.099,validated,CSV2GEO,Australia,poi
0bc98a6b4c078af9,Wallabi Point,New South Wales,AUSTRALIA,-31.98958,152.56373,1.0,1.441,validated,CSV2GEO,Australia,city
ec776b33e06a6c70,"Wallamba River, near entrance to Wallis Lake",New South Wales,AUSTRALIA,-32.17974,152.50511,0.46,,low_relevance,CSV2GEO,Australia,city
226b6f85a05721ea,Wamberal,New South Wales,AUSTRALIA,-33.41816,151.44301,1.0,1.219,validated,CSV2GEO,Australia,city
43efe7af6ec83b70,Wanda Beach,New South Wales,AUSTRALIA,-32.72539,152.08206,0.97,1.131,validated,CSV2GEO,Australia,street
4af3ae892cd70324,"Wategos Beach, Byon Bay",New South Wales,AUSTRALIA,-28.63693,153.63316,0.99,,country_mismatch,CSV2GEO,Australia,poi
83093cdfeef35a2f,"Watson Taylor\'s Lake, 25 miles south of Port Macquarie",New South Wales,AUSTRALIA,-31.43675,152.9104,0.56,,low_relevance,CSV2GEO,Australia,rooftop
4810fd4bd7c8cf73,Wattamolla National Park,New South Wales,AUSTRALIA,-34.73187,150.63684,0.66,,low_relevance,CSV2GEO,Australia,city
6f9b88c79f24ef4a,"Waverly, Sydney",New South Wales,AUSTRALIA,-33.89178,151.25513,0.99,1.902,validated,CSV2GEO,Australia,street
4345545e68acce05,"White Bay, near Bald Rock Jetty",New South Wales,AUSTRALIA,-33.87073,151.20788,0.34,,low_relevance,CSV2GEO,Australia,region
08d5cb060def543a,"Windang, Lake Illawara",New South Wales,AUSTRALIA,-34.53839,150.86584,0.99,0.583,validated,CSV2GEO,Australia,street
6690137907054187,"Windang, near the entrance to Lake Illawarra",New South Wales,AUSTRALIA,-34.55685,150.86583,0.69,,low_relevance,CSV2GEO,Australia,street
f0b6a63250f7fba6,Wombarra Beach near Austinmeer,New South Wales,AUSTRALIA,-34.27124,150.95844,0.68,,low_relevance,CSV2GEO,Australia,poi
4ea33fef1ae6b4eb,"Woolgoolga, Coffs Harbour",New South Wales,AUSTRALIA,-30.28713,153.12398,0.99,2.017,validated,CSV2GEO,Australia,street
b6afdc4e0f7fe900,Woy Woy,New South Wales,AUSTRALIA,-33.49142,151.32693,1.0,5.59,validated,CSV2GEO,Australia,city
04598694bdd15366,"Wyargine Point, Edwards Beach",New South Wales,AUSTRALIA,-33.82052,151.25009,0.84,1.717,validated,CSV2GEO,Australia,poi
b2782f6af28130a9,Arnhem Land,Northern Territory,AUSTRALIA,-12.11591,133.87383,0.85,23.599,validated,CSV2GEO,Australia,city
95fd2b228973353d,Between Cape Hotham & Darwin (50 miles from Darwin),Northern Territory,AUSTRALIA,-12.37307,130.89226,0.54,,low_relevance,CSV2GEO,Australia,rooftop
a81c39235917bfed,Bremer Island,Northern Territory,AUSTRALIA,-12.42772,130.85084,0.97,2.417,validated,CSV2GEO,Australia,street
66a246675106d279,Edith Falls,Northern Territory,AUSTRALIA,-14.17176,132.12008,1.0,,too_far_inland,CSV2GEO,Australia,street
23d7a1d9121fbc62,Elcho Island,Northern Territory,AUSTRALIA,-11.99843,135.65638,1.0,2.213,validated,CSV2GEO,Australia,street
74b6fd0e496616bc,Goulburn Island,Northern Territory,AUSTRALIA,-12.37059,130.89461,0.97,2.197,validated,CSV2GEO,Australia,street
3220d891f581846e,Gove Peninsula near Darwin,Northern Territory,AUSTRALIA,-12.37832,130.87203,0.68,,low_relevance,CSV2GEO,Australia,street
dd3bae5023bc3c09,Liverpool River,Northern Territory,AUSTRALIA,-12.48308,130.99262,0.97,5.064,validated,CSV2GEO,Australia,street
4a6662e5adfb24ec,"Mornington Island, Gulf of Carpentaria",Northern Territory,AUSTRALIA,-12.46091,130.84153,0.34,,low_relevance,CSV2GEO,Australia,region
88953a6616d6649f,Near Croker Island,Northern Territory,AUSTRALIA,-12.37258,130.87511,0.85,1.411,validated,CSV2GEO,Australia,street
651f1522d1639439,Nhulunbuy,Northern Territory,AUSTRALIA,-12.18705,136.77881,1.0,1.351,validated,CSV2GEO,Australia,city
949cbd254f71f588,"Redcliff, Cobourg Peninsula",Northern Territory,AUSTRALIA,-11.37828,132.37583,0.59,,low_relevance,CSV2GEO,Australia,city
8be77d957bd2db26,"Stokes Hill Wharf, Darwin",Northern Territory,AUSTRALIA,-12.46674,130.84943,0.97,,country_mismatch,CSV2GEO,Australia,street
990df7977a321ec0,1 km off Black\'s Beach,Queensland,AUSTRALIA,-21.05541,149.19195,0.78,0.96,validated,CSV2GEO,Australia,city
7958d627ea70fcba,"20 k off The Spit, off the Gold Coast",Queensland,AUSTRALIA,-27.95195,153.42682,0.68,,low_relevance,CSV2GEO,Australia,city
8ef80c36b973c017,200 km east of Coolangatta,Queensland,AUSTRALIA,-28.16097,153.51095,0.75,0.461,validated,CSV2GEO,Australia,street-interpolated
e047dbb97624b568,200 miles offshore,Queensland,AUSTRALIA,-20.70771,139.49747,0.69,,low_relevance,CSV2GEO,Australia,rooftop
f557358d7ddfa428,50 km east of Townsville,Queensland,AUSTRALIA,-19.25718,146.82136,0.67,,low_relevance,CSV2GEO,Australia,city
bda22c6f13449973,Alexandra Headland near Mooloolaba,Queensland,AUSTRALIA,-26.67395,153.11249,0.85,0.548,validated,CSV2GEO,Australia,rooftop
a5f0c6ea4ba35fa2,"Alma Bay, Magnetic Island",Queensland,AUSTRALIA,-19.15638,146.8592,0.77,,country_mismatch,CSV2GEO,Australia,street
eb698d38b82a0c34,"Amity Point, North Stradbroke Island",Queensland,AUSTRALIA,-27.40096,153.43832,0.99,0.515,validated,CSV2GEO,Australia,street
f14eafb666ff35c5,Archie\'s Beach,Queensland,AUSTRALIA,-16.90756,145.8722,0.68,,low_relevance,CSV2GEO,Australia,street
0238912d84df3e02,"At Flat Top, near Mackay",Queensland,AUSTRALIA,-21.14295,149.18371,0.55,,low_relevance,CSV2GEO,Australia,city
40ae27da805f245f,"Auckland Creek, Gladstone",Queensland,AUSTRALIA,-23.84281,151.2581,0.97,2.053,validated,CSV2GEO,Australia,street
9bfe908a806334eb,Barrier Reef,Queensland,AUSTRALIA,-28.05286,153.41657,0.99,3.135,validated,CSV2GEO,Australia,street
57fee472d6c3dd3c,Barrier Reef off Mackay,Queensland,AUSTRALIA,-21.15796,149.19591,0.67,,low_relevance,CSV2GEO,Australia,street
caa9e19380872418,"Barrow Point, 100 miles north of Cooktown",Queensland,AUSTRALIA,-15.47743,145.24923,0.41,,low_relevance,CSV2GEO,Australia,city
ae144ef21f3585fc,Between,Queensland,AUSTRALIA,-28.04985,153.4128,0.88,3.491,validated,CSV2GEO,Australia,street
587a9adaec4c1021,"Between Bay Rock & Magnetic Island, Cleveland Bay",Queensland,AUSTRALIA,-27.5325,153.27405,0.5,,low_relevance,CSV2GEO,Australia,street
76f7f05a0fb7ec4d,Between Wynnum & St. Helena Island,Queensland,AUSTRALIA,-27.4696,153.14629,0.73,,low_relevance,CSV2GEO,Australia,street
ed9ac5b43b898e8f,"Boot Reef, Torres Strait",Queensland,AUSTRALIA,-10.801937,142.510522,1.0,5.117,validated,CSV2GEO,Australia,
9d7c0c379cef78d8,Bribie Island,Queensland,AUSTRALIA,-27.06587,153.14917,1.0,2.092,validated,CSV2GEO,Australia,city
85087882d26f6c04,"Bribie Passage, Caloundra",Queensland,AUSTRALIA,-26.79489,153.10132,0.92,5.055,validated,CSV2GEO,Australia,street
19928d9f386ead12,Brible Island,Queensland,AUSTRALIA,-27.06587,153.14917,0.95,2.092,validated,CSV2GEO,Australia,city
95e30fc82c7a779e,"Broomfield Island, 11 miles from Heron Island on the Great Barrier Reef",Queensland,AUSTRALIA,-23.442298,151.9148,1.0,,country_mismatch,CSV2GEO,Australia,
0ea60cf76c6aac85,Broomfield Reef,Queensland,AUSTRALIA,-15.91944,145.35171,0.79,1.309,validated,CSV2GEO,Australia,city
f3bc7e7c8c342182,"Brown\'s Inlet, Broadwater",Queensland,AUSTRALIA,-28.66119,151.86265,0.65,,low_relevance,CSV2GEO,Australia,city
927be36d969e757d,"Buddina Beach, south of Noosa",Queensland,AUSTRALIA,-26.70276,153.13074,0.6,,low_relevance,CSV2GEO,Australia,poi
0f9126078d62dcdb,"Burleigh Heads, Brisbane",Queensland,AUSTRALIA,-27.47589,153.04002,1.0,15.156,validated,CSV2GEO,Australia,poi
1426944ac0de79d3,Burleigh Lake on the Gold Coast,Queensland,AUSTRALIA,-28.01597,153.43198,0.75,1.45,validated,CSV2GEO,Australia,street
cb22c242386c5a6e,"Cabbage Tree Creek, Sandgate",Queensland,AUSTRALIA,-27.33176,153.0772,0.95,0.71,validated,CSV2GEO,Australia,poi
6c2eac08968bb172,Cairns Aquarium,Queensland,AUSTRALIA,-16.91842,145.77383,1.0,,country_mismatch,CSV2GEO,Australia,poi
246f8655b82793d9,Calliope River,Queensland,AUSTRALIA,-23.89875,151.14699,0.99,11.229,validated,CSV2GEO,Australia,street
ed386215f1dceb93,Caloundra,Queensland,AUSTRALIA,-26.80193,153.12747,1.0,2.476,validated,CSV2GEO,Australia,city
6bef283f5f1432fc,Cape Moreton,Queensland,AUSTRALIA,-27.3977,153.10401,0.81,6.187,validated,CSV2GEO,Australia,street
610ea8b1d74d899d,"Carrara, Nerang River",Queensland,AUSTRALIA,-27.99612,153.33273,0.95,7.577,validated,CSV2GEO,Australia,street
8b5dc556065f581d,Clairview,Queensland,AUSTRALIA,-22.04114,149.48392,1.0,4.319,validated,CSV2GEO,Australia,city
9768f430757160d4,"Colledge\'s Crossing, Brisbane River",Queensland,AUSTRALIA,-27.61699,152.7624,0.65,,low_relevance,CSV2GEO,Australia,street
9ffe5b365845225d,Coolum Beach,Queensland,AUSTRALIA,-26.53529,153.0753,1.0,3.66,validated,CSV2GEO,Australia,city
43c11e501243e645,Cooper\'s Point,Queensland,AUSTRALIA,-27.4998,153.01318,0.73,,low_relevance,CSV2GEO,Australia,street
57275a61848457be,Currumbin,Queensland,AUSTRALIA,-28.13753,153.47532,1.0,2.033,validated,CSV2GEO,Australia,city
c60327eda68ca5ed,"Dent Island, Whitsundays",Queensland,AUSTRALIA,-20.35836,148.93286,1.0,,country_mismatch,CSV2GEO,Australia,poi
05f30743fefe566a,Depth of [redacted address]. Paul off Brisbane,Queensland,AUSTRALIA,-27.47538,153.02738,0.55,,low_relevance,CSV2GEO,Australia,poi
f7c38581d7ae22d7,Derwent Island,Queensland,AUSTRALIA,-28.6581,151.92415,0.97,,too_far_inland,CSV2GEO,Australia,street
81b55e4db730db38,Dicky Beach,Queensland,AUSTRALIA,-26.78365,153.13885,1.0,1.134,validated,CSV2GEO,Australia,city
30e1e08834bb8f17,"Dingo Reef, 80 nm off Townsville",Queensland,AUSTRALIA,-19.15668,146.6071,0.69,,low_relevance,CSV2GEO,Australia,rooftop
041d6f5592d19cb2,Double Island Beach,Queensland,AUSTRALIA,-25.91215,153.09374,0.97,1.346,validated,CSV2GEO,Australia,street
948249afd648b919,Duranbah,Queensland,AUSTRALIA,-21.05839,149.18695,0.99,1.401,validated,CSV2GEO,Australia,street
db831490a2750321,"Elephant Rock, Currumbin near Southport",Queensland,AUSTRALIA,-27.96959,153.41169,0.68,,low_relevance,CSV2GEO,Australia,poi
afcf4746091154cc,Eva Rock,Queensland,AUSTRALIA,-27.49679,153.00898,0.82,18.783,validated,CSV2GEO,Australia,street
f025150015a9550c,"Figtree Ledge, Hervey Bay",Queensland,AUSTRALIA,-25.27827,152.83592,0.84,1.05,validated,CSV2GEO,Australia,poi
223ae05e28e7e0ed,"Fingal Beach, near Tweed Heads",Queensland,AUSTRALIA,-17.99203,146.06645,0.39,,low_relevance,CSV2GEO,Australia,city
541d897cae80c9f1,Fitzroy River at Rockhampton,Queensland,AUSTRALIA,-23.37839,150.50904,0.91,29.438,too_far_inland,CSV2GEO,Australia,street
b46f295f845e242e,Fitzroy River near Rockhampton,Queensland,AUSTRALIA,-23.37839,150.50904,0.86,29.438,too_far_inland,CSV2GEO,Australia,street
867c930290f04f6c,Flinders Cay,Queensland,AUSTRALIA,-19.56179,146.84852,0.86,29.048,too_far_inland,CSV2GEO,Australia,street
41bf35f931e857a8,Gin Arm Creek,Queensland,AUSTRALIA,-23.61193,150.39491,0.71,,low_relevance,CSV2GEO,Australia,street
aa840ca35fe0444f,Gladstone Reef,Queensland,AUSTRALIA,-23.87223,151.25122,0.99,4.449,validated,CSV2GEO,Australia,street
fabf0c7cfd281ddc,"Golden Beach, Caloundra",Queensland,AUSTRALIA,-26.79698,153.1113,0.95,4.171,validated,CSV2GEO,Australia,street
af3edd6a080e66f0,Graceville,Queensland,AUSTRALIA,-27.52248,152.97647,1.0,22.737,validated,CSV2GEO,Australia,city
4ff9bd885505e55f,Great Barrier Reef (near Upolu Bay),Queensland,AUSTRALIA,-18.287067,147.699192,1.0,,country_mismatch,CSV2GEO,Australia,
ce50dc941993d096,"Great Barrier Reef, off Cairns",Queensland,AUSTRALIA,-16.92161,145.78046,0.91,,country_mismatch,CSV2GEO,Australia,poi
48b6ee5861b025f0,Great Keppel Island,Queensland,AUSTRALIA,-26.82649,153.04789,0.97,9.696,validated,CSV2GEO,Australia,street
b07277f8844d074c,"Happy Valley Beach, Caloundra",Queensland,AUSTRALIA,-26.80718,153.13425,0.86,1.671,validated,CSV2GEO,Australia,poi
4b52c28f0d2b5733,Harvey Bay,Queensland,AUSTRALIA,-25.29005,152.85325,0.95,1.482,validated,CSV2GEO,Australia,city
6cc4ea84d9d2ceb9,Holmes Reef,Queensland,AUSTRALIA,-27.53734,153.01636,0.8,19.856,validated,CSV2GEO,Australia,street
49affef7214adc9b,Ipswich,Queensland,AUSTRALIA,-27.61642,152.76494,1.0,44.676,too_far_inland,CSV2GEO,Australia,city
fb3f3bcc52df265f,"Junpinpin, off Stradbroke Island",Queensland,AUSTRALIA,-27.82344,153.41832,0.68,,low_relevance,CSV2GEO,Australia,street
1c366329fd5ab628,"Katana Downs Reach, Brisbane River",Queensland,AUSTRALIA,-27.60275,152.76209,0.69,,low_relevance,CSV2GEO,Australia,street
27a275f8bd28d93d,"Kings Beach, Caloundra",Queensland,AUSTRALIA,-26.80079,153.14211,0.69,,low_relevance,CSV2GEO,Australia,city
409c04baccba2d83,Kirra,Queensland,AUSTRALIA,-27.41724,153.13743,0.99,4.416,validated,CSV2GEO,Australia,street
275765682fd67a74,"Kissing Point Camp, Townsville",Queensland,AUSTRALIA,-19.23936,146.80244,0.89,0.303,validated,CSV2GEO,Australia,poi
5751bd9eb3db5432,"Lambert\'s Beach, Mackay",Queensland,AUSTRALIA,-21.07114,149.22886,1.0,,country_mismatch,CSV2GEO,Australia,poi
1bf7de0d9926a435,Lamont Reef,Queensland,AUSTRALIA,-20.26935,148.71392,0.92,0.871,validated,CSV2GEO,Australia,street
2eb63693104ca652,"Line Reef, northeast of Hamilton Island",Queensland,AUSTRALIA,-20.351882,148.957251,1.0,,country_mismatch,CSV2GEO,Australia,
55e53ad5db27beea,Logan River,Queensland,AUSTRALIA,-27.76688,153.10492,0.92,24.153,validated,CSV2GEO,Australia,street
e3be663a885af84c,Lookout Point,Queensland,AUSTRALIA,-18.59738,145.80335,0.97,41.673,too_far_inland,CSV2GEO,Australia,street
7a6c3ccf3653767c,Mackay,Queensland,AUSTRALIA,-21.14295,149.18371,1.0,3.268,validated,CSV2GEO,Australia,city
7d42451bf5feead3,"Main Beach, Gold Coast",Queensland,AUSTRALIA,-27.98185,153.4291,1.0,1.513,validated,CSV2GEO,Australia,city
45918df9e3344549,"Malagil, Barrier Reef",Queensland,AUSTRALIA,-28.05286,153.41657,0.75,3.135,validated,CSV2GEO,Australia,street
3af5f3a0007c005b,Maroochydore,Queensland,AUSTRALIA,-26.65521,153.09349,1.0,1.808,validated,CSV2GEO,Australia,city
d37e177c9d2ce2fa,Mermaid Beach,Queensland,AUSTRALIA,-28.03634,153.4318,1.0,1.563,validated,CSV2GEO,Australia,city
da03e4619eff3dd1,Miall Island,Queensland,AUSTRALIA,-10.21876,142.23429,0.83,2.17,validated,CSV2GEO,Australia,city
0f8df16b03de701a,Miami Lake,Queensland,AUSTRALIA,-28.06337,153.43692,0.79,1.186,validated,CSV2GEO,Australia,city
ac8571d14304c3b1,"Middleton Reef, 300 nm from Brisbane",Queensland,AUSTRALIA,-22.25672,141.76138,0.48,,low_relevance,CSV2GEO,Australia,city
fb12e7ccfbada32a,"Moffat Beach, Caloundra",Queensland,AUSTRALIA,-26.80191,153.11849,0.95,3.336,validated,CSV2GEO,Australia,street
132f594f6f826881,"Moore Park, north of Bundaberg",Queensland,AUSTRALIA,-24.84788,152.31779,0.8,13.233,validated,CSV2GEO,Australia,street
32a8c09d07813b7f,"Moreton Bay, NE of Brisbane",Queensland,AUSTRALIA,-27.38192,153.23427,0.88,,country_mismatch,CSV2GEO,Australia,city
adcab1155398d3c1,Moreton Island,Queensland,AUSTRALIA,-27.16353,153.37765,1.0,1.367,validated,CSV2GEO,Australia,city
c4bad9d3f0ad94f3,Mornington Island,Queensland,AUSTRALIA,-28.06283,153.40057,0.97,4.751,validated,CSV2GEO,Australia,street
6132aa2294debc01,"Mornington Island, Gulf of Carpentaria",Queensland,AUSTRALIA,-12.51279,141.85076,0.63,,low_relevance,CSV2GEO,Australia,city
60693e4750e6653e,Mudjimba Island,Queensland,AUSTRALIA,-26.60896,153.09487,0.75,1.577,validated,CSV2GEO,Australia,city
27ad14e6edda26e4,Near Barrow Point,Queensland,AUSTRALIA,-16.87383,145.6963,0.6,,low_relevance,CSV2GEO,Australia,city
1fb1aa967800dc6d,Near Brisbane,Queensland,AUSTRALIA,-27.46844,153.02334,0.82,16.413,validated,CSV2GEO,Australia,city
98c2197c2fe57a07,Near Cairns,Queensland,AUSTRALIA,-16.91887,145.77312,0.8,,country_mismatch,CSV2GEO,Australia,city
00540a3c1cdef82f,"Near Forbes Island, Barrier Reef",Queensland,AUSTRALIA,-27.04478,153.14096,0.62,,low_relevance,CSV2GEO,Australia,street
2028492c8964ed0d,Near Restoration Rock off Portland Roads,Queensland,AUSTRALIA,-12.596672,143.410879,1.0,0.401,validated,CSV2GEO,Australia,
8cd40d7f9fec4dd2,Near Southport,Queensland,AUSTRALIA,-27.96507,153.41528,0.83,,country_mismatch,CSV2GEO,Australia,city
b430903473df4a7a,Near Thursday Island,Queensland,AUSTRALIA,-10.58081,142.22089,0.86,,country_mismatch,CSV2GEO,Australia,city
e5823231c4a84548,Nerang River,Queensland,AUSTRALIA,-27.6951,153.14257,0.99,17.606,validated,CSV2GEO,Australia,intersection
7c1ea865d7eacb35,Nerang River near Chevron Island,Queensland,AUSTRALIA,-27.99961,153.41745,0.89,2.623,validated,CSV2GEO,Australia,poi
42a43a0f5a7818cd,"Nerang River, Southpot",Queensland,AUSTRALIA,-27.97343,153.40366,0.97,0.317,validated,CSV2GEO,Australia,street
1fa72e480e0ae44c,"Nerang River, Surfer\'s Paradise",Queensland,AUSTRALIA,-27.99961,153.41745,1.0,2.623,validated,CSV2GEO,Australia,poi
c4d2bb2dcbe55abf,Nobby\'s Beach,Queensland,AUSTRALIA,-27.85149,151.90411,0.71,,low_relevance,CSV2GEO,Australia,city
846cdaa5e8a72f61,Nobbys Beach,Queensland,AUSTRALIA,-27.85149,151.90411,0.71,,low_relevance,CSV2GEO,Australia,city
fcc8736a166267c1,Noosa,Queensland,AUSTRALIA,-26.3881,153.09112,1.0,2.016,validated,CSV2GEO,Australia,street
849e71db66c11193,Noosa Heads,Queensland,AUSTRALIA,-26.39864,153.08625,1.0,3.27,validated,CSV2GEO,Australia,city
5af91c8bef4feb7a,"North Burleigh, near Brisbane",Queensland,AUSTRALIA,-27.16661,152.98276,0.78,5.564,validated,CSV2GEO,Australia,street
648f3846b9e69ad6,"North Point Beach, Moreton Island",Queensland,AUSTRALIA,-27.04252,153.41459,0.87,0.433,validated,CSV2GEO,Australia,street
1569174faa1ada3c,Oak Beach,Queensland,AUSTRALIA,-16.59048,145.51391,1.0,1.247,validated,CSV2GEO,Australia,city
5e083b78b594c411,"Ocean baths, Kissing Point Beach",Queensland,AUSTRALIA,-27.1164,152.78711,0.36,,low_relevance,CSV2GEO,Australia,city
0067758eeb7d8da9,Off Bloomfield River,Queensland,AUSTRALIA,-15.91944,145.35171,0.71,,low_relevance,CSV2GEO,Australia,city
ad7d583fcdc988f5,Off Brisbane,Queensland,AUSTRALIA,-27.46844,153.02334,0.86,16.413,validated,CSV2GEO,Australia,city
3e625e35f6ecb082,Off Cairns,Queensland,AUSTRALIA,-16.91887,145.77312,0.84,,country_mismatch,CSV2GEO,Australia,city
d0b6d20322ff54a9,Off Eva Island 20 miles from Cardwell,Queensland,AUSTRALIA,-18.25648,146.01736,0.44,,low_relevance,CSV2GEO,Australia,city
ed172b92abe0599b,Off Hinchinbrook Island,Queensland,AUSTRALIA,-27.34068,153.02976,0.87,4.807,validated,CSV2GEO,Australia,street
7c669500384c5441,"Off Wynnum in Moreton Bay, near Brisbane",Queensland,AUSTRALIA,-27.11957,152.99396,0.65,,low_relevance,CSV2GEO,Australia,street
623a25ad947f1484,"On board the Japanese longline trawler Fukuya No.38, 100 nm northeast of Brisbane",Queensland,AUSTRALIA,-27.32232,153.06268,0.35,,low_relevance,CSV2GEO,Australia,rooftop
ebca1aeb05bd4b0c,Opal Reef,Queensland,AUSTRALIA,-16.52378,145.46508,0.97,1.193,validated,CSV2GEO,Australia,poi
af96971a1df433ae,Orpheus Island,Queensland,AUSTRALIA,-27.62656,153.29927,0.97,1.067,validated,CSV2GEO,Australia,street
b3c06bc9ed117348,"Palm Beach North, 5 miles north of Burleigh Heads",Queensland,AUSTRALIA,-20.30107,143.07815,0.36,,low_relevance,CSV2GEO,Australia,city
a4f46e86a8f9e60b,Palm Cove,Queensland,AUSTRALIA,-16.74486,145.67106,1.0,0.54,validated,CSV2GEO,Australia,city
b3ae53506e093724,Palm Cove Beach,Queensland,AUSTRALIA,-16.74486,145.67106,0.78,0.54,validated,CSV2GEO,Australia,city
116fadca0e2a5d4b,Palm Island,Queensland,AUSTRALIA,-18.73605,146.57985,1.0,0.507,validated,CSV2GEO,Australia,city
1b17d28b49435138,Peel Island,Queensland,AUSTRALIA,-27.49476,153.34443,1.0,,country_mismatch,CSV2GEO,Australia,city
ac08bab0616f99c8,Pelican Banks near Gladstone,Queensland,AUSTRALIA,-23.85799,151.25426,0.54,,low_relevance,CSV2GEO,Australia,city
ecb0077c6fc84f75,Peregian,Queensland,AUSTRALIA,-27.47524,153.15137,0.99,4.906,validated,CSV2GEO,Australia,street
df79e4bce5cf5676,"Peterson\'s Beach, Sarina",Queensland,AUSTRALIA,-21.38982,149.31102,0.8,,country_mismatch,CSV2GEO,Australia,street
c18c886d28bec6a6,Pialba Beach near Maryborough,Queensland,AUSTRALIA,-25.28342,152.83192,0.86,1.666,validated,CSV2GEO,Australia,intersection
5652e04feb4ef1dc,"Pialba, Hervey Bay",Queensland,AUSTRALIA,-25.28741,152.83832,1.0,1.795,validated,CSV2GEO,Australia,city
e00d1fb641d3c996,Pimpana River,Queensland,AUSTRALIA,-27.69458,153.14332,0.68,,low_relevance,CSV2GEO,Australia,street
46cea9af61f0eb25,"Pincushion, north of Maroochydore Beach",Queensland,AUSTRALIA,-26.65145,153.08944,0.61,,low_relevance,CSV2GEO,Australia,street
e447c67f9cdf472d,Pioneer River near Mackay,Queensland,AUSTRALIA,-21.10647,149.15127,0.85,7.69,validated,CSV2GEO,Australia,street
964be17066630e92,"Point Lookout, Stradbroke Island",Queensland,AUSTRALIA,-27.43249,153.54446,0.95,,country_mismatch,CSV2GEO,Australia,poi
b74021013365033f,"Point Vernon, Hervey Bay",Queensland,AUSTRALIA,-25.25337,152.81756,1.0,0.079,validated,CSV2GEO,Australia,city
50f8dc4622c628d6,Port Douglas,Queensland,AUSTRALIA,-16.48444,145.46544,1.0,,country_mismatch,CSV2GEO,Australia,city
62e362dca1aebbb3,Rib Reef off Townsville,Queensland,AUSTRALIA,-19.15574,146.60567,0.8,0.175,validated,CSV2GEO,Australia,street
b5dd62d0f549a7d9,"Rubbish Dump Creek, Mackay",Queensland,AUSTRALIA,-21.12799,149.19255,0.66,,low_relevance,CSV2GEO,Australia,street
aa65dc1a871b040c,Rudder Reef,Queensland,AUSTRALIA,-28.05402,153.43231,0.8,1.595,validated,CSV2GEO,Australia,street
2e1bd7f51b4a502e,"Russel Island, Frankland Group",Queensland,AUSTRALIA,-27.68933,153.38336,0.61,,low_relevance,CSV2GEO,Australia,city
321d8101e28dea82,"Sandgate Jetty, Brisbane",Queensland,AUSTRALIA,-27.32861,153.08573,0.95,,country_mismatch,CSV2GEO,Australia,street
3d212e919034902b,Scotts Point Beach,Queensland,AUSTRALIA,-19.13233,146.78222,0.58,,low_relevance,CSV2GEO,Australia,city
8f496d7e925345a6,SeaWorld Theme Park,Queensland,AUSTRALIA,-27.95555,153.42684,0.67,,low_relevance,CSV2GEO,Australia,street
d447a211da37e482,South Stradbroke Island,Queensland,AUSTRALIA,-27.82344,153.41832,1.0,1.041,validated,CSV2GEO,Australia,street
1c7fcbe4316a9967,Southport Aquarium,Queensland,AUSTRALIA,-27.97218,153.36512,0.91,3.781,validated,CSV2GEO,Australia,street
f5a0dc035cde5d22,St. Crispin Reef,Queensland,AUSTRALIA,-27.4555,153.02704,0.74,,low_relevance,CSV2GEO,Australia,street
2bb3c58339c658dd,"St. Helena Island, Moreton Bay",Queensland,AUSTRALIA,-27.38757,153.23384,1.0,,country_mismatch,CSV2GEO,Australia,poi
f4de1202602a23af,"Stevens Reef, 70 miles from Mackay",Queensland,AUSTRALIA,-21.15796,149.19591,0.53,,low_relevance,CSV2GEO,Australia,street
5cd17edfdd81ec9b,Stradbroke Island,Queensland,AUSTRALIA,-27.82344,153.41832,0.99,1.041,validated,CSV2GEO,Australia,street
b85a2bc866a6198d,"Strand Beach, Kissing Point",Queensland,AUSTRALIA,-19.13233,146.78222,0.45,,low_relevance,CSV2GEO,Australia,city
f1aee4f4d00252cf,"Surfer\'s Paradise, Northcliffe",Queensland,AUSTRALIA,-28.00659,153.43112,0.99,1.491,validated,CSV2GEO,Australia,street
dd69255008fda744,"Surfers Paradise, near Southport",Queensland,AUSTRALIA,-27.96388,153.40483,0.9,,country_mismatch,CSV2GEO,Australia,poi
47a948dd15b650af,"Sykes Reef, Great Barrier Reef",Queensland,AUSTRALIA,-23.440498,152.039955,1.0,,country_mismatch,CSV2GEO,Australia,
5f7979d08ee1c0a5,Tallebudgera,Queensland,AUSTRALIA,-28.13613,153.43343,1.0,5.419,validated,CSV2GEO,Australia,city
b2af04f076f9b711,Tewantin,Queensland,AUSTRALIA,-26.39059,153.02803,1.0,6.623,validated,CSV2GEO,Australia,city
b6e4d0c11a53b679,"Three Mile Creek, Townsville",Queensland,AUSTRALIA,-19.20879,146.77511,0.99,0.111,validated,CSV2GEO,Australia,poi
048c01babf3f123d,"Trinity Beach, 17 km northwast of Cairns",Queensland,AUSTRALIA,-16.7869,145.69777,0.7,,low_relevance,CSV2GEO,Australia,rooftop
d2bbea428f284aec,"Tully, North Queensland",Queensland,AUSTRALIA,-27.59802,152.75933,0.83,43.62,too_far_inland,CSV2GEO,Australia,poi
f02f5765a33a2013,Weipa,Queensland,AUSTRALIA,-27.46845,153.02334,0.67,,low_relevance,CSV2GEO,Australia,region
a604777c0a3e82c9,Wellington Point,Queensland,AUSTRALIA,-27.50125,153.23779,1.0,2.877,validated,CSV2GEO,Australia,city
a201757c32461997,"Whitehaven Beach, Whitsundays Island",Queensland,AUSTRALIA,-20.26871,148.71919,0.79,1.038,validated,CSV2GEO,Australia,poi
44bd468768b6ccfd,Whitsunday Passage,Queensland,AUSTRALIA,-20.33556,148.95191,0.97,,country_mismatch,CSV2GEO,Australia,street
830982b09a229a4d,Wurtulla,Queensland,AUSTRALIA,-26.75942,153.12504,1.0,2.029,validated,CSV2GEO,Australia,city
791f567b8203e756,Wynnum-Manley,Queensland,AUSTRALIA,-27.44369,153.17365,0.73,,low_relevance,CSV2GEO,Australia,city
0a8f4f5ef9fd4af9,Yeppoon,Queensland,AUSTRALIA,-23.12862,150.74165,1.0,2.046,validated,CSV2GEO,Australia,city
678681af0ddc35d6,(Point Sinclair) Penong,South Australia,AUSTRALIA,-31.92838,133.00656,0.99,15.707,validated,CSV2GEO,Australia,street
56fd4d3a85aeae39,18 miles south of Port Augusta,South Australia,AUSTRALIA,-32.4921,137.76256,0.64,,low_relevance,CSV2GEO,Australia,city
519a50a152e86154,"3 km off Port Victoria, Yorke Peninsula",South Australia,AUSTRALIA,-34.49696,137.48576,0.57,,low_relevance,CSV2GEO,Australia,city
d2c1c5971a6f15d9,3 miles out to sea off Glenelg,South Australia,AUSTRALIA,-34.98394,138.51435,0.68,,low_relevance,CSV2GEO,Australia,rooftop
cba0f6ff2b97ff98,55 miles south of Adelaide,South Australia,AUSTRALIA,-34.93577,138.59238,0.81,8.66,validated,CSV2GEO,Australia,rooftop
f5d288993945be46,Aldinga Beach,South Australia,AUSTRALIA,-35.27599,138.45799,1.0,1.403,validated,CSV2GEO,Australia,city
ade1b9be1adf8d34,"Black Point, Eyre Peninsula",South Australia,AUSTRALIA,-34.5896,137.87319,0.65,,low_relevance,CSV2GEO,Australia,city
3eb439c64d3aa373,"Brighton Beach, Adelaide",South Australia,AUSTRALIA,-35.01929,138.51478,1.0,0.255,validated,CSV2GEO,Australia,poi
8492ebbd9579732e,Cactus Beach,South Australia,AUSTRALIA,-28.997,134.75788,0.97,,too_far_inland,CSV2GEO,Australia,street
2b9a7c98a1a3c74c,Cactus Beach near Penong,South Australia,AUSTRALIA,-31.92859,133.01089,0.57,,low_relevance,CSV2GEO,Australia,city
9cf7746374eb8768,"Cactus Beach, near Ceduna",South Australia,AUSTRALIA,-32.12111,133.67549,0.57,,low_relevance,CSV2GEO,Australia,city
aaa931792abf1be5,Cape Douglas,South Australia,AUSTRALIA,-37.9972,140.59501,1.0,2.866,validated,CSV2GEO,Australia,city
24cde69e03915518,Carrickalinga Head,South Australia,AUSTRALIA,-35.42544,138.326,0.87,0.128,validated,CSV2GEO,Australia,city
b9c38a3f10868d40,Ceduna,South Australia,AUSTRALIA,-32.12111,133.67549,1.0,,country_mismatch,CSV2GEO,Australia,city
bba836b9dd097bc6,Coffin Bay,South Australia,AUSTRALIA,-34.62001,135.46286,1.0,,country_mismatch,CSV2GEO,Australia,city
62a8a425c2ef0c49,Cowell,South Australia,AUSTRALIA,-33.68318,136.92493,1.0,1.127,validated,CSV2GEO,Australia,city
76e776282733bba8,Dangerous Reef,South Australia,AUSTRALIA,-28.52998,131.52125,0.52,,low_relevance,CSV2GEO,Australia,city
ff28785d7b140160,"Dangerous Reef, South Neptune Island",South Australia,AUSTRALIA,-34.92588,138.59982,0.31,,low_relevance,CSV2GEO,Australia,region
c39f5c55f00c39bd,"Dolphin Bay, Innes National Park",South Australia,AUSTRALIA,-34.6526,135.35556,0.65,,low_relevance,CSV2GEO,Australia,poi
2d07505bdeabb5cf,"Elliston, Eyre Peninsula",South Australia,AUSTRALIA,-33.64657,134.89442,0.63,,low_relevance,CSV2GEO,Australia,city
8814bae67e9efd92,Encounter Bay,South Australia,AUSTRALIA,-35.57615,138.59548,1.0,3.064,validated,CSV2GEO,Australia,city
867e5dcb98a730d4,Fishery Bay,South Australia,AUSTRALIA,-34.87417,135.67466,0.99,3.246,validated,CSV2GEO,Australia,street
c6ccab379a11377e,"Fishery Bay, Eyre Peninsula",South Australia,AUSTRALIA,-34.49458,139.57061,0.54,,low_relevance,CSV2GEO,Australia,city
c37a43409de12998,Glenelg Breakwater,South Australia,AUSTRALIA,-34.97828,138.52,0.68,,low_relevance,CSV2GEO,Australia,city
f9304593b473132c,"Goldsmith Beach, Yorke Peninsula",South Australia,AUSTRALIA,-35.01944,137.68758,0.75,6.682,validated,CSV2GEO,Australia,street
7d4428d86ffa9909,Goolwa Beach,South Australia,AUSTRALIA,-35.50561,138.76865,1.0,3.242,validated,CSV2GEO,Australia,city
c5e016dccba750f1,"Goolwa Beach, Fleurieu Peninsula",South Australia,AUSTRALIA,-35.49832,138.782,0.48,,low_relevance,CSV2GEO,Australia,city
47ef161dd460a221,Grange,South Australia,AUSTRALIA,-34.90258,138.48938,1.0,,country_mismatch,CSV2GEO,Australia,city
607b5e245afc2595,"Hardwicke Bay, Yorke Peninsula",South Australia,AUSTRALIA,-34.89193,137.46079,0.65,,low_relevance,CSV2GEO,Australia,city
63aa6c1d9cc86b06,Hog Bay,South Australia,AUSTRALIA,-35.78027,137.87016,0.99,,country_mismatch,CSV2GEO,Australia,street
6dbad3158a6e4b39,Largs Bay,South Australia,AUSTRALIA,-34.82787,138.5007,1.0,0.918,validated,CSV2GEO,Australia,city
f7f4d6964f2e4c34,"Lipson Cove, Tumby Bay",South Australia,AUSTRALIA,-34.3543,136.10107,0.97,2.853,validated,CSV2GEO,Australia,street
9bcbb7d20437d8df,Marino,South Australia,AUSTRALIA,-35.04411,138.51481,1.0,0.261,validated,CSV2GEO,Australia,city
eee8d9e159422959,Marion Bay,South Australia,AUSTRALIA,-35.24654,136.97122,1.0,1.313,validated,CSV2GEO,Australia,city
591fe8e49e1e8a9e,"Merino Rocks, Adelaide",South Australia,AUSTRALIA,-35.04603,138.51233,0.97,0.105,validated,CSV2GEO,Australia,poi
c4c6ae8366a2be18,"Middle Beach, 40 km north of Adelaide",South Australia,AUSTRALIA,-34.9671,138.51026,0.72,,low_relevance,CSV2GEO,Australia,rooftop
4809d39c3e8d032b,Millicent,South Australia,AUSTRALIA,-37.59336,140.35141,1.0,12.649,validated,CSV2GEO,Australia,city
9277b46b7c9b74ac,Moama Beach,South Australia,AUSTRALIA,-35.51382,138.77512,0.79,2.484,validated,CSV2GEO,Australia,street
a423de96dc27b078,Near Port Vincent,South Australia,AUSTRALIA,-34.77763,137.86092,0.86,0.637,validated,CSV2GEO,Australia,city
f441ac89b99072f6,Normanville,South Australia,AUSTRALIA,-35.44724,138.31814,1.0,0.763,validated,CSV2GEO,Australia,city
08401682bab90082,North Haven,South Australia,AUSTRALIA,-34.79265,138.49125,1.0,,country_mismatch,CSV2GEO,Australia,city
2ee1cbb1d5d382a0,Off Franklin Island between Streaky Bay & Ceduna,South Australia,AUSTRALIA,-32.79846,134.21047,0.44,,low_relevance,CSV2GEO,Australia,city
7fe9ffcbfbb0d8fa,Off Perforated Island near Coffin Bay,South Australia,AUSTRALIA,-34.62001,135.46286,0.5,,low_relevance,CSV2GEO,Australia,city
64ca5bc158629ae6,Off Port Broughton,South Australia,AUSTRALIA,-33.60052,137.93163,0.9,,country_mismatch,CSV2GEO,Australia,city
d98e65d4ea72117d,Outer Harbor,South Australia,AUSTRALIA,-34.77726,138.49012,1.0,,country_mismatch,CSV2GEO,Australia,city
d3a8d44328ca5a6d,"Parsons Beach, Fleurieu Peninsula",South Australia,AUSTRALIA,-34.7521,137.48021,0.6,,low_relevance,CSV2GEO,Australia,city
6aa93fe8661bd203,"Pennington Bay, Kangaroo Island",South Australia,AUSTRALIA,-35.79493,137.79507,0.9,,country_mismatch,CSV2GEO,Australia,poi
d8f038e6dfd339de,"Point Lowly, north of Whyalla",South Australia,AUSTRALIA,-32.98357,137.77979,0.76,,country_mismatch,CSV2GEO,Australia,city
2d63acf6d76dd82f,"Point Sinclair, Cactus Beach near Penong",South Australia,AUSTRALIA,-31.92838,133.00656,0.69,,low_relevance,CSV2GEO,Australia,street
1b0b3b684dc4bdd8,Port Augusta,South Australia,AUSTRALIA,-32.4921,137.76256,1.0,3.243,validated,CSV2GEO,Australia,city
f29bfb41dec4d841,"Port Hughes, 100 miles from Adelaide in Spencer Gulf",South Australia,AUSTRALIA,-34.83848,138.49776,0.52,,low_relevance,CSV2GEO,Australia,rooftop
03670471ede3df21,Port Newby,South Australia,AUSTRALIA,-34.92588,138.59982,0.61,,low_relevance,CSV2GEO,Australia,region
e6c372bd73901980,Port Phillip Bay,South Australia,AUSTRALIA,-38.11333,144.82708,0.82,,country_mismatch,CSV2GEO,Australia,city
b2fee4fc04be3eb3,"Port River, Adelaide",South Australia,AUSTRALIA,-34.84093,138.51483,0.99,2.313,validated,CSV2GEO,Australia,street
b4504470b355f05c,"Schnapper Rock, Kirton Point",South Australia,AUSTRALIA,-34.92588,138.59982,0.37,,low_relevance,CSV2GEO,Australia,region
2049ec5211e082ab,Second Valley,South Australia,AUSTRALIA,-35.52879,138.22737,1.0,2.632,validated,CSV2GEO,Australia,city
2ee1ed46a63986b5,"Smoky Bay, near Ceduna",South Australia,AUSTRALIA,-32.37483,133.9359,0.69,,low_relevance,CSV2GEO,Australia,city
7307c547aaaa2dd4,"Snapper Point, Aldinga Beach",South Australia,AUSTRALIA,-35.2725,138.44583,0.99,0.248,validated,CSV2GEO,Australia,poi
422c5faca2e4ee17,South Neptune Island,South Australia,AUSTRALIA,-34.92588,138.59982,0.44,,low_relevance,CSV2GEO,Australia,region
6578d0638d97e596,Southport,South Australia,AUSTRALIA,-34.84996,138.59672,0.99,6.969,validated,CSV2GEO,Australia,street
ac6ce96a33649de1,Surfers Paradise Beach near Victor Harbour,South Australia,AUSTRALIA,-35.55644,138.6191,0.51,,low_relevance,CSV2GEO,Australia,city
16bf9462943ffac4,Thistle Island,South Australia,AUSTRALIA,-33.36274,115.63399,0.78,2.459,validated,CSV2GEO,Australia,street
5c2358a8ff56a6a0,Waitpinga,South Australia,AUSTRALIA,-35.56248,138.52753,1.0,8.385,validated,CSV2GEO,Australia,city
ee9e9fefe52614c6,"Waitpinga Beach, near Victor Harbor",South Australia,AUSTRALIA,-35.56898,138.5893,0.88,3.862,validated,CSV2GEO,Australia,street
4d6d418cfce90621,"West Beach, Adelaide",South Australia,AUSTRALIA,-34.93793,138.50065,1.0,0.391,validated,CSV2GEO,Australia,city
b1e8db4b06431a22,"West Beach, Brighton",South Australia,AUSTRALIA,-34.93793,138.50065,0.74,,low_relevance,CSV2GEO,Australia,city
c17729c5bcb1c4b1,"West Beach, near Adelaide",South Australia,AUSTRALIA,-34.93793,138.50065,0.89,0.391,validated,CSV2GEO,Australia,city
173b43994d55d2aa,Wrights Bay,South Australia,AUSTRALIA,-37.04609,139.78039,0.99,3.695,validated,CSV2GEO,Australia,street
aff09bcb0ee7dffb,Badger Head,Tasmania,AUSTRALIA,-41.10143,146.67369,1.0,1.496,validated,CSV2GEO,Australia,city
7a60a00e9617bc86,Beechford,Tasmania,AUSTRALIA,-41.02824,146.95204,1.0,1.786,validated,CSV2GEO,Australia,city
b702d4faf63ad30c,Binalong Bay,Tasmania,AUSTRALIA,-41.25323,148.31206,1.0,0.136,validated,CSV2GEO,Australia,city
8a16e35fc8f87e27,"Cape Pillar, Storm Bay",Tasmania,AUSTRALIA,-43.18368,147.94076,0.69,,low_relevance,CSV2GEO,Australia,city
3b8a1ae535a56548,Clifton Beach,Tasmania,AUSTRALIA,-42.99022,147.52236,1.0,1.982,validated,CSV2GEO,Australia,city
71d01467f322d165,Eaglehawk Neck,Tasmania,AUSTRALIA,-43.01883,147.917,1.0,0.636,validated,CSV2GEO,Australia,city
428ab9abaf09ef0f,Elliot\'s Cove,Tasmania,AUSTRALIA,-41.09683,145.77668,0.74,,low_relevance,CSV2GEO,Australia,city
448058276f4ff47c,Flinders Island,Tasmania,AUSTRALIA,-27.65113,152.77511,0.39,,low_relevance,CSV2GEO,Australia,city
9e1bffee587378da,"Fluted Cape, Bruny Island",Tasmania,AUSTRALIA,-43.35823,147.36297,0.79,,country_mismatch,CSV2GEO,Australia,street
d5614ad36f1eeaa4,"Lachan Island, Mercury Passage",Tasmania,AUSTRALIA,-42.8448,147.03159,0.41,,low_relevance,CSV2GEO,Australia,city
7d2efd85b2e91e61,Off Big Friar Island,Tasmania,AUSTRALIA,-42.58019,148.0658,0.66,,low_relevance,CSV2GEO,Australia,city
08a7436edbc1a64d,Off Tasman Island,Tasmania,AUSTRALIA,-42.87487,147.33402,0.84,,country_mismatch,CSV2GEO,Australia,street
24ece6bd7104169c,"Piccaninny Point, 10 miles from Bicheno",Tasmania,AUSTRALIA,-41.87368,148.31055,0.37,,low_relevance,CSV2GEO,Australia,city
0a10a3a7e259ee34,Ralph Bay,Tasmania,AUSTRALIA,-41.4736,147.13207,0.81,37.757,too_far_inland,CSV2GEO,Australia,street
e4d90d1561e8b975,Safety Cove,Tasmania,AUSTRALIA,-43.16256,147.85465,0.99,0.076,validated,CSV2GEO,Australia,street
18af9cb5525c7197,Shelly Point,Tasmania,AUSTRALIA,-42.56796,147.88663,0.97,1.687,validated,CSV2GEO,Australia,street
f5819cd99c1f9c35,Taroona,Tasmania,AUSTRALIA,-42.94762,147.34967,1.0,,country_mismatch,CSV2GEO,Australia,city
1e69efdb6509b979,Tasman Island,Tasmania,AUSTRALIA,-42.87487,147.33402,0.97,,country_mismatch,CSV2GEO,Australia,street
00737b783351be04,Tenth Island (King Island),Tasmania,AUSTRALIA,-42.29911,148.28723,0.57,,low_relevance,CSV2GEO,Australia,city
6c3162e0934bbcf9,"Whale Bay, King Island",Tasmania,AUSTRALIA,-42.58019,148.0658,0.46,,low_relevance,CSV2GEO,Australia,city
55161ba8adcaf89a,Wynyard,Tasmania,AUSTRALIA,-40.98842,145.73031,1.0,1.776,validated,CSV2GEO,Australia,city
ac131c5ef149fb62,near Schouten Island,Tasmania,AUSTRALIA,-42.29911,148.28723,0.85,,country_mismatch,CSV2GEO,Australia,city
3c584d58ee491dc6,Direction Island,Territory of Cocos (Keeling) Islands,AUSTRALIA,-12.088819,96.884027,1.0,,country_mismatch,CSV2GEO,Cocos (Keeling) Islands,
2bbb55a6ee81b689,200 miles from MacKay,Torres Strait,AUSTRALIA,-21.143397,149.186828,1.0,2.965,validated,CSV2GEO,Australia,
b9654aa3e2876b46,40 miles off Thursday Island,Torres Strait,AUSTRALIA,-10.58513,142.21576,0.77,,country_mismatch,CSV2GEO,Australia,poi
e522f9aa7744f62f,Adolphus Channel,Torres Strait,AUSTRALIA,-10.690202,142.614757,1.0,,country_mismatch,CSV2GEO,Australia,
4c9bf53f8fab5154,Arlington Reef,Torres Strait,AUSTRALIA,-32.06259,115.89381,0.58,,low_relevance,CSV2GEO,Australia,poi
531459afc47bedf0,"Barrow Point, 100 miles north of Cooktown",Torres Strait,AUSTRALIA,-15.475816,145.247098,1.0,3.148,validated,CSV2GEO,Australia,
65ec9d02c6b50c25,Bathurst Island,Torres Strait,AUSTRALIA,-10.58354,142.2098,0.87,,country_mismatch,CSV2GEO,Australia,poi
20973e478881bc84,"Coconut Island, 100 miles east of Thursday Island",Torres Strait,AUSTRALIA,-10.58339,142.21623,0.54,,low_relevance,CSV2GEO,Australia,poi
0a143a06724de6cc,"Darnley Island, Torres Strait",Torres Strait,AUSTRALIA,-9.597469,143.761421,1.0,,country_mismatch,CSV2GEO,Australia,
93757fb05547163b,Deliverance Island,Torres Strait,AUSTRALIA,-9.516955,141.572485,1.0,,country_mismatch,CSV2GEO,Australia,
cb1b84b8c3ce97fa,"Fishman\'s Island (near Port Moresby, PNG)",Torres Strait,AUSTRALIA,-9.504942,147.04591,1.0,,country_mismatch,CSV2GEO,Papua New Guinea,
3e7f4a56e9a6ca69,"Horn Island, near Thursday Island",Torres Strait,AUSTRALIA,-10.58354,142.2098,0.76,,country_mismatch,CSV2GEO,Australia,poi
46ff1d4bcf08ec32,Mabiuag,Torres Strait,AUSTRALIA,-9.955325,142.183267,1.0,,country_mismatch,CSV2GEO,Australia,
6152664318ea2a8f,"Mabuiag Island, between New Guinea & Australia",Torres Strait,AUSTRALIA,-9.95661,142.18679,0.44,,low_relevance,CSV2GEO,Australia,city
f4454902701461d1,Naghir Island,Torres Strait,AUSTRALIA,-10.254347,142.481193,1.0,,country_mismatch,CSV2GEO,Australia,
e2f38b692b0926e8,Near Badu Island,Torres Strait,AUSTRALIA,-10.15922,142.16735,0.85,0.938,validated,CSV2GEO,Australia,poi
ee1dab3fe233a171,"Near Barrow Point, Queensland",Torres Strait,AUSTRALIA,-16.87383,145.6963,0.41,,low_relevance,CSV2GEO,Australia,city
55c6dee4a7a21543,Near Boydong Cay,Torres Strait,AUSTRALIA,-10.219903,141.936855,1.0,,country_mismatch,CSV2GEO,,
0a447594b130eaa3,Near Dauan Island,Torres Strait,AUSTRALIA,-9.41185,142.53756,0.41,,low_relevance,CSV2GEO,Australia,city
e0da7038d57aa494,"Near Shelburne Bay, Queenland",Torres Strait,AUSTRALIA,-11.99306,142.6804,0.49,,low_relevance,CSV2GEO,Australia,city
c133de5eb6c1e7aa,Near Warrior Reefs,Torres Strait,AUSTRALIA,-9.583333,143.166667,1.0,,country_mismatch,CSV2GEO,Australia,
68f6bc64ba0bfe65,"Near Warrior Reefs, Queensland",Torres Strait,AUSTRALIA,-22.575197,144.084793,1.0,,too_far_inland,CSV2GEO,Australia,
7bda9830dc4a08e9,Nepean Island,Torres Strait,AUSTRALIA,,,,,missing_or_invalid_coordinate,CSV2GEO,?,
740b8bcbb4a3d978,Off Bathurst Island,Torres Strait,AUSTRALIA,-10.58354,142.2098,0.78,,country_mismatch,CSV2GEO,Australia,poi
77018d582e7daf70,Off Nepean Island,Torres Strait,AUSTRALIA,-29.071497,167.964228,1.0,0.1,validated,CSV2GEO,Norfolk Island,
54d70c91473a2591,On edge of reef near Warrior Island,Torres Strait,AUSTRALIA,,,,,missing_or_invalid_coordinate,CSV2GEO,?,
514cdb3afb2ce305,Ota Reef,Torres Strait,AUSTRALIA,-10.219903,141.936855,1.0,,country_mismatch,CSV2GEO,,
615e4aa294cc8e20,"Saibai Island, 80 miles north of Cape York",Torres Strait,AUSTRALIA,-9.405128,142.6921,1.0,2.592,validated,CSV2GEO,Australia,
b3fbe46e0d252435,Three Mile Reef off Lizard Island 50 miles north of Cooktown,Torres Strait,AUSTRALIA,-15.475816,145.247098,1.0,3.148,validated,CSV2GEO,Australia,
ddadddc41d1b0612,"Thursday Island Harbour, Queensland",Torres Strait,AUSTRALIA,-10.58354,142.2098,0.84,,country_mismatch,CSV2GEO,Australia,poi
796cea6c7aa8693e,Warrior Reefs,Torres Strait,AUSTRALIA,-10.219903,141.936855,1.0,,country_mismatch,CSV2GEO,,
2692989108085777,150 yards from the pier at Lorne,Victoria,AUSTRALIA,-38.54208,143.97543,0.38,,low_relevance,CSV2GEO,Australia,city
74bef0d70f32c05c,"6 km off Collendina, south of Melbourne",Victoria,AUSTRALIA,-37.75,144.85659,0.7,,low_relevance,CSV2GEO,Australia,rooftop
13b3e6787e9f8987,"Altona, Melbourne",Victoria,AUSTRALIA,-37.86377,144.82439,1.0,3.595,validated,CSV2GEO,Australia,city
7d08d8229528672c,Anglesea,Victoria,AUSTRALIA,-38.41048,144.18693,1.0,1.593,validated,CSV2GEO,Australia,city
e5060993440036c4,Bells Beach,Victoria,AUSTRALIA,-38.36949,144.25359,1.0,2.433,validated,CSV2GEO,Australia,city
88f727b0c5d5bfce,Blairgowrie,Victoria,AUSTRALIA,-38.3609,144.77927,1.0,,country_mismatch,CSV2GEO,Australia,city
edabc9851fe5c692,Brighton,Victoria,AUSTRALIA,-37.90936,144.99748,1.0,0.83,validated,CSV2GEO,Australia,city
796bb45d247a2697,"Canadian Bay near Mount Eliza, 30 miles from Melbourne",Victoria,AUSTRALIA,-38.17536,145.08242,0.75,,country_mismatch,CSV2GEO,Australia,rooftop
84a7d26642b00d6b,Cape Nelson,Victoria,AUSTRALIA,-38.36372,141.60152,0.99,2.242,validated,CSV2GEO,Australia,street
40f131f778554890,Carrum,Victoria,AUSTRALIA,-38.07366,145.13354,1.0,1.174,validated,CSV2GEO,Australia,city
c0300e2f6381a07d,Cathedral Rock,Victoria,AUSTRALIA,-37.41677,145.69448,0.81,82.509,too_far_inland,CSV2GEO,Australia,street
2ef3081e02a81808,"Cheviot Beach, Portsea",Victoria,AUSTRALIA,-38.31154,144.66693,1.0,,country_mismatch,CSV2GEO,Australia,poi
38f7bfd1f0d419b3,Collendina Beach east of Ocean Grove,Victoria,AUSTRALIA,-38.24698,144.53751,0.51,,low_relevance,CSV2GEO,Australia,street
bcb541dc9d9a08f2,Cowes,Victoria,AUSTRALIA,-38.45625,145.23893,1.0,,country_mismatch,CSV2GEO,Australia,city
b558aea6275ab6aa,"East of Station Pier, Port Melbourne",Victoria,AUSTRALIA,-37.84264,144.93178,0.84,2.81,validated,CSV2GEO,Australia,poi
46759d865cb18264,Elwood Beach,Victoria,AUSTRALIA,-37.88541,144.98576,0.99,1.227,validated,CSV2GEO,Australia,street
7dfb89599ab12e32,"Fairhaven Beach, Lorne",Victoria,AUSTRALIA,-38.46767,144.08969,0.63,,low_relevance,CSV2GEO,Australia,city
723ca882fab1d37e,Flinders,Victoria,AUSTRALIA,-38.47395,145.0175,1.0,1.936,validated,CSV2GEO,Australia,city
2f0cfb202f8946c0,Flinders Island,Victoria,AUSTRALIA,-37.82229,144.95131,0.97,5.251,validated,CSV2GEO,Australia,street
512b62004768681f,Frankston,Victoria,AUSTRALIA,-38.14109,145.1218,1.0,,country_mismatch,CSV2GEO,Australia,city
ae9f802d16b90d9f,Goolwa,Victoria,AUSTRALIA,-37.90692,144.77417,0.99,3.785,validated,CSV2GEO,Australia,street
d1511f9ae02a594b,Jan Juc Beach,Victoria,AUSTRALIA,-38.32602,144.31775,0.95,2.273,validated,CSV2GEO,Australia,street
1cd9196b5cc83992,Kilcunda,Victoria,AUSTRALIA,-38.54834,145.47429,1.0,1.336,validated,CSV2GEO,Australia,city
6a0755b62a11f86c,Lady Beach at Warrnambool,Victoria,AUSTRALIA,-38.39693,142.47255,0.85,,country_mismatch,CSV2GEO,Australia,poi
762b3dc86095a0ff,Lady Julia Percy Island,Victoria,AUSTRALIA,-38.25001,144.68861,0.45,,low_relevance,CSV2GEO,Australia,city
6e2e1c20f50f41ba,Levys Beach,Victoria,AUSTRALIA,-34.91163,138.49583,0.89,0.484,validated,CSV2GEO,Australia,street
66e7b5022dfd679d,Lorne,Victoria,AUSTRALIA,-38.54208,143.97543,1.0,1.876,validated,CSV2GEO,Australia,city
fce156d68fbcebf7,"Middle Brighton, Port Phillip",Victoria,AUSTRALIA,-37.90744,144.99653,0.67,,low_relevance,CSV2GEO,Australia,street
fcd438086b786200,Mordialloc,Victoria,AUSTRALIA,-38.00059,145.09384,1.0,2.522,validated,CSV2GEO,Australia,city
15582d86cc039deb,Mount Martha Beach,Victoria,AUSTRALIA,-38.26689,145.01437,0.79,,country_mismatch,CSV2GEO,Australia,city
1de6511a23cfaef3,Off Tower Hill,Victoria,AUSTRALIA,-38.32845,142.36591,0.85,4.269,validated,CSV2GEO,Australia,city
ba23542ff6aa6297,Paradise Beach,Victoria,AUSTRALIA,-38.197,147.41726,1.0,0.614,validated,CSV2GEO,Australia,city
08233ad5c5b473f0,Phillip Island,Victoria,AUSTRALIA,-38.52079,145.3361,0.99,0.701,validated,CSV2GEO,Australia,street
ebd895970a3a88c8,Port Campbell,Victoria,AUSTRALIA,-38.61818,142.99773,1.0,0.894,validated,CSV2GEO,Australia,city
e20929ef0949a8c6,Port MacDonnel,Victoria,AUSTRALIA,-38.04274,140.69981,0.62,,low_relevance,CSV2GEO,Australia,city
10cc3c19ba7f4f6e,Port Melbourne,Victoria,AUSTRALIA,-37.83301,144.92434,1.0,3.935,validated,CSV2GEO,Australia,city
1fec0e4393dc6764,"Port Phillip Bay, Port Melbourne",Victoria,AUSTRALIA,-37.84063,144.93963,0.99,3.048,validated,CSV2GEO,Australia,poi
b21ee59d406a81ec,Portland,Victoria,AUSTRALIA,-38.35309,141.61166,1.0,0.997,validated,CSV2GEO,Australia,city
b7ad41ec8732b587,"Portsea Beach, near Melbourne",Victoria,AUSTRALIA,-38.01346,145.31951,0.85,18.753,validated,CSV2GEO,Australia,street
9f2b76f7c1a9149c,"Portsea Beach, near entrance to Port Phillip Bay",Victoria,AUSTRALIA,-38.11333,144.82708,0.46,,low_relevance,CSV2GEO,Australia,city
bb378172c0fe07d7,Queenscliff,Victoria,AUSTRALIA,-38.26727,144.66119,1.0,,country_mismatch,CSV2GEO,Australia,city
bcd7c8bfa00c16ef,Rosebud,Victoria,AUSTRALIA,-38.35534,144.90522,1.0,,country_mismatch,CSV2GEO,Australia,city
a6681f2a6376414e,Sandringham,Victoria,AUSTRALIA,-37.95169,145.00383,1.0,0.299,validated,CSV2GEO,Australia,city
4e01436b2242595d,Seaholme,Victoria,AUSTRALIA,-37.86778,144.84377,1.0,2.811,validated,CSV2GEO,Australia,city
3df149efb8528aea,"Seal Rocks, Phillip Island",Victoria,AUSTRALIA,-38.52154,145.31457,0.83,1.412,validated,CSV2GEO,Australia,poi
875d9c672d6992d7,"Shipwreck Cove, Melbourne Aquarium",Victoria,AUSTRALIA,-37.82016,144.95869,0.66,,low_relevance,CSV2GEO,Australia,street
2df02fafcba1dcf4,South Werribee Beach,Victoria,AUSTRALIA,-37.90133,144.68426,0.81,8.536,validated,CSV2GEO,Australia,street
51ce48d3405fbb98,"Suicide Point, Point Leo",Victoria,AUSTRALIA,-38.41651,145.07611,0.57,,low_relevance,CSV2GEO,Australia,city
6f1a910109baa99a,"Surfers Point, Phillip Island",Victoria,AUSTRALIA,-38.11333,144.82708,0.51,,low_relevance,CSV2GEO,Australia,city
b13b9ff8352941f0,Thirteenth Beach,Victoria,AUSTRALIA,-38.28777,144.48016,0.99,1.364,validated,CSV2GEO,Australia,street
88af74215dfebf39,Tyrendarra Beach,Victoria,AUSTRALIA,-38.24333,141.8741,0.83,3.182,validated,CSV2GEO,Australia,city
1f1f6220f223b1ad,Tyrendarra Beach near Portland,Victoria,AUSTRALIA,-38.23813,141.90798,0.77,4.903,validated,CSV2GEO,Australia,street
c27e692ee4e93152,Warrnambool,Victoria,AUSTRALIA,-38.38376,142.4836,1.0,,country_mismatch,CSV2GEO,Australia,city
fdf6ed5054f6f041,Western Port Bay,Victoria,AUSTRALIA,-38.37746,145.31383,1.0,2.957,validated,CSV2GEO,Australia,city
5cca08e0c767e015,Westernport Bay,Victoria,AUSTRALIA,-38.37746,145.31383,1.0,2.957,validated,CSV2GEO,Australia,city
db1dbf1b7dfca49e,"Wilson\'s Promontory, Waratah Bay",Victoria,AUSTRALIA,-38.894,146.25577,0.71,,low_relevance,CSV2GEO,Australia,city
327df36019fbfd1c,"Winki Pop, Bells Beach",Victoria,AUSTRALIA,-38.36949,144.25359,0.69,,low_relevance,CSV2GEO,Australia,city
1cb319c5620b2698,Winkipop,Victoria,AUSTRALIA,-38.31059,144.31857,0.81,3.587,validated,CSV2GEO,Australia,street
0b79a4519bc2200e,Winkipop Beach,Victoria,AUSTRALIA,-27.59033,153.30572,0.62,,low_relevance,CSV2GEO,Australia,street
0ff75a9de7d49c46,Dugong Bay,Westerm Australia,AUSTRALIA,-21.95394,114.13324,0.84,,country_mismatch,CSV2GEO,Australia,street
01cd28ef72c6599f,Esperance,Westerm Australia,AUSTRALIA,-33.86217,121.88734,0.96,0.027,validated,CSV2GEO,Australia,city
1165067629d47310,Sam\'s Creek area,Westerm Australia,AUSTRALIA,-20.6195,117.18563,0.83,,country_mismatch,CSV2GEO,Australia,street
d0561470f6dbabe8,"15 km north of Lancelin, north of Perth",Western Australia,AUSTRALIA,-31.50874,115.60189,0.66,,low_relevance,CSV2GEO,Australia,rooftop
1e5f9532fa0b6af0,18 km west of Bunbury,Western Australia,AUSTRALIA,-33.35102,115.6308,0.88,1.867,validated,CSV2GEO,Australia,rooftop
75fcd3226754784d,3 km west of Rottnest Island,Western Australia,AUSTRALIA,-31.99889,115.53209,0.77,0.256,validated,CSV2GEO,Australia,city
85a5e6c3491961ca,5 nm off Cervantes,Western Australia,AUSTRALIA,-30.50249,115.06933,0.81,1.182,validated,CSV2GEO,Australia,city
467406e047241d99,"7 km off Trigg surf beach, Perth",Western Australia,AUSTRALIA,-31.87631,115.75202,0.72,,low_relevance,CSV2GEO,Australia,rooftop
64df12d3a11eada2,A pearl farm in Roebuck Bay,Western Australia,AUSTRALIA,-17.64094,123.17014,0.61,,low_relevance,CSV2GEO,Australia,city
bb9c400afd79c714,African Reef off Geraldton,Western Australia,AUSTRALIA,-28.80257,114.61858,0.92,2.326,validated,CSV2GEO,Australia,poi
df052c1f568cf154,Albany (incident took place 200 metres from swimmers),Western Australia,AUSTRALIA,-35.02394,117.88355,0.37,,low_relevance,CSV2GEO,Australia,city
436f97c3cc8c9103,"Avalon Beach, near Mandurah",Western Australia,AUSTRALIA,-32.33323,115.79001,0.99,5.094,validated,CSV2GEO,AU,
3c93fc50472ad8dd,"Backbeach, Halls Head",Western Australia,AUSTRALIA,-32.52963,115.69477,0.99,0.277,validated,CSV2GEO,Australia,poi
d635fffdc37ae2df,Bald Island,Western Australia,AUSTRALIA,-34.88328,118.406,0.99,,country_mismatch,CSV2GEO,Australia,street
f6a2ed2a59252929,"Bathurst Reef, Rottnest Island",Western Australia,AUSTRALIA,-31.99889,115.53209,0.71,,low_relevance,CSV2GEO,Australia,city
1d0425b1e9c96be2,"Bernier Island, Shark Bay",Western Australia,AUSTRALIA,-25.79495,113.71716,0.65,,low_relevance,CSV2GEO,Australia,poi
b27aaa76cb78a22b,Between Carnac and Garden Islands,Western Australia,AUSTRALIA,-32.2252,115.68658,0.62,,low_relevance,CSV2GEO,Australia,city
a2d3b517339cf4b8,Binningup,Western Australia,AUSTRALIA,-33.14855,115.69822,1.0,2.532,validated,CSV2GEO,Australia,city
7730befbdb17dedd,Boyup Brook,Western Australia,AUSTRALIA,-33.83555,116.38838,1.0,87.041,too_far_inland,CSV2GEO,Australia,city
66e9f6c361385e11,"Bundegi Sanctuary Zone, Ningaloo",Western Australia,AUSTRALIA,-22.56313,113.67948,0.55,,low_relevance,CSV2GEO,Australia,city
9bd31cb7cae7bce4,Bunker Bay,Western Australia,AUSTRALIA,-31.6277,115.70742,0.87,3.405,validated,CSV2GEO,Australia,street
678b493ceb81bfd3,Busselton,Western Australia,AUSTRALIA,-33.65211,115.34489,1.0,1.505,validated,CSV2GEO,Australia,city
269bc36e8c6a3366,Carnac Island,Western Australia,AUSTRALIA,-32.07782,115.9871,0.97,23.213,validated,CSV2GEO,Australia,street
c567f9db60c2a930,Carnarvon,Western Australia,AUSTRALIA,-24.88097,113.6595,1.0,2.597,validated,CSV2GEO,Australia,city
82a528b7e1cce011,"Castle Rock, north of Dunsborough",Western Australia,AUSTRALIA,-33.58361,115.09023,0.84,,country_mismatch,CSV2GEO,Australia,street
7e9328ad1dc4ae07,"Cobblestones, Margaret River Area",Western Australia,AUSTRALIA,-33.95313,115.07343,0.64,,low_relevance,CSV2GEO,Australia,city
a9abcc28de172cb2,Collie River,Western Australia,AUSTRALIA,-33.36066,116.15487,0.81,42.53,too_far_inland,CSV2GEO,Australia,city
bc7d156d77edc972,"Condon, 88 km NE of Port Hedland",Western Australia,AUSTRALIA,-20.31346,118.57726,0.66,,low_relevance,CSV2GEO,Australia,city
b719e7c340f0ed07,Cone Bay,Western Australia,AUSTRALIA,-31.9187,115.8645,0.87,11.462,validated,CSV2GEO,Australia,street
9e96775f60c27d86,"Conspicuous Beach, near Walpole",Western Australia,AUSTRALIA,-35.03289,116.85387,0.74,,low_relevance,CSV2GEO,Australia,street
46a0512f75829f46,Cowaramup Bay,Western Australia,AUSTRALIA,-33.85839,115.05842,0.99,8.864,validated,CSV2GEO,Australia,street
782bd5ed1a82e25f,"Direction Island, Cocos Islands",Western Australia,AUSTRALIA,-31.95266,115.85742,0.37,,low_relevance,CSV2GEO,Australia,region
43d09ff8bcc80172,Emu Channel,Western Australia,AUSTRALIA,-31.76143,115.75744,0.88,3.584,validated,CSV2GEO,Australia,street
5c938cb00062c846,Emu Point,Western Australia,AUSTRALIA,-34.99741,117.94143,1.0,1.563,validated,CSV2GEO,Australia,city
342036871d0188d3,"Falcon Bay Beach, Mandurah",Western Australia,AUSTRALIA,-32.5828,115.66679,0.79,,country_mismatch,CSV2GEO,Australia,city
47413e6724fe57ed,"Falcon Beach, Mandurah",Western Australia,AUSTRALIA,-32.58075,115.6524,1.0,1.028,validated,CSV2GEO,Australia,poi
0d407419fb0630f7,"Fourth Beach, Twilgth Beach",Western Australia,AUSTRALIA,-33.88664,121.84599,0.97,,country_mismatch,CSV2GEO,Australia,poi
155108d48e8e5d35,Frenchman Bay,Western Australia,AUSTRALIA,-35.09304,117.9491,1.0,0.468,validated,CSV2GEO,Australia,city
9357c1c8aa4e1b74,Freo,Western Australia,AUSTRALIA,-31.95266,115.85742,0.8,10.975,validated,CSV2GEO,Australia,region
3e8cd00e7819e530,Gearys Beach,Western Australia,AUSTRALIA,-31.84538,115.81038,0.78,7.366,validated,CSV2GEO,Australia,street
a7b2733285199bcc,Geographe Bay,Western Australia,AUSTRALIA,-33.6304,115.14094,0.99,0.414,validated,CSV2GEO,Australia,street
6b2319b1f5f52ec7,Glenelg,Western Australia,AUSTRALIA,-34.97828,138.52,0.7,,low_relevance,CSV2GEO,Australia,city
3fe0a4f9917a8597,Gnaraloo,Western Australia,AUSTRALIA,-24.12415,113.45667,0.99,3.118,validated,CSV2GEO,Australia,street
7270c95ed256b37d,"Honeymoon Island, near Hopetown",Western Australia,AUSTRALIA,-37.68662,144.5013,0.52,,low_relevance,CSV2GEO,Australia,street
901602289853e430,Horizontal Falls,Western Australia,AUSTRALIA,-31.83571,115.87842,0.74,,low_relevance,CSV2GEO,Australia,street
6340a76ced88b11e,"In Swan River at Freshwater Bay, Claremont",Western Australia,AUSTRALIA,-31.98803,115.78276,0.69,,low_relevance,CSV2GEO,Australia,street
abbd0ecb57901795,In a tidal creek 5 km from Wickham,Western Australia,AUSTRALIA,-20.67336,117.14826,0.53,,low_relevance,CSV2GEO,Australia,city
13cae01dbac9fce9,Injidup,Western Australia,AUSTRALIA,-31.69313,115.72869,0.99,2.523,validated,CSV2GEO,Australia,street
c840241c090dea23,Jurien Bay,Western Australia,AUSTRALIA,-30.30292,115.04321,1.0,2.112,validated,CSV2GEO,Australia,city
3cd852cb3a8dba4c,Kalbarri,Western Australia,AUSTRALIA,-27.70649,114.1679,1.0,2.337,validated,CSV2GEO,Australia,city
103a163812498ed9,"Kelpids Beach, Wylie Bay",Western Australia,AUSTRALIA,-33.83049,121.96164,0.67,,low_relevance,CSV2GEO,Australia,street
14387e03a0c4f902,Kelpies near Wylie Bay,Western Australia,AUSTRALIA,-33.83049,121.96164,0.69,,low_relevance,CSV2GEO,Australia,street
7355c1f1e94fff8f,Lancelin,Western Australia,AUSTRALIA,-31.02151,115.33214,1.0,0.361,validated,CSV2GEO,Australia,city
21c879c5e840c6a1,Lancelin Island,Western Australia,AUSTRALIA,-31.02151,115.33214,0.8,0.361,validated,CSV2GEO,Australia,city
c73401e8e39ea1a9,"Lefthanders Beach, Margaret River",Western Australia,AUSTRALIA,-33.95313,115.07343,0.64,,low_relevance,CSV2GEO,Australia,city
1ec4323181ff1e21,"Lefthanders, Margaret River Area",Western Australia,AUSTRALIA,-33.95313,115.07343,0.66,,low_relevance,CSV2GEO,Australia,city
764307c25be37483,"Leighton Beach, north of Freemantle",Western Australia,AUSTRALIA,-32.03554,115.74525,0.92,1.409,validated,CSV2GEO,Australia,poi
442e6099f5ef9cec,"Little Island, near Hillarys",Western Australia,AUSTRALIA,-31.8076,115.74681,0.6,,low_relevance,CSV2GEO,Australia,city
fe6c7dad0bfa2d39,Mauds Point,Western Australia,AUSTRALIA,-38.42108,145.07473,0.77,2.093,validated,CSV2GEO,Australia,street
9fa8cb7623bb450c,Metro coast,Western Australia,AUSTRALIA,-31.78406,115.96732,0.81,22.934,validated,CSV2GEO,Australia,street
8a62af87237a32e2,Mindarie,Western Australia,AUSTRALIA,-31.68365,115.71403,1.0,1.464,validated,CSV2GEO,Australia,city
8435ec11691ee0af,"Mutton Bird Island, Albany",Western Australia,AUSTRALIA,-35.02395,117.88355,0.58,,low_relevance,CSV2GEO,Australia,city
b27a238c5eeff3ec,Near Albany,Western Australia,AUSTRALIA,-35.02394,117.88355,0.85,,country_mismatch,CSV2GEO,Australia,city
5ef8509f02417805,Near Broome in Roebuck Bay,Western Australia,AUSTRALIA,-17.91261,122.2219,0.71,,low_relevance,CSV2GEO,Australia,poi
23d910792ceebf9e,Near Legendre Island,Western Australia,AUSTRALIA,-20.73403,116.80295,0.85,4.738,validated,CSV2GEO,Australia,street
fd33cb104f29b8cd,"North of main swimming area in Waterman\'s Bay Beach, Perth",Western Australia,AUSTRALIA,-31.85101,115.75208,0.6,,low_relevance,CSV2GEO,Australia,poi
039c5c89b91a427c,Ocean Reef,Western Australia,AUSTRALIA,-31.7506,115.73293,1.0,1.57,validated,CSV2GEO,Australia,city
795677545bd18f0d,"Off City Beach, Perth",Western Australia,AUSTRALIA,-31.91366,115.76083,0.91,1.8,validated,CSV2GEO,Australia,city
301c88fe9e354f6f,Off Garden Island,Western Australia,AUSTRALIA,-32.2252,115.68658,0.9,,country_mismatch,CSV2GEO,Australia,city
7d347cf855299f1a,Off Legendre Island,Western Australia,AUSTRALIA,-20.73403,116.80295,0.88,4.738,validated,CSV2GEO,Australia,street
b96643e643d34963,"Off Poison Creek, Cape Arid",Western Australia,AUSTRALIA,-33.88331,123.2615,0.92,7.116,validated,CSV2GEO,Australia,street
908e24350359af5b,Off Wedge Island,Western Australia,AUSTRALIA,-30.81954,115.19986,0.9,1.893,validated,CSV2GEO,Australia,city
3801eb6de5b15bcc,Onslow,Western Australia,AUSTRALIA,-21.66993,115.10728,1.0,0.566,validated,CSV2GEO,Australia,city
4c285b10d8e2b212,"Parker\'s Point, Rottnest Island",Western Australia,AUSTRALIA,-32.01476,115.53131,0.98,0.343,validated,CSV2GEO,Australia,street
8642e8a06018f3ca,Perth,Western Australia,AUSTRALIA,-31.95265,115.85742,1.0,10.975,validated,CSV2GEO,Australia,city
bb00f45e2c3e0efc,"Point Casuarina, Bunbury",Western Australia,AUSTRALIA,-33.31924,115.7025,0.95,2.198,validated,CSV2GEO,Australia,street
db1f7d64ed8aeec4,Pyramids Beach,Western Australia,AUSTRALIA,-31.73473,115.73102,0.97,1.765,validated,CSV2GEO,Australia,street
356724b08c60bbf0,"Pyramids Beach, Port Bouvard",Western Australia,AUSTRALIA,-32.66908,115.65046,0.57,,low_relevance,CSV2GEO,Australia,city
50dd62b78f98db6d,Red Bluff near Quobba Station,Western Australia,AUSTRALIA,-31.95266,115.85742,0.39,,low_relevance,CSV2GEO,Australia,region
dd4c1ef8dadc90c2,Red Bluffs,Western Australia,AUSTRALIA,-29.00571,118.35993,0.96,,too_far_inland,CSV2GEO,Australia,street
f366d4f4e5dcc2c9,Redgate Beach,Western Australia,AUSTRALIA,-34.01182,115.02896,0.82,5.093,validated,CSV2GEO,Australia,city
9791f4edc6d8415a,Roe Reef off Rottnest Island,Western Australia,AUSTRALIA,-31.99889,115.53209,0.75,0.256,validated,CSV2GEO,Australia,city
bc6a19c330618564,Scarborough,Western Australia,AUSTRALIA,-31.89805,115.76119,1.0,2.043,validated,CSV2GEO,Australia,city
b270a1b838affe92,"Scarborough Beach, Perth",Western Australia,AUSTRALIA,-31.90161,115.79797,0.85,5.445,validated,CSV2GEO,AU,
83b4fc28a0499fcd,"South Passage, south of Coral Bay",Western Australia,AUSTRALIA,-23.142298,113.772311,1.0,1.958,validated,CSV2GEO,Australia,
7c39ae8b7308f792,South Perth,Western Australia,AUSTRALIA,-31.97465,115.85475,1.0,10.979,validated,CSV2GEO,Australia,city
cd57e01deda15900,"Southgates, near Geraldton",Western Australia,AUSTRALIA,-28.82906,114.63214,0.67,,low_relevance,CSV2GEO,Australia,street
ae454debeb448f52,Stratham Beach,Western Australia,AUSTRALIA,-33.47435,115.58613,0.83,3.473,validated,CSV2GEO,Australia,city
f95d560806af5749,"Surfers Point, Prevelly",Western Australia,AUSTRALIA,-33.97624,114.99431,0.99,1.937,validated,CSV2GEO,Australia,street
962d64900fe5dce5,"Swan River, 13 miles upstream",Western Australia,AUSTRALIA,-31.95266,115.85742,0.4,,low_relevance,CSV2GEO,Australia,region
9e98474269079030,"The Natural Jetty, Rottnest Island",Western Australia,AUSTRALIA,-31.99889,115.53209,0.67,,low_relevance,CSV2GEO,Australia,city
1181d54205cae50d,Three Stripes near Cheynes Beach,Western Australia,AUSTRALIA,-34.80972,118.25713,0.52,,low_relevance,CSV2GEO,Australia,city
e79a2bd1f3d9bc64,"Trigg Beach, Perth",Western Australia,AUSTRALIA,-31.87137,115.75214,1.0,1.551,validated,CSV2GEO,Australia,poi
20414c56051ad0bf,Turquoise Bay,Western Australia,AUSTRALIA,-31.85322,115.96748,0.89,22.006,validated,CSV2GEO,Australia,street
77dcd5f61746d024,"Warra Beach, Coral Bay",Western Australia,AUSTRALIA,-23.14346,113.77288,0.71,,low_relevance,CSV2GEO,Australia,city
fb46fb300036332f,Waterman\'s Bay,Western Australia,AUSTRALIA,-31.84616,115.75728,1.0,2.372,validated,CSV2GEO,Australia,city
875f924a92159235,Wharton Beach,Western Australia,AUSTRALIA,-31.81699,115.96698,0.97,22.453,validated,CSV2GEO,Australia,street
a00ca9676f7e97af,Woodman Point,Western Australia,AUSTRALIA,-31.11116,115.37617,0.82,0.372,validated,CSV2GEO,Australia,street
9c28257e9e35bea7,"Wreck Point, Abrolhos Islands",Western Australia,AUSTRALIA,-31.95266,115.85742,0.39,,low_relevance,CSV2GEO,Australia,region
b9a5a65f5f5bac90,350 miles from Faial Island,,AZORES,38.591255,-28.696475,1.0,4.593,validated,CSV2GEO,Portugal,
611c449353bed807,Onboard the fishing vessel Nuevo Cedes,,AZORES,,,,,missing_or_invalid_coordinate,CSV2GEO,?,
6fa243d93d1e5e2d,Sao Miguel,,AZORES,-32.11304,115.8102,0.67,,low_relevance,CSV2GEO,Australia,street
da6b12d9f5b9b1eb,50 miles off Bahamas,,BAHAMAS,25.02075,-77.34443,0.76,0.431,validated,CSV2GEO,Bahamas,street-interpolated
f2758b890e02bb8e,Carter Cay,,BAHAMAS,25.06461,-77.35563,0.67,,low_relevance,CSV2GEO,Bahamas,street
7129efbae3162ead,Freetown Beach,,BAHAMAS,26.6161,-78.33872,0.62,,low_relevance,CSV2GEO,Bahamas,city
0e65a1b2bf7e21cf,Off Andros Island,,BAHAMAS,24.70593,-77.77331,0.4,,low_relevance,CSV2GEO,Bahamas,city
ea7241b95c47aa1d,Off Cape Eleuthera,,BAHAMAS,24.86745,-76.16079,0.56,,low_relevance,CSV2GEO,Bahamas,city
b2a9a6b83b98f6cd,Rum Cay,,BAHAMAS,23.64888,-74.83702,1.0,,country_mismatch,CSV2GEO,Bahamas,city
ef0efda16845213e,Tiger Beach,,BAHAMAS,,,,,missing_or_invalid_coordinate,CSV2GEO,?,
b24a07ffe9e6eeca,Allan-Pensacola Cay,Abaco Islands,BAHAMAS,26.355503,-77.148516,1.0,6.993,validated,CSV2GEO,The Bahamas,
1796287f9bd6af3c,Bakers Bay,Abaco Islands,BAHAMAS,26.54629,-77.05211,0.38,,low_relevance,CSV2GEO,Bahamas,street
f155c123c72dd32e,Double Breasted Cays,Abaco Islands,BAHAMAS,26.355503,-77.148516,1.0,6.993,validated,CSV2GEO,The Bahamas,
4e6ac6a6a2fd0249,Elbow Cay,Abaco Islands,BAHAMAS,26.50302,-76.98046,0.65,,low_relevance,CSV2GEO,Bahamas,poi
4a5c086b07413a32,North of Grand Cay,Abaco Islands,BAHAMAS,26.355503,-77.148516,1.0,6.993,validated,CSV2GEO,The Bahamas,
793c1110e7c28973,North of Walkers Cay,Abaco Islands,BAHAMAS,26.355503,-77.148516,1.0,6.993,validated,CSV2GEO,The Bahamas,
d1d2e60974fc96c6,"Off Sandy Point, Great Abaco Island",Abaco Islands,BAHAMAS,26.06339,-77.24246,0.37,,low_relevance,CSV2GEO,Bahamas,street
28ffd03c426f9599,Powell Cay,Abaco Islands,BAHAMAS,26.355503,-77.148516,1.0,6.993,validated,CSV2GEO,The Bahamas,
8df4144329bb535e,Scotland Cay,Abaco Islands,BAHAMAS,26.355503,-77.148516,1.0,6.993,validated,CSV2GEO,The Bahamas,
bbff3239591d0cc0,Spanish Cay,Abaco Islands,BAHAMAS,26.355503,-77.148516,1.0,6.993,validated,CSV2GEO,The Bahamas,
48b016fa403468f8,"Tahiti Beach, Elbow Cay",Abaco Islands,BAHAMAS,26.50497,-76.98006,0.52,,low_relevance,CSV2GEO,Bahamas,poi
6efcca1e36b71715,Blue Hole,Andros Islands,BAHAMAS,24.74266,-77.8616,0.64,,low_relevance,CSV2GEO,Bahamas,poi
cef5e74cf71ce8d3,Mangrove Cay,Andros Islands,BAHAMAS,24.69963,-77.76647,0.66,,low_relevance,CSV2GEO,Bahamas,poi
3dd97d457e74f74b,Middle Bight,Andros Islands,BAHAMAS,24.706381,-78.019539,1.0,20.416,validated,CSV2GEO,The Bahamas,
5f48cdd128e28635,North Rat Cay Reef,Andros Islands,BAHAMAS,24.706381,-78.019539,1.0,20.416,validated,CSV2GEO,The Bahamas,
72a29e050a10c799,Ambergris Cay,Berry Islands,BAHAMAS,25.7428,-77.84604,0.5,,low_relevance,CSV2GEO,Bahamas,city
fcbac7d8202f30b0,Whale Cay,Berry Islands,BAHAMAS,25.7428,-77.84604,0.6,,low_relevance,CSV2GEO,Bahamas,city
8184bea2f4d01c54,Lerner Marine Lab,Bimini Islands,BAHAMAS,25.727261,-79.297899,1.0,,country_mismatch,CSV2GEO,The Bahamas,
d9109ed8a7eab0c0,Lerner Marine Laboratory,Bimini Islands,BAHAMAS,25.727261,-79.297899,1.0,,country_mismatch,CSV2GEO,The Bahamas,
ad98613f32df5e9f,off yacht Serenade,Cat Cay,BAHAMAS,25.533333,-79.283333,1.0,,country_mismatch,CSV2GEO,The Bahamas,
ae094906a37d6f26,Anchored off the largest island in the group,Cay Sal Bank,BAHAMAS,,,,,missing_or_invalid_coordinate,CSV2GEO,?,
a74b3dc987a1dc6b,Savannah Sound,Eleuthera,BAHAMAS,24.86745,-76.16079,0.41,,low_relevance,CSV2GEO,Bahamas,city
2eebbd79a4220665,Spanish Wells,Eleuthera,BAHAMAS,25.54173,-76.75234,1.0,0.22,validated,CSV2GEO,Bahamas,poi
93b5d28d0a144ae8,Compass Cay,Exuma Islands,BAHAMAS,24.17357,-76.44524,0.68,,low_relevance,CSV2GEO,Bahamas,poi
63bac8e043973b97,Sampson Cay,Exuma Islands,BAHAMAS,23.61926,-75.969547,1.0,2.515,validated,CSV2GEO,The Bahamas,
7fd98e791a12a7a6,Off Cay Sal Banks,Florida Straits,BAHAMAS,27.664827,-81.515754,1.0,,country_mismatch,CSV2GEO,United States,
7852592aa1821695,"Gingerbread Reef, east of Little Isaac Island",Grand Bahama Island,BAHAMAS,24.5945,-75.64541,0.33,,low_relevance,CSV2GEO,Bahamas,city
d1d6fd4f99bbaa72,"High Rock, 25 to 30 miles east of Freeport",Grand Bahama Island,BAHAMAS,26.62159,-78.28003,0.38,,low_relevance,CSV2GEO,Bahamas,street
281aafeb8d20b47a,"Memory Rock, 18 miles from NW end of the Island",Grand Bahama Island,BAHAMAS,26.659447,-78.52065,1.0,5.937,validated,CSV2GEO,The Bahamas,
accd58063900976a,Off Lucaya,Grand Bahama Island,BAHAMAS,26.51232,-78.64308,0.65,,low_relevance,CSV2GEO,Bahamas,city
7ceb7ee89ee9b4a6,Off West End,Grand Bahama Island,BAHAMAS,26.51248,-78.73762,0.67,,low_relevance,CSV2GEO,Bahamas,street
a3f76cbd68002e47,"Port Lucaya, Freeport",Grand Bahama Island,BAHAMAS,26.52293,-78.64261,0.7,,low_relevance,CSV2GEO,Bahamas,poi
e31452ac6b4b2947,Sweetings Cay,Grand Bahama Island,BAHAMAS,26.64797,-78.37621,0.38,,low_relevance,CSV2GEO,Bahamas,region
3037bdbfd6f0e959,Children\'s Bay Cay near Rollerville,Great Exuma Island,BAHAMAS,23.743591,-76.063123,1.0,,country_mismatch,CSV2GEO,The Bahamas,
527595527579577f,Highborn Cay,Great Exuma Island,BAHAMAS,24.72189,-76.82042,0.59,,low_relevance,CSV2GEO,Bahamas,poi
31686e2778691018,Athol Island,New Providence,BAHAMAS,25.06464,-77.45703,0.79,1.245,validated,CSV2GEO,Bahamas,street
d127e5ce32e8c254,Nirvana Beach,New Providence,BAHAMAS,25.07757,-77.43129,0.72,,low_relevance,CSV2GEO,Bahamas,street
6b5254f38210052a,"Nassau, New Providence Island",New Providence District,BAHAMAS,25.03168,-77.40455,0.7,,low_relevance,CSV2GEO,Bahamas,poi
fd7244b0c10ed8c4,Rose Island,New Providence District,BAHAMAS,25.05469,-77.34263,0.68,,low_relevance,CSV2GEO,Bahamas,street
e303c530b5d56b2e,Cable Beach,New Providence Island,BAHAMAS,25.07607,-77.40513,0.79,0.128,validated,CSV2GEO,Bahamas,city
6cd8606f6583450a,Northern Bahamas,"BAHAMAS""","Dive site known as \The End of the Map\""""",5.0,,,,missing_or_invalid_coordinate,CSV2GEO,,1
8f3713d1ea2d9d5e,Andros Island,Out Islands,BAHAMAS,25.07929,-77.29312,0.68,,low_relevance,CSV2GEO,Bahamas,street
f1c9a2b6be60d014,"Matinella Reef, 15 to 20 miles west of Walkers Cay",Walkers Cay,BAHAMAS,40.503326,15.067054,1.0,,country_mismatch,CSV2GEO,Italy,
f8c511c32aa7da3d,Tiger Beach,West End,BAHAMAS,26.66976,-78.9502,0.41,,low_relevance,CSV2GEO,Bahamas,city
1b3e0493fcbef544,Pie Corner,Lucy,BARBADOS,13.30515,-59.58609,0.96,0.964,validated,CSV2GEO,Barbados,city
b7f868701f8d26d8,Off Pelican Island,St Michael Parish,BARBADOS,13.113222,-59.598809,1.0,3.162,validated,CSV2GEO,Barbados,
3666e54702f47d0d,18 miles southwest of Bermuda,,BERMUDA,-42.08158,145.54832,0.57,,low_relevance,CSV2GEO,Australia,rooftop
38bde18aa7b9c81a,6 miles from shore,,BERMUDA,-34.86695,138.49571,0.52,,low_relevance,CSV2GEO,Australia,rooftop
501426044e274136,2 miles south of Castle Island Harbour entrance to Hamilton,Hamilton,BERMUDA,-34.21516,138.87731,0.3,,low_relevance,CSV2GEO,Australia,city
d33e37feeb54b390,Hamilton,Hamilton,BERMUDA,-37.7422,142.02145,1.0,,country_mismatch,CSV2GEO,Australia,city
a44fc28af4259944,Hamilton Parish,Hamilton,BERMUDA,-37.74221,142.02145,0.73,,low_relevance,CSV2GEO,Australia,city
dea0999ad2f02805,Nine miles off Frasconi Flats,Hamilton,BERMUDA,-37.782589,175.252762,1.0,,country_mismatch,CSV2GEO,New Zealand,
4b04d484b86a95a4,"Elbow Beach, Coral Beach",Paget,BERMUDA,32.272321,-64.77746,1.0,0.026,validated,CSV2GEO,Bermuda,
ac00134b7f405945,Elbow Beach,South shore,BERMUDA,-38.16253,146.31324,0.75,,country_mismatch,CSV2GEO,Australia,poi
c1832f4dd892e0f8,500 km off the coast of Pernambuco,,BRAZIL,-8.05604,-34.87037,0.36,,low_relevance,CSV2GEO,Brasil,region
8c2e8f595287b21e,Near the Abrolhos Archipelago,,BRAZIL,-18.0,-38.666667,1.0,,country_mismatch,CSV2GEO,,
185ff528810b8fe3,Guarajuba,Bahia,BRAZIL,-12.64966,-38.07062,1.0,0.197,validated,CSV2GEO,Brasil,city
fd3595eaa29db435,Conceicao Beach,Fernando de Noronha,BRAZIL,-3.83997,-32.41321,0.76,,country_mismatch,CSV2GEO,Brasil,poi
5a327b721edb06a2,Body recovered at Goiana,Pernambuco,BRAZIL,-7.56241,-34.99843,0.52,,low_relevance,CSV2GEO,Brasil,city
ee5f167b59ea896d,Coral Cove Beach,Pernambuco,BRAZIL,-1.46774,-48.01786,0.42,,low_relevance,CSV2GEO,Brasil,city
d78660cad65c03ce,"Coral Cove, Cabo de Santo Agostinho",Pernambuco,BRAZIL,-8.28665,-35.03858,0.77,10.775,validated,CSV2GEO,Brasil,city
932c4077bbb962c0,Fernando de Noronha Marine Park,Pernambuco,BRAZIL,-3.84493,-32.40859,0.84,0.479,validated,CSV2GEO,Brasil,city
2417fdfe8fff43d1,Fernano de Noronha,Pernambuco,BRAZIL,-3.84493,-32.40859,0.99,0.479,validated,CSV2GEO,Brasil,city
6bb739b86c515f76,"Pau Amarelo Beach, Paulista District (17 km from Recife)",Pernambuco,BRAZIL,-8.12043,-34.94682,0.47,,low_relevance,CSV2GEO,Brasil,street-interpolated
064350e140995c2f,"Praia de Pau Amarelo, Recife",Pernambuco,BRAZIL,-8.11484,-34.9481,0.79,6.22,validated,CSV2GEO,Brasil,street
98a46498db31db84,Praia do Pina,Pernambuco,BRAZIL,-8.17,-35.00413,1.0,10.418,validated,CSV2GEO,Brasil,street
541d5a1b8507b977,"Punta Del Chifre, Olinda",Pernambuco,BRAZIL,-8.01739,-34.84814,0.53,,low_relevance,CSV2GEO,Brasil,city
3d22f54c94a8f65e,90 miles off Albrohos Island,Porto Seguro,BRAZIL,-16.45097,-39.06462,0.31,,low_relevance,CSV2GEO,Brasil,city
9b65ee41aa508d95,"Atlantis Beach, near Tramandai",Rio Grande Do Sul,BRAZIL,-29.9943,-50.13702,0.74,,low_relevance,CSV2GEO,Brasil,street
979d9de31c6543e1,Atol das Rochas,Rio Grande de Norte,BRAZIL,-5.74558,-35.25469,0.96,6.577,validated,CSV2GEO,Brasil,street
31d45dd047aa6d6b,"Praia de Camapum, Macau",Rio Grande de Norte,BRAZIL,-5.11262,-36.63447,0.6,,low_relevance,CSV2GEO,Brasil,city
d13b749ea8e123f7,Copacabana,Rio de Janeiro,BRAZIL,-22.97593,-43.18959,1.0,0.511,validated,CSV2GEO,Brasil,city
c5e23ef736cb0c84,"Copacabana, Rio de Janeiro",Rio de Janeiro,BRAZIL,-22.97593,-43.18959,1.0,0.511,validated,CSV2GEO,Brasil,city
0f047d8eb9bc6899,"Manguinhos, Ilha Feia",Rio de Janeiro,BRAZIL,-22.87508,-43.24346,0.73,,low_relevance,CSV2GEO,Brasil,city
4d827f5ac2225ca9,"Rio de Janeiro, Guanabara Bay",Rio de Janeiro,BRAZIL,-22.82219,-43.27967,0.92,2.465,validated,CSV2GEO,Brasil,street
3f6fb1ab76fc6825,Beesands,South Devon,BRITISH ISLES,50.253229,-3.657526,1.0,0.334,validated,CSV2GEO,United Kingdom,
919578c17e9730ae,Long Cay,Grand Turk Island,BRITISH WEST INDIES,21.467458,-71.13891,1.0,0.933,validated,CSV2GEO,Turks and Caicos Islands,
8011812e9a731460,16 km west of Digby Gut,Bay of Fundy,CANADA,44.26674,-66.34926,0.7,,low_relevance,CSV2GEO,Canada,poi
f0135c774b9a9116,"Slaunwhite\'s Ledge, Hubbard Cove",Halifax,CANADA,44.63883,-64.06199,0.51,,low_relevance,CSV2GEO,Canada,poi
c41c17b7849a3a34,Bay of Fundy,New Brunswick,CANADA,45.4251,-66.29073,0.75,12.159,validated,CSV2GEO,Canada,city
cb8d09a1bd172a47,Georges Bank,Newfoundland,CANADA,47.62885,-52.83886,0.83,0.755,validated,CSV2GEO,Canada,street
49dcf95924927a84,"Fourchu, Cape Breton Island",Nova Scotia,CANADA,45.78664,-60.21867,0.82,3.671,validated,CSV2GEO,Canada,street
f46b44824abcfab2,Second Narrows in Burrard Inlet,Vancouver,CANADA,49.2938,-123.02631,0.61,,low_relevance,CSV2GEO,Canada,street
f1408ee6ba7b92c8,125 nm north of Aruba,,CARIBBEAN SEA,12.52111,-69.968338,1.0,,unknown_country_boundary,CSV2GEO,Aruba,
85fca176617866f3,Between St. Maarten & Anguilla,,CARIBBEAN SEA,18.220554,-63.068615,1.0,,unknown_country_boundary,CSV2GEO,Anguilla,
6265581e1016ef4e,Between USA & Cuba,,CARIBBEAN SEA,21.521757,-77.781167,1.0,,unknown_country_boundary,CSV2GEO,Cuba,
1ed837c18f6f92a1,Off Dominican Republic,,CARIBBEAN SEA,18.735693,-70.162651,1.0,,unknown_country_boundary,CSV2GEO,Dominican Republic,
587914f970e82bc9,"Off Cristobal, 200 miles northeast of the entrance to the Panama Canal",PANAMA,CARIBBEAN SEA,9.143803,-79.728516,1.0,,unknown_country_boundary,CSV2GEO,Panama,
2b6557923fd95d2d,300 miles East of Easter Island,,CHILE,-27.112723,-109.349687,1.0,4.361,validated,CSV2GEO,Chile,
ff271d285ecc74aa,300 miles east of Easter Island,,CHILE,-27.112723,-109.349687,1.0,4.361,validated,CSV2GEO,Chile,
4328db4f94614d0a,"El Panul, 12km south of Coquimbo",,CHILE,-29.98819,-71.35877,0.72,,low_relevance,CSV2GEO,Chile,street-interpolated
36ebad5c9da18702,Antofagasta,Antofagasta Province,CHILE,-23.61927,-70.38773,0.73,,low_relevance,CSV2GEO,Chile,city
70de7f488caae53f,"Bahia Totoralillo, 80 km north of Coquimbo",Coquimbo,CHILE,-29.97497,-71.32301,0.64,,low_relevance,CSV2GEO,Chile,street-interpolated
88e866fd44d9402e,Coquimbo,Elqui Province,CHILE,-29.9541,-71.33815,0.62,,low_relevance,CSV2GEO,Chile,city
f35b8dcc7fb4fb56,"Punta Negra, Pichidangui",Los Vilos,CHILE,-32.1366,-71.52993,0.66,,low_relevance,CSV2GEO,Chile,street
d5cbe0d3b7c1fa39,Valpariso,Valpariso Province,CHILE,-33.06739,-71.55889,0.69,,low_relevance,CSV2GEO,Chile,street
860312c4c8c72979,Between Tientsin & Hong Kong,,CHINA,39.14218,117.19935,0.35,,low_relevance,CSV2GEO,China,city
377d632c6395ac0c,"Outer harbor, Hong Kong",North China,CHINA,22.319304,114.169361,1.0,0.646,validated,CSV2GEO,Hong Kong,
fed08c9c91c3a6c4,"Ocean World, Changfeng Park",Shanghai,CHINA,31.224667,121.396894,1.0,20.99,validated,CSV2GEO,China,
59ae7d969ee4fdc3,Cartegena,Caribbean Sea,COLUMBIA,10.393228,-75.483231,1.0,4.394,validated,CSV2GEO,Colombia,
d68a26c0609e8788,Southwest of Cartegena,Isles del Rosario,COLUMBIA,10.197013,-75.7604,1.0,,country_mismatch,CSV2GEO,Colombia,
adc5837ac5b2d1c9,"Roncador Bank, 135 nm north of San Andres",Roncador Bank,COLUMBIA,13.566667,-80.066667,1.0,,country_mismatch,CSV2GEO,,
154e4cb2bd476cce,"Libertad, San Onofre",Sucre,COLUMBIA,9.90626,-75.58555,1.0,2.135,validated,CSV2GEO,Colombia,
551fcfdd35ae11b0,Port Limon,,COSTA RICA,9.99095,-83.02908,0.56,,low_relevance,CSV2GEO,Costa Rica,city
c72a4b1a0afa3d02,San Juan River,,COSTA RICA,9.95978,-84.07968,0.58,,low_relevance,CSV2GEO,Costa Rica,city
775f150629bc8861,Playa Tamarindo,North Pacific coast,COSTA RICA,10.31471,-85.80363,0.69,,low_relevance,CSV2GEO,Costa Rica,poi
9535a6622062f387,Puntarenas,Puntarenas Province,COSTA RICA,9.97652,-84.84212,0.71,,low_relevance,CSV2GEO,Costa Rica,city
4adcc2642fa020e5,Where Colorado River enters the sea,Turtle Bogue,COSTA RICA,34.306434,-113.426928,1.0,,country_mismatch,CSV2GEO,,
59d8d413aa3aa482,Medola,Adriatic Sea,CROATIA,44.83622,13.83977,0.82,,country_mismatch,CSV2GEO,Hrvatska,poi
c81ee1b1d3db5307,"Susak (Rijeka, Istria)",Adriatic Sea,CROATIA,45.32965,14.43874,0.57,,low_relevance,CSV2GEO,Hrvatska,poi
ab563a9137ab9782,"Susak, Fiume (Rijeka",Adriatic Sea,CROATIA,45.32965,14.43874,0.78,0.406,validated,CSV2GEO,Hrvatska,poi
35cb461c18400342,Pula,Istria,CROATIA,44.87296,13.85107,0.99,1.28,validated,CSV2GEO,Hrvatska,poi
1fbc1533f76b645d,Ika,Istria County,CROATIA,45.128646,13.901542,1.0,13.783,validated,CSV2GEO,Croatia,
7c70af4ec56a52fb,Porec,Istria County,CROATIA,45.22579,13.59747,0.54,,low_relevance,CSV2GEO,Hrvatska,poi
367960c9889cc221,Pula,Istria County,CROATIA,44.88596,13.81555,0.75,0.256,validated,CSV2GEO,Hrvatska,poi
08a1e6318a40349f,Bakar,Primorje-Gorski Kotar County,CROATIA,45.31795,14.53137,0.68,,low_relevance,CSV2GEO,Hrvatska,poi
17d25cf7f5ae989a,Opatija,Primorje-Gorski Kotar County,CROATIA,45.35081,14.31734,0.65,,low_relevance,CSV2GEO,Hrvatska,city
4f50c4239337af8b,"Opatija, northwestern coast of Rijeka Bay",Primorje-Gorski Kotar County,CROATIA,45.32672,14.44715,0.37,,low_relevance,CSV2GEO,Hrvatska,city
a7ed9b9e4d0af40e,Preluka Harbour,Primorje-Gorski Kotar County,CROATIA,45.354396,14.332212,1.0,0.083,validated,CSV2GEO,Croatia,
e8c81d71a6594e1c,Rijeka,Primorje-Gorski Kotar County,CROATIA,45.32672,14.44715,0.53,,low_relevance,CSV2GEO,Hrvatska,city
44ba687e8718380c,"Volosko, Opatija",Primorje-Gorski Kotar County,CROATIA,45.3528,14.3149,0.72,,low_relevance,CSV2GEO,Hrvatska,street
745df6d59ca0c0d7,"Smokvina Bay, Vis Island","Split-Dalmatia Count,",CROATIA,43.54049,16.49293,0.58,,low_relevance,CSV2GEO,Hrvatska,poi
2af1fec39c10d0ff,"Sucurja, Hvar Island","Split-Dalmatia Count,",CROATIA,43.17045,16.44684,0.4,,low_relevance,CSV2GEO,Hrvatska,city
f8b822b8d92ebb69,Bisk,Split-Dalmatia County,CROATIA,43.50994,16.44322,0.65,,low_relevance,CSV2GEO,Hrvatska,poi
9770244e61edbd94,"Lokva Rogoznica, Omis",Split-Dalmatia County,CROATIA,43.41004,16.74587,0.76,,country_mismatch,CSV2GEO,Hrvatska,street
8945faf4badf4eca,Biograd na moru,Zadar County,CROATIA,43.93923,15.44692,0.71,,low_relevance,CSV2GEO,Hrvatska,city
d3b6119e93f898d8,"Lika-Senj, Pag Island",Zadar County,CROATIA,44.467219,14.991688,1.0,1.705,validated,CSV2GEO,Croatia,
1e98f4611fa86443,Novigrad,Zadar County,CROATIA,44.18228,15.54237,0.63,,low_relevance,CSV2GEO,Hrvatska,city
d85f58bca7f606dc,Havana Harbor,,CUBA,23.13211,-82.36749,0.5,,low_relevance,CSV2GEO,Cuba,city
fe904f1579cdc277,off Neuvitas,,CUBA,21.53877,-77.26422,0.64,,low_relevance,CSV2GEO,Cuba,city
a6f78756d3d70cad,Santa Lucia,Camaguey Province,CUBA,21.38265,-77.16906,0.69,,low_relevance,CSV2GEO,Cuba,street
3381898ec9d9e1d5,Cienfuegos,Cienfuegos Province,CUBA,22.23443,-78.9211,0.71,,low_relevance,CSV2GEO,Cuba,street
c340d87e34863912,10 miles off Cape Maisi,Guantanamo Province,CUBA,20.26128,-74.16058,0.41,,low_relevance,CSV2GEO,Cuba,city
babcc24a31b754af,30 nm southeast of Guantanamo Bay,Guantanamo Province,CUBA,20.15061,-75.20494,0.43,,low_relevance,CSV2GEO,Cuba,street
bb20c3b5e2c83976,Guantanamo,Guantanamo Province,CUBA,20.15061,-75.20494,0.71,,low_relevance,CSV2GEO,Cuba,street
3320a5525a4c872e,Guantanamo Bay,Guantanamo Province,CUBA,20.15061,-75.20494,0.65,,low_relevance,CSV2GEO,Cuba,street
dc8ea4938bbd017a,Havana,Havana Province,CUBA,23.13211,-82.36749,0.6,,low_relevance,CSV2GEO,Cuba,city
057f2b6f81152453,"LaPlaya Beach, Vedado",Havana Province,CUBA,23.05136,-82.2737,0.5,,low_relevance,CSV2GEO,Cuba,street
add1bdac304fbfe7,"Miramar subdivision, Havana",Havana Province,CUBA,23.12988,-82.36884,0.53,,low_relevance,CSV2GEO,Cuba,street
0e51485857f7b85b,"Miramar, Havana",Havana Province,CUBA,23.12286,-82.42227,0.7,,low_relevance,CSV2GEO,Cuba,street
b6660af83663cc59,"Off Jaimanitas Yacht Club, Havana",Havana Province,CUBA,23.08989,-82.48289,0.52,,low_relevance,CSV2GEO,Cuba,street
7c3ec67e789ad0f6,"Vedado Baths, Miramar",Havana Province,CUBA,23.12286,-82.42227,0.41,,low_relevance,CSV2GEO,Cuba,street
8cb4ac682b80ee3c,Guardalavaca Beach,Holquin Province,CUBA,20.91688,-76.19344,0.56,,low_relevance,CSV2GEO,Cuba,street
6612657896f9b729,Off Blau Costa Verde resort,Holquin Province,CUBA,20.799282,-75.992765,1.0,22.506,validated,CSV2GEO,Cuba,
5af3bfa30c153aa4,Uvero,Santiago de Cuba Province,CUBA,19.94706,-76.60318,0.7,,low_relevance,CSV2GEO,Cuba,street
d84e5bb5ba04878c,Caibarien Harbor,Villa Clara Province,CUBA,22.5157,-79.47249,0.58,,low_relevance,CSV2GEO,Cuba,city
437b95a2ee40aaab,Larnaca,Southern Cyprus,CYPRUS,34.9187,33.63656,0.97,0.391,validated,CSV2GEO,Κύπρος,poi
506fbaa9a5dba61f,Boca Chica,,DOMINICAN REPUBLIC,18.45409,-69.60559,1.0,,country_mismatch,CSV2GEO,República Dominicana,city
afa7e76263585c18,Boeing 757 enroute from Porta Plata,12 miles off the north coast,DOMINICAN REPUBLIC,38.019252,-122.863125,1.0,,country_mismatch,CSV2GEO,United States,
f611acb7972c6393,"Bavaro Beach, Punta Cana",Altagracia Province,DOMINICAN REPUBLIC,18.66457,-68.39749,0.78,1.498,validated,CSV2GEO,República Dominicana,poi
848acacb503760b6,Mona Passage,Between DR and Puerto Rico,DOMINICAN REPUBLIC,18.082905,-67.892747,1.0,,country_mismatch,CSV2GEO,Puerto Rico,
68f26856ca5fd44e,Rio Haina Port,Santo Domingo,DOMINICAN REPUBLIC,18.42333,-70.01463,0.83,1.086,validated,CSV2GEO,República Dominicana,poi
97aa7602ae6c3fec,Crewing on the tuna clipper Mary Barbara,Galapagos Islands,ECUADOR,-0.383106,-90.423334,1.0,,country_mismatch,CSV2GEO,Ecuador,
48d282c794e6fce8,Isla Isabella,Galapagos Islands,ECUADOR,-0.9568,-90.96728,0.74,,low_relevance,CSV2GEO,Ecuador,poi
a5aed6c5378f259a,"Punta Vicente Roca, Isabella Island",Galapagos Islands,ECUADOR,-0.053552,-91.560751,1.0,,country_mismatch,CSV2GEO,Ecuador,
acea072b545089d6,San Cristobal Island,Galapagos Islands,ECUADOR,-0.90495,-89.60919,0.62,,low_relevance,CSV2GEO,Ecuador,region
6a1bfc910dae9242,Santa Cruz,Galapagos Islands,ECUADOR,-0.74729,-90.31334,0.99,,country_mismatch,CSV2GEO,Ecuador,poi
f1afacae640dff38,Santa Fe Island,Galapagos Islands,ECUADOR,-2.22459,-80.85481,0.57,,low_relevance,CSV2GEO,Ecuador,street
f2fe00d498fced41,"Playa Brava, Turtle Bay",Santa Cruz Island,ECUADOR,34.023206,-119.765766,1.0,,country_mismatch,CSV2GEO,United States,
cc8a1ae06f5a5506,"Coral Bay, Sharm-el-Sheikh",,EGYPT,27.91626,34.34874,0.99,,country_mismatch,CSV2GEO,مصر,poi
895271e457ca28cd,Daedalus Reef,,EGYPT,24.95,35.833333,1.0,,country_mismatch,CSV2GEO,,
b7d6d898d2700d70,Marsa Alam,,EGYPT,25.06846,34.88789,0.89,0.868,validated,CSV2GEO,مصر,city
08fda4477eaeba36,Mersa Matruh,,EGYPT,31.35638,27.23842,1.0,1.7,validated,CSV2GEO,مصر,city
6ca1b19ee3805549,South of Hurghada,,EGYPT,27.40871,33.67416,0.87,0.062,validated,CSV2GEO,مصر,poi
c06b015bc48d0e7f,Off Ras Gharib,Gulf of Suez,EGYPT,28.362701,33.081677,1.0,0.857,validated,CSV2GEO,Egypt,
fc65eb6d2e56b87f,"Tzortzou Reef, Marsa Matruh",Mediterranean Sea,EGYPT,31.03527,28.5917,0.64,,low_relevance,CSV2GEO,مصر,poi
9e8f6ba6d7ef396b,A few miles south of Port Suez,Red Sea,EGYPT,,,,,missing_or_invalid_coordinate,CSV2GEO,?,
9d319558f13afe0a,Elphinstone Reef,Red Sea,EGYPT,20.280232,38.512573,1.0,,country_mismatch,CSV2GEO,,
3a7e24818c6e7055,Southern end of the Sinai Peninsula,Red Sea,EGYPT,29.5,34.0,1.0,74.355,too_far_inland,CSV2GEO,Egypt,
d6f1e3ad1d55ca8e,Marsa Ghalib,Red Sea Protectorate,EGYPT,20.280232,38.512573,1.0,,country_mismatch,CSV2GEO,,
86aea5ec1d58fa06,Off Sharm El-Sheikh,Sinai Peninsula,EGYPT,27.94257,34.36142,0.9,1.602,validated,CSV2GEO,مصر,poi
b091430b1d67611c,Sharm el-Sheikh,Sinai Peninsula,EGYPT,28.41568,33.60144,0.67,,low_relevance,CSV2GEO,مصر,street
24c106cd8105b963,The lagoon at Dahab,Sinai Peninsula,EGYPT,28.4795,34.49992,0.63,,low_relevance,CSV2GEO,مصر,poi
45fc79921ac55395,"Middle Garden, Sharm el-Shiekh",South Sinai Peninsula,EGYPT,27.94257,34.36142,0.73,,low_relevance,CSV2GEO,مصر,poi
8d353b91de735844,Sharm el-Sheikh,South Sinai Peninsula,EGYPT,27.92176,34.35261,0.72,,low_relevance,CSV2GEO,مصر,street
0636799585377441,Ain Sokhna,Suez,EGYPT,29.67491,32.33721,1.0,2.045,validated,CSV2GEO,مصر,city
2e667af5b8888471,50 miles off Port La Libertad,La Libertad,EL SALVADOR,13.48085,-89.15502,0.59,,low_relevance,CSV2GEO,El Salvador,city
9ad11cecdbec19f6,El Cocal Beach,La Libertad,EL SALVADOR,13.48655,-89.34804,0.77,,country_mismatch,CSV2GEO,El Salvador,poi
adf95a8422ca30ec,La Libertad,La Libertad,EL SALVADOR,13.48845,-89.32155,1.0,,country_mismatch,CSV2GEO,El Salvador,city
8a9c852657fa460f,near El Cocal Beach,La Libertad,EL SALVADOR,13.97727,-89.69033,0.38,,low_relevance,CSV2GEO,El Salvador,city
c3dcae89e6d29459,Isle of Wight,,ENGLAND,50.68047,-1.33628,1.0,6.439,validated,CSV2GEO,United Kingdom,region
477e48d5ef0041eb,Teignmouth,Devon,ENGLAND,50.54836,-3.50005,1.0,0.361,validated,CSV2GEO,United Kingdom,city
e31524fbe18b3d70,Hornsea,East Yorkshire,ENGLAND,53.81971,-1.86271,0.95,66.892,too_far_inland,CSV2GEO,United Kingdom,street
7fa3b158a0c50804,Off the south Devon coast,In the English Channel,ENGLAND,50.621462,-2.274737,1.0,,country_mismatch,CSV2GEO,United Kingdom,
2f8ee4668e98366d,Off Shanklin,Isle of Wight,ENGLAND,50.62698,-1.17921,0.86,1.05,validated,CSV2GEO,United Kingdom,city
de7969cb542e786a,Folkestone,Kent,ENGLAND,51.08447,1.17794,1.0,0.571,validated,CSV2GEO,United Kingdom,city
04b9a0b10daf028a,Lundy Island,North Devon,ENGLAND,51.17263,-4.66818,0.76,0.306,validated,CSV2GEO,United Kingdom,poi
55e990930d29eadd,The Fountain Pub in Tenbury Wells,Worcestershire,ENGLAND,52.29799,-2.60025,0.87,58.676,too_far_inland,CSV2GEO,United Kingdom,poi
405cdf478b9203f8,"Koop Reef, Truk (Chuuk)",Eastern Caroline Islands,FEDERATED STATES OF MICRONESIA,7.44688,151.747339,1.0,,country_mismatch,CSV2GEO,Micronesia,
55ae5100c9252513,70 miles from Suva,,FIJI,-20.36103,146.20101,0.4,,low_relevance,CSV2GEO,Australia,city
b7882670149e1e4d,Matacucu Reef,,FIJI,,,,,missing_or_invalid_coordinate,CSV2GEO,?,
43696077767d3654,Near Lautoka,,FIJI,-17.607049,177.461263,1.0,1.663,validated,CSV2GEO,Fiji,
0a89eee03a809a3c,Nukudamu,,FIJI,-26.88142,152.06744,0.5,,low_relevance,CSV2GEO,Australia,city
22d4f2b80fccb9b7,Savuli Reef,,FIJI,31.366776,50.00943,1.0,,country_mismatch,CSV2GEO,Iran,
2560b31db749fc9f,a river,,FIJI,-34.88399,138.64155,0.83,,country_mismatch,CSV2GEO,Australia,street
96573b03617d4ec5,"Wotua Beach, 70 miles from Suva","19S, 178?E",FIJI,-18.126556,178.439908,1.0,0.006,validated,CSV2GEO,Fiji,
00f243166cc56f0e,"Tovu, Totoya Island",Lau Group,FIJI,-10.21876,142.23429,0.33,,low_relevance,CSV2GEO,Australia,city
4675b565cfbf7e07,"Dravuwalu, Totoya Island",Lau Province,FIJI,-18.967963,-179.817721,1.0,,country_mismatch,CSV2GEO,Fiji,
1b3cc6b013007610,"Taibaisa Passage, Gau Island",Lomaiviti Island Group,FIJI,-18.011237,179.313206,1.0,3.471,validated,CSV2GEO,Fiji,
4cade28229724329,"Levuka, Ovalau Island",Lomaiviti Province,FIJI,-17.681723,178.832303,1.0,0.026,validated,CSV2GEO,Fiji,
94988a82827e4619,Tuvuca Isalnd,"Lomaloma, Lau",FIJI,-17.671301,-178.821498,1.0,,country_mismatch,CSV2GEO,Fiji,
a3de9f3617b8721b,"Covull Reef, near Lautoka",Northwest of Viti Levu,FIJI,-17.607049,177.461263,1.0,1.663,validated,CSV2GEO,Fiji,
c928805ada616858,Nara Reef,Off Vanua Levu,FIJI,-16.626823,179.017933,1.0,15.671,validated,CSV2GEO,Fiji,
ab6b06b317313a0a,Garden Island Resort,Taveuni,FIJI,-34.80754,138.53516,0.48,,low_relevance,CSV2GEO,Australia,city
defe85cb98019738,Off a small island 5 km from Garden Island Resort,Taveuni,FIJI,-16.79101,-179.996872,1.0,0.579,validated,CSV2GEO,Fiji,
01fa19eb775d1aa9,Welagi coastal reef off Drekeniwai,Taveuni,FIJI,-16.705016,-179.908384,1.0,1.376,validated,CSV2GEO,Fiji,
8badda0a46a45acb,"Nailou Village, Tunuloa Natewa Bay",Vanua Levu,FIJI,-16.516695,179.849139,1.0,0.606,validated,CSV2GEO,Fiji,
f5ea5aed91821f31,Off the Bua coast,Vanua Levu,FIJI,-16.626823,179.017933,1.0,15.671,validated,CSV2GEO,Fiji,
210ef23e7c63c8cd,Korolevu (South coast between Nadi & Suva),Vita Levu,FIJI,-18.126556,178.439908,1.0,0.006,validated,CSV2GEO,Fiji,
b236269e71847d1a,Naviti,Vita Levu,FIJI,-18.226171,177.773646,1.0,,country_mismatch,CSV2GEO,Fiji,
c68bff8caf9661df,Rewa River,Vita Levu,FIJI,-33.94152,115.06242,0.65,,low_relevance,CSV2GEO,Australia,street
f3dc15b2876c331d,Near Suva,Viti Levu,FIJI,-18.126556,178.439908,1.0,0.006,validated,CSV2GEO,Fiji,
a62ed5309b35be57,Singatoka River,Viti Levu,FIJI,-18.172125,177.516709,1.0,,country_mismatch,CSV2GEO,Fiji,
ba662c95547a923c,Suva Harbor,Viti Levu,FIJI,-18.132312,178.426037,1.0,,country_mismatch,CSV2GEO,Fiji,
5b63b7053134b4d9,Navua,Viti Levu Island,FIJI,-9.59059,143.75743,0.42,,low_relevance,CSV2GEO,Australia,city
da64ca338da10068,Rewa River,Viti Levu Island,FIJI,-35.77952,137.76421,0.56,,low_relevance,CSV2GEO,Australia,street
9356ffa6a5b26a8d,Suva Harbor,Viti Levu Island,FIJI,-18.132312,178.426037,1.0,,country_mismatch,CSV2GEO,Fiji,
793ce97824e22a87,"Suva Harbor, Suva",Viti Levu Island,FIJI,-18.132312,178.426037,1.0,,country_mismatch,CSV2GEO,Fiji,
ebba74dcff743f31,Tamavua River,Viti Levu Island,FIJI,-18.117683,178.433096,1.0,0.057,validated,CSV2GEO,Fiji,
4bbc0acbb730024d,Beqa,Viti Levu group,FIJI,-18.382759,178.119376,1.0,,country_mismatch,CSV2GEO,Fiji,
f015f46ea0a8ecb1,"Malake Island, Ra Province",Vitu Levu,FIJI,-17.320139,178.141339,1.0,,country_mismatch,CSV2GEO,Fiji,
b06127afe312a087,Nabukeru,Yasawa Islands,FIJI,-16.841756,177.466898,1.0,,country_mismatch,CSV2GEO,Fiji,
8b024efc5016f3bb,Turtle Island,Yasawa Islands,FIJI,-16.958915,177.37487,1.0,,country_mismatch,CSV2GEO,Fiji,
e363686be8d50049,Waya Island,Yasawa Islands,FIJI,-17.3,177.133333,1.0,,country_mismatch,CSV2GEO,Fiji,
d287d0a9ee5b8d8c,Gruissan,Gulf of Lyons,FRANCE,43.11115,3.09586,0.42,,low_relevance,CSV2GEO,France,city
bcc78f30ba103847,Wallis Island,Wallis and Futuna,FRANCE,-13.295911,-176.205684,1.0,,country_mismatch,CSV2GEO,Wallis and Futuna,
fb9f54a917572626,Anau,Bora Bora,FRENCH POLYNESIA,-29.95043,150.6154,0.67,,low_relevance,CSV2GEO,Australia,rooftop
009d86a3e105ee26,"Tupapati, Hikueru Atoll",Central Tuamotu,FRENCH POLYNESIA,-17.547886,-142.66869,1.0,,country_mismatch,CSV2GEO,French Polynesia,
dde5af0e57dce717,"Atuona Bay, Hiva Oa Island",Marquesas,FRENCH POLYNESIA,-9.809205,-139.037526,1.0,,country_mismatch,CSV2GEO,French Polynesia,
4c955b432efec52f,Tiahura Lagoon,Moorea,FRENCH POLYNESIA,-17.492819,-149.897733,1.0,1.221,validated,CSV2GEO,French Polynesia,
e05b45ff81d94b33,Avatoru Pass,Rangiroa,FRENCH POLYNESIA,-14.94342,-147.710131,1.0,,country_mismatch,CSV2GEO,French Polynesia,
809478e38a9176a8,Huahine,Society Islands,FRENCH POLYNESIA,-16.788265,-150.988924,1.0,1.116,validated,CSV2GEO,French Polynesia,
c0a4945cb9783696,Moorea,Society Islands,FRENCH POLYNESIA,-17.538844,-149.829523,1.0,1.283,validated,CSV2GEO,French Polynesia,
da29b41676943d46,"Tapu, a dive site on the outer reefs of Bora Bora",Society Islands,FRENCH POLYNESIA,-16.500413,-151.74149,1.0,,country_mismatch,CSV2GEO,French Polynesia,
5bf4eb9d1cdd2e77,"Teahupoo, Tahiti",Society Islands,FRENCH POLYNESIA,-17.847078,-149.267708,1.0,0.156,validated,CSV2GEO,French Polynesia,
47a6a1049d823aae,Tetiaroa,Society Islands,FRENCH POLYNESIA,-16.998977,-149.582962,1.0,,country_mismatch,CSV2GEO,French Polynesia,
e824aa3d0a206d65,Takapoto Atoll,Tuamotos,FRENCH POLYNESIA,-14.6272,-145.192784,1.0,,country_mismatch,CSV2GEO,French Polynesia,
3674e410cc1920cf,Kaukura Atoll,Tuamotus,FRENCH POLYNESIA,-15.741379,-146.673833,1.0,,country_mismatch,CSV2GEO,French Polynesia,
891cc1156b181f67,"North Pass, Fakarava",Tuamotus,FRENCH POLYNESIA,-16.310318,-145.624559,1.0,,country_mismatch,CSV2GEO,French Polynesia,
04d0a497fc1e8c01,"Outer edge of Hikueru, one of the Central Tuamotu atolls",Tuamotus,FRENCH POLYNESIA,-17.548974,-142.613645,1.0,0.253,validated,CSV2GEO,French Polynesia,
8fa4444e387c07f0,Rangiroa,Tuamotus,FRENCH POLYNESIA,-15.116228,-147.651302,1.0,,country_mismatch,CSV2GEO,French Polynesia,
15084ebf73a0bdfd,Owendo,Estuaire Province,GABON,0.288285,9.510145,1.0,,country_mismatch,CSV2GEO,Gabon,
4aaedf3f45b8a751,Jack McKenney\'s Canyon,East Wall,GRAND CAYMAN,53.354387,-6.235787,1.0,,country_mismatch,CSV2GEO,Ireland,
1905b44db36aa7bb,33 nautical miles off Othonoi Island,,GREECE,39.851647,19.396167,1.0,,country_mismatch,CSV2GEO,Greece,
467591271c449dd8,Kalamata,,GREECE,37.04294,22.11143,1.0,1.533,validated,CSV2GEO,Ελλάδα,city
304359399206c588,"Piraeus, Athens",,GREECE,37.9647,23.7236,0.95,3.631,validated,CSV2GEO,Ελλάδα,poi
54efc9d316d872ac,Salonika?,,GREECE,40.63957,22.93709,0.87,0.929,validated,CSV2GEO,Ελλάδα,city
f972a2a2b7b66931,Keratsini,Attica,GREECE,37.95857,23.62399,0.99,0.764,validated,CSV2GEO,Ελλάδα,poi
e843835737e099f8,near Trikerion Island,Thessaly,GREECE,39.10151,23.07418,0.52,,low_relevance,CSV2GEO,Ελλάδα,city
bfff0a4283da6feb,Black Point Bay,St. Georges,GRENADA,-28.03745,148.58076,0.36,,low_relevance,CSV2GEO,Australia,city
0f00505787d7c47d,Ritidian Point,North Region,GUAM,13.652646,144.857904,1.0,,country_mismatch,CSV2GEO,Guam,
158825fff89eb727,Off the Demerara River,Demerara County,GUYANA,5.776406,-58.394898,1.0,73.434,too_far_inland,CSV2GEO,Guyana,
e8ba5aa34a817b1c,Essequibo River Mouth,Essequibo,GUYANA,4.25025,-58.544001,1.0,198.362,too_far_inland,CSV2GEO,Guyana,
224c64ebb947300b,Marine Dock,Cape Haitien,HAITI,19.74175,-72.19483,0.48,,low_relevance,CSV2GEO,Haïti,city
d47ea9ae96bf4bd7,"Basalt Island, 9km from Silverstrand",,HONG KONG,22.315638,114.365341,1.0,,country_mismatch,CSV2GEO,Hong Kong,
6b50d93f8c90e821,Junk Bay,,HONG KONG,22.291648,114.258549,1.0,,country_mismatch,CSV2GEO,Hong Kong,
448fa615c3b3e762,Mirs Bay,,HONG KONG,22.529907,114.393566,1.0,,country_mismatch,CSV2GEO,,
42975c3fd1aee0c6,Tweed Beach,,HONG KONG,41.247748,-72.901974,1.0,,country_mismatch,CSV2GEO,United States,
878f1a71c45ac5ae,First Beach,Clearwater Bay,HONG KONG,22.29201,114.29025,0.96,0.45,validated,CSV2GEO,Hong Kong SAR,poi
a3d5cbaf7b05299f,Sai Kung,Kowloon Peninsula,HONG KONG,22.31147,114.19024,0.8,,country_mismatch,CSV2GEO,Hong Kong SAR,rooftop
46613bd7476e45fb,Sai Kung Beach,New Territories,HONG KONG,22.38566,114.27143,0.81,0.224,validated,CSV2GEO,Hong Kong SAR,city
7320097b5294a99b,Sheung Sz Wan,New Territories,HONG KONG,22.30637,114.2906,0.99,0.144,validated,CSV2GEO,Hong Kong SAR,street
7d8f35bc5f04ff39,Sheung Sze Wan Beach,New Territories,HONG KONG,22.30637,114.2906,0.84,0.144,validated,CSV2GEO,Hong Kong SAR,street
2afc50fd7bb90e87,Silverstrand,New Territories,HONG KONG,22.2864,114.03797,0.77,,country_mismatch,CSV2GEO,Hong Kong SAR,poi
17eb66ee78250a33,Silverstrand,"On the Kowloon penisula, south of Sai Kung",HONG KONG,22.32398,114.26973,0.39,,low_relevance,CSV2GEO,Hong Kong SAR,street
6b064a14505e267a,"Silverstrand Beach, near Hung Hau",Port Shelter,HONG KONG,22.322619,114.272251,1.0,,country_mismatch,CSV2GEO,Hong Kong,
ecc07a9ded4a3b5e,Chennai,,INDIA,13.08394,80.28267,1.0,1.103,validated,CSV2GEO,India,city
c4f0cf790d1a9857,Off Trivandrum (west coast),,INDIA,8.48417,76.9563,0.77,4.512,validated,CSV2GEO,India,street
13ed3bee51f71e00,"Triplicane Beach, Chennai",,INDIA,13.05418,80.28191,0.99,0.305,validated,CSV2GEO,India,street
7ce248efa55086ab,Machhagan,Orissa,INDIA,18.8076,82.63308,0.93,130.437,too_far_inland,CSV2GEO,India,city
92cc953e97807115,Mouth of Devi River at Machgaon,Orissa,INDIA,19.978483,86.383285,1.0,,country_mismatch,CSV2GEO,India,
cffad2b47452d438,Chennai (formerly Madras),Tamil Nadu,INDIA,13.2146,80.17509,0.73,,low_relevance,CSV2GEO,India,city
fa554a152223188b,"Mahabalipuram beach, 37 km south of Chennai",Tamil Nadu,INDIA,12.78719,80.22074,0.76,3.741,validated,CSV2GEO,India,intersection
853267523905cf0e,"Vanagiri, Madras (Chennai)",Tamil Nadu,INDIA,13.04841,80.24154,0.87,4.619,validated,CSV2GEO,India,street
a36040fbbf5ec450,Hooghley River near Budge-Budge,West Bengal,INDIA,22.48834,88.20695,0.54,,low_relevance,CSV2GEO,India,city
7b5100fdf7a4297f,Between Straits of Malacca and Sri Lanka,,INDIAN OCEAN,7.873054,80.771797,1.0,,unknown_country_boundary,CSV2GEO,Sri Lanka,
c09275335b2fcb0f,Bound from Cape Town for St. Helena,,INDIAN OCEAN,-33.922087,18.423142,1.0,,unknown_country_boundary,CSV2GEO,South Africa,
c04835e758a1aa03,40 miles from Tahane Island,,INDONESIA,,,,,missing_or_invalid_coordinate,CSV2GEO,?,
048d8c343d5b2d4b,Bali,,INDONESIA,-8.13676,123.9585,1.0,,country_mismatch,CSV2GEO,ID,
bf6b43bd53a5d415,Rhio Strait,30 nm from Singapore,INDONESIA,1.352083,103.819836,1.0,,country_mismatch,CSV2GEO,Singapore,
074ed4db19ce03fc,Tabanan,Bali,INDONESIA,-8.50602,115.13353,1.0,10.748,validated,CSV2GEO,Indonesia,city
cefa2c4ccb3e230b,Waewerang,East Flores,INDONESIA,-8.38588,123.16479,0.68,,low_relevance,CSV2GEO,Indonesia,street
f0f7c1c64e1c36e4,Surabaya,East Java,INDONESIA,-7.28891,112.76723,0.99,6.472,validated,CSV2GEO,Indonesia,poi
dea36934aa44fc26,On rock near Yacht Club,Jakarta Harbour,INDONESIA,-6.194449,106.82292,1.0,10.087,validated,CSV2GEO,Indonesia,
12178cc7573b55d6,Jakarta Harbor,Java,INDONESIA,-6.24505,106.79896,0.65,,low_relevance,CSV2GEO,Indonesia,poi
3cb4bb5c73e99c6c,Aru Islands,Maluku Province,INDONESIA,-6.19465,134.550194,1.0,12.735,validated,CSV2GEO,Indonesia,
28ef02be27115d51,Near Belawan,North Sumatra,INDONESIA,3.7827,98.68579,0.59,,low_relevance,CSV2GEO,Indonesia,street
cb96abd4fd90de90,Off Rakit Island,Nusa Tenggara,INDONESIA,-8.88939,116.27647,0.69,,low_relevance,CSV2GEO,Indonesia,poi
e480b5cb910de8ff,"Ramin, near Ahvaz",,IRAN,31.318327,48.670619,1.0,93.549,too_far_inland,CSV2GEO,Iran,
dbd21baa26e63c59,A village a short distance from Hesamabad,Karun River,IRAN,31.938396,48.929354,1.0,157.226,too_far_inland,CSV2GEO,Iran,
8edd747f79756e70,Hesamabad,Karun River,IRAN,31.53219,53.78605,0.5,,low_relevance,CSV2GEO,Iran,city
2e6b778881d0d167,"near Band Misan in Shustar, 420 km from the sea",Karun River,IRAN,31.871935,48.799512,1.0,150.952,too_far_inland,CSV2GEO,Iran,
b8eca37f2845cc28,"Dorquain, on the Karun River",Khuzestan Province,IRAN,31.383216,49.130374,1.0,95.69,too_far_inland,CSV2GEO,Iran,
5e7a086987a300b2,Abadan,Shat-Al-Arab River,IRAN,30.366641,48.275471,1.0,37.883,too_far_inland,CSV2GEO,Iran,
20817c4925e88b00,River Tigris,,IRAQ,34.723142,43.80901,1.0,,too_far_inland,CSV2GEO,,
08c5e2b8925abdcc,Shatt-al Arab River,,IRAQ,30.80559,47.9047,0.69,,low_relevance,CSV2GEO,العراق,city
28ec27c0a7c3bc71,Shatt-al Arab River,Basrah,IRAQ,30.57607,47.78455,0.73,,low_relevance,CSV2GEO,العراق,poi
78ce31d9ca62c875,Shatt-al-Arab River near Abu al Khasib,Basrah,IRAQ,30.80559,47.9047,0.46,,low_relevance,CSV2GEO,العراق,city
8a85fb7bcf68497a,"Ashar Canal, where people wash clothes & kitchen pans",Basrah City,IRAQ,30.521184,47.842036,1.0,46.644,too_far_inland,CSV2GEO,Iraq,
bbcb1c001edf9a73,82 miles from Fastnet,Off Ireland,IRELAND,51.86586,-8.33717,0.53,,low_relevance,CSV2GEO,Ireland,rooftop
1cfacca296ace926,Nabi Rubin,,ISRAEL,32.81458,35.1699,1.0,11.131,validated,CSV2GEO,ישראל,street
49fd3c03dcce4a88,Jura Village,Gaza,ISRAEL,31.501695,34.466845,1.0,4.132,validated,CSV2GEO,,
e791f27e28e3818f,"North Beach, Eilat",Red Sea,ISRAEL,29.55504,34.9522,0.52,,low_relevance,CSV2GEO,ישראל,poi
5ec0d72c78558bf1,2 km north of Apollonia,Sharon,ISRAEL,32.26721,34.84053,0.32,,low_relevance,CSV2GEO,ישראל,street
8964d2c60c3f6e0a,Ashdod,Southern District,ISRAEL,31.78521,34.6611,0.64,,low_relevance,CSV2GEO,ישראל,poi
fba4eaca1ed444bf,Lampedusa Island,,ITALY,35.50174,12.61351,1.0,0.89,validated,CSV2GEO,Italia,poi
388f3dbad598db76,Rimini,,ITALY,44.05542,12.57004,1.0,2.262,validated,CSV2GEO,Italia,city
0122fad9924549c8,Savona,,ITALY,44.30582,8.48364,1.0,,country_mismatch,CSV2GEO,Italia,city
3abd77b909021b5b,Tyrrhenian Sea,40 miles south of Naples,ITALY,40.851798,14.26812,1.0,1.364,validated,CSV2GEO,Italy,
217cf53204acc3c0,Riccione,Adriatic Sea,ITALY,43.98827,12.67144,0.84,1.208,validated,CSV2GEO,Italia,street
66283d23a3fca40d,San Benedetto,Adriatic Sea,ITALY,42.94916,13.87771,0.69,,low_relevance,CSV2GEO,Italia,street
b3f99aeb01db01d1,Ancona,Ancona Province,ITALY,43.60834,13.45421,0.95,1.144,validated,CSV2GEO,Italia,poi
f7f9b8763deead86,Brindisi,Brindisi Province,ITALY,40.64003,17.94316,0.99,1.252,validated,CSV2GEO,Italia,poi
f22cbb814cb10f29,Cosenza,Calabria,ITALY,39.29319,16.25699,1.0,18.094,validated,CSV2GEO,Italia,city
5f86a1b53cfece6a,Nicotera,Calabria,ITALY,38.55463,15.93899,1.0,2.054,validated,CSV2GEO,Italia,city
de3ac62ee8c9ccad,Riva Trigoso,Genoa Province,ITALY,44.25964,9.42346,0.67,,low_relevance,CSV2GEO,Italia,city
160e69a464c510ac,Varazze,Golfo di Genova in the Ligurian Sea,ITALY,44.41048,8.93917,0.36,,low_relevance,CSV2GEO,Italia,city
97946e4f0bce92ca,Finale Ligure,Liguaria,ITALY,44.17215,8.35885,0.95,0.114,validated,CSV2GEO,Italia,city
39f2cbdd567d502f,"Galliera dock, Genoa",Liguria,ITALY,44.40966,8.95332,0.83,0.967,validated,CSV2GEO,Italia,street
7aba6863a23ac656,"Marinella Sarzana, La Spezia",Liguria,ITALY,44.04735,10.01653,1.0,,country_mismatch,CSV2GEO,Italia,poi
c8e4b96c451fffa0,Savona,Liguria,ITALY,44.30582,8.48364,1.0,,country_mismatch,CSV2GEO,Italia,city
67ea5f7eca764f0d,"Genova, S. Nazaro",Ligurian Sea,ITALY,44.40212,8.68528,0.71,,low_relevance,CSV2GEO,Italia,poi
b1aff02e5c0295ab,"Portofino, 20 miles offshore",Ligurian Sea,ITALY,44.30439,9.2071,0.46,,low_relevance,CSV2GEO,Italia,city
9b521924c864cf30,Ippocampo,Manfredonia,ITALY,41.51295,15.90364,1.0,0.277,validated,CSV2GEO,Italia,city
46d5e4fb58986970,"Torre del Greco, Naples",Naples Province,ITALY,40.86598,14.27643,0.76,2.87,validated,CSV2GEO,Italia,poi
84617c9c92b189f5,Bovalino,Reggio Calabria Province,ITALY,38.16543,16.16009,0.95,2.182,validated,CSV2GEO,Italia,street
fc06b0566788d737,Amalfi,Salerno,ITALY,40.63389,14.60322,1.0,,country_mismatch,CSV2GEO,Italia,city
831730bdd8058839,Salerno,Salerno Province,ITALY,40.67348,14.77125,0.64,,low_relevance,CSV2GEO,Italia,city
d828f41e947eb818,Golfo di Oristano,Sardinia,ITALY,39.90603,8.59132,0.7,,low_relevance,CSV2GEO,Italia,city
03595707e6c66a93,Muravera,Sardinia,ITALY,39.41991,9.58016,1.0,3.521,validated,CSV2GEO,Italia,city
6708d6302c388225,Albenga,Savona,ITALY,44.0488,8.21516,1.0,0.247,validated,CSV2GEO,Italia,city
b33fe24cbc5c67c5,Catania,Sicily,ITALY,37.47064,15.06541,1.0,2.233,validated,CSV2GEO,IT,
0e585fff1ea87a96,Off Mondello Lighthouse,Sicily,ITALY,38.2061,13.3196,0.69,,low_relevance,CSV2GEO,Italia,poi
a948e6aa68f13063,Punta Secca,Sicily,ITALY,36.78973,14.49364,1.0,,country_mismatch,CSV2GEO,Italia,city
6f534cac00bc05b0,Stretto di Messina,Sicily,ITALY,38.22218,15.56429,0.91,0.231,validated,CSV2GEO,Italia,street
7f16b96ea0e92395,Torre Colimena,Taranto,ITALY,40.29911,17.74391,1.0,0.536,validated,CSV2GEO,Italia,city
0b9d7a169b39681a,"Pulsano, near Taranto",Taranto province,ITALY,40.46537,17.25054,0.55,,low_relevance,CSV2GEO,Italia,city
ecd0f9241221ed8d,Giulianova,Teramo,ITALY,42.75181,13.95496,1.0,1.083,validated,CSV2GEO,Italia,city
ced65274b18d5d4c,"Marinella, between Punta Blanca & Marine del Carrara",Tuscany,ITALY,44.069655,10.082416,1.0,4.124,validated,CSV2GEO,Italy,
0206274cca41ecfd,Viareggio,Tuscany,ITALY,43.88138,10.23526,1.0,0.239,validated,CSV2GEO,Italia,city
2c84326f7c358976,1.5 miles south of San Felice Circeo,Tyrrenian Sea,ITALY,41.2421,13.09677,0.37,,low_relevance,CSV2GEO,Italia,city
2ad8acd0c2e85e51,"Biodola, Isola d\'Elba",Tyrrhenian Sea,ITALY,42.801186,10.268502,1.0,0.418,validated,CSV2GEO,Italy,
4e31876d15a61b39,Capo d\'Anzio,Tyrrhenian Sea,ITALY,41.45,12.633333,1.0,0.086,validated,CSV2GEO,Italy,
92751b5649bb0faa,"Circeo, Secca del Faro",Tyrrhenian Sea,ITALY,41.22505,13.07745,0.32,,low_relevance,CSV2GEO,Italia,city
5ce8edda429962cb,"Circeo, Secca del Quadro",Tyrrhenian Sea,ITALY,41.239369,13.097431,1.0,0.384,validated,CSV2GEO,Italy,
a719f08de718ea6f,"Golfo di Baratti, near Piombino (Tuscany)",Tyrrhenian Sea,ITALY,42.99421,10.53329,0.52,,low_relevance,CSV2GEO,Italia,poi
e8f6eccd17cc3e83,"Lacona, Isola d\'Elba",Tyrrhenian Sea,ITALY,42.75965,10.310025,1.0,0.412,validated,CSV2GEO,Italy,
7845013e6a6eebbe,San Vincenzo,Tyrrhenian Sea,ITALY,43.0822,10.53917,0.46,,low_relevance,CSV2GEO,Italia,city
b483cf22e02408dc,"Sprizze, Isola d\'Elba",Tyrrhenian Sea,ITALY,42.795042,10.21691,1.0,1.187,validated,CSV2GEO,Italy,
842b8b6ae665729e,Chioggia,Venice Province,ITALY,45.21854,12.27839,0.64,,low_relevance,CSV2GEO,Italia,city
d2d3ff50d7a05867,Off Chioggia,Venice Province,ITALY,45.21854,12.27839,0.56,,low_relevance,CSV2GEO,Italia,city
4c999ea9d86bbddd,Off Rocky Point,Clarendon,JAMAICA,17.77533,-77.25931,0.86,1.792,validated,CSV2GEO,Jamaica,city
ad36802118160581,Pedro Cays,Kingston Parish,JAMAICA,17.96768,-76.76831,0.61,,low_relevance,CSV2GEO,Jamaica,street
c7bd777d11967347,Port Royal,Kingston Parish,JAMAICA,17.93861,-76.84043,0.74,,low_relevance,CSV2GEO,Jamaica,city
0d2795bb34e1616d,Pillikin Red Light area,St. Catherine,JAMAICA,18.03472,-76.97711,0.45,,low_relevance,CSV2GEO,Jamaica,street
25812db6f5e65d99,"Priestman\'s River area, East Portland",St. Mary\'s Parish,JAMAICA,18.13982,-76.33776,0.54,,low_relevance,CSV2GEO,Jamaica,poi
83df07c5511be5a4,Bogue (near Falmouth),Trelawney Province,JAMAICA,18.49221,-77.65374,0.47,,low_relevance,CSV2GEO,Jamaica,city
c47f480494eb15ca,Cabaritta River mouth,Westmoreland Parish,JAMAICA,18.2244,-78.12679,0.32,,low_relevance,CSV2GEO,Jamaica,city
04dd1bae00ccc59d,Atsumi Peninsula,Aichi Prefecture,JAPAN,35.18023,136.90674,0.5,,low_relevance,CSV2GEO,日本,region
d7f8fa64b3639085,Aichi,Atsumi peninsula,JAPAN,34.74373,136.87772,0.5,,low_relevance,CSV2GEO,日本,city
b73c7adf028477e7,"1.5 km north of Igata-cho, 60 km south of Matsyama",Ehime Prefecture,JAPAN,33.83917,132.7656,0.43,,low_relevance,CSV2GEO,日本,city
86cafb17362a0a4f,Iyo,Ehime Prefecture,JAPAN,33.7874,132.71139,1.0,1.468,validated,CSV2GEO,日本,region
30e78885eeee9f3c,"Nagahama-cho, 40 km southwest of Matsuyama",Ehime Prefecture,JAPAN,33.83917,132.7656,0.48,,low_relevance,CSV2GEO,日本,city
c01a04c52e548b47,"Mikura-jima Island, 150 miles south of Tokyo",Izo Islands,JAPAN,33.89739,139.5958,0.33,,low_relevance,CSV2GEO,日本,city
415ceba62813c6ba,Sakaide,Kagawa Prefecture,JAPAN,34.31671,133.86053,1.0,0.414,validated,CSV2GEO,日本,city
2815e12e9202c587,Tatsugo-cho,Kagoshima Prefecture,JAPAN,28.41319,129.58942,1.0,3.231,validated,CSV2GEO,日本,city
d3ad798a8f1a44e8,Irino Beach,Kochi Prefecture,JAPAN,33.02382,133.01005,0.8,0.709,validated,CSV2GEO,日本,city
bb44d71249b4b3f5,Ariake Bay,Kumamoto Prefecture,JAPAN,32.9216,130.45115,0.89,0.26,validated,CSV2GEO,日本,city
5f90fe661e97818c,Saidaiji,Okayama Prefecture,JAPAN,34.66244,134.04141,1.0,6.034,validated,CSV2GEO,日本,city
129c6a43a7fc69bf,Ushimado,Okayama Prefecture,JAPAN,34.66173,133.93503,0.68,,low_relevance,CSV2GEO,日本,region
a7baa056e96dd4db,Usimado-no-Seto,Okayama Prefecture,JAPAN,35.09798,133.92867,0.7,,low_relevance,CSV2GEO,日本,city
1473bae89ea9209e,Off Miyako Island,Okinawa Prefecture,JAPAN,24.66934,124.70167,0.72,,low_relevance,CSV2GEO,日本,region
3a5037aff028012e,Ariakeno Bay,Sago Prefecture,JAPAN,33.2494,130.29963,0.52,,low_relevance,CSV2GEO,日本,region
f7765677af9e8821,Iwata City,Shizuoka Prefecture,JAPAN,34.71785,137.85151,1.0,6.466,validated,CSV2GEO,日本,city
b41af9a2b7bfca33,460 miles off Iwakuni,Southern Japan,JAPAN,34.16657,132.21884,0.39,,low_relevance,CSV2GEO,日本,city
f8125bdca554f2c0,Ogasawara Islands,Tokyo Prefecture,JAPAN,27.09426,142.19185,0.77,,country_mismatch,CSV2GEO,日本,city
2b9fe403cb750cd8,"Isonoura Beach, Wakayama City",Wakayama Prefecture,JAPAN,34.25993,135.09247,1.0,,country_mismatch,CSV2GEO,日本,poi
6a4607815226de86,Susami,Wakayama Prefecture,JAPAN,33.55015,135.49666,1.0,1.116,validated,CSV2GEO,日本,city
e1998fb4492d069e,Off Cheribon,Northern Java,JAVA,-6.732023,108.552316,1.0,4.528,validated,CSV2GEO,Indonesia,
a070c66dd9846088,"Mama Ngina Beach, Mombasa",Coast Province,KENYA,-4.06485,39.67889,0.85,,country_mismatch,CSV2GEO,Kenya,poi
867fc11ec9f16f02,Mombasa,Coast Province,KENYA,-4.04873,39.67505,0.99,,country_mismatch,CSV2GEO,Kenya,poi
283cd173d2a20f65,"Port Kilindeni, Mombasa Harbor",Coast Province,KENYA,-4.05936,39.67736,0.64,,low_relevance,CSV2GEO,Kenya,poi
ca94f9c4e8c7cb26,Watamu,Coast Province,KENYA,-3.35958,40.00465,0.32,,low_relevance,CSV2GEO,Kenya,city
ed8d535690cc1c0b,South of Lamu Island,Lamu Archipelago,KENYA,-2.26781,40.90199,0.59,,low_relevance,CSV2GEO,Kenya,poi
e2351d523f3dda5a,Likoni Channel,Mombasa,KENYA,-4.04134,39.66592,1.0,,country_mismatch,CSV2GEO,Kenya,poi
4dadef0b2a9b6491,Nikumaroro Island,Phoenix Islands,KIRIBATI,-4.677919,-174.519597,1.0,,country_mismatch,CSV2GEO,Kiribati,
b2c05c94961a2441,Monrovia,Montserrado,LIBERIA,6.315607,-10.80737,1.0,,country_mismatch,CSV2GEO,Liberia,
1d7a094e1e6cd165,"West Breakwater, Monrovia",Montserrado,LIBERIA,-38.17961,144.37586,0.3,,low_relevance,CSV2GEO,Australia,city
e9b4bf170bb16f80,Gars Garabulli,,LIBYA,32.7442,13.7033,0.69,,low_relevance,CSV2GEO,ليبيا,city
136660958387f5e8,Tripoli,Mediterranean Sea,LIBYA,32.89534,13.18105,0.3,,low_relevance,CSV2GEO,ليبيا,city
d416104755b86461,"Onboard tuna boat, M.V. Toscui Maru",,MADAGASCAR,,,,,missing_or_invalid_coordinate,CSV2GEO,?,
6085e03f96462d88,"Ambatolaoka, Nosy Be Island",Antsiranana Province,MADAGASCAR,-13.393122,48.207722,1.0,,country_mismatch,CSV2GEO,Madagascar,
f8069f093622db22,Pulau Aur,Johor,MALAYSIA,2.46859,104.50784,1.0,,country_mismatch,CSV2GEO,Malaysia,city
f404b353c9eda74e,Palau Payar,Kedah,MALAYSIA,6.0641,100.0417,0.93,,country_mismatch,CSV2GEO,Malaysia,city
6a50ce78f2ba3aca,Bagan Lalang Beach,Sepang,MALAYSIA,2.6,101.68333,1.0,,country_mismatch,CSV2GEO,Malaysia,poi
7a0751ae54e68aa8,Pulau Payar Island,Strait of Malacca,MALAYSIA,2.18153,102.24897,0.45,,low_relevance,CSV2GEO,Malaysia,city
27f922c1d0a3d6ff,Madoogali,Alifu Alifu Atoll,MALDIVES,4.096008,72.752939,1.0,,country_mismatch,CSV2GEO,Maldives,
383c683de2db30d7,"Off Fort St. Elmo, Valetta",,MALTA,35.90137,14.51894,0.85,,country_mismatch,CSV2GEO,Malta,poi
f48b60f5aeeec2ed,between Filfla Island and Wied iz-Zurrieq,Congreve Channel,MALTA,35.8197,14.45273,0.56,,low_relevance,CSV2GEO,Malta,poi
424d0e71a549fd05,Marsaskala,Harare Province,MALTA,35.86069,14.56876,0.42,,low_relevance,CSV2GEO,Malta,city
07012c0772733495,Marsascala,St. Thomas Bay,MALTA,35.85541,14.56597,0.95,,country_mismatch,CSV2GEO,Malta,poi
2bf2b26688a43b0c,Roi-namur Island,Kwajalein Atoll,MARSHALL ISLANDS,9.39664,167.471631,1.0,,country_mismatch,CSV2GEO,Marshall Islands,
ca1867630717be53,Kwajalein Atoll,Ralik Chain,MARSHALL ISLANDS,9.189824,167.424297,1.0,,country_mismatch,CSV2GEO,Marshall Islands,
6bcf119f91b84c61,Belle-Mare,,MAURITIUS,-20.19703,57.77525,1.0,0.214,validated,CSV2GEO,Mauritius,city
f52fa1b09c417756,Mahebourg,,MAURITIUS,-20.40994,57.70324,1.0,1.802,validated,CSV2GEO,Mauritius,city
ffc52ac0154d121a,Two miles from shore in Tamarind Bay,,MAURITIUS,,,,,missing_or_invalid_coordinate,CSV2GEO,?,
77b51e578ec0b90c,Pointe aux Canonniers,Grand Baie,MAURITIUS,-20.0065,57.5581,1.0,0.1,validated,CSV2GEO,Mauritius,poi
d3fd0461ab3f8825,Le Goulet,Pamplemousses,MAURITIUS,-20.10371,57.51946,1.0,2.295,validated,CSV2GEO,Mauritius,street
0510005b92919ed6,Port Louis,Port Louis Province,MAURITIUS,-20.16545,57.51491,0.69,,low_relevance,CSV2GEO,Mauritius,city
1dab0b591a1931f6,LaBarra,,MEXICO,22.2649,-97.79533,1.0,1.62,validated,CSV2GEO,México,city
2f73683100c1aa61,Santa Maria Bar,,MEXICO,21.14986,-89.0705,0.77,23.945,validated,CSV2GEO,México,city
554910715ec01e4a,Descano Point,Baja California,MEXICO,31.89589,-116.57133,0.84,6.233,validated,CSV2GEO,México,street
8568e70d2100fa88,Playas de Tijuana,Baja California,MEXICO,32.51582,-117.11998,1.0,0.418,validated,CSV2GEO,México,street
1c4691fdc76c9b09,San Luis beach,Baja California,MEXICO,32.57167,-115.34426,0.83,72.693,too_far_inland,CSV2GEO,México,street
2e944d3b1d8c27b1,"Los Arbolitos, Cabo Pulmo",Baja California Sur,MEXICO,23.03523,-109.7159,0.73,,low_relevance,CSV2GEO,México,street
b24cfbf6632a42be,La Ticla,Colima,MEXICO,19.24249,-103.7273,0.63,,low_relevance,CSV2GEO,México,city
602e260e95d4ce07,Manzanillo,Colima,MEXICO,19.0855,-104.30854,1.0,0.057,validated,CSV2GEO,México,city
50161dd210a9e35d,"Manzanillo, Revillagigedo Islands",Colima,MEXICO,19.24249,-103.7273,1.0,48.548,too_far_inland,CSV2GEO,México,city
8e511b5bb35239b9,Revillagigedo Islands,Colima,MEXICO,19.24249,-103.7273,1.0,48.548,too_far_inland,CSV2GEO,México,city
c6c682bab1e8e2de,Acapulco Bay,Guerrero,MEXICO,26.56434,-99.22363,1.0,,too_far_inland,CSV2GEO,México,city
da6b9353b23a78ee,"Caleta Beach, Acapulco",Guerrero,MEXICO,16.83073,-99.90178,1.0,0.258,validated,CSV2GEO,México,poi
5700646266473f80,"Copacabana Beach, Acapulco",Guerrero,MEXICO,16.78739,-99.79647,0.86,1.345,validated,CSV2GEO,México,poi
eda143d5d6f783b2,Ixtapa,Guerrero,MEXICO,20.71714,-105.19605,1.0,9.027,validated,CSV2GEO,México,street
c56f97f5d3a433d7,La Playa Hornos (near Acapulco),Guerrero,MEXICO,26.56434,-99.22363,1.0,,too_far_inland,CSV2GEO,México,city
1603f765cdf1cbb7,Zacatula,Guerrero,MEXICO,18.00901,-102.17763,0.99,8.153,validated,CSV2GEO,México,city
11a6761827859446,Pantla Beach,Guerro,MEXICO,19.43195,-99.13315,1.0,,too_far_inland,CSV2GEO,México,region
de1908111b21db1e,Playa Linda,Guerro,MEXICO,17.6723,-101.61504,0.99,1.276,validated,CSV2GEO,México,street
305ae2ba0b332e91,Troncones Beach,Guerro,MEXICO,19.49497,-99.20007,0.92,,too_far_inland,CSV2GEO,México,street
009bf2f05d4a09a3,San Pedro Nolasco Island,Guyamas,MEXICO,21.01904,-100.39537,0.78,,too_far_inland,CSV2GEO,México,street
94b893446e8a8705,Isla Mujeres,Mexico / Caribbean Sea,MEXICO,21.22357,-86.72686,1.0,0.02,validated,CSV2GEO,México,city
773b4584aaca634f,Salina Cruz,Oaxaca,MEXICO,16.17637,-95.19302,1.0,1.101,validated,CSV2GEO,México,city
16c1a8ef923a3c48,Cancun,Quintana Roo,MEXICO,21.13245,-86.84893,1.0,6.669,validated,CSV2GEO,México,city
94d2976f763c5f4e,Chinchorro Banks,Quintana Roo,MEXICO,18.72956,-87.70573,0.81,1.443,validated,CSV2GEO,México,street
6d97183b1cbfcdb5,"Gaviotas Beach, Cancun",Quintana Roo,MEXICO,21.13843,-86.76784,0.86,1.334,validated,CSV2GEO,México,street
7202f312ed35de95,"Santa Rosa Shallows, Cozumel",Quintana Roo,MEXICO,20.41391,-87.01494,0.88,,country_mismatch,CSV2GEO,México,poi
51585ca12cd8ba0f,"Santa Rosa, Cozumel",Quintana Roo,MEXICO,20.86731,-88.63148,1.0,65.328,too_far_inland,CSV2GEO,México,city
629d38d638e85d9b,"Seagull Beach, Cancun",Quintana Roo,MEXICO,21.13691,-86.87681,0.59,,low_relevance,CSV2GEO,México,street
e3a09c8713c7f5d2,Xcalak,Quintana Roo,MEXICO,18.26808,-87.83654,1.0,,country_mismatch,CSV2GEO,México,city
46b400b872c74da0,Mazlatan,Sinaloa,MEXICO,23.23601,-106.41218,0.95,1.906,validated,CSV2GEO,México,street
4109e710f81bdf2a,Nuevo Altata,Sinaloa,MEXICO,24.64154,-107.98019,1.0,0.443,validated,CSV2GEO,México,street
3b34cfb03623f654,"Miramar Beach, Tampico",Tamaulipas,MEXICO,22.23133,-97.84549,0.86,7.391,validated,CSV2GEO,México,street
6a804b88a8c6bbf2,Outside Vera Cruz Harbor,Vera Cruz,MEXICO,19.19535,-96.13683,1.0,1.935,validated,CSV2GEO,México,city
a7c563191597c8c0,Cabo Rojo,Veracruz,MEXICO,19.20567,-96.18411,1.0,3.348,validated,CSV2GEO,México,street
15ce84555d6b71ae,Coatzacoalcos,Veracruz,MEXICO,18.12019,-94.42601,1.0,3.208,validated,CSV2GEO,México,city
69ec7b8f3927e95d,Panuco River Mouth,Veracruz,MEXICO,22.21777,-97.99777,0.83,23.023,validated,CSV2GEO,México,street
5bca7aa27a050f1a,Playa Villa del Mar,Veracruz,MEXICO,19.21745,-96.18014,1.0,2.031,validated,CSV2GEO,México,poi
8edbdf8c5a74892d,Veracruz,Veracruz,MEXICO,20.78838,-103.47709,0.98,206.63,too_far_inland,CSV2GEO,México,
e33d521473364c30,"Pision Reef, Truk",Caroline Islands,MICRONESIA,-37.74352,144.73545,0.38,,low_relevance,CSV2GEO,Australia,city
8218d5ecc5f01b94,Truk Lagoon,Eastern Caroline Islands,MICRONESIA,7.44688,151.747339,1.0,,country_mismatch,CSV2GEO,Micronesia,
2d597c4d25767440,Pisarach (Pisaras),Namonuito Atoll,MICRONESIA,8.581944,150.407222,1.0,0.158,validated,CSV2GEO,Micronesia,
42cc2cd6c48d326d,Bound from New York to London in ballast,,MID ATLANTIC OCEAN,40.712775,-74.005973,1.0,,unknown_country_boundary,CSV2GEO,United States,
f73be281a3cddd93,Off Bermuda,,MID ATLANTIC OCEAN,-28.05995,153.416,0.7,,low_relevance,CSV2GEO,Australia,street
313b5325d803d73c,Venezuelan aircraft lost,,MID ATLANTIC OCEAN,6.42375,-66.58973,1.0,,unknown_country_boundary,CSV2GEO,Venezuela,
f818bbb79d4cead4,Between St. Stjepan and Budva,Adriatic Sea,MONTENEGRO,42.291149,18.840295,1.0,0.508,validated,CSV2GEO,Montenegro,
5f53b2f8323a8269,Budva,Adriatic Sea,MONTENEGRO,42.28507,18.84516,1.0,,country_mismatch,CSV2GEO,Crna Gora,poi
45d468285fb6ef06,"Limpopo River, 547 km from the sea",,MOZAMBIQUE,-23.661565,30.275488,1.0,,country_mismatch,CSV2GEO,,
33b623b24c79babc,Xefina Island,Bay of Maputo,MOZAMBIQUE,-25.94356,32.57008,0.52,,low_relevance,CSV2GEO,Moçambique,street
636cb9eff933237b,Catembe,Bay of Maputu,MOZAMBIQUE,-26.0086,32.56438,0.72,,low_relevance,CSV2GEO,Moçambique,city
d2530dfaa59cb08d,"Bilene Bay, 180 km north of Maputo",Gaza,MOZAMBIQUE,-25.02658,33.17518,0.32,,low_relevance,CSV2GEO,Moçambique,region
bd55198c9b619b5c,"Chongeone, Xai Xai",Gaza,MOZAMBIQUE,-25.0317,33.72511,0.95,7.754,validated,CSV2GEO,Moçambique,city
83824a779eead32e,"Sepulveda Beach, Xai Xai",Gaza,MOZAMBIQUE,-25.11743,33.73087,0.63,,low_relevance,CSV2GEO,Moçambique,poi
0034fbec4ea302e8,Chidenguele,Inhambane Province,MOZAMBIQUE,-24.9144,34.18072,0.39,,low_relevance,CSV2GEO,Moçambique,city
1f8225075cd23f5e,Maxixe,Inhambane Province,MOZAMBIQUE,-23.86571,35.34949,0.65,,low_relevance,CSV2GEO,Moçambique,city
baaef400a024e85b,"Maxixe, Inhambane Bay",Inhambane Province,MOZAMBIQUE,-23.8658,35.38407,0.51,,low_relevance,CSV2GEO,Moçambique,region
218f0e1a2c310884,"Nahaduga, Inhambane Bay",Inhambane Province,MOZAMBIQUE,-23.8658,35.38407,0.49,,low_relevance,CSV2GEO,Moçambique,region
39db39a9770bd3a5,Off Vilanculo,Inhambane Province,MOZAMBIQUE,-22.00004,35.31868,0.59,,low_relevance,CSV2GEO,Moçambique,city
272a6057b34d9c96,"Inhambe Bay Estuary, 10 to 12 miles inland from the sea",Inhambe Province,MOZAMBIQUE,-23.87902,35.402505,1.0,2.844,validated,CSV2GEO,Mozambique,
f6f95fc4d33638eb,"Inhasoka, Inhambe Bay",Inhambe Province,MOZAMBIQUE,-23.87902,35.402505,1.0,2.844,validated,CSV2GEO,Mozambique,
68e3e9787a91dac1,190 km to 240 km from the sea,Limpopo River,MOZAMBIQUE,-23.661565,30.275488,1.0,,country_mismatch,CSV2GEO,,
de1b70379092635f,3.2 km inland,Limpopo River,MOZAMBIQUE,-23.661565,30.275488,1.0,,country_mismatch,CSV2GEO,,
b824d40591289a6c,"Xefina Island, Bay of Maputo",Maputo Province,MOZAMBIQUE,-25.97457,32.57327,0.32,,low_relevance,CSV2GEO,Moçambique,region
0c0cb3640565d577,Portuguese territory,Zambesi River,MOZAMBIQUE,-14.981883,29.523737,1.0,,country_mismatch,CSV2GEO,,
3cf4f88fbfa00e2c,Walvis Bay,Eronogo Region,NAMIBIA,-22.95737,14.50524,0.68,,low_relevance,CSV2GEO,Namibia,city
9c47ea728ff3fa9a,Kokopo,East New Britain Province,NEW BRITAIN,-4.351352,152.267312,1.0,,unknown_country_boundary,CSV2GEO,Papua New Guinea,
5346cc2582a1dc1b,Rabaul,East New Britain Province,NEW BRITAIN,-4.199965,152.164461,1.0,,unknown_country_boundary,CSV2GEO,Papua New Guinea,
1624f29d8f0021f0,Pomio,"South Coast, East New Britain",NEW BRITAIN,-5.511645,151.531122,1.0,,unknown_country_boundary,CSV2GEO,Papua New Guinea,
ab203cc8fadd9275,"Outside the reef off Moputu Village, near Talasea",West coast,NEW BRITAIN,-5.285902,150.011134,1.0,,unknown_country_boundary,CSV2GEO,Papua New Guinea,
50437949269df397,Kouare,,NEW CALEDONIA,-33.68397,150.87955,0.66,,low_relevance,CSV2GEO,Australia,street
fcc56e56709f5d2d,"Magenta Beach, Noumea",,NEW CALEDONIA,-33.38673,119.26511,0.39,,low_relevance,CSV2GEO,Australia,city
6f6ff8eea5462ba5,Sarcelle,,NEW CALEDONIA,-34.44571,150.85673,0.87,,country_mismatch,CSV2GEO,Australia,street
1ad48e9c5ab2f51a,"Five Mile Beach, I\'le Ouen",Grand Terre,NEW CALEDONIA,16.273235,-61.466896,1.0,,country_mismatch,CSV2GEO,Guadeloupe,
0845529f2705f861,Poe Beach,Grand Terre,NEW CALEDONIA,-21.609841,165.390761,1.0,0.86,validated,CSV2GEO,New Caledonia,
1392fafedd45c3a8,"Bay of Luengoni, Lifou Island",Loyalty Islands,NEW CALEDONIA,-21.009202,167.3956,1.0,,country_mismatch,CSV2GEO,New Caledonia,
9ec31e35f2f307cf,Ouvea,Loyalty Islands,NEW CALEDONIA,-20.6544,166.535303,1.0,,country_mismatch,CSV2GEO,New Caledonia,
a2817f70240aa77e,Ouvéa,Loyalty Islands,NEW CALEDONIA,-20.6544,166.535303,1.0,,country_mismatch,CSV2GEO,New Caledonia,
c588c493685bf5de,"We, Lifou",Loyalty Islands,NEW CALEDONIA,-20.916477,167.265406,1.0,2.58,validated,CSV2GEO,New Caledonia,
d58e32045f8a5518,Balade,North Province,NEW CALEDONIA,-38.06295,145.29611,0.69,,low_relevance,CSV2GEO,Australia,street
4a51f80fc9fcba55,Kaala-Gomen,North Province,NEW CALEDONIA,-20.668333,164.396866,1.0,5.301,validated,CSV2GEO,New Caledonia,
c9703ea29c577699,Kendec,North Province,NEW CALEDONIA,-20.888837,164.874105,1.0,21.247,validated,CSV2GEO,New Caledonia,
105c6ff7ad4e2159,Mangalia Reef above Touho,North Province,NEW CALEDONIA,-20.791472,165.250823,1.0,,country_mismatch,CSV2GEO,New Caledonia,
36c00a4345f9a2bf,Poum,North Province,NEW CALEDONIA,-20.232031,164.023877,1.0,,country_mismatch,CSV2GEO,New Caledonia,
42fbaeb03f7d52a8,"Voh, near meatworks",North Province,NEW CALEDONIA,-20.955786,164.683955,1.0,2.295,validated,CSV2GEO,New Caledonia,
a82fa9249258bcd5,Amedee Island,South Province,NEW CALEDONIA,-31.94717,152.58549,0.6,,low_relevance,CSV2GEO,Australia,city
242c2fb449276c57,Bourail,South Province,NEW CALEDONIA,-21.566935,165.498552,1.0,5.625,validated,CSV2GEO,New Caledonia,
862fc6ff549972d5,Cap Goulvain,South Province,NEW CALEDONIA,-21.748201,166.178374,1.0,16.306,validated,CSV2GEO,New Caledonia,
266493174c681edc,Ile Moro,South Province,NEW CALEDONIA,-35.78427,150.14191,0.4,,low_relevance,CSV2GEO,Australia,city
c56646b16c0562c1,L\'llot Maetre,South Province,NEW CALEDONIA,-21.748201,166.178374,1.0,16.306,validated,CSV2GEO,New Caledonia,
d2204a224ce3710a,Mont Dore,South Province,NEW CALEDONIA,-33.58843,149.93332,0.5,,low_relevance,CSV2GEO,Australia,city
4a8fe897c168d07b,"Ricaudy Reef, Noumea",South Province,NEW CALEDONIA,-22.31259,166.454139,1.0,,country_mismatch,CSV2GEO,New Caledonia,
be084b9cb54d199f,"Sarcelle, Isle of Pines",South Province,NEW CALEDONIA,-22.614928,167.481669,1.0,3.553,validated,CSV2GEO,New Caledonia,
711aabc73d01aa47,Yate,South Province,NEW CALEDONIA,-22.125446,166.779817,1.0,11.848,validated,CSV2GEO,New Caledonia,
8b2f016ae793abc9,l\'Anse-Vata,South Province,NEW CALEDONIA,-22.300476,166.443294,1.0,0.835,validated,CSV2GEO,New Caledonia,
880500f69de63b93,Kerpuna,"Abau Sub District, Central Province",NEW GUINEA,-10.012859,149.196053,1.0,,unknown_country_boundary,CSV2GEO,Papua New Guinea,
ba8aa1a24467b879,"Bagalina, North coast Misima Island",Bwagaoia,NEW GUINEA,-10.678407,152.848525,1.0,,unknown_country_boundary,CSV2GEO,Papua New Guinea,
44f2c1c7898f5c6b,"Sabara Island, Calvados Chain 11.4S",Calvados Archipelago,NEW GUINEA,-11.201389,152.805278,1.0,,unknown_country_boundary,CSV2GEO,Papua New Guinea,
0ddb2daa075adeb2,Off Gaire Village,Central Province,NEW GUINEA,-9.136019,147.462726,1.0,,unknown_country_boundary,CSV2GEO,Papua New Guinea,
edf4f151905cb44b,Manam Island,Madang Province,NEW GUINEA,-42.58019,148.0658,0.36,,low_relevance,CSV2GEO,Australia,city
bac772c56eac2bb3,"Uga, Banaira",Milne Bay Province,NEW GUINEA,-9.522145,150.674965,1.0,,unknown_country_boundary,CSV2GEO,Papua New Guinea,
36fe9be8b9a1520b,Finschafen,Morobe Province,NEW GUINEA,-19.29815,146.77374,0.57,,low_relevance,CSV2GEO,Australia,street
8b5ed7b51a42dc0f,Toro Passage,Western District,NEW GUINEA,,,,,missing_or_invalid_coordinate,CSV2GEO,?,
f48f0d5a3206cddd,Stewart Island,,NEW ZEALAND,-46.88567,168.11793,1.0,2.285,validated,CSV2GEO,New Zealand,city
f07203c2a1cae219,"Meteorologic Station on Campbell Island, 370 nautical miles south of New Zealand",Antarctic Ocean,NEW ZEALAND,-52.537216,169.144537,1.0,1.846,validated,CSV2GEO,New Zealand,
3eadd04a641dc9af,Waihere Bay,Chatham Islands,NEW ZEALAND,-43.86885,-176.53549,0.58,,low_relevance,CSV2GEO,New Zealand,city
950e3c5071029846,"Arorangi, Rarotonga",Cook Islands,NEW ZEALAND,-21.230661,-159.827697,1.0,1.249,validated,CSV2GEO,Cook Islands,
fcdd1a968d677f10,Beveridge Reef,Cook Islands,NEW ZEALAND,-21.236736,-159.777671,1.0,1.228,validated,CSV2GEO,Cook Islands,
cf3ee8deb2f1e7e0,Pukapuka Northern Group,Cook Islands,NEW ZEALAND,-10.0,-161.0,1.0,,country_mismatch,CSV2GEO,Cook Islands,
c9208b4d66d212e6,Rarotonga,Cook Islands,NEW ZEALAND,-21.229237,-159.776349,1.0,2.027,validated,CSV2GEO,Cook Islands,
0e6f127d1fda6906,Tory Channel,Cook Strait,NEW ZEALAND,-41.237003,174.222604,1.0,,country_mismatch,CSV2GEO,New Zealand,
83e5dbd7ad1c6bda,Penhryn Island,Cook islans,NEW ZEALAND,-9.005122,-157.97621,1.0,,country_mismatch,CSV2GEO,Cook Islands,
487d5bbf36c5af44,Great Mercury Island,Mercury Islands,NEW ZEALAND,-36.627403,175.802537,1.0,,country_mismatch,CSV2GEO,New Zealand,
e2dcc04516d67977,Alderman Islands,North Island,NEW ZEALAND,-36.964912,176.080986,1.0,,country_mismatch,CSV2GEO,New Zealand,
cfe14d5a9da24579,Cormandel,North Island,NEW ZEALAND,-36.66728,175.4431,0.75,,country_mismatch,CSV2GEO,New Zealand,poi
55da08dc7b36f286,Haumoana,North Island,NEW ZEALAND,-39.62982,176.94217,0.42,,low_relevance,CSV2GEO,New Zealand,city
19ff58073bda61bf,Hawkes Bay,North Island,NEW ZEALAND,-39.64133,176.84445,0.45,,low_relevance,CSV2GEO,New Zealand,region
35f02bdd2d66c1c1,"Hokio Beach, near Levin",North Island,NEW ZEALAND,-40.59452,175.18905,0.5,,low_relevance,CSV2GEO,New Zealand,city
977c39b3a58fb00d,Leigh,North Island,NEW ZEALAND,-36.27558,174.79281,0.75,0.971,validated,CSV2GEO,New Zealand,street
84281e10bd2a3539,Mahurangi River Mouth,North Island,NEW ZEALAND,-35.95743,174.40089,0.45,,low_relevance,CSV2GEO,New Zealand,city
c684b758f99091d9,"Mangawhai, near Wellsford",North Island,NEW ZEALAND,-36.23475,174.43903,0.53,,low_relevance,CSV2GEO,New Zealand,city
cec1a9dcfaefb485,"Manukau Harbor, 6 miles south of Auckland",North Island,NEW ZEALAND,-36.87635,174.77711,0.35,,low_relevance,CSV2GEO,New Zealand,rooftop
31e37cf5755c5f81,Maraetai,North Island,NEW ZEALAND,-36.88015,175.03324,0.42,,low_relevance,CSV2GEO,New Zealand,city
6c8aff75c4c694e8,Matakana River Mouth,North Island,NEW ZEALAND,-35.95743,174.40089,0.46,,low_relevance,CSV2GEO,New Zealand,city
65afa49dc9fe109b,"Miranda Head, Hauriki Gulf",North Island,NEW ZEALAND,-36.598894,175.189405,1.0,,country_mismatch,CSV2GEO,,
e98251ab49a14065,Moko Hinau,North Island,NEW ZEALAND,-35.926901,175.111597,1.0,,country_mismatch,CSV2GEO,New Zealand,
012834c0d60157ef,Motunui,North Island,NEW ZEALAND,-35.22168,174.19314,0.75,,country_mismatch,CSV2GEO,New Zealand,street
025e6aaf82f5e351,Muriwai,North Island,NEW ZEALAND,-36.74718,174.39862,0.61,,low_relevance,CSV2GEO,New Zealand,street
cbc4a45c9821077e,North Auckland,North Island,NEW ZEALAND,-36.816733,174.80282,0.85,0.335,validated,CSV2GEO,NZ,
c829e243afd9731a,"Oakura Beach, Taranaki",North Island,NEW ZEALAND,-39.11622,173.9569,0.47,,low_relevance,CSV2GEO,New Zealand,city
c522d1b580036316,"Off Tapuna Beach, Auckand",North Island,NEW ZEALAND,-36.93234,174.89221,0.56,,low_relevance,CSV2GEO,New Zealand,poi
9dd6518e272744de,Off Tutukaka,North Island,NEW ZEALAND,-35.61043,174.52346,0.75,3.36,validated,CSV2GEO,New Zealand,city
9c5c9b0254c52c8e,Omaha Beach,North Island,NEW ZEALAND,-36.339613,174.779884,1.0,1.424,validated,CSV2GEO,New Zealand,
b9cbe09d4eb1006e,"Opunake, Taranake",North Island,NEW ZEALAND,-39.45431,173.85905,0.54,,low_relevance,CSV2GEO,New Zealand,city
79024228f0693822,"Palliser Bay, Whatarangi (east of Wellington)",North Island,NEW ZEALAND,-41.33357,174.7735,0.33,,low_relevance,CSV2GEO,New Zealand,city
604b7d1f034b8412,"Papamoa, near Tauranga",North Island,NEW ZEALAND,-37.69988,176.28448,0.77,1.083,validated,CSV2GEO,New Zealand,poi
b43b9b187f919256,"Petone Beach, Wellington",North Island,NEW ZEALAND,-41.22045,174.89276,0.66,,low_relevance,CSV2GEO,New Zealand,street
0f8bae3c2bf8544f,"Pilot Bay, Mt Maunganui",North Island,NEW ZEALAND,-37.63407,176.17406,0.53,,low_relevance,CSV2GEO,New Zealand,street
00dd41d646b635de,Poverty Bay,North Island,NEW ZEALAND,-38.709342,178.002059,1.0,,country_mismatch,CSV2GEO,New Zealand,
0c1ec750cecf9aa6,"Raglan, Manu Bay",North Island,NEW ZEALAND,-37.82171,174.81198,0.54,,low_relevance,CSV2GEO,New Zealand,street
96aeeab10c14778c,"Sandy Bay, Whananaki",North Island,NEW ZEALAND,-36.74864,174.91336,0.68,,low_relevance,CSV2GEO,New Zealand,street
82e36770b07b8126,"Slipper Island, Coromandel Peninsula",North Island,NEW ZEALAND,-34.90272,173.35054,0.67,,low_relevance,CSV2GEO,New Zealand,street
0a1eae80afca8a11,South of New Plymouth,North Island,NEW ZEALAND,-39.07399,174.03374,0.55,,low_relevance,CSV2GEO,New Zealand,street
65e65a0b485b53a8,"Stanley Bay, Auckland Harbor",North Island,NEW ZEALAND,-36.84425,174.74971,0.4,,low_relevance,CSV2GEO,New Zealand,street
a923b693041b7d58,Takapuna,North Island,NEW ZEALAND,-36.78762,174.77101,0.42,,low_relevance,CSV2GEO,New Zealand,city
16528f4016a465ef,Taupiri Bay,North Island,NEW ZEALAND,-35.281642,174.295681,1.0,2.182,validated,CSV2GEO,New Zealand,
1b251c7d29549ea5,Te Arai Point,North Island,NEW ZEALAND,-36.16987,174.6126,0.5,,low_relevance,CSV2GEO,New Zealand,city
56a7e5ad172e4b07,"Te Kaha, East coast",North Island,NEW ZEALAND,-34.64605,172.97548,0.83,2.59,validated,CSV2GEO,New Zealand,street
fea1e4a1f1912ffb,"Waiapu River mouth, East Cape",North Island,NEW ZEALAND,-35.95743,174.40089,0.53,,low_relevance,CSV2GEO,New Zealand,city
712e304164b6c6ae,"Waikanae Beach, Gisborne",North Island,NEW ZEALAND,-38.66991,178.01534,0.66,,low_relevance,CSV2GEO,New Zealand,poi
a7c2268d14aed9c3,Waitara,North Island,NEW ZEALAND,-35.24089,173.3839,0.81,9.037,validated,CSV2GEO,New Zealand,city
fa8df87beceb341e,Wanganui,North Island,NEW ZEALAND,-38.88011,175.25929,0.68,,low_relevance,CSV2GEO,New Zealand,street
cd5ae4a243271caa,"West of Pukerua Bay, Wellington",North Island,NEW ZEALAND,-41.0368,174.88566,0.54,,low_relevance,CSV2GEO,New Zealand,city
f5a2089bff256001,Alderman Islands,"Off the Coromandel Peninsula, North Island",NEW ZEALAND,-36.833333,175.583333,1.0,5.966,validated,CSV2GEO,New Zealand,
d9dbbf65d2798aa1,"Charteris Bay, Lyttleton Harbour",South Island,NEW ZEALAND,-43.603267,172.722716,1.0,1.537,validated,CSV2GEO,New Zealand,
79d087f33625acb2,Christchurch,South Island,NEW ZEALAND,-43.52626,172.63789,0.99,9.576,validated,CSV2GEO,New Zealand,poi
2e8cd699680d3195,Clark Island,South Island,NEW ZEALAND,-45.152671,169.892633,1.0,80.476,too_far_inland,CSV2GEO,New Zealand,
6c0861897e41a3c7,Codfish Island (Whenua Hau) west of Stewart Island,South Island,NEW ZEALAND,-46.88567,168.11793,0.41,,low_relevance,CSV2GEO,New Zealand,city
bc1a0073f607a624,Cosy Nook,South Island,NEW ZEALAND,-46.406983,168.3461,1.0,1.115,validated,CSV2GEO,New Zealand,
d1fb23ec1543e7ec,Dunedin,South Island,NEW ZEALAND,-45.90526,170.41994,0.85,3.683,validated,CSV2GEO,New Zealand,poi
a9c49b09b69628cb,"Fairdown Beach, 5 miles north of Westport",South Island,NEW ZEALAND,-41.73555,171.7037,0.47,,low_relevance,CSV2GEO,New Zealand,rooftop
4e8023897d7ae7b4,Garden Bay near Cosy Nook,South Island,NEW ZEALAND,-45.152671,169.892633,1.0,80.476,too_far_inland,CSV2GEO,New Zealand,
1ec17987a7e8ab86,Kaikoura,South Island,NEW ZEALAND,-42.38774,173.50635,0.68,,low_relevance,CSV2GEO,New Zealand,city
92ffd77d80ff9d78,Karitane Beach,South Island,NEW ZEALAND,-45.646261,170.656882,1.0,2.735,validated,CSV2GEO,New Zealand,
16b606f9a02bec32,"Menzies Bay, Banks Peninsula",South Island,NEW ZEALAND,-43.655525,172.97586,1.0,0.606,validated,CSV2GEO,New Zealand,
b2ceae1ad16696db,"Ngatuka Bay, near Picton",South Island,NEW ZEALAND,-41.274163,173.963119,1.0,,country_mismatch,CSV2GEO,New Zealand,
f0d36df3e981052e,Oreti Beach (reported as the 4th person bitten in NZ in 2000),South Island,NEW ZEALAND,-46.436917,168.244894,1.0,,country_mismatch,CSV2GEO,New Zealand,
d5cdc8b697168732,Otago Harbor,South Island,NEW ZEALAND,-45.833779,170.616351,1.0,0.248,validated,CSV2GEO,New Zealand,
6ab8a3591a3c703f,"Pigeon Bay, Canterbury",South Island,NEW ZEALAND,-43.68659,172.89845,0.63,,low_relevance,CSV2GEO,New Zealand,city
23645281ea412854,Porpoise Bay,South Island,NEW ZEALAND,-46.649147,169.117179,1.0,1.539,validated,CSV2GEO,New Zealand,
b00ea406d687029e,"Porpoise Bay, Catlins",South Island,NEW ZEALAND,-46.649147,169.117179,1.0,1.539,validated,CSV2GEO,New Zealand,
4d56965e076db714,Port Moeraki,South Island,NEW ZEALAND,-45.36027,170.85332,0.32,,low_relevance,CSV2GEO,New Zealand,city
001025c07f098a3c,Snapper Point,South Island,NEW ZEALAND,-45.152671,169.892633,1.0,80.476,too_far_inland,CSV2GEO,New Zealand,
18629efae9000745,St. Kilda Beach,South Island,NEW ZEALAND,-45.90785,170.51088,0.52,,low_relevance,CSV2GEO,New Zealand,city
b781ba0c38339153,"Sunday Cove, Fiordland",South Island,NEW ZEALAND,-45.39266,167.34171,0.57,,low_relevance,CSV2GEO,New Zealand,city
f8fbad2a9086bbe0,"Tahuna Beach, Nelson",South Island,NEW ZEALAND,-41.3004,173.238,0.61,,low_relevance,CSV2GEO,New Zealand,poi
110e5eec57ffa61b,Tahunanui Beach,South Island,NEW ZEALAND,-41.278593,173.239225,1.0,,country_mismatch,CSV2GEO,New Zealand,
8c8d02f3f3091862,South Beach,"South Island, near Karitane north of Dunedin",NEW ZEALAND,-45.641858,170.657038,1.0,2.455,validated,CSV2GEO,New Zealand,
4f3a43d47ea98266,East side of Bench Island in the Foveaux Strait,Southland,NEW ZEALAND,-46.589333,168.062892,1.0,,country_mismatch,CSV2GEO,New Zealand,
d3376171a01b0e77,Long Beach,Southland,NEW ZEALAND,-46.41298,168.35351,0.5,,low_relevance,CSV2GEO,New Zealand,region
e5f283907a2d03f0,San Jan del Sur,Pacific coast,NICARAGUA,11.2629,-85.8785,0.76,0.507,validated,CSV2GEO,Nicaragua,poi
86583d2e40883cd5,Greytown,Rio San Juan,NICARAGUA,11.13216,-84.77462,0.56,,low_relevance,CSV2GEO,Nicaragua,region
0eca149f3f4522c8,"A shark was caught, its head severed from body and hung from the anchor davit onboard the U.S.S. Borie",Salinas Bay,NICARAGUA,11.051992,-85.694846,1.0,,country_mismatch,CSV2GEO,,
fb730dac9fde1961,Oboro,Delta,NIGERIA,5.54949,6.22732,0.9,65.093,too_far_inland,CSV2GEO,Nigeria,city
f8c6b3b018a90bb3,Lagos,Lagos,NIGERIA,6.4547,3.38876,1.0,,country_mismatch,CSV2GEO,Nigeria,city
fa99c481d8c64e57,Onboard swordfish trawler,,NORTH ATLANTIC OCEAN,,,,,missing_or_invalid_coordinate,CSV2GEO,?,
1dbe5d9678699bad,Between Bimini & Miami,In the Gulf Stream,NORTH ATLANTIC OCEAN,25.76168,-80.19179,1.0,,unknown_country_boundary,CSV2GEO,United States,
20bad8c6d4b2e9b8,500 nautical miles southwest of Johnston Island,Between Kwajalein Atoll & Johnston Island,NORTH PACIFIC OCEAN,16.729504,-169.533648,1.0,,unknown_country_boundary,CSV2GEO,United States Minor Outlying Islands,
5ca18bd622354c16,"Leeward side of island, directly in back of Mid-Pac barrel storage area",Wake Island (EnenKio),NORTH PACIFIC OCEAN,19.279619,166.649935,1.0,,unknown_country_boundary,CSV2GEO,,
9e1d8337a060ed7d,"On board East German fishing trawler, I Mai","Unknown, treated at Wick, SCOTLAND",NORTH SEA,58.438936,-3.093716,1.0,,unknown_country_boundary,CSV2GEO,United Kingdom,
0c47b895f1d3bd1f,Hirara,Miyako,OKINAWA,24.800896,125.287406,1.0,1.754,validated,CSV2GEO,Japan,
294cbf4d865062c9,Hirara City,Miyako,OKINAWA,24.800896,125.287406,1.0,1.754,validated,CSV2GEO,Japan,
a4c805c18004431f,Boragawa Beach,Miyako Island,OKINAWA,24.767367,125.324677,1.0,3.576,validated,CSV2GEO,Japan,
f034b687f4a82ca7,Sunayama Beach,Miyako Island,OKINAWA,24.839563,125.280692,1.0,0.638,validated,CSV2GEO,Japan,
c68c77bab8261f61,Off Central American coast at 8N.79W,,PACIFIC OCEAN,12.769013,-85.602364,1.0,,unknown_country_boundary,CSV2GEO,,
218c9b6e44464f15,Japanese fishing boat Taihei Maru No.10,"250 miles southwest of O\'ahu, Hawaii",PACIFIC OCEAN,21.438912,-158.000057,1.0,,unknown_country_boundary,CSV2GEO,United States,
42c747bbb13c1520,Between Esmeraldas & Salinas,Off coast of Ecuador,PACIFIC OCEAN,0.970581,-79.653001,1.0,,unknown_country_boundary,CSV2GEO,Ecuador,
661feeadd73b7c4c,Aulong Channel,Aulong Island,PALAU,-12.55438,130.86884,0.44,,low_relevance,CSV2GEO,Australia,city
7aa9dc5374924c87,Outside barrier reef,Western Caroline Islands (North Pacific Ocean),PALAU,7.0,140.0,1.0,,country_mismatch,CSV2GEO,,
1cc3cbbd9d757c80,Gaza,,PALESTINIAN TERRITORIES,-33.80962,151.08755,0.99,,country_mismatch,CSV2GEO,Australia,street
57bf84910fcc2a15,Panama Canal,,PANAMA,8.80445,-80.5611,0.95,27.365,too_far_inland,CSV2GEO,Panamá,city
bad81789dcbd2ac0,off Culebra,,PANAMA,7.7346,-80.89819,0.7,,low_relevance,CSV2GEO,Panamá,city
8f31a223b4e4662d,Pacific Anchorage off the Panama Canal,"2 to 3 miles off Taboguilla Island, Pacific Ocean",PANAMA,9.143803,-79.728516,1.0,23.805,validated,CSV2GEO,Panama,
b00a373787647e1b,300 yards west of mouth of the Chagres River,Canal Zone,PANAMA,9.266927,-79.473165,1.0,28.481,too_far_inland,CSV2GEO,Panama,
a081a39f2d83cc96,Limon Bay,Colon Province,PANAMA,9.24225,-79.75838,0.48,,low_relevance,CSV2GEO,Panamá,city
7d89c154e270a4b2,"Mouth of Rio Dudio, 50 miles west of the city of Colon",Colon Province,PANAMA,9.359302,-79.899861,1.0,,country_mismatch,CSV2GEO,Panama,
706f57c809a758a5,60 miles offshore,Gulf of Panama,PANAMA,8.99419,-79.53355,0.52,,low_relevance,CSV2GEO,Panamá,poi
acc8ff58f6c3d98d,"North shore of Rey Island, Las Perlas archipelago",Gulf of Panama,PANAMA,8.173176,-79.560344,1.0,,country_mismatch,CSV2GEO,,
426d6bcda4f5951b,Taboga Island Bay,Gulf of Panama,PANAMA,8.79062,-79.56221,0.44,,low_relevance,CSV2GEO,Panamá,city
bb02c1e238fce30f,Otoque Island,Panama Bay (Pacific Ocean),PANAMA,8.6,-79.6,1.0,,country_mismatch,CSV2GEO,Panama,
ba6ca6c279645c7d,Bella Vista Beach,Panama City,PANAMA,8.98496,-79.52531,0.8,2.104,validated,CSV2GEO,Panamá,city
c1753cd3b0aad635,Off Achutuppu Island near Ailigandi,San Blas,PANAMA,9.233333,-78.016667,1.0,,country_mismatch,CSV2GEO,Panama,
e5c30966ac3d2259,"Achutupu, a small island ner Ailigandi",San Blas Islands,PANAMA,9.198315,-77.987301,1.0,,country_mismatch,CSV2GEO,Panama,
4eae049856856eb6,Off Diable Island,San Blas Islands,PANAMA,5.295497,-52.581896,1.0,,country_mismatch,CSV2GEO,French Guiana,
46157023193c663a,"4 miles from Tuwala, near Mulatuppu",San Blas coast,PANAMA,8.946348,-77.75099,1.0,,country_mismatch,CSV2GEO,Panama,
7bd9feef8c21b781,Playa Teta,San Carlos,PANAMA,8.5071,-79.91691,1.0,1.003,validated,CSV2GEO,Panamá,poi
39285dedc2df7eb8,Abau,,PAPUA NEW GUINEA,-20.69907,139.48933,0.99,,country_mismatch,CSV2GEO,Australia,street
14fa13d858fb9dd8,"Gaire Village, between Rigo & Port Moresby",,PAPUA NEW GUINEA,-9.389026,147.163374,1.0,6.451,validated,CSV2GEO,Papua New Guinea,
760ef880aa8f2f48,Near Port Moresby,,PAPUA NEW GUINEA,-17.63563,146.02865,0.47,,low_relevance,CSV2GEO,Australia,city
c3a735b4bb52de6d,Port Moresby,,PAPUA NEW GUINEA,-17.63563,146.02865,0.64,,low_relevance,CSV2GEO,Australia,city
5e2b766afd533135,Aroma Passage,"Abau Sub District, Central Province",PAPUA NEW GUINEA,-10.142411,148.011907,1.0,,country_mismatch,CSV2GEO,Papua New Guinea,
59e46a0276b5b148,Lalaura Village,"Abau Sub District, Central Province",PAPUA NEW GUINEA,-10.185615,148.356712,1.0,,country_mismatch,CSV2GEO,Papua New Guinea,
77184380d3a96e69,Mailu area,"Abau Subdistrict,Central Province",PAPUA NEW GUINEA,-10.387288,149.355563,1.0,,country_mismatch,CSV2GEO,Papua New Guinea,
b4a21fb4c11da272,Hus Island,"Admiralty Islands, Manus Province",PAPUA NEW GUINEA,-1.941293,147.102023,1.0,,country_mismatch,CSV2GEO,Papua New Guinea,
d2f0242c4dc0d0f1,"Lou Island, south of Manus Island","Admiralty Islands, Manus Province",PAPUA NEW GUINEA,-2.393956,147.343998,1.0,,country_mismatch,CSV2GEO,Papua New Guinea,
222a20b988978779,"Low Island, Manus","Admiralty Islands, Manus Province",PAPUA NEW GUINEA,-2.393956,147.343998,1.0,,country_mismatch,CSV2GEO,Papua New Guinea,
19430fbb81dabda1,"M\'Buke, south of Manus Island","Admiralty Islands, Manus Province",PAPUA NEW GUINEA,-2.366667,146.816667,1.0,,country_mismatch,CSV2GEO,Papua New Guinea,
f4a4a0d544b3473e,"Momote, Manus Island","Admiralty Islands, Manus Province",PAPUA NEW GUINEA,-2.062255,147.424549,1.0,,country_mismatch,CSV2GEO,Papua New Guinea,
19a7c681009afd40,"Rossun, Manus","Admiralty Islands, Manus Province",PAPUA NEW GUINEA,-2.039459,147.276582,1.0,2.67,validated,CSV2GEO,Papua New Guinea,
fa33d7f0825700d4,Buka Island,Bougainville (North Solomons),PAPUA NEW GUINEA,-5.238427,154.645129,1.0,7.807,validated,CSV2GEO,Papua New Guinea,
fb47bf948874821e,"Kahuli, Buka Island",Bougainville (North Solomons),PAPUA NEW GUINEA,-6.375392,155.38071,1.0,16.0,validated,CSV2GEO,Papua New Guinea,
6dca1218a64ea237,Kieta,Bougainville (North Solomons),PAPUA NEW GUINEA,-38.11022,145.97457,0.53,,low_relevance,CSV2GEO,Australia,street
0fbd6f248f962ba9,"Off Sing Village, Buka Island",Bougainville (North Solomons),PAPUA NEW GUINEA,-6.375392,155.38071,1.0,16.0,validated,CSV2GEO,Papua New Guinea,
984a04303f895070,"Orava (Aravo) Islet, near Kieta.",Bougainville (North Solomons),PAPUA NEW GUINEA,-6.220475,155.63763,1.0,0.587,validated,CSV2GEO,Papua New Guinea,
0d7575dcb66dcd72,"Sohano Island, Buka Passage",Bougainville (North Solomons),PAPUA NEW GUINEA,-5.446226,154.66735,1.0,,country_mismatch,CSV2GEO,Papua New Guinea,
f34fd251bbef1002,"Tung Island, off the west coast of Buka Island",Bougainville (North Solomons),PAPUA NEW GUINEA,-6.375392,155.38071,1.0,16.0,validated,CSV2GEO,Papua New Guinea,
4a824eb4c9c5167a,30 miles from Port Moresby,Central Province,PAPUA NEW GUINEA,-9.479004,147.149416,1.0,0.588,validated,CSV2GEO,Papua New Guinea,
b957d44aceb0844d,Abau Subdistrict,Central Province,PAPUA NEW GUINEA,-25.21376,152.19849,0.32,,low_relevance,CSV2GEO,Australia,city
784fbfdcc64060d4,"Fisherman\'s Island, near Port Moresby",Central Province,PAPUA NEW GUINEA,-9.479004,147.149416,1.0,0.588,validated,CSV2GEO,Papua New Guinea,
5a69a4ccbd02c1aa,"Hula, near Port Moresby",Central Province,PAPUA NEW GUINEA,-9.479004,147.149416,1.0,0.588,validated,CSV2GEO,Papua New Guinea,
e5d5c05bec1a5113,"Kalautu Village, Baibara at the mouth of Oibada River",Central Province,PAPUA NEW GUINEA,,,,,missing_or_invalid_coordinate,CSV2GEO,?,
181df9bef6c6fda3,Kapakapa,Central Province,PAPUA NEW GUINEA,7.2565,80.721442,1.0,,country_mismatch,CSV2GEO,Sri Lanka,
2202b586a907260a,"Kila Beach, Port Moresby",Central Province,PAPUA NEW GUINEA,-9.479004,147.149416,1.0,0.588,validated,CSV2GEO,Papua New Guinea,
f8f005cd17fbe50f,Near Fisherman\'s Island,Central Province,PAPUA NEW GUINEA,7.2565,80.721442,1.0,,country_mismatch,CSV2GEO,Sri Lanka,
4419b294a3887669,"Paga Point or Fishermans Island, Port Moresby",Central Province,PAPUA NEW GUINEA,-9.479004,147.149416,1.0,0.588,validated,CSV2GEO,Papua New Guinea,
9e56a0b221fc77ec,"Paga Point, Port Moresby",Central Province,PAPUA NEW GUINEA,-9.479004,147.149416,1.0,0.588,validated,CSV2GEO,Papua New Guinea,
e0f8999ff1eebbdc,Port Moresby,Central Province,PAPUA NEW GUINEA,-9.479004,147.149416,1.0,0.588,validated,CSV2GEO,Papua New Guinea,
75fe1b61913bf2a3,Roku Point,Central Province,PAPUA NEW GUINEA,-9.459095,147.09075,1.0,1.631,validated,CSV2GEO,Papua New Guinea,
db16ff6eb2932737,"Tupuselei Village, about 40 miles east of Port Moresby",Central Province,PAPUA NEW GUINEA,-9.479004,147.149416,1.0,0.588,validated,CSV2GEO,Papua New Guinea,
dc2bb3b41124311c,Yule Island,Central Province,PAPUA NEW GUINEA,-8.818696,146.533621,1.0,,country_mismatch,CSV2GEO,Papua New Guinea,
5d3a17a4bae4d5a1,Pigeon Island,East New Britain,PAPUA NEW GUINEA,14.093098,-60.964554,1.0,,country_mismatch,CSV2GEO,Saint Lucia,
86e056ea49d9fe8e,Moem Village near Wewak,East Sepik,PAPUA NEW GUINEA,-3.580023,143.658317,1.0,1.78,validated,CSV2GEO,Papua New Guinea,
4fbb7ee2447f088e,Wewak,East Sepik,PAPUA NEW GUINEA,-3.580023,143.658317,1.0,1.78,validated,CSV2GEO,Papua New Guinea,
50263809b48ba554,"Kukipi, 150 miles west of Port Moresby in the Lakekamu River area",Gulf Province,PAPUA NEW GUINEA,-8.208715,146.144371,1.0,0.429,validated,CSV2GEO,Papua New Guinea,
ba8405d29bd630fe,Orokolo Bay,Gulf Province,PAPUA NEW GUINEA,-7.14454,143.736915,1.0,34.001,too_far_inland,CSV2GEO,Papua New Guinea,
b90dfe22992a6b25,"Ururumba, mouth of Kikori River 7.45S",Kikori River mouth,PAPUA NEW GUINEA,,,,,missing_or_invalid_coordinate,CSV2GEO,?,
71c209ed93715cfc,"Gawa Reefs, Sudest Island",Louisiade Archipelago,PAPUA NEW GUINEA,-11.515034,153.462608,1.0,4.079,validated,CSV2GEO,Papua New Guinea,
5bdd5bebc3334f99,"Bimat, Bogia",Madang,PAPUA NEW GUINEA,-4.276176,144.968067,1.0,3.115,validated,CSV2GEO,Papua New Guinea,
44142f1b08de5ab4,Matukar village,Madang,PAPUA NEW GUINEA,-4.886694,145.787022,1.0,0.803,validated,CSV2GEO,Papua New Guinea,
823059a414040051,"Off Taludig Village, at mouth of the Murnass River",Madang (WO),PAPUA NEW GUINEA,-5.228495,145.797884,1.0,,country_mismatch,CSV2GEO,Papua New Guinea,
959dc184aa6d46f9,Inshore side of reef near Madang,Madang Province,PAPUA NEW GUINEA,-5.228495,145.797884,1.0,,country_mismatch,CSV2GEO,Papua New Guinea,
d0df48a1747bd41f,"Mouth of Suareng River, a mile from Taludig",Madang Province,PAPUA NEW GUINEA,-4.984973,145.137583,1.0,61.331,too_far_inland,CSV2GEO,Papua New Guinea,
e0c19ce8965140f9,Near Madang Town,Madang Province,PAPUA NEW GUINEA,-5.228495,145.797884,1.0,,country_mismatch,CSV2GEO,Papua New Guinea,
17bbf81626642231,Sek Harbor,Madang Province,PAPUA NEW GUINEA,-4.984973,145.137583,1.0,61.331,too_far_inland,CSV2GEO,Papua New Guinea,
b122b1de87a0264a,Taludig,Madang Province,PAPUA NEW GUINEA,-4.984973,145.137583,1.0,61.331,too_far_inland,CSV2GEO,Papua New Guinea,
3210e272d605fc27,"Kimuta, Renard Island",Milne Bay Province,PAPUA NEW GUINEA,-10.818333,152.995,1.0,,country_mismatch,CSV2GEO,Papua New Guinea,
26ed67cd7e698401,"Off Rossel Island, Louisiade Archipelago",Milne Bay Province,PAPUA NEW GUINEA,-11.359684,154.183126,1.0,4.32,validated,CSV2GEO,Papua New Guinea,
ee8efa6cb1cc74f6,Samarai Island,Milne Bay Province,PAPUA NEW GUINEA,-10.612024,150.664076,1.0,,country_mismatch,CSV2GEO,Papua New Guinea,
e4fab77831fd5e2d,Samarai Island (south end),Milne Bay Province,PAPUA NEW GUINEA,-10.612024,150.664076,1.0,,country_mismatch,CSV2GEO,Papua New Guinea,
0098a3dd44d6d378,"Taupota, Samarai",Milne Bay Province,PAPUA NEW GUINEA,-10.612024,150.664076,1.0,,country_mismatch,CSV2GEO,Papua New Guinea,
3838c622d219489e,Tewatewa Island,Milne Bay Province,PAPUA NEW GUINEA,-9.522145,150.674965,1.0,9.233,validated,CSV2GEO,Papua New Guinea,
4f8de2b34baaaaec,Bulolol,Morobe Province,PAPUA NEW GUINEA,-7.201107,146.644666,1.0,43.891,too_far_inland,CSV2GEO,Papua New Guinea,
975aa93c1ba295fe,Finschafen,Morobe Province,PAPUA NEW GUINEA,-19.29815,146.77374,0.57,,low_relevance,CSV2GEO,Australia,street
ca864bed6b24351d,Huon Gulf,Morobe Province,PAPUA NEW GUINEA,-7.246755,147.056233,1.0,9.636,validated,CSV2GEO,Papua New Guinea,
d4d7027eeeca6deb,"Korem, Finschhafen",Morobe Province,PAPUA NEW GUINEA,-6.598434,147.853302,1.0,,country_mismatch,CSV2GEO,Papua New Guinea,
58473ad68bafc3c9,"Nasigilatu (Near Malasanga, Finschhafen",Morobe Province,PAPUA NEW GUINEA,-6.598434,147.853302,1.0,,country_mismatch,CSV2GEO,Papua New Guinea,
f2d5ab2b59663db2,Huhunoti Island,Near Bougainville (North Solomons),PAPUA NEW GUINEA,-6.375392,155.38071,1.0,16.0,validated,CSV2GEO,Papua New Guinea,
1fdf0f698c4b21c1,"Barawon Beach, near Rabaul",New Britain,PAPUA NEW GUINEA,-4.199965,152.164461,1.0,1.891,validated,CSV2GEO,Papua New Guinea,
42e71af65d7cdab5,"East Nakanai, Talasea",New Britain,PAPUA NEW GUINEA,-5.285902,150.011134,1.0,2.538,validated,CSV2GEO,Papua New Guinea,
fb6db552d9ab7030,Matupi,New Britain,PAPUA NEW GUINEA,-4.241944,152.186111,1.0,,country_mismatch,CSV2GEO,Papua New Guinea,
b095a113454d1695,Near Rabaul,New Britain,PAPUA NEW GUINEA,-4.199965,152.164461,1.0,1.891,validated,CSV2GEO,Papua New Guinea,
a3774f432c740e03,"Rapindik Beach, Rabaul",New Britain,PAPUA NEW GUINEA,-4.199965,152.164461,1.0,1.891,validated,CSV2GEO,Papua New Guinea,
39ca7391277b3d41,Duke of York Island,"New Britain, Bismarck Archipelago",PAPUA NEW GUINEA,-4.1666,152.462156,1.0,1.848,validated,CSV2GEO,Papua New Guinea,
7d823afb23beda0b,Kavieng,New Ireland,PAPUA NEW GUINEA,-2.574759,150.797844,1.0,,country_mismatch,CSV2GEO,Papua New Guinea,
74523ce2bdd218d3,Lavongai,New Ireland,PAPUA NEW GUINEA,-2.516428,150.257396,1.0,11.448,validated,CSV2GEO,Papua New Guinea,
3f3a441090eb0430,A reef off New Hanover (Northern end),New Ireland Province,PAPUA NEW GUINEA,-2.516428,150.257396,1.0,11.448,validated,CSV2GEO,Papua New Guinea,
f5ed03316c230bc6,"Enang, Kavieng",New Ireland Province,PAPUA NEW GUINEA,-2.574759,150.797844,1.0,,country_mismatch,CSV2GEO,Papua New Guinea,
635731f75892e491,Enuk Island,New Ireland Province,PAPUA NEW GUINEA,-2.649344,150.727661,1.0,,country_mismatch,CSV2GEO,Papua New Guinea,
4cf8faacf85cbf54,"Kulengei, southeast of Kalili",New Ireland Province,PAPUA NEW GUINEA,-4.285326,152.920592,1.0,18.741,validated,CSV2GEO,Papua New Guinea,
3009abbcfcec8b58,"Lamassa Island, 16 miles from Lambom Island",New Ireland Province,PAPUA NEW GUINEA,-4.795446,152.847054,1.0,,country_mismatch,CSV2GEO,Papua New Guinea,
301b4e6c75852477,"Lamassa Island, 16 miles from Lambon Island",New Ireland Province,PAPUA NEW GUINEA,-4.795446,152.847054,1.0,,country_mismatch,CSV2GEO,Papua New Guinea,
54d39e2c01c4a27f,Lambom Island,New Ireland Province,PAPUA NEW GUINEA,-4.795446,152.847054,1.0,,country_mismatch,CSV2GEO,Papua New Guinea,
ceb3d490bf64cfd2,"Mission Beach, Lambon Island",New Ireland Province,PAPUA NEW GUINEA,-17.86592,146.10276,0.43,,low_relevance,CSV2GEO,Australia,street
5b0cd23d94304b3e,Namatanai,New Ireland Province,PAPUA NEW GUINEA,-3.669208,152.406394,1.0,2.467,validated,CSV2GEO,Papua New Guinea,
36986827572ab1aa,"Samo Plantation, east coast",New Ireland Province,PAPUA NEW GUINEA,-4.285326,152.920592,1.0,18.741,validated,CSV2GEO,Papua New Guinea,
202267ae68be79e7,Southern end,New Ireland Province,PAPUA NEW GUINEA,-4.285326,152.920592,1.0,18.741,validated,CSV2GEO,Papua New Guinea,
d6b2ad3c85af27d2,"Enuk Island, Kavieng","New Ireland Province, Bismarck Archipelago",PAPUA NEW GUINEA,-2.574759,150.797844,1.0,,country_mismatch,CSV2GEO,Papua New Guinea,
cf02d0e129f39cc8,"Maritzoan, east coast of Namatanai","New Ireland Province, Bismarck Archipelago",PAPUA NEW GUINEA,-4.285326,152.920592,1.0,18.741,validated,CSV2GEO,Papua New Guinea,
abe23572fb268a5c,"Pekinberui Village, Tabar Island","New Ireland Province, Bismarck Archipelago",PAPUA NEW GUINEA,-2.923186,152.039953,1.0,1.584,validated,CSV2GEO,Papua New Guinea,
13e56bc365c05ae0,"Punam Passage, Rataman census div","New Ireland Province, Bismarck Archipelago",PAPUA NEW GUINEA,-4.285326,152.920592,1.0,18.741,validated,CSV2GEO,Papua New Guinea,
ff3ddc5e996916e2,"Kabiman, West coast","New Ireland, Bismarck Archipelago",PAPUA NEW GUINEA,-5.0,150.0,1.0,,country_mismatch,CSV2GEO,Papua New Guinea,
58e1e2747fe5939f,"Dobu Passage, D\'Entrecasteaux Islands (between Normanby & Fergusson Islands)",Northern (Oro) Province,PAPUA NEW GUINEA,-9.522145,150.674965,1.0,9.233,validated,CSV2GEO,Papua New Guinea,
9eda9920265e9b7f,Kufulu Point,Northern District,PAPUA NEW GUINEA,32.897225,35.302723,1.0,,country_mismatch,CSV2GEO,Israel,
26a2590ec5b5122c,Kaparoka,Rigo subdistrict,PAPUA NEW GUINEA,,,,,missing_or_invalid_coordinate,CSV2GEO,?,
80c6fcd5fce3530d,Vanimo on Musu side of Wutong anchorage,Sandaun Province,PAPUA NEW GUINEA,-2.683196,141.302983,1.0,0.967,validated,CSV2GEO,Papua New Guinea,
81a27ac668b2d3e6,"Bulu, Talasea",West New Britain Province,PAPUA NEW GUINEA,-5.285902,150.011134,1.0,2.538,validated,CSV2GEO,Papua New Guinea,
b0cee0b3990d4aec,"East Nakanai, Talasea",West New Britain Province,PAPUA NEW GUINEA,-5.285902,150.011134,1.0,2.538,validated,CSV2GEO,Papua New Guinea,
96bc2d5ca268450d,"Kalapiai, Kombe",West New Britain Province,PAPUA NEW GUINEA,-5.501251,149.675579,1.0,,country_mismatch,CSV2GEO,Papua New Guinea,
ebcd67a55a458969,"Kombe, Talasea",West New Britain Province,PAPUA NEW GUINEA,-5.285902,150.011134,1.0,2.538,validated,CSV2GEO,Papua New Guinea,
d1603b0c75d62d54,"Poi, Kombe Talasea",West New Britain Province,PAPUA NEW GUINEA,-5.285902,150.011134,1.0,2.538,validated,CSV2GEO,Papua New Guinea,
17b0395795bb1dc8,"Volupai, Talasea",West New Britain Province,PAPUA NEW GUINEA,-5.269171,149.976424,1.0,,country_mismatch,CSV2GEO,Papua New Guinea,
6668b4a0f174f3ef,"West Nakanai, Talasea",West New Britain Province,PAPUA NEW GUINEA,-5.285902,150.011134,1.0,2.538,validated,CSV2GEO,Papua New Guinea,
a903eb637b026dfc,Kerema,Western Papuan Gulf,PAPUA NEW GUINEA,-7.789742,146.024998,1.0,28.593,too_far_inland,CSV2GEO,Papua New Guinea,
79186a18728d8a38,Khark Island,25 km off the coast of Iran & 483km from mouth of Persian Gulf,PERSIAN GULF,29.24572,50.312067,1.0,,unknown_country_boundary,CSV2GEO,Iran,
67af6bd3294b3537,Dubai,United Arab Emirates,PERSIAN GULF,25.204849,55.270783,1.0,,unknown_country_boundary,CSV2GEO,United Arab Emirates,
ae592ed37926df27,250 miles southwest of Manila,,PHILIPPINES,14.57187,120.98204,0.61,,low_relevance,CSV2GEO,Philippines,poi
3c11df249d40984e,Off Cape Engano,,PHILIPPINES,12.77365,123.31137,0.54,,low_relevance,CSV2GEO,Philippines,city
9694660443ff6f80,Off Cebu,,PHILIPPINES,10.40041,123.8547,0.57,,low_relevance,CSV2GEO,Philippines,city
4003c9038ddd7e9d,USS Hull DD-350 was one of 3 destroyers that capsized in Typhoon Cobra,300 miles east of Luzon,PHILIPPINES,16.566232,121.262637,1.0,75.066,too_far_inland,CSV2GEO,Philippines,
7128d120b0f7fcf1,Limay,Baatan,PHILIPPINES,14.54364,120.58883,0.91,0.614,validated,CSV2GEO,Philippines,city
8dc4cf5a156348ef,Luzon Strait,Batanes Provine,PHILIPPINES,20.104984,121.947311,1.0,,country_mismatch,CSV2GEO,Philippines,
2b52f645422c3847,Mabini,Batangas province,PHILIPPINES,13.75371,120.93894,0.64,,low_relevance,CSV2GEO,Philippines,city
23da56b4240a9237,2 kilometres off Sagay,Camiguin Island,PHILIPPINES,9.10392,124.72693,0.39,,low_relevance,CSV2GEO,Philippines,city
d811f05f2ad86eec,200 miles Leyte,In transit between Tinian and Leyte,PHILIPPINES,15.004346,145.635658,1.0,,country_mismatch,CSV2GEO,Northern Mariana Islands,
338787528241bb22,Luang Dulag,Leyte Island,PHILIPPINES,10.97734,125.03794,0.67,,low_relevance,CSV2GEO,Philippines,city
c55a5b2254573368,"off Paoay, Ilocos Norte Province",Luzon,PHILIPPINES,18.11619,120.55382,0.72,,low_relevance,CSV2GEO,Philippines,street
ed4447c78a73c855,100 miles southeast of Manila,Luzon Island,PHILIPPINES,14.41726,121.02912,0.39,,low_relevance,CSV2GEO,Philippines,rooftop
d89bd8129c0a52f6,Bataan,Luzon Island,PHILIPPINES,14.6784,120.53889,0.71,,low_relevance,CSV2GEO,Philippines,poi
7ffc8832357c4662,Bohol,Luzon Island,PHILIPPINES,9.55379,123.76299,0.69,,low_relevance,CSV2GEO,Philippines,street
d855617942da927b,Bondoc Peninsula,Luzon Island,PHILIPPINES,6.94342,122.074,0.69,,low_relevance,CSV2GEO,Philippines,street
6f148fb2e9d42695,Canacao Bay,Luzon Island,PHILIPPINES,14.488205,120.915913,1.0,,country_mismatch,CSV2GEO,Philippines,
ad1d1628b7cab1b2,"Fort Frank, Manila Bay",Luzon Island,PHILIPPINES,14.59952,120.98411,0.55,,low_relevance,CSV2GEO,Philippines,poi
e100912308cad766,"Inner Harbor, Olongapo",Luzon Island,PHILIPPINES,14.8423,120.287998,1.0,1.79,validated,CSV2GEO,Philippines,
3f8b26cc3872ff42,"Olongapo Harbor, Subic Bay",Luzon Island,PHILIPPINES,14.87855,120.23418,0.51,,low_relevance,CSV2GEO,Philippines,poi
2c92f33b3ba78bcf,"Polinao Point, Manila",Luzon Island,PHILIPPINES,14.41952,121.04525,0.41,,low_relevance,CSV2GEO,Philippines,street
6e00e4e76bf2ef57,"Villamar, Caoayan",Luzon Island,PHILIPPINES,17.53014,120.38692,0.58,,low_relevance,CSV2GEO,Philippines,city
91aabb5e21dd9b9f,Fort Drum,Manila Bay,PHILIPPINES,14.60488,120.98626,0.35,,low_relevance,CSV2GEO,Philippines,city
f61214e7b58b67df,Balud,Masbate,PHILIPPINES,12.0681,123.23809,1.0,3.091,validated,CSV2GEO,Philippines,city
4dc15287bf4b9008,"Mouth of Langoyan River, Davao City",Mindanao,PHILIPPINES,7.06545,125.595,0.46,,low_relevance,CSV2GEO,Philippines,street
c137342413b8cf7a,Off Manila,Mindoro,PHILIPPINES,14.58059,120.99304,0.81,2.513,validated,CSV2GEO,Philippines,street
0e66b2e612efb7ca,Off Cagayancillo,Palawan,PHILIPPINES,9.5968,121.21732,0.86,,country_mismatch,CSV2GEO,Philippines,city
58583d578ac70832,Off Likas Island,Palawan,PHILIPPINES,11.29535,119.67557,0.55,,low_relevance,CSV2GEO,Philippines,poi
24b1e5e53c46c34f,Between Unisan & Angadanan Islands,Queaon,PHILIPPINES,13.8659,121.99532,0.31,,low_relevance,CSV2GEO,Philippines,city
14749c574a78d21a,Tayabas,Quezon,PHILIPPINES,13.97496,121.55776,1.0,9.362,validated,CSV2GEO,Philippines,city
ad9b3153e2a67787,Off Sibuyan Island,Rombion Province,PHILIPPINES,12.37811,122.51256,0.61,,low_relevance,CSV2GEO,Philippines,poi
487dc196511e0955,"Maestre de Campo Island, 120 miles south of Manila",Romblon Province,PHILIPPINES,14.61302,120.962322,1.0,1.222,validated,CSV2GEO,Philippines,
c05d1c159997ffc2,"Off Bilisan Point, Hinatuarn Island",Surigao del Norte,PHILIPPINES,8.3805,126.31178,0.38,,low_relevance,CSV2GEO,Philippines,city
8123452d9fee8300,Manila Bay,Western Luzon Island,PHILIPPINES,14.5701,120.9848,0.67,,low_relevance,CSV2GEO,Philippines,poi
78e7cf13a509ab43,"Island of Panay, Iliolo",Western Viscayas,PHILIPPINES,11.54302,122.77807,0.56,,low_relevance,CSV2GEO,Philippines,city
8ae9cb162d965375,"Near mouth of River Cumalarang, 5 miles from Port Isabela",Zamboanga del Sur Province,PHILIPPINES,7.838305,123.296666,1.0,16.826,validated,CSV2GEO,Philippines,
22721dc564166c07,Port Isabela de Basilan,Zamboanga del Sur Province,PHILIPPINES,6.70903,121.97166,0.58,,low_relevance,CSV2GEO,Philippines,poi
5a7437c4c578a643,Sines,,PORTUGAL,37.95725,-8.86933,1.0,1.237,validated,CSV2GEO,Portugal,city
edb44000194986a6,Off Funchal,Madeira,PORTUGAL,32.64693,-16.90853,0.82,0.492,validated,CSV2GEO,Portugal,city
0de925dba5e6e917,Off Cabo Rojo,,PUERTO RICO,18.04172,-67.15425,0.73,,low_relevance,CSV2GEO,Puerto Rico,city
327f776bf8a5ab0e,Cap La Houssaye,,REUNION,-21.018889,55.235556,1.0,0.702,validated,CSV2GEO,Réunion,
0446b1f375772f8b,Le Port,,REUNION,-20.935742,55.290345,1.0,0.17,validated,CSV2GEO,Réunion,
fede52b6c74f0f08,Roches Noire,,REUNION,-20.1113,57.718369,1.0,,country_mismatch,CSV2GEO,Mauritius,
7ead91d3b9f61d6a,Saint Pierre,,REUNION,-31.73508,115.74996,0.99,,country_mismatch,CSV2GEO,Australia,street
35015a7559809a6e,St. Leu,,REUNION,-21.174826,55.287803,1.0,,country_mismatch,CSV2GEO,Réunion,
959ee8b139e3f80d,la Pointe-au-Sel,,REUNION,43.566193,4.188748,1.0,5.702,validated,CSV2GEO,France,
f7dd6a9f3df59fee,Barachois,5aint-Denis,REUNION,,,,,missing_or_invalid_coordinate,CSV2GEO,?,
40139a1ef17a4f40,Sainte-Rose,Bois-Blanc,REUNION,-21.196952,55.820385,1.0,1.908,validated,CSV2GEO,Réunion,
e2521b7daa861f1a,Petite-Ile,Grand\'Anse,REUNION,-21.368282,55.55522,1.0,,country_mismatch,CSV2GEO,Réunion,
277dc6f97e7c6c96,Revine-3-Bassins,La Saline-les-Bains,REUNION,-21.095273,55.237692,1.0,,country_mismatch,CSV2GEO,Réunion,
b95798d46c3dbf3e,Folette,Le Port,REUNION,-20.934502,55.304323,1.0,1.443,validated,CSV2GEO,Réunion,
cffadde7b8397a98,Trois-Roches,Saint Gilles,REUNION,-21.049672,55.222079,1.0,,country_mismatch,CSV2GEO,Réunion,
8a69f0301910236a,Bittern,Saint-Benoit,REUNION,-38.33564,145.17842,0.39,,low_relevance,CSV2GEO,Australia,city
fd2c1bbeb48cbbe6,Barachois,Saint-Denis,REUNION,-20.872696,55.448892,1.0,1.217,validated,CSV2GEO,Réunion,
5e1597c76279a589,Barachoise bridge,Saint-Denis,REUNION,-20.878468,55.448486,1.0,1.853,validated,CSV2GEO,Réunion,
2c16b25adfab94ba,Boucan-Canot,Saint-Gilles,REUNION,-21.031564,55.227302,1.0,0.194,validated,CSV2GEO,Réunion,
ef254808a52db5af,Brisant Beach,Saint-Gilles,REUNION,50.826984,4.344432,1.0,,country_mismatch,CSV2GEO,Belgium,
381848a19ba7f7e3,Brisants.,Saint-Gilles,REUNION,-21.058229,55.223011,1.0,,country_mismatch,CSV2GEO,Réunion,
dd6203a19ed2271a,Roches Noires,Saint-Gilles,REUNION,-21.05364,55.223504,1.0,,country_mismatch,CSV2GEO,Réunion,
d5b69a4c9e72db89,Boucan-Canot,Saint-Gilles-les-Bains,REUNION,-34.84897,138.66038,0.33,,low_relevance,CSV2GEO,Australia,city
bfd703db54df5fa8,Cap Homard,Saint-Gilles-les-Bains,REUNION,-34.84897,138.66038,0.36,,low_relevance,CSV2GEO,Australia,city
ad10c554591c2fb0,"Les Aigrettes, near Boucan-Canot",Saint-Gilles-les-Bains,REUNION,-21.027254,55.226481,1.0,0.034,validated,CSV2GEO,Réunion,
0c53f0c83ceb8f8c,Pointe au Sal,Saint-Leu,REUNION,-34.15568,138.34094,0.37,,low_relevance,CSV2GEO,Australia,city
6fe9935fe84a0472,Pointe au Sel,Saint-Leu,REUNION,-34.15568,138.34094,0.37,,low_relevance,CSV2GEO,Australia,city
b9e6bcfb60bd6713,Vicendo,Saint-Philippe,REUNION,-21.371368,55.670621,1.0,,country_mismatch,CSV2GEO,Réunion,
aed45d9b81148fde,Pointe du Diable,Saint-Pierre,REUNION,-21.329805,55.451603,1.0,,country_mismatch,CSV2GEO,Réunion,
b846d65b51c7a79c,Baie de la Mare,Sainte-Marie,REUNION,-33.73821,150.99891,0.58,,low_relevance,CSV2GEO,Australia,poi
c628feba71f8e307,Temple Tamoule,Sainte-Suzanne,REUNION,-33.10798,151.48882,0.31,,low_relevance,CSV2GEO,Australia,city
ee564d8eadb7f229,Swimming off the British steamer Troutpool,,REUNION ISLAND,,,,,missing_or_invalid_coordinate,CSV2GEO,?,
0e80969c2479e959,"Kunashir Island, 70 km from northern Japan",Kuril Islands in the Pacific,RUSSIA,44.095785,145.83357,1.0,5.082,validated,CSV2GEO,,
8b1183009a06ecb0,Zheltukhin Island,"Peter the Great Bay, Khasan, Primorsky Krai (Far East)",RUSSIA,42.4293,130.64373,0.33,,low_relevance,CSV2GEO,Россия,city
85b14089774368fb,Slavyanka,Primorsky Krai,RUSSIA,42.86196,131.39276,1.0,1.406,validated,CSV2GEO,Россия,city
5699b46daa17c695,Vityaz,"Telyakovsky Bay, Khasan, Primorsky Krai (Far East)",RUSSIA,42.6061,131.17307,0.51,,low_relevance,CSV2GEO,Россия,city
6748a1552959c4b2,Opposite Apelima & Manona,Apolima Strait,SAMOA,-13.764596,-172.106068,1.0,,country_mismatch,CSV2GEO,,
d884fc2c0c48050c,North of Northeast Samoa,South Pacific Ocean,SAMOA,-8.783195,-124.508523,1.0,,country_mismatch,CSV2GEO,,
b4d414e2734dc9ff,Apia Harbor,Upolu Island,SAMOA,-13.829548,-171.763663,1.0,0.206,validated,CSV2GEO,Samoa,
ff7aabdcff66e94c,Muchoir Banks,60 miles north of San Domingo in the West Indies,SAN DOMINGO,18.462618,-69.936092,1.0,1.284,validated,CSV2GEO,Dominican Republic,
554f0d0c6d6e007b,East of the Ras Tanura-Jubail area,Eastern Province,SAUDI ARABIA,26.70896,50.055,0.7,,low_relevance,CSV2GEO,السعودية,street
02b4544e30bf31eb,"Carradale Bay, Kintyre Peninsula",Argyll,SCOTLAND,55.59027,-5.47173,0.62,,low_relevance,CSV2GEO,United Kingdom,poi
beeaa7170718a3ee,Arran,Argyllshire,SCOTLAND,55.8849,-4.97002,0.69,,low_relevance,CSV2GEO,United Kingdom,street
f6c96f37f12d07e2,Fallen Rocks,Arran,SCOTLAND,55.59357,-5.18779,0.31,,low_relevance,CSV2GEO,United Kingdom,region
7af3c842d59bad6c,Balintore Bay,Easter Ross,SCOTLAND,57.7593,-3.9036,0.77,0.582,validated,CSV2GEO,United Kingdom,poi
f40c32d359b72d79,Deep Sea World Aquarium,Fife,SCOTLAND,56.00915,-3.39172,0.67,,low_relevance,CSV2GEO,United Kingdom,poi
47a1c177e7f0f2ba,Off the Isle of Islay,Inner Hebrides,SCOTLAND,55.736254,-6.177067,1.0,6.405,validated,CSV2GEO,United Kingdom,
89012af90f761e7f,Spey Bay,Moray,SCOTLAND,57.67247,-3.08642,0.99,,country_mismatch,CSV2GEO,United Kingdom,city
bee4e282a88025cd,"Tiaroye, near Dakar",,SENEGAL,14.75599,-17.37461,0.87,2.06,validated,CSV2GEO,Sénégal,city
3a0123c8764ecf35,"Bel Air, Dakar",Cap Vert Peninsula,SENEGAL,14.701941,-17.421846,1.0,,country_mismatch,CSV2GEO,Senegal,
b643087e2032f13d,Hann,Cap Vert Peninsula,SENEGAL,14.731786,-17.435143,1.0,0.581,validated,CSV2GEO,Senegal,
240e09d989ba9a43,Thiaroye Guedi,Cap Vert Peninsula,SENEGAL,14.747904,-17.325158,1.0,1.407,validated,CSV2GEO,Senegal,
371892e6dfae83a1,Yoff Island,Cap Vert Peninsula,SENEGAL,14.747126,-17.490256,1.0,2.367,validated,CSV2GEO,Senegal,
bb4b4cd972fd67b2,off Dakar,Cap-Vert Peninsula,SENEGAL,14.716677,-17.467686,1.0,2.562,validated,CSV2GEO,Senegal,
d35a16caa66f0a64,Ziguinchor,Casamance,SENEGAL,12.58122,-16.2637,0.53,,low_relevance,CSV2GEO,Sénégal,city
4853031ea4cb66d9,Ile Platte,,SEYCHELLES,-31.86696,115.93142,0.67,,low_relevance,CSV2GEO,Australia,street
09c9c12cd2430ddc,Freetown,Western Area,SIERRA LEONE,-37.1511,142.85302,0.47,,low_relevance,CSV2GEO,Australia,city
cd3f6ca65075db61,"Lumely Beach, Freetown",Western Area,SIERRA LEONE,-33.87008,121.88996,0.47,,low_relevance,CSV2GEO,Australia,city
4528f7f602424b67,Sea View Beach,,SINGAPORE,1.30111,103.86372,0.42,,low_relevance,CSV2GEO,Singapore,city
976123bd9135d6be,Singapore,,SINGAPORE,1.29087,103.85238,1.0,1.262,validated,CSV2GEO,Singapore,region
10d5c84cc5a606ba,Singapore Harbor,,SINGAPORE,1.28216,103.78008,0.99,0.076,validated,CSV2GEO,Singapore,street
fa38b55f2ab2b721,Koper,Adriatic Sea,SLOVENIA,45.54649,13.72656,0.78,0.397,validated,CSV2GEO,Slovenija,poi
e854ba628697bc0d,Battle of Guadalcanal,,SOLOMON ISLANDS,-9.577328,160.145581,1.0,16.161,validated,CSV2GEO,Solomon Islands,
5a55f1acba7c7a23,Guadalcanal,,SOLOMON ISLANDS,-9.577328,160.145581,1.0,16.161,validated,CSV2GEO,Solomon Islands,
825e1615c041a406,Off Guadalcanal,,SOLOMON ISLANDS,-9.577328,160.145581,1.0,16.161,validated,CSV2GEO,Solomon Islands,
25883de40717b1b6,Off Savo Island,,SOLOMON ISLANDS,-9.130729,159.806133,1.0,0.178,validated,CSV2GEO,Solomon Islands,
626127dccd46f097,Owarigi Island,,SOLOMON ISLANDS,-9.75135,143.40849,0.69,,low_relevance,CSV2GEO,Australia,city
7b7cfeadbb92e89e,Kieta,Bougainville (North Solomons),SOLOMON ISLANDS,-38.11022,145.97457,0.53,,low_relevance,CSV2GEO,Australia,street
422a3bdf09221256,Savo,Central Province,SOLOMON ISLANDS,-9.130729,159.806133,1.0,0.178,validated,CSV2GEO,Solomon Islands,
755b7f2d9beda6d1,Savo Island,Central Province,SOLOMON ISLANDS,-9.130729,159.806133,1.0,0.178,validated,CSV2GEO,Solomon Islands,
987570e26117767f,"North Coast, Guadalcanal Island",Guadalcanal Province,SOLOMON ISLANDS,-9.577328,160.145581,1.0,16.161,validated,CSV2GEO,Solomon Islands,
910d401d0f674ac2,"Kirakira, Makira Island (formerly San Cristobal)",Makira-Ulawa Province,SOLOMON ISLANDS,-10.455826,161.918715,1.0,1.507,validated,CSV2GEO,Solomon Islands,
3daf80d8b5101a43,Makira Island,Makira-Uluwa Province,SOLOMON ISLANDS,-10.573745,161.809694,1.0,13.781,validated,CSV2GEO,Solomon Islands,
b2eccb50f5fdeb9d,Cape Esperance (near Savo Islands),Makora-Ulawa Province,SOLOMON ISLANDS,-10.573745,161.809694,1.0,13.781,validated,CSV2GEO,Solomon Islands,
c01491b805673edf,Kicha Island,Marovo Lagoon,SOLOMON ISLANDS,-12.50343,130.96081,0.43,,low_relevance,CSV2GEO,Australia,city
734c31b2215c2595,Munda,New Georgia,SOLOMON ISLANDS,-22.53063,138.87999,0.47,,low_relevance,CSV2GEO,Australia,city
96477e20359a4df7,Susukana Plantation,Ysabel Island,SOLOMON ISLANDS,-27.65833,153.37211,0.62,,low_relevance,CSV2GEO,Australia,street
bbfbb1b18ae7b942,300 miles off the coast,,SOMALIA,,,,,missing_or_invalid_coordinate,CSV2GEO,?,
cfbc2b11a59a4f9b,"Arroyo Beach, Mogadishu",Banaadir Region,SOMALIA,2.106541,45.393342,1.0,4.406,validated,CSV2GEO,Somalia,
d653f68e3f2129ea,2-3 km north of Sunday\'s River mouth,Eastern Cape Province,SOUTH AFRICA,-33.67468,26.64085,0.53,,low_relevance,CSV2GEO,South Africa,rooftop
c8ed40deadfcd864,"Albatros Point, near Jeffrey\'s Bay",Eastern Cape Province,SOUTH AFRICA,-34.0266,24.93003,0.57,,low_relevance,CSV2GEO,South Africa,poi
b7442a89a15617d6,Algoa Bay,Eastern Cape Province,SOUTH AFRICA,-33.90216,25.56294,0.57,,low_relevance,CSV2GEO,South Africa,city
9ee3b4cf22ddc1e8,Aston Bay,Eastern Cape Province,SOUTH AFRICA,-34.08008,24.9015,0.7,,low_relevance,CSV2GEO,South Africa,city
94616cfa3b5b7b6a,Beachview Holiday Resort,Eastern Cape Province,SOUTH AFRICA,-32.99959,17.95388,0.62,,low_relevance,CSV2GEO,South Africa,poi
c6615fe56dc0387a,"Bird Island, Algoa Bay",Eastern Cape Province,SOUTH AFRICA,-33.90216,25.56294,0.42,,low_relevance,CSV2GEO,South Africa,city
8ce9eae1c55067f9,Bonza Beach,Eastern Cape Province,SOUTH AFRICA,-32.97271,27.95806,0.62,,low_relevance,CSV2GEO,South Africa,city
a8d6857da18f99e1,"Breezy Point, Ntlonyana",Eastern Cape Province,SOUTH AFRICA,-31.22508,29.46086,0.51,,low_relevance,CSV2GEO,South Africa,city
432581b9878384a7,Chintsa East Beach,Eastern Cape Province,SOUTH AFRICA,-32.82964,28.11337,0.6,,low_relevance,CSV2GEO,South Africa,city
ca7d5fb13a477319,Cintsa East,Eastern Cape Province,SOUTH AFRICA,-32.82964,28.11337,0.72,,low_relevance,CSV2GEO,South Africa,city
cc42c2f062dd3036,"Cintsa East, East London",Eastern Cape Province,SOUTH AFRICA,-32.82964,28.11337,0.54,,low_relevance,CSV2GEO,South Africa,city
35810a73fa6c6b8f,"Cintza Beach, East London",Eastern Cape Province,SOUTH AFRICA,-32.98642,27.92943,0.65,,low_relevance,CSV2GEO,South Africa,street
de4c00e2bdf05ea8,Coffee Bay,Eastern Cape Province,SOUTH AFRICA,-31.98372,29.14781,0.71,,low_relevance,CSV2GEO,South Africa,city
baa153db07e92ab4,"Duck Pond, Sardina Bay near Port Elizabeth",Eastern Cape Province,SOUTH AFRICA,-33.96238,25.62326,0.44,,low_relevance,CSV2GEO,South Africa,city
56100be79df5133a,Eerste River,Eastern Cape Province,SOUTH AFRICA,-22.7261,28.68446,0.68,,low_relevance,CSV2GEO,South Africa,city
96e5937b5c19dbe5,"Gonubie, 13 km northeast of East London",Eastern Cape Province,SOUTH AFRICA,-33.01415,27.90298,0.59,,low_relevance,CSV2GEO,South Africa,rooftop
4015ff002f2b1e0c,Great Fish River,Eastern Cape Province,SOUTH AFRICA,-32.81904,28.12199,0.58,,low_relevance,CSV2GEO,South Africa,street
4eef2ccae0d2426c,"Gulu Deep, East London",Eastern Cape Province,SOUTH AFRICA,-33.01524,27.90396,0.57,,low_relevance,CSV2GEO,South Africa,city
5c9cd8a1575b54b3,Hamburg,Eastern Cape Province,SOUTH AFRICA,-33.28548,27.46254,0.69,,low_relevance,CSV2GEO,South Africa,city
3cc6fa9c945c2e1c,Hole-in-the Wall,Eastern Cape Province,SOUTH AFRICA,-32.03392,29.10804,0.75,0.246,validated,CSV2GEO,South Africa,street
b647fcc98e3771d5,Humewood,Eastern Cape Province,SOUTH AFRICA,-33.97767,25.64041,0.7,,low_relevance,CSV2GEO,South Africa,city
1b94c6d4dfb78e36,Kei River mouth,Eastern Cape Province,SOUTH AFRICA,-32.67738,28.384707,1.0,,country_mismatch,CSV2GEO,South Africa,
37402a1afc3385a6,Kenton-on-Sea,Eastern Cape Province,SOUTH AFRICA,-33.68035,26.66848,0.73,,low_relevance,CSV2GEO,South Africa,city
806e9b031a42377c,Kowie River,Eastern Cape Province,SOUTH AFRICA,-32.84832,27.44078,0.38,,low_relevance,CSV2GEO,South Africa,region
5b6b730d97b233d7,"Kowie River Mouth, Port Alfred",Eastern Cape Province,SOUTH AFRICA,-33.59354,26.8938,0.7,,low_relevance,CSV2GEO,South Africa,poi
26df1e2f438588aa,Mpande,Eastern Cape Province,SOUTH AFRICA,-33.87669,22.36084,0.7,,low_relevance,CSV2GEO,South Africa,city
23a1671cbea993e1,Mpekeweni,Eastern Cape Province,SOUTH AFRICA,-33.37755,27.09035,0.68,,low_relevance,CSV2GEO,South Africa,street
da7579dde610a92e,Nahoon Beach,Eastern Cape Province,SOUTH AFRICA,-32.98643,27.94588,0.73,,low_relevance,CSV2GEO,South Africa,city
345fa8005ae817e9,"Nahoon Reef, East London",Eastern Cape Province,SOUTH AFRICA,-32.99602,27.95137,0.79,,country_mismatch,CSV2GEO,South Africa,poi
262a5243679cfb76,"Noordhoek, Port Elizabeth",Eastern Cape Province,SOUTH AFRICA,-33.79831,25.45802,0.71,,low_relevance,CSV2GEO,South Africa,street
ff96c03abed0fbcc,"North End Beach, Port Elizabeth",Eastern Cape Province,SOUTH AFRICA,-33.93814,25.60445,0.71,,low_relevance,CSV2GEO,South Africa,city
6d9b019fd5f45af4,Ntlonyana Bay,Eastern Cape Province,SOUTH AFRICA,-31.22508,29.46086,0.65,,low_relevance,CSV2GEO,South Africa,city
20dd4b3e6a05bc78,Ntlonyane Bay,Eastern Cape Province,SOUTH AFRICA,-33.96152,25.5057,0.84,7.509,validated,CSV2GEO,South Africa,street
1126c8f961974ab5,Off Port Alfred,Eastern Cape Province,SOUTH AFRICA,-33.58825,26.89323,0.66,,low_relevance,CSV2GEO,South Africa,city
54252feb5c220418,Off Port Elizabeth breakwater,Eastern Cape Province,SOUTH AFRICA,-33.96238,25.62326,0.53,,low_relevance,CSV2GEO,South Africa,city
c731ff4b7fc760f0,"Off bank of Ntshala River, Morgan Bay",Eastern Cape Province,SOUTH AFRICA,-32.70372,28.33948,0.41,,low_relevance,CSV2GEO,South Africa,city
367eef43e7fb4c7a,Pollock Beach,Eastern Cape Province,SOUTH AFRICA,-32.84832,27.44078,0.35,,low_relevance,CSV2GEO,South Africa,region
00a96a629accd0c5,Port Elizabeth Oceanarium,Eastern Cape Province,SOUTH AFRICA,-33.97718,25.64924,0.79,0.698,validated,CSV2GEO,South Africa,poi
c6cb522d289fbcb9,Port St. Johns,Eastern Cape Province,SOUTH AFRICA,-31.62332,29.54551,0.73,,low_relevance,CSV2GEO,South Africa,city
f1d39f71b0ac62a2,Qolera River,Eastern Cape Province,SOUTH AFRICA,-32.84832,27.44078,0.37,,low_relevance,CSV2GEO,South Africa,region
380ed8639c033f89,Riet River,Eastern Cape Province,SOUTH AFRICA,-29.03881,24.62528,0.57,,low_relevance,CSV2GEO,South Africa,city
06ef2944fdb00f5a,"Salt Vlei, Port Alfred",Eastern Cape Province,SOUTH AFRICA,-33.61429,26.88148,0.78,,country_mismatch,CSV2GEO,South Africa,poi
4972a2a5fc8cadb4,Sardinia Bay,Eastern Cape Province,SOUTH AFRICA,-34.01405,25.5265,0.73,,low_relevance,CSV2GEO,South Africa,street
3aed6ea0a8710b8b,Sardinia Bay near Port Elizabeth,Eastern Cape Province,SOUTH AFRICA,-34.01405,25.5265,0.74,,low_relevance,CSV2GEO,South Africa,street
1676bd14a3d0ad79,"Seal Point, Cape St. Francis",Eastern Cape Province,SOUTH AFRICA,-34.20742,24.83441,0.8,,country_mismatch,CSV2GEO,South Africa,poi
0a2e4144e333b318,"Second Beach, Port St Johns",Eastern Cape Province,SOUTH AFRICA,-31.65069,29.5149,0.8,,country_mismatch,CSV2GEO,South Africa,city
be3cf1b6b647d523,"Sundays River Mouth, Port Elizabeth",Eastern Cape Province,SOUTH AFRICA,-33.71576,25.85385,0.84,1.022,validated,CSV2GEO,South Africa,poi
767a86403d01ebfb,Swartkops River mouth,Eastern Cape Province,SOUTH AFRICA,-33.86255,25.59967,0.53,,low_relevance,CSV2GEO,South Africa,city
4f761c84311eedd3,"The Fence, King\'s Beach",Eastern Cape Province,SOUTH AFRICA,-33.14943,27.69521,0.51,,low_relevance,CSV2GEO,South Africa,city
2ab39a614a779f47,"West Beach, Port Alfred",Eastern Cape Province,SOUTH AFRICA,-33.60304,26.89984,0.79,,country_mismatch,CSV2GEO,South Africa,poi
0c07935312f2390a,Zwartkops River,Eastern Cape Province,SOUTH AFRICA,-33.86255,25.59967,0.58,,low_relevance,CSV2GEO,South Africa,city
d510c1006112cd50,"Nahoon, East London",Eastern Province,SOUTH AFRICA,-32.98724,27.92615,0.69,,low_relevance,CSV2GEO,South Africa,city
de53d68176a722d0,A ford known as Brodies Coffin in St. Lucia Bay,KwaZulu-Natal,SOUTH AFRICA,-28.37696,32.41377,0.39,,low_relevance,CSV2GEO,South Africa,city
678b87cd4424236e,Alkantstrand,KwaZulu-Natal,SOUTH AFRICA,-29.93352,31.00934,0.75,1.125,validated,CSV2GEO,South Africa,street
bc4deb7772eb110b,Amatikulu,KwaZulu-Natal,SOUTH AFRICA,-29.04311,31.53188,1.0,10.525,validated,CSV2GEO,South Africa,street
c7d06f339db85cda,"Bilanhlolo River Mouth, Ramsgate",KwaZulu-Natal,SOUTH AFRICA,-30.87123,30.35949,0.5,,low_relevance,CSV2GEO,South Africa,city
d80f133ce89650e9,"Bluff, Durban",KwaZulu-Natal,SOUTH AFRICA,-29.91997,30.99885,1.0,1.952,validated,CSV2GEO,South Africa,city
2e2f580150fb1062,"Brighton Beach, Durban",KwaZulu-Natal,SOUTH AFRICA,-29.93355,31.01216,1.0,0.939,validated,CSV2GEO,South Africa,poi
98fbf9c9597b765b,"Chain Rocks, Amanzimtoti",KwaZulu-Natal,SOUTH AFRICA,-30.06055,30.88039,0.7,,low_relevance,CSV2GEO,South Africa,city
90b099a2a3757885,Clansthal,KwaZulu-Natal,SOUTH AFRICA,-30.1805,30.72249,1.0,8.137,validated,CSV2GEO,South Africa,city
6365c534c1d45f85,Durban Harbor,KwaZulu-Natal,SOUTH AFRICA,-29.91784,30.88994,0.96,10.171,validated,CSV2GEO,South Africa,street
01db079e4d18a090,Eastmoor Crescent Beach,KwaZulu-Natal,SOUTH AFRICA,-29.74236,31.07826,0.85,0.381,validated,CSV2GEO,South Africa,street
8fe958e58a4c3611,Garvies Beach,KwaZulu-Natal,SOUTH AFRICA,-29.91096,31.02476,0.71,,low_relevance,CSV2GEO,South Africa,street
1d12ca7ae4106c20,Glenashley,KwaZulu-Natal,SOUTH AFRICA,-29.76245,31.06124,1.0,0.858,validated,CSV2GEO,South Africa,city
baeab8e932327de4,"Inyoni Rocks, Amazimtoti",KwaZulu-Natal,SOUTH AFRICA,-30.0501,30.88958,0.99,0.086,validated,CSV2GEO,South Africa,street
67681604b7e04187,Kosi Bay,KwaZulu-Natal,SOUTH AFRICA,-26.87457,32.84572,1.0,3.696,validated,CSV2GEO,South Africa,street
e5f57be23268a6e8,Levan Point,KwaZulu-Natal,SOUTH AFRICA,-29.8706,31.05118,0.77,,country_mismatch,CSV2GEO,South Africa,street
6b8d8002c4d6f057,MaKakatana River,KwaZulu-Natal,SOUTH AFRICA,-29.60065,30.37799,0.44,,low_relevance,CSV2GEO,South Africa,region
ec0374e693784033,Mbibi,KwaZulu-Natal,SOUTH AFRICA,-27.32431,32.74604,0.99,0.746,validated,CSV2GEO,South Africa,street
558c9058db08919b,Mission Rocks,KwaZulu-Natal,SOUTH AFRICA,-29.85446,30.97182,0.79,4.089,validated,CSV2GEO,South Africa,street
4794224682a4b183,"Native Beach, Durban",KwaZulu-Natal,SOUTH AFRICA,-29.91096,31.02476,0.79,1.679,validated,CSV2GEO,South Africa,street
ad9a1add5b92ef77,"Next to West Street groyne, Durban",KwaZulu-Natal,SOUTH AFRICA,-29.85866,31.0221,0.7,,low_relevance,CSV2GEO,South Africa,street
e97d59fed04ee91f,Palm Beach,KwaZulu-Natal,SOUTH AFRICA,-30.98078,30.27054,1.0,0.75,validated,CSV2GEO,South Africa,city
f3f1f6096dc4db89,Park Rynie,KwaZulu-Natal,SOUTH AFRICA,-30.32554,30.73408,1.0,,country_mismatch,CSV2GEO,South Africa,street
7704e4ad5b6ee0ae,"Peace Cottage, Umdhloti",KwaZulu-Natal,SOUTH AFRICA,-29.67379,31.11318,0.97,0.755,validated,CSV2GEO,South Africa,poi
4481bdaf2e9ff6b7,Port Shepstone,KwaZulu-Natal,SOUTH AFRICA,-30.73939,30.45274,1.0,0.559,validated,CSV2GEO,South Africa,city
b9a50d6e47bbfc30,Protea Reef,KwaZulu-Natal,SOUTH AFRICA,-29.84509,30.98062,0.82,4.185,validated,CSV2GEO,South Africa,street
e7f28a2d32f2b5cd,Ramsgate,KwaZulu-Natal,SOUTH AFRICA,-30.87123,30.35949,1.0,1.052,validated,CSV2GEO,South Africa,city
7402fab5aa7111da,Scotburgh,KwaZulu-Natal,SOUTH AFRICA,-30.28817,30.75186,0.99,0.129,validated,CSV2GEO,South Africa,city
ef5b676bb2b4554c,"Selection Reef, Umdhloti",KwaZulu-Natal,SOUTH AFRICA,-29.68025,31.11298,0.85,0.453,validated,CSV2GEO,South Africa,poi
7e2da947d14fce34,"Shark tank at Oceanographic Research Insitute, Durban",KwaZulu-Natal,SOUTH AFRICA,-29.85188,31.03795,1.0,1.26,validated,CSV2GEO,South Africa,
de72a37ffd28f374,Shark tank at Oceanographic Research Institute,KwaZulu-Natal,SOUTH AFRICA,-28.530554,30.895824,1.0,94.694,too_far_inland,CSV2GEO,South Africa,
ed7e6f16cb70b0fd,"Shark tank, Oceanographic Research Institute",KwaZulu-Natal,SOUTH AFRICA,-28.530554,30.895824,1.0,94.694,too_far_inland,CSV2GEO,South Africa,
b84c9453b5bf79f5,Sheffield Beach,KwaZulu-Natal,SOUTH AFRICA,-29.4843,31.2497,1.0,0.034,validated,CSV2GEO,South Africa,city
c8f5f6c2ff031a41,South of Durban,KwaZulu-Natal,SOUTH AFRICA,-29.85815,31.04071,0.92,1.111,validated,CSV2GEO,South Africa,poi
dc6e762a2e1f747f,"Splash Rock, Port Edward",KwaZulu-Natal,SOUTH AFRICA,-31.04993,30.22977,1.0,,country_mismatch,CSV2GEO,South Africa,poi
f572ad5655a4690c,St. Lucia,KwaZulu-Natal,SOUTH AFRICA,-28.37696,32.41377,1.0,0.759,validated,CSV2GEO,South Africa,city
433e568de1b6996b,St. Michaels,KwaZulu-Natal,SOUTH AFRICA,-29.574,30.2885,0.99,77.093,too_far_inland,CSV2GEO,South Africa,street
1680f40b5105d6c4,"Suncoast Pirates Beach, Durban",KwaZulu-Natal,SOUTH AFRICA,-29.83679,31.03291,0.68,,low_relevance,CSV2GEO,South Africa,street
b46f46d16fbdb88d,Tugela River,KwaZulu-Natal,SOUTH AFRICA,-29.00209,29.87288,0.96,151.73,too_far_inland,CSV2GEO,South Africa,street
17f2d2127c1f0c24,Tugela River Mouth,KwaZulu-Natal,SOUTH AFRICA,-29.18563,31.42799,0.64,,low_relevance,CSV2GEO,South Africa,city
7d1bccae923c761f,"Two Mile Reef, Sodwana Bay",KwaZulu-Natal,SOUTH AFRICA,-27.51311,32.65783,0.67,,low_relevance,CSV2GEO,South Africa,street
e34b874e781037da,Umbogintwini,KwaZulu-Natal,SOUTH AFRICA,-30.02701,30.87925,1.0,2.456,validated,CSV2GEO,South Africa,city
f9151f9da54431f5,Umgeni River Mouth,KwaZulu-Natal,SOUTH AFRICA,-29.65051,30.7836,0.64,,low_relevance,CSV2GEO,South Africa,city
34d689a34d7d3a1e,Umhlali,KwaZulu-Natal,SOUTH AFRICA,-29.47863,31.21929,1.0,2.784,validated,CSV2GEO,South Africa,city
bf99dccf3ebc416c,Umhlanga,KwaZulu-Natal,SOUTH AFRICA,-29.72747,31.0845,1.0,0.578,validated,CSV2GEO,South Africa,city
19fccdb42a8520e7,Umlaas Canal,KwaZulu-Natal,SOUTH AFRICA,-29.72115,30.49763,0.78,52.06,too_far_inland,CSV2GEO,South Africa,street
8673b1785aaefadc,Umvoti,KwaZulu-Natal,SOUTH AFRICA,-29.06353,30.59048,1.0,79.273,too_far_inland,CSV2GEO,South Africa,city
265d99a57ebce793,"Warner Beach, South Coast",KwaZulu-Natal,SOUTH AFRICA,-30.08493,30.86207,0.98,0.474,validated,CSV2GEO,South Africa,poi
be43dfb78351ed15,Westbrook Beach,KwaZulu-Natal,SOUTH AFRICA,-29.59292,31.16353,0.81,0.404,validated,CSV2GEO,South Africa,city
3a46640cc5752c62,[redacted address]. Lucia,KwaZulu-Natal,SOUTH AFRICA,-29.60065,30.37799,0.38,,low_relevance,CSV2GEO,South Africa,region
dd89eafd66ed42c5,"uShaka Aquarium, Durban",KwaZulu-Natal,SOUTH AFRICA,-29.87812,30.90553,0.78,9.549,validated,CSV2GEO,South Africa,street
d0e04a171d5e97b3,Off Mkhambati,KwaZulu-Natal between Port Edward and Port St Johns,SOUTH AFRICA,-31.04987,30.22963,0.51,,low_relevance,CSV2GEO,South Africa,poi
9fcf1d0ff5272910,Possession Island,South Atlantic Ocean,SOUTH AFRICA,,,,,missing_or_invalid_coordinate,CSV2GEO,?,
c48f3faed973cd50,"National Zoological Gardens Aquarium, Pretoria",Transvaal,SOUTH AFRICA,-25.73847,28.18882,0.66,,low_relevance,CSV2GEO,South Africa,poi
09e73ed0b57d4b5f,13 km off Knysna,Western Cape Province,SOUTH AFRICA,-34.03551,23.04881,0.53,,low_relevance,CSV2GEO,South Africa,city
7cb4ec739afbb4e3,20 m from shore at Strand,Western Cape Province,SOUTH AFRICA,-34.11453,18.84993,0.63,,low_relevance,CSV2GEO,South Africa,rooftop
1d9c412a88bacfca,40 km off Cape Point,Western Cape Province,SOUTH AFRICA,-33.82372,18.64263,0.7,,low_relevance,CSV2GEO,South Africa,rooftop
db9957138af8073a,6 km off Groot Brak River,Western Cape Province,SOUTH AFRICA,-34.041648,22.2195,1.0,2.948,validated,CSV2GEO,South Africa,
8b1acc05a5ef98b1,Agulhas Banks,Western Cape Province,SOUTH AFRICA,-34.82304,20.02184,0.58,,low_relevance,CSV2GEO,South Africa,city
4c0ff1f1272a8b16,"Beespens, False Bay",Western Cape Province,SOUTH AFRICA,-33.87669,22.36084,0.53,,low_relevance,CSV2GEO,South Africa,city
0fb6eab0dcee6cee,Between Dyer Island and Pearly Beach,Western Cape Province,SOUTH AFRICA,-34.66682,19.50472,0.44,,low_relevance,CSV2GEO,South Africa,city
33f034760a16d390,"Bluegums Rock, Partridge Point",Western Cape Province,SOUTH AFRICA,-33.227792,21.856859,1.0,98.687,too_far_inland,CSV2GEO,South Africa,
71ab0c5e864fd67d,"Boggomsbaai, Mossel Bay",Western Cape Province,SOUTH AFRICA,-34.26511,21.91134,0.79,0.703,validated,CSV2GEO,South Africa,city
c0e007706bc4b38f,"Buffalo Bay, near Knysna",Western Cape Province,SOUTH AFRICA,-34.08608,22.97388,0.69,,low_relevance,CSV2GEO,South Africa,poi
fcb3a41dd45086bd,Buffels Bay,Western Cape Province,SOUTH AFRICA,-34.3211,18.45929,0.72,,low_relevance,CSV2GEO,South Africa,street
5bf4c78037ca39cd,Buffels Bay (near Knysna),Western Cape Province,SOUTH AFRICA,-34.03551,23.04881,0.44,,low_relevance,CSV2GEO,South Africa,city
4b97a698e31d6ed2,Buffels Bay near Knysna,Western Cape Province,SOUTH AFRICA,-34.03551,23.04881,0.44,,low_relevance,CSV2GEO,South Africa,city
f33ed29a20a6292b,"Buffels Bay, False Bay",Western Cape Province,SOUTH AFRICA,-34.085224,22.970757,1.0,,country_mismatch,CSV2GEO,South Africa,
ed3aacc648be7f3b,Cape Point,Western Cape Province,SOUTH AFRICA,-34.11453,18.84881,0.82,1.454,validated,CSV2GEO,South Africa,street
3365c53818b436e5,Cape Town,Western Cape Province,SOUTH AFRICA,-33.97192,18.47061,0.99,7.806,validated,CSV2GEO,South Africa,poi
176eb804bf0f6bd8,Caves near Kogel Bay,Western Cape Province,SOUTH AFRICA,-33.87669,22.36084,0.51,,low_relevance,CSV2GEO,South Africa,city
449dffab52f0a910,Clovely Beach,Western Cape Province,SOUTH AFRICA,-34.03519,22.8186,0.6,,low_relevance,CSV2GEO,South Africa,city
04a9c73fbf4749a2,Danger Point,Western Cape Province,SOUTH AFRICA,-34.62893,19.30435,0.73,,low_relevance,CSV2GEO,South Africa,street
83d83e9e072db75c,Danger Reef,Western Cape Province,SOUTH AFRICA,-33.87669,22.36084,0.64,,low_relevance,CSV2GEO,South Africa,city
1d5284d5124920b7,De Mond,Western Cape Province,SOUTH AFRICA,-34.70481,20.10928,0.68,,low_relevance,CSV2GEO,South Africa,city
687bf045050d2c28,Die Platt,Western Cape Province,SOUTH AFRICA,-33.87687,22.36183,0.68,,low_relevance,CSV2GEO,South Africa,street
415b43b5f75b9984,Fish Hoek,Western Cape Province,SOUTH AFRICA,-34.13387,18.43,0.99,1.48,validated,CSV2GEO,South Africa,poi
6e5e8bf7ce9f56c1,Frikkies Bay,Western Cape Province,SOUTH AFRICA,-33.87669,22.36084,0.62,,low_relevance,CSV2GEO,South Africa,city
7411931b24b2316c,Glentana,Western Cape Province,SOUTH AFRICA,-34.04624,22.31359,0.7,,low_relevance,CSV2GEO,South Africa,city
b42481890d89cca2,Great Brak River,Western Cape Province,SOUTH AFRICA,-33.87669,22.36084,0.56,,low_relevance,CSV2GEO,South Africa,city
1ce918efbfcac2d4,"Hangklip, False Bay",Western Cape Province,SOUTH AFRICA,-34.3497,18.82746,0.77,1.165,validated,CSV2GEO,South Africa,intersection
12f0a26b7f0853a1,Hawston Beach,Western Cape Province,SOUTH AFRICA,-34.387,19.13077,0.58,,low_relevance,CSV2GEO,South Africa,city
d4ab97f9764997ec,Holbaai,Western Cape Province,SOUTH AFRICA,-33.87687,22.36183,0.71,,low_relevance,CSV2GEO,South Africa,street
5268af7035c9e737,"Hospital Rock, Dyers Island",Western Cape Province,SOUTH AFRICA,-33.63849,19.43859,0.42,,low_relevance,CSV2GEO,South Africa,city
86c5b3899844a685,"Jacobs Bay Reef, Saldanha Bay",Western Cape Province,SOUTH AFRICA,-32.90654,17.98835,0.73,,low_relevance,CSV2GEO,South Africa,poi
e44492a4a9b60d74,"Jogensfontein, Stilbaai",Western Cape Province,SOUTH AFRICA,-34.37267,21.41426,0.45,,low_relevance,CSV2GEO,South Africa,city
c9ac4bfe2a311b0f,Kalk Bay,Western Cape Province,SOUTH AFRICA,-34.12645,18.4493,0.69,,low_relevance,CSV2GEO,South Africa,city
cd61b2d7dcc19e0c,Keurbooms,Western Cape Province,SOUTH AFRICA,-33.98158,22.51308,0.71,,low_relevance,CSV2GEO,South Africa,street
492208cce89c08e3,"Keurbooms Lagoon, Plettenberg Bay",Western Cape Province,SOUTH AFRICA,-34.05237,23.34011,0.69,,low_relevance,CSV2GEO,South Africa,street
91919993ae94333a,"Keurbooms, Plettenberg Bay",Western Cape Province,SOUTH AFRICA,-34.05237,23.34011,0.79,2.371,validated,CSV2GEO,South Africa,street
629a6e6745a2bc1e,Klein River Lagoon,Western Cape Province,SOUTH AFRICA,-33.87669,22.36084,0.53,,low_relevance,CSV2GEO,South Africa,city
31cb9554d8d885a8,Kogebaai,Western Cape Province,SOUTH AFRICA,-33.87687,22.36183,0.68,,low_relevance,CSV2GEO,South Africa,street
1a4353cefc9819c0,Langebaan,Western Cape Province,SOUTH AFRICA,-33.08113,18.03827,0.71,,low_relevance,CSV2GEO,South Africa,city
1fb4f84aa99e52aa,"Lappiesbaai Beach, Stilbaai",Western Cape Province,SOUTH AFRICA,-34.37133,21.43165,0.7,,low_relevance,CSV2GEO,South Africa,street
fadb0da39cc451d8,Little Brak River,Western Cape Province,SOUTH AFRICA,-33.87669,22.36084,0.54,,low_relevance,CSV2GEO,South Africa,city
fc7dba3d4ea0eac0,"Lookout Beach, Plettenberg Bay",Western Cape Province,SOUTH AFRICA,-34.05096,23.37614,0.82,,country_mismatch,CSV2GEO,South Africa,poi
341a2399ac811c75,"Lookout Beach, near the Keurbooms river mouth in Plettenberg Bay",Western Cape Province,SOUTH AFRICA,-34.05096,23.37614,0.51,,low_relevance,CSV2GEO,South Africa,poi
c62674ea1ad20dbe,"Macassar, False Bay",Western Cape Province,SOUTH AFRICA,-34.05487,18.752,0.59,,low_relevance,CSV2GEO,South Africa,city
a4dfb75be1361c22,Melkbaai,Western Cape Province,SOUTH AFRICA,-34.10747,18.82106,0.7,,low_relevance,CSV2GEO,South Africa,street
ca7d4223f73229d9,"Melkbaai, Strand",Western Cape Province,SOUTH AFRICA,-34.11185,18.82259,0.76,,country_mismatch,CSV2GEO,South Africa,poi
70e4c900c01ad2bb,"Millers Point, False Bay",Western Cape Province,SOUTH AFRICA,-32.77802,18.04902,0.41,,low_relevance,CSV2GEO,South Africa,city
efa823991e5b2295,"Muizenberg, False Bay",Western Cape Province,SOUTH AFRICA,-34.10337,18.46881,0.78,0.902,validated,CSV2GEO,South Africa,poi
e14860a66990a1c4,Near the wreck of the Kakapo off Noordhoek Beach,Western Cape Province,SOUTH AFRICA,-32.76635,18.17149,0.34,,low_relevance,CSV2GEO,South Africa,city
136116aa6820ea0d,Off Cape Point,Western Cape Province,SOUTH AFRICA,-34.11453,18.84881,0.81,1.454,validated,CSV2GEO,South Africa,street
7a08a0801b26e70a,Off Macassar Beach,Western Cape Province,SOUTH AFRICA,-34.07342,18.74506,0.69,,low_relevance,CSV2GEO,South Africa,city
88e51447fbe2d393,Oudekraal,Western Cape Province,SOUTH AFRICA,-33.34675,22.39094,0.91,73.703,too_far_inland,CSV2GEO,South Africa,street
7f0fbe377fa2d727,Pringle Bay,Western Cape Province,SOUTH AFRICA,-34.34452,18.83937,0.72,,low_relevance,CSV2GEO,South Africa,city
3810e60a8e56efaf,"Pringle Bay, 44 miles southeast of Cape Town",Western Cape Province,SOUTH AFRICA,-34.01865,18.50917,0.47,,low_relevance,CSV2GEO,South Africa,rooftop
7f6af590cc9baaa4,Robberg Beach,Western Cape Province,SOUTH AFRICA,-33.80848,18.4757,0.52,,low_relevance,CSV2GEO,South Africa,city
b29b404e8ce01033,Robberg Point,Western Cape Province,SOUTH AFRICA,-33.87669,22.36084,0.6,,low_relevance,CSV2GEO,South Africa,city
ff25c163a43e8e94,Robbesteen,Western Cape Province,SOUTH AFRICA,-33.87669,22.36084,0.64,,low_relevance,CSV2GEO,South Africa,city
52337eed60ceeb71,Ryspunt,Western Cape Province,SOUTH AFRICA,-33.87687,22.36183,0.71,,low_relevance,CSV2GEO,South Africa,street
636ba3d7702c0dda,SAOU Strand,Western Cape Province,SOUTH AFRICA,-33.87669,22.36084,0.64,,low_relevance,CSV2GEO,South Africa,city
abb920325654f227,"Sandstrand, Jongensfontein",Western Cape Province,SOUTH AFRICA,-33.87669,22.36084,0.43,,low_relevance,CSV2GEO,South Africa,city
78985295f3ffd161,Saxon Reef,Western Cape Province,SOUTH AFRICA,-33.87687,22.36183,0.66,,low_relevance,CSV2GEO,South Africa,street
baeb237b84ac6100,Scarborough,Western Cape Province,SOUTH AFRICA,-34.19834,18.37602,0.73,,low_relevance,CSV2GEO,South Africa,city
017c314b76a4782c,Sculphoek,Western Cape Province,SOUTH AFRICA,-34.41959,19.20819,0.71,,low_relevance,CSV2GEO,South Africa,street
bfcf2e80cb120235,Sea Point,Western Cape Province,SOUTH AFRICA,-33.91361,18.39158,0.7,,low_relevance,CSV2GEO,South Africa,city
5d8b98180f43add7,Seal Island,Western Cape Province,SOUTH AFRICA,-26.10128,28.09817,0.99,,too_far_inland,CSV2GEO,ZA,
d5b8ce74eedba415,"Shark Alley, off Gansbaai",Western Cape Province,SOUTH AFRICA,-34.58601,19.3472,0.59,,low_relevance,CSV2GEO,South Africa,poi
d6fa4aba30e2f7d3,Simon\'s Bay,Western Cape Province,SOUTH AFRICA,-33.87669,22.36084,0.66,,low_relevance,CSV2GEO,South Africa,city
d042f5f1b91f5ed7,Simonstown,Western Cape Province,SOUTH AFRICA,-34.19339,18.43471,0.72,,low_relevance,CSV2GEO,South Africa,city
9eaa429faf95a2f7,"Smitswinkel, False Bay",Western Cape Province,SOUTH AFRICA,-33.87669,22.36084,0.49,,low_relevance,CSV2GEO,South Africa,city
017feb45e0b8efeb,Soetwater,Western Cape Province,SOUTH AFRICA,-34.16114,18.33015,0.71,,low_relevance,CSV2GEO,South Africa,street
ea34a9eb5fd0f530,Stil Bay,Western Cape Province,SOUTH AFRICA,-33.87687,22.36183,0.71,,low_relevance,CSV2GEO,South Africa,street
fb8cd8eddf2ddf88,Stilbaai,Western Cape Province,SOUTH AFRICA,-34.37267,21.41426,0.67,,low_relevance,CSV2GEO,South Africa,city
69b79ab8fdbf0a4e,Still Bay,Western Cape Province,SOUTH AFRICA,-33.87669,22.36084,0.68,,low_relevance,CSV2GEO,South Africa,city
4eb8de1d71b6ccd5,Strandfontein Beach,Western Cape Province,SOUTH AFRICA,-31.75658,18.22455,0.78,0.273,validated,CSV2GEO,South Africa,street
1f8f3ae651d6acbd,"Sunny Cove, Fish Hoek",Western Cape Province,SOUTH AFRICA,-34.13624,18.43221,0.78,1.179,validated,CSV2GEO,South Africa,poi
80bdde3ac9ed5e27,"Sunrise Beach, Muizenberg",Western Cape Province,SOUTH AFRICA,-34.10347,18.48194,0.8,0.109,validated,CSV2GEO,South Africa,poi
d91b36858b995416,"Surfers\' Corner, Muizenberg",Western Cape Province,SOUTH AFRICA,-34.10812,18.46963,0.81,0.483,validated,CSV2GEO,South Africa,poi
7311ac9e9ecfa259,Swartklip,Western Cape Province,SOUTH AFRICA,-34.03721,18.63441,0.71,,low_relevance,CSV2GEO,South Africa,street
1979c64593618e44,"Swartklip, False Bay",Western Cape Province,SOUTH AFRICA,-33.87669,22.36084,0.51,,low_relevance,CSV2GEO,South Africa,city
a3f954d78fe45778,Table Bay,Western Cape Province,SOUTH AFRICA,-33.91492,18.42477,0.7,,low_relevance,CSV2GEO,South Africa,street
0bc89bf8bb059ed6,"The Steps, Wilderness",Western Cape Province,SOUTH AFRICA,-33.995,22.57565,0.57,,low_relevance,CSV2GEO,South Africa,city
cc30c90d99874fa3,The Strand,Western Cape Province,SOUTH AFRICA,-33.87669,22.36084,0.66,,low_relevance,CSV2GEO,South Africa,city
47e74386c8543b69,Three Anchor Bay,Western Cape Province,SOUTH AFRICA,-33.90841,18.39721,0.76,0.019,validated,CSV2GEO,South Africa,city
7da980510e01a42b,Uilenkraalsmond (near Gansbaai),Western Cape Province,SOUTH AFRICA,-34.6029,19.40997,0.57,,low_relevance,CSV2GEO,South Africa,city
4e125a8bc7c95667,Velddrif,Western Cape Province,SOUTH AFRICA,-32.78543,18.18882,0.7,,low_relevance,CSV2GEO,South Africa,city
7f90a5eccce9b3cc,Whittle Rock False Bay,Western Cape Province,SOUTH AFRICA,-33.87669,22.36084,0.49,,low_relevance,CSV2GEO,South Africa,city
5bb109b069c42e3a,Windmill Beach,Western Cape Province,SOUTH AFRICA,-33.80848,18.4757,0.5,,low_relevance,CSV2GEO,South Africa,city
e380032edd2d7f84,Fish Hoek,Western Province,SOUTH AFRICA,-33.92347,18.54505,0.65,,low_relevance,CSV2GEO,South Africa,street
0226e45bb954d94c,750 miles off the African coast,,SOUTH ATLANTIC OCEAN,,,,,missing_or_invalid_coordinate,CSV2GEO,?,
bb5eef8402422c75,Off Sierra Leone,In Convoy OB 274,SOUTH ATLANTIC OCEAN,8.460555,-11.779889,1.0,,unknown_country_boundary,CSV2GEO,Sierra Leone,
b7813ed87bec0223,Off the passenger liner Stirling Castle,Off coast of West Africa,SOUTH ATLANTIC OCEAN,13.531665,-2.460415,1.0,,unknown_country_boundary,CSV2GEO,,
6d66a992c44de4ea,Steamship bound from Cape Town to Philadelphia,South of the Equator,SOUTH ATLANTIC OCEAN,-33.922087,18.423142,1.0,,unknown_country_boundary,CSV2GEO,South Africa,
a0bd50419fd99d2a,Jangkodo Island,,SOUTH KOREA,,,,,missing_or_invalid_coordinate,CSV2GEO,?,
1e13f17e076904b8,Wae-yeon Island,Chungnam,SOUTH KOREA,36.474211,126.781951,1.0,14.726,validated,CSV2GEO,South Korea,
8a9c15c1d200aee3,Jeju Island,Jeju Province,SOUTH KOREA,33.378561,126.566191,1.0,14.373,validated,CSV2GEO,South Korea,
3f78035cf9ea50f0,"Dando, Kaeui Island",South Ch\'ungch\'ong Province,SOUTH KOREA,,,,,missing_or_invalid_coordinate,CSV2GEO,?,
d73eb392babd8026,Southwestern Pacific Base,,SOUTHWEST PACIFIC OCEAN,-31.98825,115.86246,0.83,,unknown_country_boundary,CSV2GEO,Australia,poi
d09128582b959c11,Benidorm,Alicante,SPAIN,38.54299,-0.13224,1.0,0.846,validated,CSV2GEO,Espanya,city
e3c0466ccb92a91e,Arenales del Sol,Alicante Province,SPAIN,38.24768,-0.52071,0.73,,low_relevance,CSV2GEO,España,poi
1ecf5630f405575e,"Puente Mayorga, San Roque",Andalucia,SPAIN,36.18204,-5.38422,1.0,0.96,validated,CSV2GEO,España,city
2ce14206f0cec10c,Isla Cabrera,Balearics,SPAIN,39.50053,2.75744,0.8,0.299,validated,CSV2GEO,Espanya,street
b26b4702a260e71e,"El Escabonal, Tenerife",Canary Islands,SPAIN,28.26231,-16.4286,0.72,,low_relevance,CSV2GEO,España,city
edc559fe72968d00,Gran Canaria,Canary Islands,SPAIN,27.75458,-15.58044,1.0,1.811,validated,CSV2GEO,España,street
cf14833d6bc271ec,"Icod de los Vinos, Tenerife",Canary Islands,SPAIN,28.36778,-16.72044,0.77,1.493,validated,CSV2GEO,España,city
a580103f31b793c3,"Las Teresitas, Tenerife",Canary Islands,SPAIN,28.51121,-16.1903,0.67,,low_relevance,CSV2GEO,España,street
f0607385834b534e,"San Juan de la Rambla, Tenerife",Canary Islands,SPAIN,28.39398,-16.64984,0.79,0.39,validated,CSV2GEO,España,city
4664a69a2bcc1736,"Teresita, Santa Cruz",Canary Islands,SPAIN,28.51121,-16.1903,0.99,0.268,validated,CSV2GEO,España,street
dbe3440b1ad59f3b,Aigua Blava,Catalonia,SPAIN,41.93774,3.20904,1.0,1.202,validated,CSV2GEO,Espanya,city
49740a4b7a3695a0,Lloret-de-Mar,Catalonia,SPAIN,41.69782,2.84501,1.0,0.217,validated,CSV2GEO,Espanya,city
63c9ecfbb448e939,Salou,Catalonia,SPAIN,41.07501,1.13654,1.0,0.374,validated,CSV2GEO,Espanya,city
81ea67f05c7ceeed,"Playa de las Arenas, Valencia",Costa Blanca,SPAIN,39.46488,-0.32375,0.61,,low_relevance,CSV2GEO,España,poi
7b41e23e11ab9f5d,Sisargas Islands,Galica,SPAIN,42.1183,-8.61963,0.67,,low_relevance,CSV2GEO,España,street
473902c89a525354,Cape Finisterre,Galicia,SPAIN,42.91739,-9.26751,0.81,1.101,validated,CSV2GEO,España,street
c279edc5269532f8,Las Palmas,Gran Canaria,SPAIN,27.95832,-15.60746,1.0,15.899,validated,CSV2GEO,España,poi
2cb16ad179518ee2,Off Motril,Granada,SPAIN,36.74556,-3.51528,0.81,2.711,validated,CSV2GEO,España,city
58dcf6c03a52e453,"Arinaga Beach, Aguimes",Grand Canary Island,SPAIN,27.86478,-15.42557,0.83,3.447,validated,CSV2GEO,España,poi
11d2b51f3ea0f2c2,"Estanys Beach, Colonia de Sant",Majorca,SPAIN,42.87683,-8.54432,0.47,,low_relevance,CSV2GEO,España,city
5cd9e93b3200d6dd,Nasareth Beach,Valencia,SPAIN,39.46894,-0.37687,0.38,,low_relevance,CSV2GEO,Espanya,region
37b954665e27eced,Valencia,Valencia,SPAIN,39.46894,-0.37686,1.0,4.033,validated,CSV2GEO,Espanya,city
94a625c5fcceb480,Heda Oya Estuary,Eastern Province,SRI LANKA,6.880274,81.66085,1.0,20.674,validated,CSV2GEO,Sri Lanka,
f03f7312bee23079,"Manayaweli Cove, Trincomalee",Eastern Province,SRI LANKA,8.56601,81.23728,0.68,,low_relevance,CSV2GEO,Sri Lanka,city
91fb4cbd7d4f94e9,Pigeon Island,Eastern Province,SRI LANKA,8.50448,81.29967,0.48,,low_relevance,CSV2GEO,Sri Lanka,city
2c74a848c2d1e33c,Dodnduwa,Southern Province,SRI LANKA,6.10234,80.1261,0.67,,low_relevance,CSV2GEO,Sri Lanka,city
771b9617af16d32b,Colombo Harbor,Western Province,SRI LANKA,6.94267,79.85409,0.71,,low_relevance,CSV2GEO,Sri Lanka,city
398f7dd985362803,Sunterra Beach,Simpson Bay,ST. MAARTIN,-43.29679,147.30349,0.43,,low_relevance,CSV2GEO,Australia,city
e6e9c61f2fd9b66d,20 miles from shore,,ST. MARTIN,-34.86716,138.49767,0.54,,low_relevance,CSV2GEO,Australia,rooftop
468737b33582d30f,"Suakin Harbor, Suakin Island",Red Sea State,SUDAN,19.116667,37.35,1.0,0.873,validated,CSV2GEO,Sudan,
02a6176257dfad6e,50 miles off Kaohsiung,,TAIWAN,22.62014,120.31226,0.47,,low_relevance,CSV2GEO,台灣,city
aac21ff0ca57e99b,Ye Leow,,TAIWAN,,,,,missing_or_invalid_coordinate,CSV2GEO,?,
997b7d37500b7f7d,"Tamsui Beach, Taipai",Northern Taiwan,TAIWAN,25.03865,121.52433,0.58,,low_relevance,CSV2GEO,台灣,poi
70a6233589039bdd,Onboard the fishing vessel Chin Sheng Fa 13,Off Green Island,TAIWAN,-16.759723,145.973802,1.0,,country_mismatch,CSV2GEO,Australia,
dc687204b800409c,Off Cape of Pi-tou,Taipei Hsien,TAIWAN,25.12478,121.91697,0.4,,low_relevance,CSV2GEO,台灣,city
b41b3792f51be7f3,Taimali,Taitung,TAIWAN,22.61524,121.00752,0.99,,country_mismatch,CSV2GEO,台灣,city
2f47bdd3fec659c6,"Coco Beach in Oyster Bay, 7 km north of Dar-es-Salaam",,TANZANIA,-6.76791,39.28171,0.71,,low_relevance,CSV2GEO,Tanzania,poi
d55c754d592aed2a,"Coco Beach, Dar-es-Salaam (Reported as the 5th fatality in 3 months at Coco Beach)",,TANZANIA,-6.816505,39.289437,1.0,,country_mismatch,CSV2GEO,Tanzania,
bb9a74807e6ec592,Near entrance to Dar-es-Salaam Harbour,,TANZANIA,-6.83752,39.28491,0.56,,low_relevance,CSV2GEO,Tanzania,poi
2624460d287577ad,Dar-es-Salaam harbor,Dar-es-Salaam,TANZANIA,-6.72154,39.1564,0.79,8.476,validated,CSV2GEO,Tanzania,city
c3194eaf76598ce9,On deck of fishing trawler 100 nautical miles offshore,,THAILAND,,,,,missing_or_invalid_coordinate,CSV2GEO,?,
00930ceb5af40b5e,Phang nga Island,Phang nga Province,THAILAND,8.44988,98.53531,0.8,9.505,validated,CSV2GEO,ประเทศไทย,poi
2c3cc4019d0e29b8,Karon Beach,Phuket,THAILAND,7.82935,98.29545,0.99,1.305,validated,CSV2GEO,ประเทศไทย,poi
b2c0f61ded49f641,Laem Mae Pim Beach,Rayong Province,THAILAND,12.65178,101.61061,0.72,,low_relevance,CSV2GEO,ประเทศไทย,poi
b726d19c3ac07f68,Between Punta Grossa & Koper,Slovenia,THE BALKANS,45.59094,13.703774,1.0,,unknown_country_boundary,CSV2GEO,Slovenia,
77ef0e2370d5d7ba,Ha\'ano Island,Ha\'api,TONGA,-25.70481,113.05726,0.56,,low_relevance,CSV2GEO,Australia,city
9fad61efbdab0ffc,Treated at Nuku-alofa,Minerva Reef,TONGA,-21.134307,-175.200486,1.0,,country_mismatch,CSV2GEO,Tonga,
7b889a70d21b3089,Niuafo\'ou Island,Niua,TONGA,-15.609762,-175.633209,1.0,0.609,validated,CSV2GEO,Tonga,
7e488ee0a0653633,30 nautical miles offshore,Nuku\'alofa,TONGA,-21.134307,-175.200486,1.0,,country_mismatch,CSV2GEO,Tonga,
0c6ba745fb791761,Eueiki Island,Vava\'u,TONGA,-10.5528,142.21445,0.53,,low_relevance,CSV2GEO,Australia,city
f6fd7fbcc1a04b76,Hunga Island,Vava\'u,TONGA,-33.53943,151.23934,0.53,,low_relevance,CSV2GEO,Australia,city
4113a431196bf845,Swimming with humpback whales,Vava\'u,TONGA,-18.657041,-173.981126,1.0,0.614,validated,CSV2GEO,Tonga,
9852a184da0c45eb,"Manzanilla Bay, St. Andrew County",Trinidad,TRINIDAD & TOBAGO,10.691803,-61.222503,1.0,11.712,validated,CSV2GEO,Trinidad and Tobago,
cba97051d0ab0154,"Skanes, near Monaster",,TUNISIA,35.77233,10.79825,0.78,1.359,validated,CSV2GEO,تونس,poi
e70435e76cd45386,Bechateur,Biserta,TUNISIA,37.30541,9.74074,1.0,3.701,validated,CSV2GEO,تونس,city
e95d054ac8847b3b,San Stefano,,TURKEY,40.977648,28.818895,1.0,1.757,validated,CSV2GEO,Türkiye,
a81b5160bbc09a11,Constantinople,Ahirkapi coast,TURKEY,41.008238,28.978359,1.0,0.701,validated,CSV2GEO,Türkiye,
964a08816c1add32,Ucagiz,Antalya Province,TURKEY,36.22317,29.94282,0.62,,low_relevance,CSV2GEO,Türkiye,poi
a796a757d3123949,"Haydarpasa jetty, Istanbul",Istanbul,TURKEY,40.99693,29.0227,0.84,0.087,validated,CSV2GEO,Türkiye,city
28d09ed78802c543,Off Mezitli,Mersin Province,TURKEY,36.74957,34.53056,0.54,,low_relevance,CSV2GEO,Türkiye,city
49270e8426d2ab21,Kucukada Island,Mugla Province,TURKEY,37.134765,27.384966,1.0,,country_mismatch,CSV2GEO,Türkiye,
aa78ba382a5d1e01,Mudjin Harbor,Middle Caicos,TURKS & CAICOS,21.836266,-71.813512,1.0,0.582,validated,CSV2GEO,Turks and Caicos Islands,
5b39674705c0fd3c,35 miles off Fujairah,Fujairah Emirate,UNITED ARAB EMIRATES,25.12169,56.33349,0.7,,low_relevance,CSV2GEO,الإمارات العربية المتحدة,city
f5b92f7a19c24d5c,Khor Fakkan,"Sharjah,",UNITED ARAB EMIRATES,25.34807,56.36706,1.0,0.409,validated,CSV2GEO,الإمارات العربية المتحدة,poi
1f8b0d4bf9971277,"Umm Suqeim Beach, Dubai",Dubai,UNITED ARAB EMIRATES (UAE),25.148329,55.194509,1.0,,country_mismatch,CSV2GEO,United Arab Emirates,
f06f033a93115bb1,St. Ives,Cornwall,UNITED KINGDOM,50.21032,-5.48569,1.0,0.589,validated,CSV2GEO,United Kingdom,city
307b69714af6ef91,Mewstone Rock,Devon,UNITED KINGDOM,50.34884,-3.88638,0.76,5.481,validated,CSV2GEO,United Kingdom,poi
48018e1aa11a88b8,Off Fleetwood,Isle of Man,UNITED KINGDOM,53.92135,-3.01437,0.43,,low_relevance,CSV2GEO,United Kingdom,city
d9b27233d7929e1c,Bantham Beach,South Devon,UNITED KINGDOM,50.27833,-3.86858,0.55,,low_relevance,CSV2GEO,United Kingdom,city
9501c59016d7b6c5,"Rock-a-Nore, Hastings",Sussex,UNITED KINGDOM,50.85622,0.59463,0.99,0.164,validated,CSV2GEO,United Kingdom,street
886ff89e70298d1e,Ensenada de la Coronilla,Rocha,URUGUAY,-33.89705,-53.50965,0.62,,low_relevance,CSV2GEO,Uruguay,street
51cad2cdf005290d,5 miles off the coast,Alabama,USA,30.77533,-88.17772,0.46,,low_relevance,CSV2GEO,United States,city
d1c7d4e04a7beae2,8 miles off Mobile,Alabama,USA,30.77533,-88.17772,0.82,14.716,validated,CSV2GEO,United States,city
70f238b5400dc28a,"Gulf Shores Beach, Baldwin County",Alabama,USA,30.23195,-87.92553,0.99,,country_mismatch,CSV2GEO,United States,street
58c292ebdca93f71,"Gulf of Mexico, 65 miles offshore from Mobile",Alabama,USA,30.76805,-88.07264,0.43,,low_relevance,CSV2GEO,United States,street-interpolated
ad386b9ad984bd3c,"Katrina Cut, Dauphin Island",Alabama,USA,30.25132,-88.0991,0.67,,low_relevance,CSV2GEO,United States,city
9ec480e6a6c76c85,Prince William Sound,Alaska,USA,38.62693,-77.26289,0.79,1.938,validated,CSV2GEO,United States,street
57f1d19b2ab12feb,Humboldt County,California,"USA""",,,,,missing_or_invalid_coordinate,CSV2GEO,3012,
878acd6dc778dea0,"1, 4 to 1",California,USA,40.06679,-79.89237,0.67,,low_relevance,CSV2GEO,United States,city
958ea9486e3d284e,"10 miles off Redondo Beach, Los Angeles County",California,USA,33.84468,-118.38765,0.79,0.795,validated,CSV2GEO,United States,city
6b4064a7deab7c82,"12\' tank at Steinhart Aquarium, San Francisco",California,USA,37.78228,-122.41429,0.47,,low_relevance,CSV2GEO,United States,region
d2ae501418dd0742,"204s, San Clemente",California,USA,33.42745,-117.62747,1.0,0.711,validated,CSV2GEO,United States,poi
9c4c99080875faff,24 km off Santa Catalina Island in the Channel Islands,California,USA,34.15824,-119.22189,0.4,,low_relevance,CSV2GEO,United States,city
55defe154508c913,30 miles south of San Clemente Island,California,USA,33.43043,-117.60684,0.51,,low_relevance,CSV2GEO,United States,city
35d1337e26a5df36,5 miles south of Redondo Beach,California,USA,33.84468,-118.38765,0.63,,low_relevance,CSV2GEO,United States,city
ac5092d3b3c1e904,"8 miles off Newport Beach, Orange County",California,USA,33.60465,-117.91059,0.81,0.275,validated,CSV2GEO,United States,street
ad6f4ebf7e49f208,"8.5 miles south of Ano Nuevo State Reserve, Davenport County",California,USA,37.01134,-122.19539,0.32,,low_relevance,CSV2GEO,United States,city
3351e6ae86d2e010,"Abalone Point, Westport Union Landing",California,USA,39.63824,-123.78416,0.68,,low_relevance,CSV2GEO,United States,street
1e52f1da830ee3e1,"Albion Cove, Albion",California,USA,39.22534,-123.76457,0.97,1.198,validated,CSV2GEO,United States,street
f89800fa2de85713,"Alligator Head, La Jolla",California,USA,33.85818,-117.87395,0.57,,low_relevance,CSV2GEO,United States,city
bd184434e58f1e02,"Ano Nuevo Island, San Mateo",California,USA,37.1153,-122.30284,0.84,0.134,validated,CSV2GEO,United States,poi
11488347fe47b460,"Ano Nuevo, San Mateo County",California,USA,37.1153,-122.30284,0.98,0.134,validated,CSV2GEO,United States,poi
5e8dc09b7cba4a79,"Aptos, Santa Cruz County",California,USA,36.97594,-121.88587,1.0,1.757,validated,CSV2GEO,United States,city
b9a3f746b3ef885b,"Atascadero Beach, Morro Bay",California,USA,35.38196,-120.85159,0.97,1.197,validated,CSV2GEO,United States,street
3d7748b72414c94d,"Avalon, Los Angeles County",California,USA,33.34411,-118.32139,1.0,,country_mismatch,CSV2GEO,United States,city
5151605f2909b0c3,"Avila Beach, San Luis Obispo County",California,USA,35.17931,-120.73546,1.0,0.342,validated,CSV2GEO,United States,city
3d3d96d5d3425d38,"Baker Beach, San Francisco County",California,USA,37.79246,-122.48026,0.84,0.402,validated,CSV2GEO,United States,poi
7336fb87bc6c77b4,"Bean Hollow State Beach, San Mateo County",California,USA,37.22178,-122.40602,1.0,0.29,validated,CSV2GEO,United States,poi
39e90dbd23c05571,"Bear Harbor, Mendocino County",California,USA,39.45365,-123.40246,0.97,33.136,too_far_inland,CSV2GEO,United States,street
3d64d308a7e2b765,"Between False Klamath & mouth of Klamath River, Del Norte County",California,USA,41.54546,-124.06926,0.78,0.575,validated,CSV2GEO,United States,street
2cf2ba1a6fab2c51,"Between Pescadero Point & Bean Hollow Beach, San Mateo County",California,USA,37.22578,-122.40887,0.72,,low_relevance,CSV2GEO,United States,poi
9550ef04466574da,Between Santa Cruz Island and Santa Barbara,California,USA,34.40337,-119.69342,0.79,0.057,validated,CSV2GEO,United States,poi
9a835e78ba4a3da1,"Bird Rock, near Tomales Point",California,USA,32.80776,-117.26622,0.76,0.363,validated,CSV2GEO,United States,poi
f87be3020a050a9f,"Bluefish Cove, Pt. Lobos State Park",California,USA,33.9731,-118.20983,0.68,,low_relevance,CSV2GEO,United States,poi
cddd4d21e891874c,"Butterfly Beach, Montecito",California,USA,34.41759,-119.64896,0.99,0.184,validated,CSV2GEO,United States,poi
4cdc93a6bbd5c236,"Capitola, Santa Cruz County",California,USA,36.97472,-121.95366,1.0,0.394,validated,CSV2GEO,United States,city
356ea51e95bca00b,"Castle Rock, San Miguel Island",California,USA,35.74972,-120.69662,0.54,,low_relevance,CSV2GEO,United States,city
9cb7a93841496807,"Catalina Channel, Los Angeles County",California,USA,33.67514,-117.67822,0.68,,low_relevance,CSV2GEO,United States,street
de944a130eb035a8,Catalina Island,California,USA,38.5429,-121.56188,0.99,44.998,too_far_inland,CSV2GEO,United States,street
d9f68e8fc6ab1316,"Clam Beach, near Eureka",California,USA,40.99359,-124.11229,0.66,,low_relevance,CSV2GEO,United States,city
4ee0b06498f8d72f,"Corona Del Mar, Newport",California,USA,33.63462,-117.87699,0.98,4.446,validated,CSV2GEO,United States,poi
aed63adb5437bd8b,"Coronado Strand, San Diego County",California,USA,32.67781,-117.17324,0.99,0.379,validated,CSV2GEO,United States,street
220757c90eda1d2d,Cortes Bank,California,USA,35.10749,-118.02569,0.7,,low_relevance,CSV2GEO,United States,street
cd2388f8dc71a04b,"Dana Point, Orange County",California,USA,33.48054,-117.69765,1.0,1.382,validated,CSV2GEO,United States,city
62d972443e673784,"Dana Point, San Clemente",California,USA,37.54055,-122.24657,0.82,0.934,validated,CSV2GEO,United States,street
00051ddcf8e85db1,"Davenport Light, San Mateo County",California,USA,37.56903,-122.28882,0.58,,low_relevance,CSV2GEO,United States,street
8d1621deb28682b1,"Davenport, Santa Cruz County",California,USA,37.01134,-122.19539,1.0,0.161,validated,CSV2GEO,United States,city
fac1a3309bb7e93f,"Deer Creek Beach, Ventura County",California,USA,34.06211,-118.98535,1.0,0.015,validated,CSV2GEO,United States,poi
f4c49e10147a0c3d,"Dog Patch, San Onofre",California,USA,33.39006,-117.57997,0.7,,low_relevance,CSV2GEO,United States,city
b4fce9f0b018b552,"Drakes Estero, Point Reyes",California,USA,38.06114,-122.83307,0.84,1.373,validated,CSV2GEO,United States,street
e3579a9a8f4f7de0,"El Pescador Beach, Los Angeles County",California,USA,33.9489,-118.21765,0.82,19.575,validated,CSV2GEO,United States,poi
e82fd838a5d74c1e,"Elephant Rock near Tomales Point, Marin County",California,USA,38.25089,-122.94499,0.81,2.057,validated,CSV2GEO,United States,poi
85aec2b4fba08a09,"Gaviota State Beach, Santa Barbara County",California,USA,34.67357,-120.01707,0.62,,low_relevance,CSV2GEO,United States,region
013b264cb499a3ca,"Goat Rock, Bodega Bay",California,USA,38.33833,-123.0475,0.7,,low_relevance,CSV2GEO,United States,city
cbc8dea77d193f3f,"Horseshoe Reef, Scott Creek",California,USA,36.17763,-91.76703,0.59,,low_relevance,CSV2GEO,United States,street
fb1df8f32431dc56,"Horseshoe Rock, Santa Barbara County",California,USA,34.67357,-120.01707,0.68,,low_relevance,CSV2GEO,United States,region
bfa5200dc4b683d5,"Humboldt Bay, Eureka",California,USA,40.80003,-124.14082,0.99,0.857,validated,CSV2GEO,United States,street
24bc61c28c7f69a2,"In kelp beds off La Jolla, San Diego County",California,USA,32.84833,-117.27351,0.7,,low_relevance,CSV2GEO,United States,city
a5f1f79abcacd9ed,"Kibesillah, Mendocino County",California,USA,39.59136,-123.77914,1.0,0.384,validated,CSV2GEO,United States,city
a9d468c8a5eb9580,"Klamath River mouth, Del Norte County",California,USA,41.53172,-124.04098,0.76,2.428,validated,CSV2GEO,United States,city
ccd9dda032e88727,"LaJolla Shores, San Diego County",California,USA,32.85915,-117.25233,0.84,0.601,validated,CSV2GEO,United States,city
df066e93633b8229,"LaJolla, San Diego County",California,USA,32.84833,-117.27351,1.0,0.185,validated,CSV2GEO,United States,city
918fa6bdff6ca687,"Leadbetter Beach, Santa Barbara County",California,USA,34.40233,-119.69815,0.86,0.081,validated,CSV2GEO,United States,poi
4cf0a870d98ad4e1,"Leffingwell Landing, Cambria",California,USA,35.58216,-121.1196,0.98,0.059,validated,CSV2GEO,United States,poi
ea7d3de81b907a4d,"Lifeguard Tower 16, Huntington Beach",California,USA,33.66454,-118.01227,1.0,,country_mismatch,CSV2GEO,United States,poi
0ce7dc24c7ab3e11,"Limantour Beach, Point Reyes National Seashore",California,USA,38.05291,-122.83315,0.97,2.22,validated,CSV2GEO,United States,poi
d4b73e50d4275d58,"Loch Lomond, Marin County",California,USA,37.97631,-122.4866,1.0,0.45,validated,CSV2GEO,United States,city
30939847d6f8310f,"Manhattan Beach, Los Angeles County",California,USA,33.8872,-118.41086,1.0,0.474,validated,CSV2GEO,United States,city
3f258ee189c3d64f,"McClure Beach, near Tomales Point",California,USA,37.86566,-122.50183,0.73,,low_relevance,CSV2GEO,United States,street
2911b01dc4215091,"Monastery Beach, Carmel River State Park",California,USA,36.52224,-121.92498,0.68,,low_relevance,CSV2GEO,United States,poi
0cecd278cb1a6981,"Montera Beach, San Mateo County",California,USA,37.58003,-122.37866,0.83,2.27,validated,CSV2GEO,United States,street
41ae04e7bef8c1e2,Monterey Bay,California,USA,36.5982,-121.89647,0.86,0.907,validated,CSV2GEO,United States,city
4415ba874ca1d4fe,"Monterey Bay, Monterey County",California,USA,36.5982,-121.89647,0.91,0.907,validated,CSV2GEO,United States,city
a6d78291fb6e7ce8,"Monterey, Monterey County",California,USA,36.5982,-121.89647,1.0,0.907,validated,CSV2GEO,United States,city
b61c0330c4fce6ff,"Morro Bay, San Luis Obispo County",California,USA,35.36692,-120.84669,1.0,0.447,validated,CSV2GEO,United States,city
4444b4eecf84efe7,"Morro Strand State Beach, San Luis Obispo County",California,USA,35.37945,-120.85778,1.0,0.664,validated,CSV2GEO,United States,poi
72e84b66338dee50,"Near Encino, Los Angeles County",California,USA,34.16538,-118.52711,0.89,14.073,validated,CSV2GEO,United States,city
e04d0ab2926b439b,"Near Paradise Cove, Malibu",California,USA,34.02181,-118.78887,0.88,0.249,validated,CSV2GEO,United States,street
a2a6da310263b3f5,"Near oil rig Hondo, 5 nm from Gaviota",California,USA,33.97499,-118.12352,0.44,,low_relevance,CSV2GEO,United States,city
3a4e4cd3f48af4f9,"North Farallon Island, Farallon Islands",California,USA,37.69278,-122.16589,0.69,,low_relevance,CSV2GEO,United States,poi
42da2fad4364ed7a,"North of Morro Rock, San Luis Obispo County",California,USA,35.38677,-120.40401,0.64,,low_relevance,CSV2GEO,United States,region
3e545bbbf3788c5b,"North of Pidgeon Point, San Mateo County",California,USA,37.18546,-122.38741,0.81,0.367,validated,CSV2GEO,United States,street
95f8514bc69e939f,"North of Point Sur, Monterey County",California,USA,36.58987,-121.84416,0.95,2.981,validated,CSV2GEO,United States,street
f51d81abc006cdf0,"Ocean Beach, San Francisco",California,USA,37.77005,-122.51083,1.0,0.329,validated,CSV2GEO,United States,poi
2f16ac747d59264e,"Oceano Dunes State Beach, San Luis Obispo County",California,USA,35.09917,-120.60994,0.8,2.21,validated,CSV2GEO,United States,street
47b4fa4909c4ee7a,"Oceanside, San Diego County",California,USA,33.19715,-117.38058,1.0,0.633,validated,CSV2GEO,United States,city
1cfbdf59f1d37686,Off Catalina Island,California,USA,38.5429,-121.56188,0.89,44.998,too_far_inland,CSV2GEO,United States,street
fcba2247aa29e5c5,"Off La Jolla Cove, San Diego County",California,USA,32.84833,-117.27351,0.82,0.185,validated,CSV2GEO,United States,city
1adf41300da319d3,"Off Leffingwell Landing, San Luis Obispo County",California,USA,35.17968,-120.73434,0.72,,low_relevance,CSV2GEO,United States,street
69af6f2d624922f5,"Off Palos Verdes Estates, Los Angeles",California,USA,33.80003,-118.39187,0.93,0.713,validated,CSV2GEO,United States,city
4b4c24ff0153d5da,"Off Palos Verdes peninsula, Los Angeles County",California,USA,33.80178,-118.38398,0.94,1.167,validated,CSV2GEO,United States,city
3bde5536b2b82203,"Off Point Mugu, Ventura County",California,USA,34.11704,-119.10185,0.77,1.486,validated,CSV2GEO,United States,street
251d3a4707a1dd54,"Off San Clemente Island, Los Angeles County",California,USA,33.75777,-118.26479,0.77,0.054,validated,CSV2GEO,United States,street
74853d5c561d29a9,Off San Diego,California,USA,32.71568,-117.16171,0.86,1.036,validated,CSV2GEO,United States,city
99efb6fe70a9dc85,"Off San Diego, San Diego County",California,USA,32.71568,-117.16171,0.91,1.036,validated,CSV2GEO,United States,city
e2ed40b25348b765,"Off San Pedro, Los Angeles County",California,USA,33.73788,-118.28373,0.92,0.51,validated,CSV2GEO,United States,city
e47d6c4f8835c889,"Off Santa Monica, Los Angeles County",California,USA,34.01158,-118.49227,0.93,0.454,validated,CSV2GEO,United States,city
46fdfaaec526ecc2,"Off Shelter Cover (between Fort Bragg & Eureka), Humboldt County",California,USA,40.02876,-124.07228,0.57,,low_relevance,CSV2GEO,United States,city
79159e39ba9fb382,"Pacific Beach, San Diego County",California,USA,32.80142,-117.24137,0.83,2.175,validated,CSV2GEO,United States,city
94b73d3b4abb8244,"Pacific Grove, Monterey Bay",California,USA,36.61956,-121.91849,0.91,0.716,validated,CSV2GEO,United States,city
2ab40bbe70e81988,"Pacific State, San Mateo County",California,USA,37.63205,-122.48831,0.86,0.66,validated,CSV2GEO,United States,street
a60dc111334a161c,"Pajaro Dunes, Santa Cruz County",California,USA,36.85407,-121.81093,1.0,0.344,validated,CSV2GEO,United States,street
304125c7cd16019d,"Pebble Beach, Cypress Point",California,USA,36.56758,-121.95262,0.97,0.528,validated,CSV2GEO,United States,street
f4d62bb1c8b59b94,"Perch Rock, Point Conception",California,USA,33.47432,-117.68988,0.54,,low_relevance,CSV2GEO,United States,street
61ce22d43ffd55d8,Pigeon Point,California,USA,37.26305,-119.63153,1.0,,too_far_inland,CSV2GEO,United States,street
6f1b40d3f061b5e1,"Pillar Point, Half-Moon Bay",California,USA,37.50544,-122.48902,0.66,,low_relevance,CSV2GEO,United States,street
024e04ed8c69aee3,"Point Buchon, San Luis Obispo County",California,USA,35.38677,-120.40401,0.73,,low_relevance,CSV2GEO,United States,region
cba79d27ee31a145,"Point Purisima, Santa Barbara County",California,USA,33.48054,-117.69765,0.37,,low_relevance,CSV2GEO,United States,city
447d7bd6ac19b638,"Point Sur, Monterey County",California,USA,36.21718,-121.239,0.75,33.726,too_far_inland,CSV2GEO,United States,region
576e260245d74ae4,"Portuguese Beach at mouth of Salmon Creek, Sonoma County",California,USA,38.37817,-123.08022,0.84,0.113,validated,CSV2GEO,United States,poi
6ff6ccae1982cba2,"Redondo, Los Angeles County",California,USA,34.04332,-118.3521,0.82,12.786,validated,CSV2GEO,United States,street
e98a2461ac77cf63,"Refugio State Beach, Santa Barbara County",California,USA,34.46317,-120.07014,0.87,0.295,validated,CSV2GEO,United States,poi
8aafbb81785ab957,"Russian Gulch, Jenner",California,USA,38.44973,-123.11524,0.57,,low_relevance,CSV2GEO,United States,city
bf3b056d507126ea,"Salmon Beach, Sonoma County",California,USA,38.35021,-122.78984,0.97,18.609,validated,CSV2GEO,United States,street
3424e9366b6858a8,"Samoa Beach, Humboldt County",California,USA,40.82278,-124.18448,0.85,0.568,validated,CSV2GEO,United States,city
fbd67960209f2836,San Diego County,California,USA,33.0323,-116.75833,1.0,48.247,too_far_inland,CSV2GEO,United States,region
b6f9622529183206,San Francisco,California,USA,37.77702,-122.41956,1.0,2.862,validated,CSV2GEO,United States,city
28631cf84b48fa66,"San Francisco Bay (or San Leandro Bay), near cannery",California,USA,37.69368,-122.18692,0.69,,low_relevance,CSV2GEO,United States,street
5ccfe5cbbafc3a58,"San Gregorio Beach, San Mateo County",California,USA,37.34431,-122.3952,1.0,0.607,validated,CSV2GEO,United States,poi
db1d11c0a734458e,"San Nicholas Island, Santa Barbara County",California,USA,34.43526,-119.67044,0.77,2.202,validated,CSV2GEO,United States,street
9ab91e94e11411d9,"Scripps, LaJolla",California,USA,32.84223,-117.27972,0.99,0.044,validated,CSV2GEO,United States,street
be9a7e7576a713bd,"Sea Ranch, Sonoma County",California,USA,38.68331,-123.42733,0.99,0.504,validated,CSV2GEO,United States,city
312fd1f21af6bb2a,"Seal Rock, Goleta Beach",California,USA,33.76425,-118.07769,0.72,,low_relevance,CSV2GEO,United States,street
290590fbefbc6685,"Shelter Cover, north of Fort Bragg",California,USA,39.43956,-123.79039,0.79,2.278,validated,CSV2GEO,United States,poi
1d6fa09d29ea240c,"South Moss Beach, Spanish Bay",California,USA,37.5286,-122.51421,0.56,,low_relevance,CSV2GEO,United States,city
6f3b4e1b64747297,Southeast Farallon Island,California,USA,38.49121,-121.54102,0.7,,low_relevance,CSV2GEO,United States,street
4338541027a3bf1a,"Stearns Wharf, Santa Barbara",California,USA,34.41025,-119.68624,1.0,,country_mismatch,CSV2GEO,United States,street
ffa416b8aff9f36e,"Stillwater Cove, Monterey County",California,USA,36.58343,-121.97196,1.0,0.123,validated,CSV2GEO,United States,poi
34f1df13dc6f368f,"Stillwater Cove, Sonoma County",California,USA,38.47298,-122.7452,0.97,29.831,too_far_inland,CSV2GEO,United States,street
3a0981f8bfe59a99,"Surf Beach, Vandenberg AFB",California,USA,34.69867,-120.57974,0.88,2.189,validated,CSV2GEO,United States,street
8d38b62055c904eb,"Surfside, Orange County",California,USA,33.7288,-118.08396,1.0,0.264,validated,CSV2GEO,United States,city
aa39af1b8ea19e22,"Terramar Beach, Carlsbad",California,USA,33.13409,-117.33677,1.0,0.25,validated,CSV2GEO,United States,poi
ce439658e3640f63,"Topanga Beach, Los Angeles County",California,USA,34.09734,-118.60029,0.87,6.461,validated,CSV2GEO,United States,city
65afafa0b10ab985,"Trinidad Bay, Humboldt County",California,USA,41.05727,-124.1481,0.99,,country_mismatch,CSV2GEO,United States,street
61e7b2fad9295e08,"Trinidad Head, Humboldt County",California,USA,41.06022,-124.142,0.89,0.379,validated,CSV2GEO,United States,city
2e28f76caa0dae2f,"Trinidad State Beach, Humboldt County",California,USA,41.0668,-124.15071,0.93,,country_mismatch,CSV2GEO,United States,poi
7c3d05402daa2284,"Tunitas Beach, San Mateo County",California,USA,37.35982,-122.39917,1.0,0.104,validated,CSV2GEO,United States,poi
128e0eab7726bd94,"Usal Creek, Bear Harbor",California,USA,39.76674,-121.23113,0.72,,low_relevance,CSV2GEO,United States,street
eaee600975431d3f,"Van Ness Municipal Pier, San Francisco",California,USA,37.79035,-122.42244,0.69,,low_relevance,CSV2GEO,United States,intersection
cdf17ff45aafbd58,"Venice Pier, Venice",California,USA,33.99288,-118.4613,0.85,1.295,validated,CSV2GEO,United States,city
903f3c692b466325,Ventura,California,USA,34.27938,-119.29311,1.0,0.545,validated,CSV2GEO,United States,city
8a79dc89ea95364b,"Waddell Reef, Santa Cruz County",California,USA,37.10191,-122.28463,0.95,0.173,validated,CSV2GEO,United States,poi
8c6cd2896c00c24f,"Walls Beach, Vandenberg AFB",California,USA,34.69867,-120.57974,0.85,2.189,validated,CSV2GEO,United States,street
e738839c1673d321,"West Cove, Catalina Island",California,USA,34.18852,-119.2072,0.85,3.042,validated,CSV2GEO,United States,street
6959729d9b4c68da,"Will Rogers State Beach, Los Angeles County",California,USA,34.04017,-118.56134,0.87,0.139,validated,CSV2GEO,United States,poi
283bc1bdffa7c812,"Zuma Beach, Santa Monica",California,USA,34.00267,-118.4825,0.87,0.313,validated,CSV2GEO,United States,street
f8df2c18ba4c8b4a,"Bridgeport, Fairfield County",Connecticut,USA,41.26216,-73.13775,0.98,8.426,validated,CSV2GEO,United States,poi
9c0db0720359949f,Mystic River,Connecticut,USA,41.37652,-71.9656,0.99,3.451,validated,CSV2GEO,United States,street
8a955466e651375e,"Off Eames Monument, Bridgeport",Connecticut,USA,41.16078,-73.18698,0.78,,country_mismatch,CSV2GEO,United States,street
6d74369f6beb4ba4,"Cape Henlopen State Park, Sussex County",Delaware,USA,38.78339,-75.09954,1.0,0.51,validated,CSV2GEO,United States,poi
c8cb5092b34c5d31,Delaware Lightship,Delaware,USA,40.30108,-83.06577,0.64,,low_relevance,CSV2GEO,United States,city
69fb5c54dfe05ddb,Dewey Beach,Delaware,USA,38.69084,-75.07486,1.0,0.511,validated,CSV2GEO,United States,city
795b0ae2c74afd20,"Indian River Inlet, Rehoboth Beach",Delaware,USA,38.6128,-75.07193,0.98,,country_mismatch,CSV2GEO,United States,poi
f5b9d4661765938c,"Lewes, Sussex County",Delaware,USA,38.78043,-75.1308,1.0,0.261,validated,CSV2GEO,United States,city
c7e93943f98c37bc,"Mispillion Light, Delaware Bay",Delaware,USA,38.93598,-75.3281,0.68,,low_relevance,CSV2GEO,United States,city
cda9a921c46069ee,Martin County,Florida,"USA""",,,34994.0,,missing_or_invalid_coordinate,CSV2GEO,,
0814868863e48ead,1 mile off Miami Beach,Florida,USA,25.79339,-80.13493,0.68,,low_relevance,CSV2GEO,United States,city
c1b44ece1f3a8491,"1.4 miles south of Ponce de Leon Jetty, New Smyrna Beach",Florida,USA,30.72739,-85.9367,0.35,,low_relevance,CSV2GEO,United States,city
fe0d405a7877d2dd,10 miles off Cape Canaveral,Florida,USA,28.38469,-80.60443,0.67,,low_relevance,CSV2GEO,United States,city
e0023f30664b39db,100 miles off Ft. Myers Beach,Florida,USA,26.44879,-81.94312,0.63,,low_relevance,CSV2GEO,United States,city
a09792054e6e8a5c,"11 miles off Dog Island in the Gulf of Mexico, Franklin County",Florida,USA,29.80314,-84.60641,0.53,,low_relevance,CSV2GEO,United States,poi
48f546d26f07009a,"12 miles northeast of Mayport, Duval County",Florida,USA,30.39301,-81.43084,0.58,,low_relevance,CSV2GEO,United States,city
e00ea69c079e7abf,"15 miles north of Sebastian Inlet, Brevard County",Florida,USA,27.86834,-80.49913,0.65,,low_relevance,CSV2GEO,United States,street
c298f7fbf48c738d,150 miles from Crystal River,Florida,USA,28.90031,-82.59311,0.61,,low_relevance,CSV2GEO,United States,city
80f5a11e39e33fb6,"16 miles north of Fort Pierce Inlet, Indian River County",Florida,USA,27.69437,-80.60608,0.45,,low_relevance,CSV2GEO,United States,region
c85b68392d65dd6c,"2 miles east of Dania Beach, Broward County",Florida,USA,26.05226,-80.14473,0.71,,low_relevance,CSV2GEO,United States,city
9616ac7fd68fc0c4,"2 miles off Jupiter, Palm Beach County",Florida,USA,26.93277,-80.10189,0.76,,country_mismatch,CSV2GEO,United States,city
7415df0a59fc0ca7,20 miles from Mayport,Florida,USA,30.39301,-81.43084,0.56,,low_relevance,CSV2GEO,United States,city
54a1dc8b02c47e34,275 miles northeast of Miami,Florida,USA,25.89007,-80.19368,0.74,,low_relevance,CSV2GEO,United States,street-interpolated
2881541b7ab14a37,"27th Avenue, New Smyrna Beach",Florida,USA,29.00917,-80.87908,0.99,0.116,validated,CSV2GEO,United States,street
31ecc3642236db35,"3 miles east of Jacksonville Beach, Duval County",Florida,USA,30.30572,-81.40395,0.83,0.846,validated,CSV2GEO,United States,street
ad94b9b2c2c772fb,3 miles north of the inlet at Palm Beach,Florida,USA,26.76985,-80.07286,0.61,,low_relevance,CSV2GEO,United States,street
5c59cb4ff07f7b02,"3 miles off Jupiter, Palm Beach County",Florida,USA,26.93277,-80.10189,0.76,,country_mismatch,CSV2GEO,United States,city
1abd3227e0bb8292,"3 miles south of Sebastian Inlet State Park, Indian River County",Florida,USA,27.85144,-80.44409,0.78,0.55,validated,CSV2GEO,United States,poi
6deb71e4307d0c2a,"3 to 4 miles west of Indian Pass, Gulf County",Florida,USA,29.68798,-85.26507,0.64,,low_relevance,CSV2GEO,United States,city
28e344b204502f35,"40 miles off Islamorada, near Cay Sal",Florida,USA,24.96029,-80.56788,0.46,,low_relevance,CSV2GEO,United States,city
c03e27dfde34eb25,"500 yards from Fowey Rock Light, 9 miles east of Key Biscayne",Florida,USA,25.68985,-80.16384,0.32,,low_relevance,CSV2GEO,United States,city
d5e0fcaf749ed836,6 miles north of Palm Beach,Florida,USA,26.81324,-80.05714,0.71,,low_relevance,CSV2GEO,United States,city
9aaef867fa9523fe,"6 miles south of Boca Chica Key, Monroe County",Florida,USA,24.57924,-81.65604,0.69,,low_relevance,CSV2GEO,United States,rooftop
1b4d31de45dd6c99,70 miles off Tarpon Springs,Florida,USA,28.14641,-82.77236,0.7,,low_relevance,CSV2GEO,United States,street-interpolated
f7204041ba1de8fd,"8 miles south of Elliot Key, Miami-Dade County",Florida,USA,25.46282,-80.34671,0.7,,low_relevance,CSV2GEO,United States,street
327690fe1ea1df05,"9 miles north of Turtle Beach, Siesta Key",Florida,USA,27.27595,-82.56877,0.55,,low_relevance,CSV2GEO,United States,street-interpolated
ee6f78a6205ca27d,A quarter mile north of Fort Pierce Inlet,Florida,USA,27.4702,-80.33157,0.54,,low_relevance,CSV2GEO,United States,street
5d2ac2c031f36442,"Alligator Reef, off Islamorada",Florida,USA,24.90034,-80.65433,0.91,,country_mismatch,CSV2GEO,United States,poi
cb00085c6cb1079c,American Shoals off Key West,Florida,USA,24.55451,-81.80024,0.68,,low_relevance,CSV2GEO,United States,city
6027b90c117daafd,Apalachicola Bay,Florida,USA,29.72117,-84.98478,0.99,,country_mismatch,CSV2GEO,United States,street
9d6a5febdb9c058e,"Artifical reef 3 miles off Manatee Beach, Manatee County",Florida,USA,27.495316,-82.710933,1.0,0.159,validated,CSV2GEO,United States,
71765c638592bedc,"Atlantic Avenue, Palm Beach County",Florida,USA,26.4557,-80.16471,1.0,10.428,validated,CSV2GEO,United States,street
44e5aa1412346e81,"Atlantic Beach, Duval County",Florida,USA,30.33258,-81.4023,1.0,0.611,validated,CSV2GEO,United States,city
3d7691b56287ec72,"Atlantic Beach, Mayport",Florida,USA,30.39301,-81.43084,1.0,2.725,validated,CSV2GEO,United States,city
a51c8e672953d588,"Atlantic Dunes Park, Delray Beach",Florida,USA,26.44201,-80.06126,1.0,0.049,validated,CSV2GEO,United States,poi
b7e7cbf91b004b2e,"Atlantiic Beach, Duval County",Florida,USA,30.33258,-81.4023,0.97,0.611,validated,CSV2GEO,United States,city
58a7ac55f556f742,"Avalon State Park Beach, North Hutchinson Island",Florida,USA,27.48517,-80.30314,0.9,0.971,validated,CSV2GEO,United States,poi
7350cee3c58e03c4,"Baker\'s Haulover, Miami Beach",Florida,USA,25.90654,-80.12336,0.81,0.174,validated,CSV2GEO,United States,street
0e40d20a3b0772bc,Bathtub Beach,Florida,USA,26.71622,-80.1206,0.81,8.375,validated,CSV2GEO,United States,street
e4ac459b6f8bd609,"Bathtub Reef Beach, Stuart",Florida,USA,27.1869,-80.16074,0.98,,country_mismatch,CSV2GEO,United States,poi
efa67d01463289cc,"Bayboro, Pinellas County",Florida,USA,27.76547,-82.63613,0.98,1.118,validated,CSV2GEO,United States,poi
fcd8a4c7d0c46b2d,"Bayshore Garden, Sarasota Bay",Florida,USA,27.36864,-82.55778,0.88,0.958,validated,CSV2GEO,United States,street
5a7bd8c71d9f2ae1,"Beachway Avenue Approach, New Smyrna Beach",Florida,USA,29.05127,-80.90414,0.81,0.206,validated,CSV2GEO,United States,street
42a0b591374cd33f,"Behune Beach, Volusia County",Florida,USA,28.94776,-80.83703,0.99,,country_mismatch,CSV2GEO,United States,city
fb6269b194a97c91,Bethune Beach,Florida,USA,28.94776,-80.83703,1.0,,country_mismatch,CSV2GEO,United States,city
2d1a8f5b7f875f28,"Between Palm & Salerno Inlets, Martin County",Florida,USA,27.16952,-80.26936,0.53,,low_relevance,CSV2GEO,United States,city
52ccb7b54b66b1b5,"Big Bayou, St. Petersburg",Florida,USA,27.71839,-82.63792,0.87,1.085,validated,CSV2GEO,United States,poi
81e3a9747075e9bd,"Big Pine Key, Monroe County",Florida,USA,24.66966,-81.35611,1.0,0.659,validated,CSV2GEO,United States,city
e4b2df1d2e043066,"Big Talbot Island, Duval County",Florida,USA,30.50208,-81.45075,1.0,0.605,validated,CSV2GEO,United States,poi
0557dded6261749f,"Bill Baggs Cape Florida State Recreation Area, Miami-Dade County",Florida,USA,25.67553,-80.15906,0.6,,low_relevance,CSV2GEO,United States,poi
e606fe664cdf7c6f,"Biltmore Beach, near Panama City",Florida,USA,30.1457,-85.75847,0.88,,country_mismatch,CSV2GEO,United States,city
90b2a70513563996,Biscayne Bay,Florida,USA,25.69998,-80.26638,1.0,1.041,validated,CSV2GEO,United States,city
e07711d41d382fe7,"Biscayne National Park, Miami",Florida,USA,25.72701,-80.23548,0.98,,country_mismatch,CSV2GEO,United States,poi
f604823893f40721,"Blockhouse Beach, Brevard County",Florida,USA,28.29348,-80.73236,0.57,,low_relevance,CSV2GEO,United States,region
8a1b816ad3dad95c,"Bob Graham Beach, Martin County",Florida,USA,27.24409,-80.19098,1.0,0.387,validated,CSV2GEO,United States,poi
279d6cf11067e958,"Boca Ciega Bay, Tampa",Florida,USA,27.76532,-82.75266,0.99,,country_mismatch,CSV2GEO,United States,poi
bf5d3017303b8580,"Bonita Springs, Lee County",Florida,USA,26.33063,-81.7988,1.0,4.042,validated,CSV2GEO,United States,city
6182d4f1d3853fc1,"Boynton Beach, Palm Beach County",Florida,USA,26.52891,-80.06239,1.0,0.7,validated,CSV2GEO,United States,city
9ee17480f49c0f11,"Brevard County, a mile north of Sebastian Inlet",Florida,USA,28.15423,-80.65832,0.63,,low_relevance,CSV2GEO,United States,street
919912c5e748e9d0,"Butler Beach, St Augustine",Florida,USA,29.79762,-81.26763,1.0,1.041,validated,CSV2GEO,United States,city
e6775919d2718b54,"Caloosahatchee River, Lee County",Florida,USA,26.72277,-81.65599,0.98,12.398,validated,CSV2GEO,United States,poi
246fbf84c9248175,"Canova Beach, Brevard County",Florida,USA,28.13932,-80.58548,1.0,0.723,validated,CSV2GEO,United States,city
4cd6f59dc3deee6d,Cape Canaveral,Florida,USA,28.38469,-80.60443,1.0,1.004,validated,CSV2GEO,United States,city
0a76a1434accdf12,"Carlin Park, Jupiter",Florida,USA,26.93718,-80.07648,1.0,,country_mismatch,CSV2GEO,United States,poi
856319d90dbebf8f,"Carlin Park, Jupiter Inlet",Florida,USA,26.93718,-80.07648,0.83,,country_mismatch,CSV2GEO,United States,poi
ed92343618a1bbed,Carter Cay,Florida,USA,30.50622,-83.35976,0.88,70.332,too_far_inland,CSV2GEO,United States,street
89058a55d8b3bcfd,"Carysfort Lighthouse, Key Largo",Florida,USA,25.314,-80.27648,0.71,,low_relevance,CSV2GEO,United States,street
54866f16e6900145,"Casino Beach, Pensacola",Florida,USA,30.33442,-87.14318,0.99,,country_mismatch,CSV2GEO,United States,poi
613bef440de2d7bc,"Cherie Down Park, Brevard County",Florida,USA,28.39244,-80.59704,1.0,0.285,validated,CSV2GEO,United States,poi
989ed91ed84c9305,"Coquina Beach, Anna Maria Island",Florida,USA,29.84313,-81.27458,0.88,1.069,validated,CSV2GEO,United States,street
d4aca867e1575948,"Coral Cove Park, Jupiter Inlet",Florida,USA,26.96349,-80.07883,0.99,0.439,validated,CSV2GEO,United States,poi
88def86da048b5d2,"Coral Cove Park, Jupiter Island",Florida,USA,26.96349,-80.07883,0.82,0.439,validated,CSV2GEO,United States,poi
b33bf69dcc712830,"Coral Cove Park, Palm Beach County",Florida,USA,26.42139,-80.14198,0.97,7.665,validated,CSV2GEO,United States,street
dc0497cadbd1bbd9,"Crawford Road beach approach at New Smyrna Beach, Volusia County",Florida,USA,29.04352,-80.90107,0.75,0.719,validated,CSV2GEO,United States,street
e287553a91e91ad0,"Crescent Beach, Sarasota County",Florida,USA,27.2672,-82.55022,0.99,0.497,validated,CSV2GEO,United States,street
d1cc13dec27604e5,"Crescent Beach, St. Augustine",Florida,USA,29.77058,-81.25489,1.0,0.419,validated,CSV2GEO,United States,city
b71ced0cee24c99a,"Dania, Broward County",Florida,USA,26.15225,-80.48703,0.8,36.286,too_far_inland,CSV2GEO,United States,region
7eb96a0dfc23e5bd,"Deerfield Beach (near Boca Raton), Broward County",Florida,USA,26.32103,-80.12464,0.9,4.54,validated,CSV2GEO,United States,poi
b54ed6564d999fbe,"Deerfield Beach, Broward County",Florida,USA,26.32004,-80.09979,1.0,2.162,validated,CSV2GEO,United States,city
1d8ba6d9702591e7,"Destin, Walton County",Florida,USA,30.39347,-86.49561,1.0,,country_mismatch,CSV2GEO,United States,city
e7641276c17c740f,"Disney, Vero Beach",Florida,USA,27.63885,-80.3938,0.73,,low_relevance,CSV2GEO,United States,city
dd943a513d957452,"Egmont Key, Hillsborough County",Florida,USA,27.58692,-82.76081,0.99,,country_mismatch,CSV2GEO,United States,poi
b3b08bb640085aac,"Englewood Beach, Charlotte County",Florida,USA,26.93505,-82.36656,0.99,0.496,validated,CSV2GEO,United States,street
cecf28e9821b7f8e,"Everglades National Park, Monroe County",Florida,USA,25.14033,-80.9272,0.97,,country_mismatch,CSV2GEO,United States,poi
6c00780844501234,"Fernandina Beach, Amelia Island",Florida,USA,30.58981,-81.45746,1.0,0.73,validated,CSV2GEO,United States,city
02a31721ca55f988,"Fletcher Beach, Hutchinson Island",Florida,USA,27.28453,-80.21991,0.64,,low_relevance,CSV2GEO,United States,street
141159643c7f69ca,Florida Bay,Florida,USA,25.72366,-80.38391,0.82,12.983,validated,CSV2GEO,United States,street
06fa17a9cb46b526,Fort Myers,Florida,USA,26.64084,-81.86793,1.0,,country_mismatch,CSV2GEO,United States,city
ab9aebda7813c1f0,"Fort Pierce Inlet State Park, St Lucie County",Florida,USA,27.47378,-80.29204,1.0,0.896,validated,CSV2GEO,United States,poi
ca1a305046d2c7e4,"Fort Pierce Inlet State Park, St. Lucie County",Florida,USA,27.47378,-80.29204,1.0,0.896,validated,CSV2GEO,United States,poi
d8a6b47c2ea2799d,"Fort Pierce Inlet, St. Lucie County",Florida,USA,27.40934,-80.33736,0.86,3.72,validated,CSV2GEO,United States,poi
4de1fe73d9369ceb,Fort Worth,Florida,USA,40.59848,-74.05732,0.99,,country_mismatch,CSV2GEO,United States,street
5e26a2e769918287,"Fowey Rock Light, Miami",Florida,USA,25.77481,-80.19773,0.46,,low_relevance,CSV2GEO,United States,city
3ceb73922d41ad17,"Fowey Rock, Key Biscayne",Florida,USA,25.68985,-80.16384,0.67,,low_relevance,CSV2GEO,United States,city
c89b5815d5f56aa3,"Ft. Lauderdale, Broward County",Florida,USA,26.12401,-80.14357,1.0,3.127,validated,CSV2GEO,United States,city
2013872f6cd20102,"Ft. Pierce, St Lucie County",Florida,USA,27.44904,-80.32678,1.0,1.074,validated,CSV2GEO,United States,city
d69d72409fc7331d,"Gadsden Point, Tampa Bay",Florida,USA,30.5795,-84.61353,0.52,,low_relevance,CSV2GEO,United States,region
8adb24085502bd8b,"Garden Key, Charlotte County",Florida,USA,26.90148,-81.92887,0.71,,low_relevance,CSV2GEO,United States,region
61700c46d51046a7,Gulf Islands National Seashore,Florida,USA,30.36403,-87.13078,1.0,,country_mismatch,CSV2GEO,United States,poi
8d962fb620165170,Gulf of Mexico,Florida,USA,27.41597,-82.66253,0.99,0.832,validated,CSV2GEO,United States,street
eb9a9366ae0c555b,"Gulf of Mexico, 22 miles from Pensacola",Florida,USA,30.41591,-87.27684,0.56,,low_relevance,CSV2GEO,United States,street-interpolated
f6a365144a131858,"Gulfstream Park beach, Palm Beach County",Florida,USA,26.50576,-80.05284,0.88,,country_mismatch,CSV2GEO,United States,city
1f6aafcbdfb2d9c6,Half mile north of Juno Beach Pier,Florida,USA,26.85513,-80.05121,0.6,,low_relevance,CSV2GEO,United States,street
ecde9d139a78e1d3,"Hallandale Beach, Broward County",Florida,USA,25.98164,-80.14786,1.0,3.031,validated,CSV2GEO,United States,city
c432cdb7c7ff8c96,Hanalei Bay,Florida,USA,30.2649,-85.62029,0.59,,low_relevance,CSV2GEO,United States,region
ac6e7f542e167911,"Haulover Inlet, Dade County",Florida,USA,28.36461,-82.18713,0.37,,low_relevance,CSV2GEO,United States,city
213774d2742d28c9,"Hobe Sound Beach, Palm Beach County",Florida,USA,26.64754,-80.46544,0.61,,low_relevance,CSV2GEO,United States,region
fd03b0e755b6783e,"Hollywood, Broward County",Florida,USA,26.01067,-80.16025,1.0,4.427,validated,CSV2GEO,United States,city
b78f6fea8c8b8f18,"Howard E. Futch Memorial Park at Paradise Beach, Brevard County",Florida,USA,28.12236,-80.57586,0.75,0.134,validated,CSV2GEO,United States,poi
419f852e69541b54,"Hugenot Beach, Jacksonville",Florida,USA,30.28681,-81.54241,0.77,14.236,validated,CSV2GEO,United States,street
fef45d3ae9e78e44,"Huguenot Memorial Park, Duval County",Florida,USA,30.4075,-81.41285,1.0,0.455,validated,CSV2GEO,United States,poi
0d43f6c6507a216e,Huguenot Park,Florida,USA,30.38476,-81.48914,0.97,8.169,validated,CSV2GEO,United States,street
78822e037034692c,Hutchinson Island,Florida,USA,27.55632,-80.32346,0.93,0.625,validated,CSV2GEO,United States,street
22a3c97aa6a85dde,In Gulf of Mexico 17 miles off Weeki Wachee,Florida,USA,29.80114,-85.2947,0.45,,low_relevance,CSV2GEO,United States,street
b015bfedbb756f66,In a canal [redacted address] Augustine,Florida,USA,29.892184,-81.313931,1.0,1.953,validated,CSV2GEO,United States,
5002b09d8ce577d0,"Indian Harbor Beach, Brevard County",Florida,USA,28.16028,-80.58614,0.99,0.368,validated,CSV2GEO,United States,street
c0d2ec26a40747ae,"Indian River Inlet, Fort Pierce Inlet",Florida,USA,27.45617,-80.32543,0.76,0.65,validated,CSV2GEO,United States,street
70593e70c29a6897,Indian River area,Florida,USA,27.69437,-80.60608,0.82,18.923,validated,CSV2GEO,United States,region
3853d5fb855a3962,"Indian Rocks Beach, Clearwater",Florida,USA,27.93376,-82.80716,0.97,0.802,validated,CSV2GEO,United States,street
8092fd5826f2c74c,"Intracoastal Waterway, Boca Raton",Florida,USA,26.35044,-80.07603,0.98,0.261,validated,CSV2GEO,United States,poi
d0503421b71862ef,"Intracoastal Waterway, St. Petersburg",Florida,USA,27.70831,-82.72657,0.95,,country_mismatch,CSV2GEO,United States,poi
4313f82c9e3381d6,"Islamorada Founder\'s Park, Plantation Key",Florida,USA,24.96349,-80.56841,0.76,0.306,validated,CSV2GEO,United States,poi
a43c94b13d018ed3,"Islamorada, Monroe County",Florida,USA,24.96029,-80.56788,1.0,0.018,validated,CSV2GEO,United States,city
37b4e7958509998d,Jacksonville,Florida,USA,30.33147,-81.65622,1.0,25.004,too_far_inland,CSV2GEO,United States,city
5f3f16786f2110f3,"Jacksonvlle, Duval County",Florida,USA,30.31806,-81.41453,0.99,1.828,validated,CSV2GEO,United States,street
8be888d4a068fcc4,Jensen Beach,Florida,USA,27.26078,-80.23329,1.0,0.499,validated,CSV2GEO,United States,city
c3c827240782d76f,"John Pennekamp Marine Park, Monroe County",Florida,USA,24.54652,-81.79579,0.67,,low_relevance,CSV2GEO,United States,street
061f67df8974224b,"John\'s Pass, Pinellas County",Florida,USA,27.78012,-82.78156,0.97,,country_mismatch,CSV2GEO,United States,poi
ee3055248a7a77ed,"Jupiter Beach, Palm Beach County",Florida,USA,26.93277,-80.10189,0.85,,country_mismatch,CSV2GEO,United States,city
408d717aa0fd5355,Jupiter Inlet,Florida,USA,26.96506,-80.08454,0.99,0.983,validated,CSV2GEO,United States,street
c5208518e3d42dfe,"Jupiter Island Beach, Martin County",Florida,USA,27.00554,-80.09163,0.99,,country_mismatch,CSV2GEO,United States,street
251bfba652b8b755,"Jupiter Island, Brevard County",Florida,USA,27.06576,-80.11806,0.61,,low_relevance,CSV2GEO,United States,city
860531c3853a18c4,"Key Biscayne, Dade County",Florida,USA,25.72431,-80.15566,0.94,,country_mismatch,CSV2GEO,United States,poi
99b6dab4b7e90619,"Key Colony Beach, Monroe County",Florida,USA,24.72116,-81.01803,1.0,,country_mismatch,CSV2GEO,United States,city
67bd636f7a428684,Key Largo,Florida,USA,25.16636,-80.37834,1.0,1.628,validated,CSV2GEO,United States,city
d3cbada070a24f7f,Key Largo Sound,Florida,USA,25.13005,-80.40577,0.99,0.816,validated,CSV2GEO,United States,street
6df1e9ef675adcb1,Key West Aquarium,Florida,USA,26.69462,-80.21173,0.75,17.408,validated,CSV2GEO,United States,street
d7a8d21765fa4234,"Laguna Beach, Bay County",Florida,USA,30.24016,-85.9211,1.0,,country_mismatch,CSV2GEO,United States,city
b539d0ebd0b2d36b,"Lake Worth Inlet, West Palm Beach",Florida,USA,26.63243,-80.13506,0.88,10.141,validated,CSV2GEO,United States,street
678f29ebe3313d30,"Lantana Beach, Palm Beach County",Florida,USA,26.57706,-80.05511,0.85,2.029,validated,CSV2GEO,United States,city
439c9b643ccd1939,"Lauderdale-By-The-Sea, Broward County",Florida,USA,26.19212,-80.09642,1.0,0.255,validated,CSV2GEO,United States,city
cc24781237d39319,"Lighhouse Point Park, Ponce Inlet",Florida,USA,29.07853,-80.92185,0.99,0.347,validated,CSV2GEO,United States,poi
ca372040f065a70f,"Lignum Vitae Channel, Florida Keys",Florida,USA,27.94408,-82.44451,0.54,,low_relevance,CSV2GEO,United States,poi
5782ea08e3c62446,"Little Talbot Island, Jacksonville",Florida,USA,30.45451,-81.41495,1.0,0.529,validated,CSV2GEO,United States,poi
dac66bdb691eba20,"Long Key, Monroe County",Florida,USA,24.8238,-80.81656,1.0,0.826,validated,CSV2GEO,United States,city
2fa26457a5c893b7,"Longboat Key, Sarasota",Florida,USA,27.37013,-82.62571,1.0,0.341,validated,CSV2GEO,United States,city
a6957053ae1f7288,Macarthur State Park,Florida,USA,26.80908,-80.08777,0.88,4.835,validated,CSV2GEO,United States,street
bfa0614d1ebb4250,"Manalapan, Palm Beach County",Florida,USA,26.57997,-80.03922,1.0,0.528,validated,CSV2GEO,United States,city
28beb3a33ba26269,"Manasota Beach, Sarasota County",Florida,USA,27.01075,-82.41243,1.0,0.32,validated,CSV2GEO,United States,poi
dfd76c308f27cd9e,Manatee County,Florida,USA,27.47731,-82.33484,1.0,25.163,too_far_inland,CSV2GEO,United States,region
9cb1dffc78194ef2,"Marco Island, Collier County",Florida,USA,25.95409,-81.72463,1.0,0.598,validated,CSV2GEO,United States,city
1ab5d0ded064ddbd,Marques Island,Florida,USA,30.41157,-86.71816,0.75,,country_mismatch,CSV2GEO,United States,city
7f2a7f31de02c953,"Matanzas Bay Inlet, St. Johns County",Florida,USA,29.70377,-81.22802,0.89,0.432,validated,CSV2GEO,United States,poi
272c5850e022c9e5,"Matanzas Inlet, St Johns County",Florida,USA,29.70377,-81.22802,1.0,0.432,validated,CSV2GEO,United States,poi
795fa3ee6e5ea476,"Mayport Naval Station Beach, Duval County",Florida,USA,30.39301,-81.43084,0.81,2.725,validated,CSV2GEO,United States,city
e504f091ede9c4da,Mayport Naval Station Duval County,Florida,USA,30.37718,-81.41011,0.98,1.87,validated,CSV2GEO,United States,poi
f9421ae758796e55,"Mayport Naval Station, Jacksonville",Florida,USA,30.22561,-81.70002,0.97,30.43,too_far_inland,CSV2GEO,United States,poi
d5847799030187a4,"McArthur Beach, Singer Island",Florida,USA,26.7832,-80.03515,0.75,,country_mismatch,CSV2GEO,United States,street
40d57492cb213db5,"Melbourne, Brevard County",Florida,USA,28.07944,-80.60756,1.0,1.489,validated,CSV2GEO,United States,city
1fc50425006c784d,Miami Beach,Florida,USA,25.79339,-80.13493,1.0,0.064,validated,CSV2GEO,United States,city
7bcbce26609467ca,"Miami Beach, Dade County",Florida,USA,25.44787,-80.4809,0.74,,low_relevance,CSV2GEO,United States,city
f961bc8ed1d10017,"Miami Seaquarium, Virginia Key",Florida,USA,25.74487,-80.14513,0.7,,low_relevance,CSV2GEO,United States,street
5e6e2d4d2c11a931,"Miami, Miami-Dade County",Florida,USA,25.77481,-80.19773,1.0,0.19,validated,CSV2GEO,United States,city
4e6791861b23e503,"Miami, Miami-Date County",Florida,USA,25.77481,-80.19773,0.96,0.19,validated,CSV2GEO,United States,city
36b156f36b677872,"Micklers Landing, St. Johns County",Florida,USA,30.16218,-81.3572,1.0,0.481,validated,CSV2GEO,United States,poi
64a793bace11fc50,"Middle Sambo Reef off Boca Chica, Monroe County",Florida,USA,24.58762,-81.64884,0.61,,low_relevance,CSV2GEO,United States,street
8b37bdc90537b7a8,"Monster Hole, Sebastian Inlet",Florida,USA,27.81827,-80.4706,0.63,,low_relevance,CSV2GEO,United States,poi
b500d08355d4e7f4,"Mullet Key, Pinellas County",Florida,USA,27.63029,-82.73681,1.0,,country_mismatch,CSV2GEO,United States,poi
1d3787e76d4b2cb0,"Municipal Bathing area, Riviera Beach",Florida,USA,26.78344,-80.03284,0.77,,country_mismatch,CSV2GEO,United States,poi
48b9ecfbdd6bd954,"Municipal Beach, Boyton Beach",Florida,USA,26.52891,-80.06239,0.81,0.7,validated,CSV2GEO,United States,city
9beca917df9e74a0,"Municipal Beach, Riviera Beach",Florida,USA,26.51671,-80.05735,0.79,0.123,validated,CSV2GEO,United States,street
9571488a6c3c52d2,"Municipal Pier, St. Petersburg",Florida,USA,27.80333,-82.80174,0.88,,country_mismatch,CSV2GEO,United States,street
e0a34ec00c981961,Naples,Florida,USA,26.13934,-81.79583,1.0,0.785,validated,CSV2GEO,United States,city
36b6ae9c533d2da2,"Near Boynton Beach, Palm Beach County",Florida,USA,26.52891,-80.06239,0.89,0.7,validated,CSV2GEO,United States,city
608f7f79da936f09,"Near Cocoa Beach, Brevard County",Florida,USA,28.31818,-80.61006,0.88,0.84,validated,CSV2GEO,United States,city
da8420105bb5aacb,"Near New Smyrna Jetty, Volusia County",Florida,USA,29.03938,-80.89901,0.76,0.92,validated,CSV2GEO,United States,street
efe8fea1569b1d83,"Near Panama City, Bay County",Florida,USA,30.1604,-85.66033,0.87,0.277,validated,CSV2GEO,United States,city
b19b07e538be7af4,Near Patrick Air Force Base Brevard County,Florida,USA,28.25182,-80.60354,0.91,0.746,validated,CSV2GEO,United States,city
adb9b70bd8a1911e,Near Port Canaveral Coast Guard Base,Florida,USA,28.41604,-80.62154,0.87,,country_mismatch,CSV2GEO,United States,poi
631ce0d4fcf210d7,"Neptune Avenue, Ormond Beach",Florida,USA,29.29972,-81.04802,1.0,0.763,validated,CSV2GEO,United States,street
313f701c6666b404,"Neptune, Duval County",Florida,USA,30.31806,-81.41453,0.99,1.828,validated,CSV2GEO,United States,street
9275f4de34df1da1,"Nest Key, Monroe County",Florida,USA,24.55411,-81.80364,0.85,0.611,validated,CSV2GEO,United States,poi
faab6997410c8206,"New Smyrna Beach, Cape Canaveral National Seashore",Florida,USA,28.92768,-80.82422,0.92,0.037,validated,CSV2GEO,United States,poi
e0c859e46163a3a9,"New Smyrna Beach, Ponce Inlet",Florida,USA,29.06316,-80.90891,0.84,,country_mismatch,CSV2GEO,United States,poi
7fb4021af7e80781,"Normandy Beach, Hutchinson Island",Florida,USA,27.29734,-80.2161,0.99,0.661,validated,CSV2GEO,United States,poi
1f79a6667d053e42,"North Beach Inlet, St. Lucie County",Florida,USA,27.47985,-80.29803,0.86,1.216,validated,CSV2GEO,United States,city
57df4909dac9e042,"North Beach Jetty, St Lucie County",Florida,USA,27.47985,-80.29803,0.86,1.216,validated,CSV2GEO,United States,city
ad598ca2212a5f05,"North Beach, Hutchinson Island",Florida,USA,27.47548,-80.31777,0.97,,country_mismatch,CSV2GEO,United States,street
b5f85d4b28f5018d,"North Beach, Patrick AFB",Florida,USA,30.36446,-81.41943,0.63,,low_relevance,CSV2GEO,United States,city
7ab594450757d908,North Dade- Interama area of Biscayne Bay,Florida,USA,25.69998,-80.26638,0.44,,low_relevance,CSV2GEO,United States,city
d5807311e759868c,"North Hutchinson Island, St. Lucie Couny",Florida,USA,27.30781,-80.22155,0.75,0.763,validated,CSV2GEO,United States,city
f1754ba6e05839fc,"North Jetty Park, Fort Pierce",Florida,USA,27.55758,-80.40232,0.71,,low_relevance,CSV2GEO,United States,street
149df229cba33d78,"North end of County Beach, Palm Beach County",Florida,USA,26.70306,-80.03661,0.59,,low_relevance,CSV2GEO,United States,city
107961b72f49b853,"North of Jupiter Inlet, Palm Beach County",Florida,USA,26.97,-80.11526,0.95,2.9,validated,CSV2GEO,United States,street
3cde2437346b294a,"Ocean Beach, Jaycee Park",Florida,USA,27.66507,-80.3591,0.97,1.073,validated,CSV2GEO,United States,poi
0087eeff4d2f1b1c,"Off 12th Street, Miami Beach",Florida,USA,25.78284,-80.13609,0.9,,country_mismatch,CSV2GEO,United States,street
f90c3722fe066cc7,"Off Boca Raton Hotel & Club, Boca Raton",Florida,USA,26.36555,-80.17469,0.84,10.055,validated,CSV2GEO,United States,street
f2731d5e217b4102,"Off Fort Pierce, St Lucie County",Florida,USA,27.44815,-80.4081,0.91,8.535,validated,CSV2GEO,United States,poi
c0adad4ace4871b5,"Off Fort Pierce, St. Lucie County",Florida,USA,27.44815,-80.4081,0.91,8.535,validated,CSV2GEO,United States,poi
e74a6352b87267da,"Off Hutchinson Island, St Lucie County",Florida,USA,27.30781,-80.22155,0.92,0.763,validated,CSV2GEO,United States,city
6f31aa913a2abc0e,Off Jupiter,Florida,USA,26.93277,-80.10189,0.82,,country_mismatch,CSV2GEO,United States,city
b746f5227b66f104,"Off Jupiter Inlet, Palm Beach County",Florida,USA,26.96506,-80.08454,0.92,0.983,validated,CSV2GEO,United States,street
a248b2266d49b88e,"Off Key Largo, Monroe County",Florida,USA,25.16636,-80.37834,0.9,1.628,validated,CSV2GEO,United States,city
8f6067322c9eff26,"Off Lake Worth, Palm Beach County",Florida,USA,26.61645,-80.05723,0.91,2.424,validated,CSV2GEO,United States,city
dce94bf86d464a92,Off Panama City,Florida,USA,30.1604,-85.66033,0.85,0.277,validated,CSV2GEO,United States,city
cb2964d4cc2c7f48,"Off Port Everglades, Broward County",Florida,USA,26.15225,-80.48703,0.54,,low_relevance,CSV2GEO,United States,region
ad379f5c871b2a26,"Off Singer Island, Palm Beach County",Florida,USA,26.64754,-80.46544,0.59,,low_relevance,CSV2GEO,United States,region
6fd70b769460df90,"Off Snipe Point, Florida Keys",Florida,USA,25.04769,-80.49005,0.48,,low_relevance,CSV2GEO,United States,city
ffcf93d54062065a,Off Tarpon Springs,Florida,USA,28.15084,-82.75306,0.87,3.149,validated,CSV2GEO,United States,city
0b7ab1b2939785eb,"Off Zelda Boulevard, Daytona Beach",Florida,USA,29.2493,-81.02312,0.92,0.852,validated,CSV2GEO,United States,street
19c29f6224d0239f,Okaloosa County,Florida,USA,30.69119,-86.59171,1.0,20.956,validated,CSV2GEO,United States,region
56ad09821c480454,Okaloosa Island,Florida,USA,30.71264,-86.58621,0.99,22.853,validated,CSV2GEO,United States,street
827033573c694622,"On the south side of Ponce Inlet, Volusia County",Florida,USA,29.12154,-80.95209,0.65,,low_relevance,CSV2GEO,United States,city
938d310c02b9ecfa,"Opposite Patrick Air Force Base, Brevard County",Florida,USA,28.25182,-80.60354,0.83,0.746,validated,CSV2GEO,United States,city
71e97b5ac5ee57be,"Opposite main gate at Patrick Air Force Base, Cape Canaveral",Florida,USA,28.46037,-80.54349,0.67,,low_relevance,CSV2GEO,United States,poi
f92cc3a0d6516fa3,"Ormond By The Sea, Volusia County",Florida,USA,29.35013,-81.06684,1.0,0.137,validated,CSV2GEO,United States,city
9e28c9602b7a0bda,"Ormond-by-the-Sea, Volusia County",Florida,USA,29.35013,-81.06684,1.0,0.137,validated,CSV2GEO,United States,city
3f38724ffc9edada,"Palm Beach Shores, Palm Beach County",Florida,USA,26.77837,-80.03607,1.0,,country_mismatch,CSV2GEO,United States,city
948ec7af234b21e6,"Palm Beach Shores, Riviera Beach",Florida,USA,26.79204,-80.05208,0.97,1.364,validated,CSV2GEO,United States,street
7aa0ee13f9a6561c,"Panacea, Wakulla County",Florida,USA,30.03967,-84.38782,1.0,0.947,validated,CSV2GEO,United States,city
af392f6a4b567c1a,"Paradise Beach Park, Brevard County",Florida,USA,28.12236,-80.57586,1.0,0.134,validated,CSV2GEO,United States,poi
91962092f648d937,"Pecks Lake, Martin County",Florida,USA,27.07749,-80.43123,0.68,,low_relevance,CSV2GEO,United States,region
dbd2b3824d3f514d,"Pensacola Beach, Escambia County",Florida,USA,30.33321,-87.1415,1.0,,country_mismatch,CSV2GEO,United States,city
3904e937035f9af2,"Pensacola, Escambia County",Florida,USA,30.42104,-87.21726,1.0,0.713,validated,CSV2GEO,United States,city
7713bbc4d7da4293,"Perdido Key near the Florida Panhandle, Escambia County",Florida,USA,30.2913,-87.46883,0.57,,low_relevance,CSV2GEO,United States,street
173cd35e98139730,"Perdido Key, Escambia County",Florida,USA,30.35743,-87.401,1.0,1.282,validated,CSV2GEO,United States,poi
1d1a910c896839ee,"Pet Den, Satellite Beach",Florida,USA,28.17235,-80.60208,0.78,0.984,validated,CSV2GEO,United States,city
464a26f58561d23b,"Petting Tank, Florida Aquarium",Florida,USA,27.94408,-82.44451,0.67,,low_relevance,CSV2GEO,United States,poi
59608d61b5c8fa61,Pinellas County,Florida,USA,27.91028,-82.71943,1.0,1.821,validated,CSV2GEO,United States,region
f666d159bc87faf4,"Playalinda, Brevard County",Florida,USA,28.60345,-80.80806,0.98,1.113,validated,CSV2GEO,United States,poi
9ae6ee19842968a2,"Pompano Beach, Palm Beach County",Florida,USA,26.89567,-80.1313,0.97,4.595,validated,CSV2GEO,United States,street
16e90c990467fff8,"Ponce De Leon Inlet, Volusia County",Florida,USA,29.07924,-80.92764,1.0,0.905,validated,CSV2GEO,United States,poi
a9409b11819fa851,"Ponce, Volusia County",Florida,USA,29.04644,-80.93694,0.99,2.727,validated,CSV2GEO,United States,street
56935aef8999af00,"Port of the Islands, Collier County",Florida,USA,25.95741,-81.51176,0.97,6.074,validated,CSV2GEO,United States,poi
b0b4250b6b08ba25,"Public Beach (Carlin Park), Jupiter",Florida,USA,26.93718,-80.07648,0.79,,country_mismatch,CSV2GEO,United States,poi
66bee9937a69dbdc,"Public Beach, Siesta Key",Florida,USA,27.27062,-82.55978,0.78,,country_mismatch,CSV2GEO,United States,street
2204fcc00e2297d7,"Resident\'s Beach, Marco Island",Florida,USA,25.93992,-81.73307,1.0,0.532,validated,CSV2GEO,United States,poi
99be687023adc7cb,Riviera Beach,Florida,USA,26.78349,-80.06401,1.0,1.803,validated,CSV2GEO,United States,city
cf2dd0193dcf9f9d,"Riviera Beach, near Palm Beach Inlet",Florida,USA,26.77459,-80.03709,0.89,,country_mismatch,CSV2GEO,United States,street
508748e90f3b3b0b,"Rock Harbor, Key Largo",Florida,USA,25.07903,-80.45703,1.0,,country_mismatch,CSV2GEO,United States,city
9d198f219522f480,"Sand Key Beach, Clearwater",Florida,USA,27.95571,-82.82705,1.0,,country_mismatch,CSV2GEO,United States,poi
72c72c77cdb687ef,"Sands Cut, Elliot Key",Florida,USA,26.9159,-80.6131,0.58,,low_relevance,CSV2GEO,United States,city
5ca295f613150128,"Santa Lucea Beach, South Hutchinson Island",Florida,USA,27.28453,-80.21991,0.72,,low_relevance,CSV2GEO,United States,street
f56e221673168799,"Santa Rosa Beach, Walton County",Florida,USA,30.37427,-86.23696,1.0,2.342,validated,CSV2GEO,United States,city
4c50a105f1484f0c,"Santa Rosa Island, Escambia County",Florida,USA,30.36063,-86.98965,1.0,0.737,validated,CSV2GEO,United States,poi
76d44c1cb9436257,Santa Rosa Sound Escambia County,Florida,USA,30.32688,-87.17652,0.98,,country_mismatch,CSV2GEO,United States,poi
cfef023dfd179b13,Sarasota Bay,Florida,USA,27.33889,-82.53887,0.83,1.738,validated,CSV2GEO,United States,city
2dab97a2bff90986,"Sarasota, Sarasota County",Florida,USA,27.33889,-82.53887,1.0,1.738,validated,CSV2GEO,United States,city
a8e91185b8d7e39d,"Sea Spray, Palm Beach",Florida,USA,26.70778,-80.03815,0.99,0.372,validated,CSV2GEO,United States,street
c3211bae31b2a3c7,"Seaport, Brevard County",Florida,USA,28.40079,-80.60018,0.99,0.598,validated,CSV2GEO,United States,street
bbab24681a5958e9,Sebastian Inlet,Florida,USA,35.1997,-94.27398,0.43,,low_relevance,CSV2GEO,United States,region
cf73e56259ca3f1d,"Sebastian Inlet, Indian River County",Florida,USA,27.81717,-80.47402,0.87,1.463,validated,CSV2GEO,United States,city
5e5ba059eab5b47e,"Sebastian Inlet, Indian River or Brevard County",Florida,USA,27.83412,-80.48771,0.72,,low_relevance,CSV2GEO,United States,street
e146726e1dcefe64,"Sebastian, Indian River County",Florida,USA,27.81717,-80.47402,1.0,1.463,validated,CSV2GEO,United States,city
5ee8f3d3e8b17d2a,"Seminole Avenue, Ormond Beach",Florida,USA,29.28489,-81.03984,1.0,0.714,validated,CSV2GEO,United States,street
e946ed1fc9453591,"Shark Shallows, Ponce Inlet",Florida,USA,29.12154,-80.95209,0.57,,low_relevance,CSV2GEO,United States,city
4224883994de6948,"Shepard Park, Cocoa Beach",Florida,USA,28.35798,-80.60452,1.0,0.996,validated,CSV2GEO,United States,poi
a58b585a109c2aff,"Siesta Key, Sarasota County",Florida,USA,27.26723,-82.55098,0.8,0.433,validated,CSV2GEO,United States,city
3d2f41a72d72db79,"Singer Island, Palm Beach County",Florida,USA,26.64754,-80.46544,0.65,,low_relevance,CSV2GEO,United States,region
489ad82399b0acbe,"Snapper Point Jetty, Miami",Florida,USA,25.67784,-80.28086,0.66,,low_relevance,CSV2GEO,United States,city
f302fc88e89a85eb,"Snipes Point, Monroe County",Florida,USA,25.03166,-81.38302,0.63,,low_relevance,CSV2GEO,United States,region
019d0c47023af5db,"South Beach Park, Indian River County",Florida,USA,27.63378,-80.35194,1.0,0.664,validated,CSV2GEO,United States,poi
7c7d5772506277c6,"South Beach, Fort Pierce",Florida,USA,27.45537,-80.28823,1.0,1.252,validated,CSV2GEO,United States,city
c0fbcabef4b9839f,"South Beach, Miami-Dade County",Florida,USA,25.77985,-80.13075,0.69,,low_relevance,CSV2GEO,United States,city
497b75e470bbb914,"South Beach, Sebastian",Florida,USA,27.81717,-80.47402,0.62,,low_relevance,CSV2GEO,United States,city
47caa822ec84ebbc,"South Jacksonville Beach, Duval County",Florida,USA,30.28899,-81.39186,0.88,,country_mismatch,CSV2GEO,United States,city
f2c0db3602ad86de,"South Miami Beach, Dade County",Florida,USA,25.79339,-80.13493,0.53,,low_relevance,CSV2GEO,United States,city
28d0842b27b43335,"South of Cocoa Beach, Brevard County",Florida,USA,28.31818,-80.61006,0.81,0.84,validated,CSV2GEO,United States,city
38cd7e48133f5897,"South of Neptune Beach, Duval County",Florida,USA,30.31365,-81.3982,0.95,0.271,validated,CSV2GEO,United States,street
0ef82906c4629c19,"South side of Ponce de Leon Inlet, Volusia County",Florida,USA,29.07924,-80.92764,0.85,0.905,validated,CSV2GEO,United States,poi
de79748046b95345,"Spanish House Beach, Brevard County",Florida,USA,27.87623,-80.45606,0.84,0.051,validated,CSV2GEO,United States,poi
2052b7c285052359,"Spanish River Park Beach, Palm Beach County",Florida,USA,26.38417,-80.06892,0.88,,country_mismatch,CSV2GEO,United States,poi
ded7f52a76a9ab1e,"Spessard Holland Park, Melbourne Beach",Florida,USA,28.05026,-80.54995,0.89,0.199,validated,CSV2GEO,United States,poi
6e791742164eec06,St Augustine Beach. St. Johns County,Florida,USA,29.85535,-81.28008,1.0,1.24,validated,CSV2GEO,United States,city
263a58db17ec40ac,"St Augustine, St. Johns County",Florida,USA,29.89216,-81.31411,1.0,1.971,validated,CSV2GEO,United States,city
9da3bb8a35fb8243,St Lucie County,Florida,USA,27.37738,-80.47196,1.0,17.366,validated,CSV2GEO,United States,region
6aaab313569181c4,"St. Andrews State Park, Bay County",Florida,USA,30.13157,-85.73592,0.98,,country_mismatch,CSV2GEO,United States,poi
72ddd7a090596e9a,St. Augustine,Florida,USA,29.89216,-81.31411,1.0,1.971,validated,CSV2GEO,United States,city
80217e8900d77518,"St. Augustine Beach, St. John\'s County",Florida,USA,29.85535,-81.28008,1.0,1.24,validated,CSV2GEO,United States,city
da9bb550d9d781c2,"St. Augustine Beach, St. Johns County",Florida,USA,29.85535,-81.28008,1.0,1.24,validated,CSV2GEO,United States,city
3dca786963f8277f,"St. Augustine, St Johns County",Florida,USA,29.89216,-81.31411,1.0,1.971,validated,CSV2GEO,United States,city
604c63e98a10008d,"St. Augustine, St. Johns County",Florida,USA,29.89216,-81.31411,1.0,1.971,validated,CSV2GEO,United States,city
aa76ede858afe0e1,"St. George Island (near Apachicola), Franklin County",Florida,USA,29.74919,-85.02854,0.5,,low_relevance,CSV2GEO,United States,city
3e59d04026252c0f,"St. Petersburg Beach, Pinellas County",Florida,USA,27.82878,-82.83106,0.99,1.002,validated,CSV2GEO,United States,street
8451c56347e2aac6,"St. Petersburg, Pinellas County",Florida,USA,27.77119,-82.63876,1.0,1.574,validated,CSV2GEO,United States,city
0b1a75792a1a9825,"St. Petersburg, Pinnellas County",Florida,USA,27.77119,-82.63876,0.97,1.574,validated,CSV2GEO,United States,city
ccaa230e705ee261,"Stuart Park Beach, Martin County",Florida,USA,27.20033,-80.25581,0.74,,low_relevance,CSV2GEO,United States,city
d49cf70d1ceebdaf,"Stuart Rocks, Martin County",Florida,USA,27.20033,-80.25581,0.83,,country_mismatch,CSV2GEO,United States,city
92e3e1c20d886142,"Stuart, Martin County",Florida,USA,27.20033,-80.25581,1.0,,country_mismatch,CSV2GEO,United States,city
b6d1e8e6a7ff2919,"Sunglow Pier, Daytona Beach Shores",Florida,USA,29.1468,-80.96667,1.0,0.615,validated,CSV2GEO,United States,poi
037eb9af6e4899ab,"Table Beach, Brevard County",Florida,USA,28.29348,-80.73236,0.67,,low_relevance,CSV2GEO,United States,region
ffdb3d0b0d038627,"Tampa Bay, Hillsborough County",Florida,USA,27.94653,-82.45927,0.91,1.92,validated,CSV2GEO,United States,city
5f4faa2ee7a396bd,"Tampa Bay, Manatee County",Florida,USA,27.63193,-82.5584,0.99,,country_mismatch,CSV2GEO,United States,street
66cee73522d6a453,"Taverniier, Monroe County",Florida,USA,25.01128,-80.51534,0.97,,country_mismatch,CSV2GEO,United States,city
2f287a9f1b41a790,"Ten Thousand Islands National Wildlife Refuge, Collier County",Florida,USA,26.18715,-81.34949,1.0,34.599,too_far_inland,CSV2GEO,United States,poi
2a84e51760dbb28f,"The Rocks, Hutchinson Island",Florida,USA,27.55632,-80.32346,0.69,,low_relevance,CSV2GEO,United States,street
77837b9a5be55442,"Treasure Shores Beach, Indian River County",Florida,USA,27.8019,-80.4179,0.99,,country_mismatch,CSV2GEO,United States,poi
95712745f2b65e7a,"Two miles off Key Colony Beach, Monroe County",Florida,USA,24.72116,-81.01803,0.75,,country_mismatch,CSV2GEO,United States,city
1cc32786ea26ce54,"Vaca Cut Channel & bridge under Marathon, Monroe County",Florida,USA,24.75227,-80.96434,0.6,,low_relevance,CSV2GEO,United States,poi
8e62ce4f4ced927a,"Vero Beach, St. Lucie County",Florida,USA,27.37738,-80.47196,0.69,,low_relevance,CSV2GEO,United States,region
350a7abfee7dd486,"Walden Rocks, St. Lucie County",Florida,USA,27.44815,-80.4081,0.81,8.535,validated,CSV2GEO,United States,poi
ba2d97f8bb8b81e1,"Walton Rocks, St Lucie County",Florida,USA,27.44815,-80.4081,0.81,8.535,validated,CSV2GEO,United States,poi
4d043ec6dae439bc,"West Palm Beach, Palm Beach County",Florida,USA,26.7144,-80.05329,1.0,1.855,validated,CSV2GEO,United States,city
723a2723f60702ac,"Wiggins Pass, Collier County",Florida,USA,26.28644,-81.83036,1.0,,country_mismatch,CSV2GEO,United States,poi
41e3d33a074ec939,"Wilbur-by-the-Sea, Volusia County",Florida,USA,29.13224,-80.95827,1.0,0.645,validated,CSV2GEO,United States,city
7ed9df4c31419c65,"Windsor Beach, Indian River County",Florida,USA,27.67425,-80.3942,0.87,0.815,validated,CSV2GEO,United States,street
3e5e72d9bb3bf429,"Winterhaven Park, Ponce Inlet",Florida,USA,29.10511,-80.94116,1.0,0.574,validated,CSV2GEO,United States,poi
e7990d5f1ddbafb2,"World Typhoon Lagoon, Disney Water Park",Florida,USA,28.59454,-81.35069,0.37,,low_relevance,CSV2GEO,United States,city
51d69d1312fa82f4,"[redacted address]. Marks, Wakulla County",Florida,USA,30.16672,-84.39941,0.5,,low_relevance,CSV2GEO,United States,region
0a73d2b1dde3dfc7,"a pier at the end of Caxambas Drive, Marco Island",Florida,USA,25.91516,-81.69595,0.8,,country_mismatch,CSV2GEO,United States,street
ac7774b2bd86f278,200 miles east of Savannah,Georgia,USA,33.53438,-84.98695,0.66,,low_relevance,CSV2GEO,United States,street-interpolated
d153bb25e763806c,"Back River, Savannah Beach",Georgia,USA,31.92328,-81.06978,0.83,2.349,validated,CSV2GEO,United States,street
b0259bdbf744cd75,"North picnic area, Jekyll Island",Georgia,USA,31.01835,-81.426,0.8,,country_mismatch,CSV2GEO,United States,poi
efc420d539c4952b,"Savannah Beach, Savannah",Georgia,USA,32.08541,-81.12054,0.82,18.732,validated,CSV2GEO,United States,city
14210ded27f70c75,"St. Simon Island, Glynn County",Georgia,USA,31.16078,-81.38693,0.99,1.743,validated,CSV2GEO,United States,street
5b9a5f0c42c819d8,"St. Simons Island or Jeykll Island, Glynn County",Georgia,USA,31.14672,-81.3861,0.83,0.448,validated,CSV2GEO,United States,street
0a07d17897791e3a,"Thunderbolt, Chatham County",Georgia,USA,32.03081,-81.05074,1.0,12.136,validated,CSV2GEO,United States,city
bd854ed65543c0a3,Gun Beach,Guam,USA,36.93051,-76.02861,0.71,,low_relevance,CSV2GEO,United States,street
a3a7bae3d00b5b50,"1 mile off Mala Wharf, Lahaina",Hawaii,USA,20.88291,-156.68605,0.73,,low_relevance,CSV2GEO,United States,poi
eab6b6b5a572d935,2 miles off Keahole Airport,Hawaii,USA,19.73296,-156.03274,0.69,,low_relevance,CSV2GEO,United States,street
4ecd54e43224cc61,50 miles NE of Honolulu,Hawaii,USA,21.29731,-157.83855,0.78,1.723,validated,CSV2GEO,United States,poi
caddb70d74f745b9,"90 miles east of Hilo, Hawai\'i",Hawaii,USA,19.71924,-155.08185,0.55,,low_relevance,CSV2GEO,United States,city
539511cd07652371,"Airplane Beach, Lahina",Hawaii,USA,20.882371,-156.68162,1.0,0.304,validated,CSV2GEO,United States,
2d70eefd44addb26,"Ala Moana Beach Park, Oah\'u",Hawaii,USA,21.29132,-157.84908,0.67,,low_relevance,CSV2GEO,United States,street
61b66235d36e7eb8,Alenuihaha Channel,Hawaii,USA,20.512447,-155.911684,1.0,,country_mismatch,CSV2GEO,United States,
ec0637041dae0409,"Anahola, Kaua\'i",Hawaii,USA,22.14545,-159.31534,1.0,1.571,validated,CSV2GEO,United States,city
4ed47f970f877c43,"Anini Beach, Kaua\'i",Hawaii,USA,22.22295,-159.46849,1.0,0.591,validated,CSV2GEO,United States,poi
b58c286db07346bd,"Awili, South Kona",Hawaii,USA,19.64014,-155.99657,0.65,,low_relevance,CSV2GEO,United States,city
a3f094496463faf6,"Barbers Point, O\'ahu",Hawaii,USA,21.32057,-158.0686,0.82,2.375,validated,CSV2GEO,United States,city
ce81d6409ca8f20b,"Between Ala Moana Channel & Kewalo Basin, O\'ahu",Hawaii,USA,21.29189,-157.85811,0.58,,low_relevance,CSV2GEO,United States,poi
b67a40db2a80d2bb,Between Magic Sands Beach and Kahaluu Beach on the Kona coast,Hawaii,USA,19.579266,-155.966671,1.0,0.468,validated,CSV2GEO,United States,
aa54570d29e11323,"Between Makena & Molokini, Maui",Hawaii,USA,20.63332,-156.44663,0.77,0.208,validated,CSV2GEO,United States,poi
6e151291887c4183,"Big Island off Kona Village Resort, North Kona",Hawaii,USA,19.832227,-155.985349,1.0,,country_mismatch,CSV2GEO,United States,
0f96e8768b3fe073,"Brenecke Beach, Po\'ipu",Hawaii,USA,27.28453,-80.22577,0.56,,low_relevance,CSV2GEO,United States,street
1f8011b471f89a26,"Brennecke Beach, Po\'ipu",Hawaii,USA,21.87385,-159.45348,0.93,,country_mismatch,CSV2GEO,United States,poi
d5f2cc127b9f610f,"Cannons, at Ha\'ena on the north shore of Kaua\'i Island",Hawaii,USA,22.222958,-159.557597,1.0,0.822,validated,CSV2GEO,United States,
91af7307e11513f4,"Charlie Young Beach, Kihei",Hawaii,USA,20.72497,-156.44928,1.0,0.107,validated,CSV2GEO,United States,poi
e3a48439218bbd6d,"Chun\'s Reef, Laniakea",Hawaii,USA,19.64014,-155.99657,0.61,,low_relevance,CSV2GEO,United States,city
8fe3e1633a08b6c8,"Cove Beach, Kalama Beach",Hawaii,USA,21.62854,-158.07316,0.56,,low_relevance,CSV2GEO,United States,city
8b12b224e1e2c304,"Davidson\'s Surf Break, Kekaha",Hawaii,USA,21.96605,-159.71288,0.4,,low_relevance,CSV2GEO,United States,city
fab0c7a7271a1124,"Davidsons Beach, Kekaha",Hawaii,USA,21.96605,-159.71288,0.46,,low_relevance,CSV2GEO,United States,city
584c66404ae1058f,East Moloka\'i,Hawaii,USA,19.59852,-155.51855,0.35,,low_relevance,CSV2GEO,United States,region
e034e64160e82671,"Ewa Beach, O\'ahu",Hawaii,USA,21.31431,-158.00833,0.78,0.491,validated,CSV2GEO,United States,city
c9d5ae0d5c3d66f2,"Ewa, O\'ahu",Hawaii,USA,21.31431,-158.00833,0.69,,low_relevance,CSV2GEO,United States,city
78a6d482e30e5faf,French Frigate Shoals,Hawaii,USA,30.59672,-98.38157,0.38,,low_relevance,CSV2GEO,United States,city
a4ee5f4ff465b9bb,"Ha\'ena Beach Park, Kaua\'i",Hawaii,USA,22.22033,-159.56642,1.0,0.588,validated,CSV2GEO,United States,poi
2e46384771e9c9f3,"Hale\'iwa, O\'ahu",Hawaii,USA,21.58997,-158.10285,0.76,1.708,validated,CSV2GEO,United States,city
db5723231a25d940,"Halewia, Oahu",Hawaii,USA,19.59852,-155.51855,0.56,,low_relevance,CSV2GEO,United States,region
fe673f0467e13ddf,"Hanalei Point, Kaua\'i",Hawaii,USA,22.20309,-159.49575,0.78,0.74,validated,CSV2GEO,United States,city
b3c7d61798cb0220,Hapuna Beach,Hawaii,USA,19.99215,-155.81947,0.99,1.251,validated,CSV2GEO,United States,street
76b247857e571c4a,Hawaii,Hawaii,USA,21.30493,-157.85788,1.0,1.708,validated,CSV2GEO,United States,region
34641ab6c249d72a,"Hideaways Beach, Princeville",Hawaii,USA,22.22163,-159.48231,0.97,0.847,validated,CSV2GEO,United States,poi
f44f1064c21d948a,"Hilo Bay Yacht Club, Hilo",Hawaii,USA,19.73663,-155.03652,0.85,0.122,validated,CSV2GEO,United States,poi
d293d0e8beec0db4,"Hilo, Hawai\'i",Hawaii,USA,19.71924,-155.08185,1.0,0.918,validated,CSV2GEO,United States,city
9814f6c000fb442e,"Hilo, off Kaua\'i",Hawaii,USA,19.58032,-155.1272,0.83,16.845,validated,CSV2GEO,United States,street
c39aa2980415eeb2,"Honokohau, Maui",Hawaii,USA,21.00105,-156.63321,0.99,1.853,validated,CSV2GEO,United States,street
1fa532655147e53a,Honoli\'i in Hilo (west side of Big Island),Hawaii,USA,19.71973,-155.08585,0.59,,low_relevance,CSV2GEO,United States,poi
9874b3a5ff426bd1,"Honomu, Hawai\'i",Hawaii,USA,19.86864,-155.11331,1.0,1.647,validated,CSV2GEO,United States,city
25d95ac1fd086c6a,"Honomuni, Moloka\'i",Hawaii,USA,21.26325,-157.70968,0.67,,low_relevance,CSV2GEO,United States,street
c8e44aacfd802129,"Hooipa Beach Park, Maui",Hawaii,USA,20.91745,-156.38003,0.99,0.667,validated,CSV2GEO,United States,poi
9954522516a1eb95,"Horners, Wailua",Hawaii,USA,22.05589,-159.37108,0.63,,low_relevance,CSV2GEO,United States,city
9760bc18c29bb67f,"Hultin\'s Beach, Oahu",Hawaii,USA,21.31431,-158.00833,0.45,,low_relevance,CSV2GEO,United States,city
eb608b27b1b0df59,"Inter-Island Dry Dock at Kakaako Street, Honolulu",Hawaii,USA,21.29302,-157.83978,0.61,,low_relevance,CSV2GEO,United States,poi
3f3d4892f97ed7ee,"Iroquiois Point, Oahu",Hawaii,USA,21.32169,-157.98023,0.79,0.067,validated,CSV2GEO,United States,city
e5a2e11834089357,"Ka\'a Point, Maui",Hawaii,USA,20.8969,-156.44789,1.0,1.906,validated,CSV2GEO,United States,poi
d3f3e8d7332dc516,Ka\'anapali,Hawaii,USA,20.92677,-156.69321,1.0,0.079,validated,CSV2GEO,United States,city
ec6dae45b9ca8052,"Ka\'anapali, Honokowai",Hawaii,USA,20.9693,-156.6778,0.83,0.602,validated,CSV2GEO,United States,city
f2306eda58fca2ef,"Ka\'anapali, Maui",Hawaii,USA,20.92677,-156.69321,1.0,0.079,validated,CSV2GEO,United States,city
44f2e0157ba0c14a,"Kahala, O\'ahu",Hawaii,USA,21.26481,-157.78312,0.75,0.101,validated,CSV2GEO,United States,city
c478b905ebbe870f,Kailua Bay,Hawaii,USA,21.39688,-157.73946,0.8,0.847,validated,CSV2GEO,United States,city
3e1ce1075d3e024c,"Kailua-Kona, Hawai\'i",Hawaii,USA,19.64014,-155.99657,1.0,0.886,validated,CSV2GEO,United States,city
d0293b5a529fc8fe,"Kalama Beach, Kihei",Hawaii,USA,20.73144,-156.45293,0.98,,country_mismatch,CSV2GEO,United States,poi
294fe714797be41c,"Kalama Park, Maui",Hawaii,USA,20.73144,-156.45293,1.0,,country_mismatch,CSV2GEO,United States,poi
09d6a62711b8b0b9,"Kalapaki Beach, Kauai",Hawaii,USA,21.96062,-159.35189,1.0,0.432,validated,CSV2GEO,United States,poi
9b5c3805cd5b50c8,"Kalepolepo, Kihei",Hawaii,USA,20.76425,-156.45888,0.98,,country_mismatch,CSV2GEO,United States,poi
2356a2806d4d185f,"Kalihi, O\'ahu",Hawaii,USA,21.33668,-157.87022,0.75,2.616,validated,CSV2GEO,United States,city
da95b3b2be6759e7,"Kalihiwai Beach, Kauai",Hawaii,USA,22.21515,-159.43224,0.8,0.726,validated,CSV2GEO,United States,city
0e3dd1e6403e37fb,"Kaliiwi, Kauai",Hawaii,USA,21.97882,-159.36889,0.83,3.015,validated,CSV2GEO,United States,street
ea640cf2c1a5a8da,"Kama\'ole Beach Park I, Kihei",Hawaii,USA,20.7202,-156.44712,1.0,0.273,validated,CSV2GEO,United States,poi
a6daa3372e4c9e06,"Kama\'ole Beach, Park No. 1",Hawaii,USA,42.42928,-87.85011,0.36,,low_relevance,CSV2GEO,United States,city
cba72a841fd53849,"Kamaole Beach Park I, Maui",Hawaii,USA,20.7202,-156.44712,1.0,0.273,validated,CSV2GEO,United States,poi
201593698869e988,Kanahena Cove,Hawaii,USA,20.62438,-156.44057,0.78,0.009,validated,CSV2GEO,United States,city
ed5b637445b9b017,"Kane\'ohe Bay, Mokapu",Hawaii,USA,21.44449,-157.7524,0.99,1.429,validated,CSV2GEO,United States,city
aad38e2478a43068,"Kane\'ohe Bay, O\'ahu",Hawaii,USA,21.42191,-157.80415,0.65,,low_relevance,CSV2GEO,United States,city
cbe59c5b864b64b9,"Kapalua, Maui",Hawaii,USA,21.00065,-156.66341,1.0,0.341,validated,CSV2GEO,United States,city
ed45524c57445dc2,"Kapehu Beach, Laupahoehoe",Hawaii,USA,19.98233,-155.22925,0.61,,low_relevance,CSV2GEO,United States,city
336300fcf4b85784,Kaula Rock near Niihau,Hawaii,USA,20.74291,-156.32531,0.4,,low_relevance,CSV2GEO,United States,city
f04359b2ff1eec4e,Kawa\'a,Hawaii,USA,21.41862,-157.80349,0.91,1.092,validated,CSV2GEO,United States,street
8ac17881bb5a3928,"Kea\'au Beach Park, O\'ahu",Hawaii,USA,19.59636,-154.93834,0.8,0.394,validated,CSV2GEO,United States,street
a452acc03b499c31,"Keawanui, Kamalo",Hawaii,USA,21.32945,-158.06161,0.95,3.244,validated,CSV2GEO,United States,street
f26e16b4c679de8d,"Keawekapu Beach, Kihei",Hawaii,USA,20.7049,-156.44639,0.96,0.162,validated,CSV2GEO,United States,poi
a1fd8e81fc833526,"Kehena Beach, Hawaii",Hawaii,USA,19.39468,-154.92908,1.0,0.53,validated,CSV2GEO,United States,poi
423de68602cc8064,"Kekaha Beach, Kaua\'i",Hawaii,USA,21.96605,-159.71288,0.77,0.15,validated,CSV2GEO,United States,city
9f70857e1b0f3266,"Kekaha Beach, Kauai",Hawaii,USA,21.96605,-159.71288,0.77,0.15,validated,CSV2GEO,United States,city
3ebb5397f969db6f,"Kewalo Basin Channel, O\'ahu",Hawaii,USA,21.30578,-157.83775,0.64,,low_relevance,CSV2GEO,United States,poi
3ff363ef2b3bcf63,Kiholo Bay,Hawaii,USA,19.85631,-155.91104,0.8,2.089,validated,CSV2GEO,United States,city
6651d996d83b855e,"Kinikini, Mana",Hawaii,USA,22.03951,-159.7606,0.56,,low_relevance,CSV2GEO,United States,city
fe2d55fc9635348a,"Koko Head, south side of O\'ahu Island",Hawaii,USA,21.277578,-157.696001,1.0,1.152,validated,CSV2GEO,United States,
79f6099d8831d57d,Kona Coast State Park,Hawaii,USA,19.64014,-155.99657,0.42,,low_relevance,CSV2GEO,United States,city
79a28c208e823e76,Kukio Beach,Hawaii,USA,19.8171,-155.9986,0.69,,low_relevance,CSV2GEO,United States,city
c20f2e2a218f987d,La\'aloa Beach Park,Hawaii,USA,19.59636,-154.93834,0.68,,low_relevance,CSV2GEO,United States,street
142b42822d35cff0,"La\'au Point, Moloka\'i",Hawaii,USA,21.11075,-157.30289,0.68,,low_relevance,CSV2GEO,United States,street
c5c1a15e29c15258,"La\'ie Point, O\'ahu",Hawaii,USA,21.64821,-157.9229,0.53,,low_relevance,CSV2GEO,United States,city
c076b2dc6a67c015,Lahaina,Hawaii,USA,20.8787,-156.6782,1.0,0.34,validated,CSV2GEO,United States,city
4f209347456a4804,"Lahilahi Point, Oahu",Hawaii,USA,21.46175,-158.21131,0.8,,country_mismatch,CSV2GEO,United States,street
832a965eb34aa83c,"Lanaikea, O\'ahu",Hawaii,USA,19.64014,-155.99657,0.72,,low_relevance,CSV2GEO,United States,city
42a87017de8a66ad,"Lanikai Beach, Kailua",Hawaii,USA,21.39637,-157.72611,1.0,0.165,validated,CSV2GEO,United States,poi
7b179de6da018802,"Leftovers near Chun\'s Reef, Oahu",Hawaii,USA,21.626944,-158.083889,1.0,,country_mismatch,CSV2GEO,United States,
5a56ca3fb4288f9d,"Leftovers, Oahu",Hawaii,USA,19.59852,-155.51855,0.32,,low_relevance,CSV2GEO,United States,region
cd0aa0267024844c,"Little Glass Shacks, Princeville",Hawaii,USA,22.21308,-159.47373,0.5,,low_relevance,CSV2GEO,United States,city
ebc72efb8f38d9c8,"Ma\'ili Beach, O\'ahu",Hawaii,USA,21.41988,-158.17756,0.55,,low_relevance,CSV2GEO,United States,city
22258870a599f754,"Maha\'ulepu, Koloa",Hawaii,USA,21.89994,-159.452,0.99,2.741,validated,CSV2GEO,United States,street
2369a2560faa651a,"Maile Point, O\'ahu",Hawaii,USA,19.43806,-155.24201,0.77,19.077,validated,CSV2GEO,United States,street
bfbc43146c6371b0,"Majors Bay, Kaua\'i",Hawaii,USA,22.00966,-159.77698,0.99,0.178,validated,CSV2GEO,United States,street
cac1cfbcde70ce05,Makaha Surf Beach,Hawaii,USA,21.46118,-158.20555,0.57,,low_relevance,CSV2GEO,United States,city
0371c8af2e931b44,"Makaha, O\'ahu",Hawaii,USA,21.46118,-158.20555,0.75,0.19,validated,CSV2GEO,United States,city
6d07f86c7d29cea8,"Makaha, Oahu",Hawaii,USA,21.46118,-158.20555,0.75,0.19,validated,CSV2GEO,United States,city
aa41ba5211947bfa,"Makahuena Point, Kauai",Hawaii,USA,21.86947,-159.44533,1.0,,country_mismatch,CSV2GEO,United States,poi
08b9a67c4a56ca3f,"Makenat, Maui",Hawaii,USA,20.64483,-156.43913,0.94,0.413,validated,CSV2GEO,United States,city
9b2150c19a96baaa,"Makua Beach, Oahu",Hawaii,USA,19.59852,-155.51855,0.3,,low_relevance,CSV2GEO,United States,region
4dbd2855bf89f9a7,"Malaka, Oahu",Hawaii,USA,21.341,-158.04376,0.75,4.089,validated,CSV2GEO,United States,street
ce8aea67b7098fa6,"Maliko Point, Maui",Hawaii,USA,21.34551,-158.02877,0.78,2.818,validated,CSV2GEO,United States,street
5390c76977bc9ffd,"Mana, Kaua\'i",Hawaii,USA,22.03951,-159.7606,1.0,2.647,validated,CSV2GEO,United States,city
0762e7b7d9d67c66,"Midway, Northwestern Hawaiian Islands",Hawaii,USA,19.59852,-155.51855,0.31,,low_relevance,CSV2GEO,United States,region
1e9209cae8688e72,"Mokapu, Kane\'ohe Marine Air Corps Station",Hawaii,USA,21.44475,-157.76956,0.8,0.501,validated,CSV2GEO,United States,poi
01449ee991ba35e8,"Mouth of Wallua River, Kaua\'i",Hawaii,USA,21.97593,-159.36686,0.67,,low_relevance,CSV2GEO,United States,poi
02c6811ae879fa7f,"Nakalele Point, Maui",Hawaii,USA,21.30416,-157.67337,0.8,1.781,validated,CSV2GEO,United States,street
c8a842c5d91eed22,"Nankuli, O\'ahu",Hawaii,USA,21.38753,-158.15199,0.76,0.051,validated,CSV2GEO,United States,city
02bc4b7b39ade07d,"Near Twin Islands off Lanikai, O\'ahu (east coast)",Hawaii,USA,21.392252,-157.742695,1.0,1.458,validated,CSV2GEO,United States,
0c6ebc4b7d291a8d,"Nimitz Beach, Barbers Point",Hawaii,USA,21.32057,-158.0686,0.62,,low_relevance,CSV2GEO,United States,city
99d5b7e2c376fc85,"Nimitz State Beach, Oahu",Hawaii,USA,21.31476,-157.86914,0.63,,low_relevance,CSV2GEO,United States,poi
90a7e7dab1828e9b,"Ninole Bay, Hawaii County",Hawaii,USA,19.93488,-155.16437,0.89,0.654,validated,CSV2GEO,United States,city
2b0fa3f929f8c335,"Noreiga\'s, Maui",Hawaii,USA,20.85884,-156.56412,0.56,,low_relevance,CSV2GEO,United States,region
5159275c4dc1f180,"North Kihei, Maui",Hawaii,USA,20.798,-156.48931,0.99,0.16,validated,CSV2GEO,United States,street
39d3585e4ed4b307,"North Kohala, Hawaii County",Hawaii,USA,19.59852,-155.51855,0.62,,low_relevance,CSV2GEO,United States,region
07db7f23614d7c44,"North Shore, O\'ahu",Hawaii,USA,21.57039,-158.09174,0.8,3.487,validated,CSV2GEO,United States,city
773214cdc6d19994,"Off Diamond Head, Honolulu",Hawaii,USA,21.2686,-157.80133,0.89,1.561,validated,CSV2GEO,United States,street
31c52bbea06f4ade,"Off Lahaina, Maui",Hawaii,USA,20.8787,-156.6782,0.85,0.34,validated,CSV2GEO,United States,city
63d048590ea4a122,"Off Pu\'u Ola\'l, Makena",Hawaii,USA,20.64483,-156.43913,0.55,,low_relevance,CSV2GEO,United States,city
bc05d2426e4d4366,"Off Waianae, O\'ahu",Hawaii,USA,21.44991,-158.19113,0.65,,low_relevance,CSV2GEO,United States,city
cc8a821c88f40898,"Off the Hanalei River, Kaua\'i",Hawaii,USA,22.20309,-159.49575,0.62,,low_relevance,CSV2GEO,United States,city
a844fb644e49e91e,Old Kona Airport State Park,Hawaii,USA,20.83235,-156.46579,0.4,,low_relevance,CSV2GEO,United States,city
c59754cd75be0ab5,Olowalu,Hawaii,USA,20.81398,-156.62524,1.0,0.032,validated,CSV2GEO,United States,city
8e2660982da633a0,"Olowalu side of Lahina, Maui",Hawaii,USA,20.81398,-156.62524,0.93,0.032,validated,CSV2GEO,United States,city
021c5707984fc728,"One\'ula Beach Park, \'Ewa Beach",Hawaii,USA,21.30557,-158.03024,1.0,,country_mismatch,CSV2GEO,United States,poi
b43299ee640e766f,"Opposite Grand Wailea Resort, Wailea",Hawaii,USA,20.68444,-156.44054,0.78,0.519,validated,CSV2GEO,United States,poi
6fd8373dc1cd7a27,Papaikou plantation,Hawaii,USA,19.78591,-155.09359,0.99,0.636,validated,CSV2GEO,United States,street
3d2ac609c8cf8dc9,"Paradise Bay (next to Wailua Bay), Maui",Hawaii,USA,20.84788,-156.13545,0.44,,low_relevance,CSV2GEO,United States,city
71670baa93f928b9,"Pearl Harbor Channel, O\'ahu",Hawaii,USA,21.35046,-157.9451,0.61,,low_relevance,CSV2GEO,United States,city
9933596c2e1fb59c,"Pepe\'ekeo, Honomu",Hawaii,USA,19.8617,-155.11107,1.0,1.919,validated,CSV2GEO,United States,city
4a0c3549e6579a87,"Pila\'a Beach, Kaua\'i",Hawaii,USA,22.21312,-159.36927,1.0,1.011,validated,CSV2GEO,United States,poi
2db52236a9888d10,Pohoiki,Hawaii,USA,19.46225,-154.8467,1.0,1.228,validated,CSV2GEO,United States,city
e0d851221b06a696,"Puamana, Lahaina",Hawaii,USA,20.98039,-156.67375,0.99,0.585,validated,CSV2GEO,United States,street
a2721f606dde28d9,Punaluu,Hawaii,USA,21.57545,-157.87944,1.0,0.13,validated,CSV2GEO,United States,city
08cf06d43f976aa9,"Quarter mile offshore in Kaanapali, West Maui",Hawaii,USA,20.92677,-156.69321,0.43,,low_relevance,CSV2GEO,United States,city
81100168a8494b63,"Rocky Point, north shore of O\'ahu",Hawaii,USA,21.67093,-158.0444,0.81,0.446,validated,CSV2GEO,United States,poi
7b3e342815b0070d,"Running Waters Beach, Ninini Point",Hawaii,USA,21.958798,-159.341689,1.0,0.079,validated,CSV2GEO,United States,
8cefc3e2bf17c4bb,"Sandy Beach, Oahu",Hawaii,USA,19.93543,-155.87159,0.75,1.026,validated,CSV2GEO,United States,street
74bdcd8d1b27eb18,"Silva\'s Channel, Mokuleia",Hawaii,USA,21.5812,-158.1464,0.52,,low_relevance,CSV2GEO,United States,city
ad75cef440855f2c,"Silver (Silva) Channels, Waialua",Hawaii,USA,21.574,-158.12304,0.41,,low_relevance,CSV2GEO,United States,city
2efeaea82c56a4f1,"South Kohala, Hawai\'i",Hawaii,USA,19.94117,-155.86057,0.98,1.72,validated,CSV2GEO,United States,poi
b620532eb34ddbc2,Southwest of O\'ahu,Hawaii,USA,21.438912,-158.000057,1.0,5.366,validated,CSV2GEO,United States,
ed332c3f7ce6fee1,"Spreckelsville, Maui",Hawaii,USA,20.90523,-156.41154,1.0,1.682,validated,CSV2GEO,United States,city
26596ce813f7a64b,"Sunset Beach, O\'ahu",Hawaii,USA,21.67304,-158.04115,0.81,0.486,validated,CSV2GEO,United States,city
6e09754b257e1779,"Sunset Beach, Oahu",Hawaii,USA,21.67304,-158.04115,0.81,0.486,validated,CSV2GEO,United States,city
9ad1290c583a074b,"Tavares Bay, Maui",Hawaii,USA,20.92208,-156.37396,1.0,0.446,validated,CSV2GEO,United States,poi
b01f3cee4e5b3748,"Tunnels surf break off Makua Beach, Kaua\'i",Hawaii,USA,22.22386,-159.56056,0.53,,low_relevance,CSV2GEO,United States,poi
142deab25d38b9dd,"Ulua Beach, Maui",Hawaii,USA,20.69156,-156.4436,1.0,0.289,validated,CSV2GEO,United States,poi
d5dcba4906d4eb22,"Upolu Point, North Kohala",Hawaii,USA,20.268966,-155.854522,1.0,,country_mismatch,CSV2GEO,United States,
c09623980161b729,"Velzyland, north shore of O\'ahu",Hawaii,USA,21.68271,-158.03177,0.79,0.309,validated,CSV2GEO,United States,poi
6bda129d4150f0c4,"Waialua Bay, O\'ahu",Hawaii,USA,21.574,-158.12304,0.65,,low_relevance,CSV2GEO,United States,city
09e10b9c1dd20650,"Waialua Beach, Moloka\'i",Hawaii,USA,21.574,-158.12304,0.52,,low_relevance,CSV2GEO,United States,city
d88e3f23c0b7d0cd,"Waiau, Pearl Harbor",Hawaii,USA,21.39382,-157.96303,0.73,,low_relevance,CSV2GEO,United States,city
f272274d01ad90e3,"Waiehu, Maui",Hawaii,USA,20.91553,-156.49407,1.0,0.457,validated,CSV2GEO,United States,city
24880b6fd7faf968,"Waihe\'e, Wailuku",Hawaii,USA,20.93036,-156.51089,1.0,1.337,validated,CSV2GEO,United States,city
6ce2c707359eddb2,"Waikiki Beach, Oahu",Hawaii,USA,21.27634,-157.82608,0.82,0.342,validated,CSV2GEO,United States,poi
83fcc2239a82b0b9,"Wailea, Maui",Hawaii,USA,20.68667,-156.43925,1.0,0.68,validated,CSV2GEO,United States,city
f70811a546195874,"Wailua, Kaua\'i",Hawaii,USA,22.05589,-159.37108,1.0,3.973,validated,CSV2GEO,United States,city
744534cf05e21c56,"Waimanu, Honoka\'a",Hawaii,USA,21.29658,-157.85168,0.85,1.116,validated,CSV2GEO,United States,street
5e1c922e4422a13b,"Waiokapua Bay, Majors Bay",Hawaii,USA,22.009738,-159.776975,1.0,0.186,validated,CSV2GEO,United States,
f95b817397c631a8,Waipo,Hawaii,USA,21.4111,-157.99885,0.99,2.347,validated,CSV2GEO,United States,city
cf1c63368786041d,"Newport Aquarium, Newport",Kentucky,USA,39.71461,-75.62172,0.73,,low_relevance,CSV2GEO,United States,intersection
9f3be4ea77fa0fcb,40 miles off Cocodrie,Louisiana,USA,30.02974,-90.27754,0.7,,low_relevance,CSV2GEO,United States,street-interpolated
53d2afa712c517f1,"Curlew Island, Breton Sound",Louisiana,USA,30.6768,-91.39142,0.47,,low_relevance,CSV2GEO,United States,city
54d972a9551eeb36,"Lake Ponchartain off Southshore Harbor, New Orleans",Louisiana,USA,30.03349,-90.028,0.66,,low_relevance,CSV2GEO,United States,street
105fa42f2f0974e1,Midnight Lump (38 miles offshore),Louisiana,USA,30.14155,-91.08999,0.39,,low_relevance,CSV2GEO,United States,city
3043cdca6e4b2a42,Scofield - Sandy Point,Louisiana,USA,30.84688,-93.50106,0.86,99.182,too_far_inland,CSV2GEO,United States,street
23c62c27ed77dc08,"Burnt Cove near Eastport, Washington County",Maine,USA,45.00265,-67.62192,0.5,,low_relevance,CSV2GEO,United States,region
9546d8a360c2566b,"100 miles off Ocean City, Maryland",Maryland,USA,38.41273,-75.05893,0.56,,low_relevance,CSV2GEO,United States,street
d52568682ad84df6,Assateague National Seashore,Maryland,USA,38.24946,-75.15624,0.99,0.533,validated,CSV2GEO,United States,poi
0a3be716b8f2c74a,Baltimore Aquarium,Maryland,USA,39.34525,-76.6878,0.99,10.972,validated,CSV2GEO,United States,street
4894a58b42f4ce3a,North Beach,Maryland,USA,38.70544,-76.5331,1.0,0.573,validated,CSV2GEO,United States,city
edda0712b2e37c9a,"Tangier Sound, Somerset County",Maryland,USA,38.0798,-75.85337,0.65,,low_relevance,CSV2GEO,United States,region
ad1f15e0c792c626,40 miles south of Nantucket,Massachusetts,USA,41.27798,-70.10062,0.89,1.397,validated,CSV2GEO,United States,street-interpolated
95968826337ca6be,"Ballston Beach, Truro",Massachusetts,USA,41.99966,-70.02086,1.0,0.424,validated,CSV2GEO,United States,poi
124190b8f6dc4ead,Chatham Island,Massachusetts,USA,41.68227,-70.0146,0.98,0.58,validated,CSV2GEO,United States,street
4a3c6ab088834b35,"Granite Pier, Rockport",Massachusetts,USA,42.66743,-70.6223,0.99,0.163,validated,CSV2GEO,United States,street
9c25c2a417e84ff5,"Hollywood Beach, just above Mattapoisett Harbor",Massachusetts,USA,41.66177,-70.76411,0.69,,low_relevance,CSV2GEO,United States,street
98125bcffcd58654,"Manomet Point, Plymouth",Massachusetts,USA,41.91538,-70.55502,0.85,1.678,validated,CSV2GEO,United States,city
e9276d3d74f47912,"Marconi Beach, Wellfleet",Massachusetts,USA,41.89136,-69.96363,1.0,0.531,validated,CSV2GEO,United States,poi
085c7ddae2ba7508,"Menauhant Beach, Falmouth",Massachusetts,USA,41.55479,-70.551,0.86,,country_mismatch,CSV2GEO,United States,city
9743b1fd53e38485,Nahant,Massachusetts,USA,42.42422,-70.91452,1.0,0.142,validated,CSV2GEO,United States,city
397cb937f936b5f9,"Off Gloucester, Essec County",Massachusetts,USA,42.61435,-70.66811,0.89,0.306,validated,CSV2GEO,United States,city
0f39bc39615ae3f1,"Truro (Cape Cod), Barnstable County",Massachusetts,USA,42.06012,-70.14174,0.99,0.201,validated,CSV2GEO,United States,poi
e20d5697c8bdbe10,"Bay St. Louis, Hancock County",Mississippi,USA,30.31623,-89.3484,1.0,2.147,validated,CSV2GEO,United States,city
62e7eb0685b096fd,"Cat Island, Harrison County",Mississippi,USA,30.41554,-89.02468,0.91,4.138,validated,CSV2GEO,United States,street
e94a3f4b1d5e0f50,Mississippi City,Mississippi,USA,30.38192,-89.04405,1.0,1.012,validated,CSV2GEO,United States,city
96b455b3d0f87be3,St. Louis,Missouri,USA,38.62775,-90.19956,1.0,,too_far_inland,CSV2GEO,United States,city
f05d602d14d711fc,"1 mile ESE of Navesink, Monmouth County",New Jersey,USA,40.44353,-74.11846,0.78,0.138,validated,CSV2GEO,United States,rooftop
c1f3bfc13a7280bd,"10 miles offshore from Sea Isle City, Cape May County",New Jersey,USA,39.19908,-74.84448,0.56,,low_relevance,CSV2GEO,United States,street-interpolated
9332171c1409ab53,20 miles off Seabright,New Jersey,USA,40.3608,-73.97532,0.66,,low_relevance,CSV2GEO,United States,rooftop
0b19d28a715c5149,50 miles offshore,New Jersey,USA,40.47993,-74.26961,0.83,0.144,validated,CSV2GEO,United States,rooftop
2fc25ef177fbebe4,"Adventure Aquarium, Camden",New Jersey,USA,39.94433,-75.13047,1.0,,country_mismatch,CSV2GEO,United States,poi
98185e2b2922c38b,"Bay Head, Ocean County",New Jersey,USA,40.07076,-74.04708,1.0,1.246,validated,CSV2GEO,United States,city
c66ae7df1a20b28c,"Beach Haven, Ocean County",New Jersey,USA,39.56342,-74.24179,1.0,0.358,validated,CSV2GEO,United States,city
5bc864ebadd1e5df,"Brielle, Monmouth County (Offshore)",New Jersey,USA,40.09684,-74.08052,0.92,4.19,validated,CSV2GEO,United States,street
a072d947c02b007e,"Egg Harbor, Atlantic County",New Jersey,USA,39.36226,-74.58112,1.0,3.719,validated,CSV2GEO,United States,city
0cab16ff98cb3d6f,"In Matawan Creek, off NJ Clay Company brickyards at Cliffwood",New Jersey,USA,40.43358,-74.22887,0.47,,low_relevance,CSV2GEO,United States,street
e18f5ef0269124f8,"Long Branch, Monmouth County (offshore)",New Jersey,USA,40.32292,-73.99013,0.93,1.431,validated,CSV2GEO,United States,street
3feedf9425b8ded5,Lower Delaware Bay,New Jersey,USA,39.02568,-74.943,0.99,0.059,validated,CSV2GEO,United States,street
00c6c6bf4cb923fa,"Manasquan, Ocean County",New Jersey,USA,40.11025,-74.10498,0.99,6.518,validated,CSV2GEO,United States,street
7b5ae600a923902e,"Off Ocean City, Cape May County",New Jersey,USA,39.27968,-74.57519,0.91,0.356,validated,CSV2GEO,United States,city
f1a7f3e06019158d,"Offshore, between Mantoloking & Point Pleasant",New Jersey,USA,40.92248,-74.65808,0.46,,low_relevance,CSV2GEO,United States,city
5fe7a9454e6ba9eb,"Reeds Bay, Brigantine",New Jersey,USA,39.38072,-74.40924,0.81,,country_mismatch,CSV2GEO,United States,street
90fb732d2618c654,"Sandy Hook (ocean side), Monmouth County",New Jersey,USA,40.40667,-73.99533,0.99,,country_mismatch,CSV2GEO,United States,street
9aa147249a793f7a,"Seabright, Monmouth County",New Jersey,USA,40.36026,-73.97393,1.0,0.191,validated,CSV2GEO,United States,city
5e804dc2d81e3fcc,"Seaside Park, Ocean County",New Jersey,USA,39.93522,-74.0726,1.0,0.51,validated,CSV2GEO,United States,city
931c5ef0efebef0c,"Seaside, Ocean County",New Jersey,USA,39.944,-74.07328,0.98,0.326,validated,CSV2GEO,United States,city
c6bedb7bf1fe9243,"Shrewsbury River, Monmouth County",New Jersey,USA,40.32386,-74.06177,0.87,7.48,validated,CSV2GEO,United States,city
da59a8c222e659ea,"Spring Lake, Monmouth County",New Jersey,USA,40.15114,-74.03296,1.0,1.464,validated,CSV2GEO,United States,city
29f0f3d52d0378ce,"Steel Pier, Atlantic City",New Jersey,USA,39.36019,-74.42113,1.0,0.508,validated,CSV2GEO,United States,poi
f38a6907446b5c66,Ventnor,New Jersey,USA,39.33771,-74.47927,1.0,0.733,validated,CSV2GEO,United States,city
554de2c33ca613d9,"Albuquerue Aquarium, Albuquerue",New Mexico,USA,35.09441,-106.67916,0.99,,too_far_inland,CSV2GEO,United States,poi
ba30bb56158cb06f,15 miles south of Jones Inlet,New York,USA,43.74347,-74.76654,0.61,,low_relevance,CSV2GEO,United States,rooftop
a9edad62780d886b,"Beach 103rd Street, Rockaway",New York,USA,40.58586,-73.81939,0.76,0.45,validated,CSV2GEO,United States,intersection
9c012c7fc9036161,Montauk,New York,USA,41.03121,-71.95373,1.0,0.262,validated,CSV2GEO,United States,city
058cdb46032e4685,Off Long Island,New York,USA,40.75072,-73.94103,0.85,0.634,validated,CSV2GEO,United States,city
d2cb55d65e0b6998,Rockaway Beach,New York,USA,40.58753,-73.81137,0.99,0.396,validated,CSV2GEO,United States,street
3a58cd92b60eccfc,Staten Island,New York,USA,40.64242,-74.07527,1.0,0.225,validated,CSV2GEO,United States,city
de74ecc969ffab83,Whitewood Point on Lloyd Neck in Oyster Bay,New York,USA,40.66183,-73.44855,0.67,,low_relevance,CSV2GEO,United States,street
ae062fdbe88a5614,"Atlantic, near New Bern",North Carolina,USA,34.69834,-76.72401,0.88,,country_mismatch,CSV2GEO,United States,street
c1e2c7e42ba85b01,Beaufort Inlet,North Carolina,USA,34.71801,-76.68881,0.99,,country_mismatch,CSV2GEO,United States,street
9f6dbd409b7f23f6,"Bouges Bank, Emerald Isle",North Carolina,USA,34.65888,-77.07937,0.92,0.544,validated,CSV2GEO,United States,poi
17b23a09140fd62c,"Buxton Beach, Dare County",North Carolina,USA,35.26297,-75.56668,0.85,0.331,validated,CSV2GEO,United States,city
ee9c4342b6b328c2,Cape Lookout Bight,North Carolina,USA,34.69937,-76.57111,0.83,,country_mismatch,CSV2GEO,United States,street
49e3706507eeedd3,"Cape Lookout, Carteret County",North Carolina,USA,34.69937,-76.57111,0.99,,country_mismatch,CSV2GEO,United States,street
86ae9d1b62794cbf,"Carolina Beach off Texas Avenue, New Hanover County",North Carolina,USA,34.01636,-77.903,0.95,0.968,validated,CSV2GEO,United States,street
51e22b538a33a23a,"Carolina Beach, New Hanover County",North Carolina,USA,34.03313,-77.89438,1.0,0.441,validated,CSV2GEO,United States,city
8d21317db4f2ba78,"Davis Shore, east of Beaufor",North Carolina,USA,34.74426,-76.62475,0.69,,low_relevance,CSV2GEO,United States,street
5a6362bfcf2dfd2c,"Figure Eight Island, New Hanover County",North Carolina,USA,34.21107,-77.80251,0.87,,country_mismatch,CSV2GEO,United States,rooftop
df8e8a8aa4df2f56,"Figure Eight Island, Wilmington",North Carolina,USA,34.27055,-77.74872,0.98,,country_mismatch,CSV2GEO,United States,poi
848635d7e49f6083,"Fort Fisher, New Hanover County",North Carolina,USA,33.96924,-77.91909,1.0,1.038,validated,CSV2GEO,United States,city
51e180d85ed1d661,Frying Pan Shoals,North Carolina,USA,36.27543,-80.512,0.68,,low_relevance,CSV2GEO,United States,city
f9ca12deca075288,"Hammocks Beach State Park, Bear Island",North Carolina,USA,33.9106,-78.11723,0.52,,low_relevance,CSV2GEO,United States,city
1e3b3e556bdf4896,"Hamstead, Pender County",North Carolina,USA,34.36746,-77.7107,0.99,2.332,validated,CSV2GEO,United States,city
38a1f554af42ede6,"Kure Beach, New Hanover County",North Carolina,USA,33.99961,-77.9062,1.0,0.793,validated,CSV2GEO,United States,city
f436cac4130ffecb,"Masonboro Inlet, New Hanover County",North Carolina,USA,34.18032,-77.84722,0.88,0.415,validated,CSV2GEO,United States,city
aa2146923fed1848,New Hanover County,North Carolina,USA,34.23212,-77.88442,1.0,5.512,validated,CSV2GEO,United States,region
3fc017a05e5f6cc0,North Carolina Aquarium at Fort Fisher,North Carolina,USA,34.01548,-77.89976,0.78,0.659,validated,CSV2GEO,United States,street
d0920a46ef7e968f,"Oceanic Pier, Wrightsville Beach",North Carolina,USA,34.19358,-77.80505,0.9,,country_mismatch,CSV2GEO,United States,poi
f4fbb475ee4e9739,Ocracoke,North Carolina,USA,35.11089,-75.97998,1.0,1.066,validated,CSV2GEO,United States,city
a8500bf5edec0fbc,"Ocracoke Inlet, Carteret County",North Carolina,USA,34.64567,-77.09556,0.8,,country_mismatch,CSV2GEO,United States,street
c290b3d0fd1bc5d4,"Ocracoke Island, Hyde County",North Carolina,USA,35.11062,-75.98073,0.99,1.114,validated,CSV2GEO,United States,poi
7670b66151c0663b,"Ocracoke, Lifeguard Beach",North Carolina,USA,35.10855,-75.97796,0.74,,low_relevance,CSV2GEO,United States,street
21652a17b8245390,Off Cape Hatteraa,North Carolina,USA,35.21939,-75.69045,0.75,0.329,validated,CSV2GEO,United States,city
cd57fa39b481e46d,"Off Surf City, Pender County",North Carolina,USA,34.42807,-77.54413,0.92,,country_mismatch,CSV2GEO,United States,city
9b074e709a684536,On one of the sounds near Wilmington,North Carolina,USA,34.25131,-77.76546,0.74,,low_relevance,CSV2GEO,United States,rooftop
d1e89aa4ca7eaf03,Onslow Beach,North Carolina,USA,34.48107,-77.44642,0.99,0.6,validated,CSV2GEO,United States,street
64025d9ea14025f3,Pamlico Sound,North Carolina,USA,35.15074,-76.67039,0.8,1.934,validated,CSV2GEO,United States,region
ceed552185316685,"Pamlico Sound off Frisco, Dare County",North Carolina,USA,35.29831,-75.51374,0.8,0.253,validated,CSV2GEO,United States,poi
ac7dc3b7ea453bd0,"Pine Island, Corolla",North Carolina,USA,36.2571,-75.78671,0.98,0.105,validated,CSV2GEO,United States,poi
d66ccb65ecc2681f,"Salter Path, Atlantic Beach",North Carolina,USA,34.70114,-76.73961,0.86,,country_mismatch,CSV2GEO,United States,city
910cb7b0b6d092c2,"Southport, Brunswick County",North Carolina,USA,33.91901,-78.01953,1.0,1.678,validated,CSV2GEO,United States,city
8688b9129ebb9451,Surf City,North Carolina,USA,34.42807,-77.54413,1.0,,country_mismatch,CSV2GEO,United States,city
709a0bd78b557938,"Surf City, Topsail Island",North Carolina,USA,34.42114,-77.55503,0.85,,country_mismatch,CSV2GEO,United States,street
07f74a7c8b63479a,"Topsail Beach, Pender County",North Carolina,USA,34.36709,-77.62802,1.0,,country_mismatch,CSV2GEO,United States,city
40194c7d37dcbbcb,Cape Kiwanda,Oregon,"USA""",,,95965.0,,missing_or_invalid_coordinate,CSV2GEO,,
60b1c0aefe54c244,"Bastendorf Beach, Coos County",Oregon,USA,43.33998,-124.35444,1.0,0.468,validated,CSV2GEO,United States,poi
1338139f1b04a14e,Cape Kiwanda,Oregon,USA,45.20922,-123.96582,0.99,0.415,validated,CSV2GEO,United States,street
a40bcbb6c2221231,Florence,Oregon,USA,43.9691,-124.10723,1.0,2.734,validated,CSV2GEO,United States,city
74d013c1d185ff18,"Florence, Lane County",Oregon,USA,43.9691,-124.10723,1.0,2.734,validated,CSV2GEO,United States,city
50e2f8190d64f0c6,Gleneden Beach,Oregon,USA,44.87886,-124.03239,1.0,0.165,validated,CSV2GEO,United States,city
8d4799996109c0e5,"Gleneden Beach, Lincoln County",Oregon,USA,44.87886,-124.03239,1.0,0.165,validated,CSV2GEO,United States,city
ffcb7973c225e718,Gold Beach,Oregon,USA,42.41087,-124.42051,1.0,0.441,validated,CSV2GEO,United States,city
0193024885dbf56f,"Gold Beach, Curry County",Oregon,USA,42.41087,-124.42051,1.0,0.441,validated,CSV2GEO,United States,city
9de5e4abf98bb2eb,"Haystack Rock, Cannon Beach",Oregon,USA,45.87747,-123.96185,1.0,,country_mismatch,CSV2GEO,United States,poi
9084d4c7239c7855,"Lincoln City, Lincoln County",Oregon,USA,44.93009,-124.01768,1.0,0.191,validated,CSV2GEO,United States,city
4313a51b5ad2b986,Myers Creek,Oregon,USA,42.33158,-124.42409,0.99,0.696,validated,CSV2GEO,United States,street
b439d5e578b28f03,"Neskowin, Tillamook County",Oregon,USA,45.10305,-123.98107,1.0,0.33,validated,CSV2GEO,United States,city
80d46d258993ff85,"Newport, Lincoln County",Oregon,USA,44.63233,-124.05766,1.0,0.527,validated,CSV2GEO,United States,city
28d0f7c6a139c3f3,Off Umpqua River,Oregon,USA,44.05771,-121.31405,0.82,,too_far_inland,CSV2GEO,United States,poi
1dfd2a469710ff22,Oswald State Park,Oregon,USA,41.68145,-83.36158,0.71,,low_relevance,CSV2GEO,United States,street
911cd7fc94767a13,Seaside,Oregon,USA,45.99312,-123.92303,1.0,0.404,validated,CSV2GEO,United States,city
73b2fe564f1495b8,Seaside Cove,Oregon,USA,42.03278,-124.23182,0.97,1.535,validated,CSV2GEO,United States,street
2776b0058ee93f46,"Short Sand Beach, Oswald West State Park",Oregon,USA,45.52809,-122.68314,0.79,79.85,too_far_inland,CSV2GEO,United States,poi
66a1fb1759bd0cfe,"Siletz River mouth, Lincoln County",Oregon,USA,44.7218,-123.91803,0.71,,low_relevance,CSV2GEO,United States,city
53cdbf31dbe297da,"Tillamook Head, Clatsop County",Oregon,USA,45.94847,-123.94775,0.99,1.975,validated,CSV2GEO,United States,street
3b8ce0acd1e63929,"Winchester Bay, Douglas County",Oregon,USA,43.675,-124.17389,1.0,,country_mismatch,CSV2GEO,United States,city
5313e8c8f8602e7e,"Fairmount Park Aquarium, Philadelphia",Pennsylvania,USA,39.98665,-75.20529,0.82,7.035,validated,CSV2GEO,United States,city
7abb0a38fd8cbc34,Aquadilla,Puerto Rico,USA,26.65038,-98.35136,0.53,,low_relevance,CSV2GEO,United States,city
340665414637a89d,"Mona Island, 40 miles west of the mainland",Puerto Rico,USA,18.082905,-67.892747,1.0,2.202,validated,CSV2GEO,Puerto Rico,
27ab36f79bc08664,North coast,Puerto Rico,USA,38.94328,-76.99834,0.85,7.244,validated,CSV2GEO,United States,street
a22352ae301882ca,Quebradillas,Puerto Rico,USA,26.65038,-98.35136,0.45,,low_relevance,CSV2GEO,United States,city
7041bf134cff4583,Santurce,Puerto Rico,USA,26.65038,-98.35136,0.56,,low_relevance,CSV2GEO,United States,city
2b1652f4adba1413,Vieques,Puerto Rico,USA,26.65038,-98.35136,0.59,,low_relevance,CSV2GEO,United States,city
baec810643afb0ca,Coddington Cove,Rhode Island,USA,41.47899,-71.31491,1.0,1.129,validated,CSV2GEO,United States,street
48a6d1004eea0f5c,Occupasstuxet (Patuxent) Cove,Rhode Island,USA,38.41984,-76.5498,0.55,,low_relevance,CSV2GEO,United States,street
012f306c2c0db9c1,16 miles off Hilton Head,South Carolina,USA,32.18609,-80.71419,0.85,0.432,validated,CSV2GEO,United States,rooftop
f9179dbe20827f5e,"34th Avenue North, Myrtle Beach",South Carolina,USA,33.71288,-78.86012,1.0,0.261,validated,CSV2GEO,United States,street
522576a441014c33,60 miles southeast of Beaufort,South Carolina,USA,32.43671,-80.72399,0.69,,low_relevance,CSV2GEO,United States,rooftop
9e92c248c32f7a49,"Albergotti Creek, near Air Station boat docks",South Carolina,USA,33.836081,-81.163725,1.0,146.178,too_far_inland,CSV2GEO,United States,
da9a6f18c54746bb,"Atlantic Beach, Horry County",South Carolina,USA,33.80333,-78.7169,1.0,0.14,validated,CSV2GEO,United States,city
de95c0465746d868,"Awendaw, Charleston County",South Carolina,USA,33.0364,-79.61788,1.0,3.968,validated,CSV2GEO,United States,city
cd498f41c39defaf,Calibogue Sound,South Carolina,USA,32.31373,-81.11708,0.81,29.938,too_far_inland,CSV2GEO,United States,street
5e11fc090b0d94b3,Cherry Grove,South Carolina,USA,33.96274,-81.17395,0.99,160.1,too_far_inland,CSV2GEO,United States,street
4a9d34a0f1143faf,"DeBordieu Colony, Georgetown County",South Carolina,USA,33.37632,-79.15627,0.86,0.048,validated,CSV2GEO,United States,poi
999d70c1e48fc3b5,"Debordieu Beach, Georgetown County",South Carolina,USA,33.37491,-79.21243,0.74,,low_relevance,CSV2GEO,United States,poi
8ad3a7f74901ecba,Fort Moultrie,South Carolina,USA,32.75988,-79.85874,1.0,,country_mismatch,CSV2GEO,United States,city
7767525dbc9d7348,Fripp Island,South Carolina,USA,32.32784,-80.46845,1.0,0.119,validated,CSV2GEO,United States,city
bc01b12fdedb5232,Garden City,South Carolina,USA,33.59305,-79.00892,1.0,2.156,validated,CSV2GEO,United States,city
956bbe01996bd4a0,"Garden City Beach, Horry County",South Carolina,USA,33.57378,-79.00297,1.0,0.46,validated,CSV2GEO,United States,city
06c4790a26c8ea5e,"Grand Strand, Myrtle Beach",South Carolina,USA,33.67787,-78.99545,0.86,6.634,validated,CSV2GEO,United States,street
3da24ebb68f2794d,"Hilton Head, Beaufort County",South Carolina,USA,32.2095,-80.70379,0.99,1.372,validated,CSV2GEO,United States,street
85c1623db2f71513,"Isle of Palms County Park, Isle of Palms",South Carolina,USA,32.78688,-79.78587,1.0,0.719,validated,CSV2GEO,United States,poi
f4c103428ae7bf2e,"James Island Sound, Charleston",South Carolina,USA,32.7461,-79.94155,0.87,1.72,validated,CSV2GEO,United States,city
342e8365dc1194ba,"Kingston Plantation, Myrtle Beach",South Carolina,USA,33.77176,-78.7816,1.0,0.521,validated,CSV2GEO,United States,poi
298bed4d9aa6a467,"Lakewood Campground, Grand Strand",South Carolina,USA,33.62676,-78.96367,0.5,,low_relevance,CSV2GEO,United States,city
507af83b8b6523d5,"Litchfield Beach, Georgetown County",South Carolina,USA,33.47347,-79.10368,1.0,1.466,validated,CSV2GEO,United States,city
8460cd0de0d3b168,"Little River Beach, Horry County",South Carolina,USA,33.87642,-78.61432,0.88,1.324,validated,CSV2GEO,United States,city
35d67701d01394a2,"Murrells Inlet, Georgetown County",South Carolina,USA,33.54862,-79.04415,1.0,1.926,validated,CSV2GEO,United States,city
cb8f1c0a706c0fe7,"Near 70th Avenue, Myrtle Beach",South Carolina,USA,33.74062,-78.82222,0.89,0.33,validated,CSV2GEO,United States,street
122b95973a452097,"North Forest Beach, near Hilton Head",South Carolina,USA,32.15131,-80.73446,0.91,,country_mismatch,CSV2GEO,United States,poi
65e6005ad0a25f5d,North end of Morris Island at mouth of Charleston Harbor,South Carolina,USA,32.78115,-79.9316,0.38,,low_relevance,CSV2GEO,United States,city
9386a4e97025d012,"North of Apache Pier, Myrtle Beach",South Carolina,USA,33.76887,-78.78783,0.83,0.651,validated,CSV2GEO,United States,poi
951577a23860bb3c,"Ocean Lakes Campground, south of Myrtle Beach",South Carolina,USA,33.63032,-78.96072,0.92,0.947,validated,CSV2GEO,United States,poi
09e92c0d14273896,"Off 21st Avenue, Isle of Palms",South Carolina,USA,32.78954,-79.78359,0.92,0.867,validated,CSV2GEO,United States,street
887e10543a14f519,"Off 29th Avenue, Myrtle Beach",South Carolina,USA,33.71517,-78.87241,0.92,1.191,validated,CSV2GEO,United States,street
0e2ffd9e1b4b9edc,"Off Hilton Head, Beaufort County",South Carolina,USA,32.18282,-80.71788,0.99,0.505,validated,CSV2GEO,United States,street
26f5f540dd9caee2,Off Sullivans Island,South Carolina,USA,32.76393,-79.8357,0.9,0.266,validated,CSV2GEO,United States,city
e682fcb0d7fa0419,"Oketee River, Jasper County",South Carolina,USA,32.42125,-81.18023,0.83,32.982,too_far_inland,CSV2GEO,United States,street
66303ac271d30699,"Palmetto Dunes, Hilton Head",South Carolina,USA,32.15847,-80.72541,0.99,,country_mismatch,CSV2GEO,United States,poi
60b7ed6068ebd94d,Parris Island,South Carolina,USA,32.3495,-80.67748,1.0,0.219,validated,CSV2GEO,United States,city
62860b9c2976c650,"Sea Pines Beach Club, Hilton Head",South Carolina,USA,32.22304,-80.77007,0.99,0.776,validated,CSV2GEO,United States,poi
7ca9578541d6dfad,"Sea Pines Resort, Hilton Head Island",South Carolina,USA,32.12796,-80.78983,1.0,0.335,validated,CSV2GEO,United States,poi
a50981741784c3a3,"Shipyard Beach Club, Hilton Head Island",South Carolina,USA,32.15498,-80.7415,0.88,0.488,validated,CSV2GEO,United States,street
853a1409d58c13ca,"Singleton Beach, Hilton Head Island",South Carolina,USA,32.18907,-80.70022,1.0,,country_mismatch,CSV2GEO,United States,poi
12cfd0f4b53032df,Small creek near Coles Island,South Carolina,USA,32.76354,-80.14215,0.71,,low_relevance,CSV2GEO,United States,street
53b156547a040953,"South Beach, Hunting Island State Park",South Carolina,USA,34.09151,-80.96557,0.49,,low_relevance,CSV2GEO,United States,city
867283a21206c394,"South Forest Beach, Hilton Head Island",South Carolina,USA,32.13828,-80.76151,0.99,,country_mismatch,CSV2GEO,United States,street
b47ccbe329d4e1df,"Stono Inlet, near Charleston",South Carolina,USA,32.73095,-79.9821,0.76,4.992,validated,CSV2GEO,United States,city
a83fc52a36a6a25a,Sullivan\'s Island at entrance to Charleston Harbor,South Carolina,USA,32.76393,-79.8357,0.68,,low_relevance,CSV2GEO,United States,city
cd56242c913e33f5,"Surfside Beach, Horry County",South Carolina,USA,33.61974,-78.97356,1.0,1.227,validated,CSV2GEO,United States,city
3b52866099261a89,Windy Hill Beach,South Carolina,USA,33.79821,-78.73221,0.97,0.383,validated,CSV2GEO,United States,street
9f2c90631a34d468,"Windy Hill, near Myrtle Beach",South Carolina,USA,33.75331,-78.8904,0.74,,low_relevance,CSV2GEO,United States,street
33998c8e9cde26ad,Winyah Bay,South Carolina,USA,33.32317,-79.30034,0.99,0.532,validated,CSV2GEO,United States,street
e7ba0b6405e629e0,1.5 miles off Surfside,Texas,USA,29.27185,-94.82302,0.57,,low_relevance,CSV2GEO,United States,city
8f9675d37e8dcf86,Bolivar Peninsula,Texas,USA,29.47928,-94.5799,1.0,,country_mismatch,CSV2GEO,United States,city
22b1ebf3eaa715a9,"Bryan Beach, Brazoria County",Texas,USA,28.91215,-95.33546,1.0,0.025,validated,CSV2GEO,United States,poi
304fa8e9b8b926b5,Channel between South Padre Island & Padre Island National Seashore,Texas,USA,27.59815,-97.22241,0.74,,low_relevance,CSV2GEO,United States,street
c7e7eec92369f5d4,Corpus Christi,Texas,USA,27.79641,-97.40389,1.0,1.093,validated,CSV2GEO,United States,city
e46673bd32f851c8,Crystal Beach (east of Galveston),Texas,USA,29.42119,-94.69147,0.81,,country_mismatch,CSV2GEO,United States,street
5dfd82b24c982cae,"East Beach, Galveston",Texas,USA,29.31992,-94.75018,0.99,0.307,validated,CSV2GEO,United States,street
5cf82678416fc500,"Eight Mile Beach, Galveston",Texas,USA,29.23489,-94.88427,0.98,0.467,validated,CSV2GEO,United States,poi
a07bd440457fc515,"Follett\'s Island, Brazoria County",Texas,USA,29.18876,-95.44592,0.58,,low_relevance,CSV2GEO,United States,region
b833446eb586ee8f,Galveston Ship Channel,Texas,USA,29.29361,-94.86293,0.82,0.641,validated,CSV2GEO,United States,street
d10806c209835820,"Grass Island, Aransas County",Texas,USA,28.10733,-96.99909,0.62,,low_relevance,CSV2GEO,United States,region
c6f23684aa01c456,"Gulf of Mexico between Brownsville & Carmen, Mexico",Texas,USA,25.8928,-97.50539,0.69,,low_relevance,CSV2GEO,United States,intersection
72f064e48e367625,High Island,Texas,USA,29.562,-94.39458,1.0,0.734,validated,CSV2GEO,United States,city
466cfe059be5b724,"J.P. Luby Surf Park, Corpus Christi",Texas,USA,27.61667,-97.20266,1.0,0.525,validated,CSV2GEO,United States,poi
431ff3fbcbd178eb,Matagorda Beach,Texas,USA,28.64139,-95.96611,0.99,1.223,validated,CSV2GEO,United States,street
65cf2fe8e37fb64f,"Mustang Island State Park, Nueces County",Texas,USA,27.67424,-97.1756,1.0,0.808,validated,CSV2GEO,United States,poi
45eb8c8cbe40b3f8,"Near Port Aransas, Nueces County",Texas,USA,27.83659,-97.06913,0.88,,country_mismatch,CSV2GEO,United States,city
c84afce8b169db75,Near Port Arthur,Texas,USA,29.8994,-93.92949,0.79,2.317,validated,CSV2GEO,United States,city
3457d6a4e4068cfd,"Near Port Lavaca, Calhoun County",Texas,USA,28.6738,-96.67675,0.88,3.373,validated,CSV2GEO,United States,poi
0b73e39fd3705249,"Off Andy Bowie Park, Padre Island",Texas,USA,26.14098,-97.17174,0.91,0.605,validated,CSV2GEO,United States,poi
4d74fe33caddaf40,Off Brownsville,Texas,USA,25.90209,-97.49924,0.84,26.643,too_far_inland,CSV2GEO,United States,city
bd7a05664d6eb62a,Off Surfside,Texas,USA,29.14195,-98.47282,0.81,166.668,too_far_inland,CSV2GEO,United States,street
ac33afadd1bbc7c2,Packery Channel,Texas,USA,27.83323,-97.07254,0.66,,low_relevance,CSV2GEO,United States,street
d1cca3cb54ea92bd,Padre Island,Texas,USA,27.67413,-97.17551,1.0,0.821,validated,CSV2GEO,United States,city
00ba7525152258f9,Padre Island National Seashore,Texas,USA,27.62096,-97.29425,0.97,0.049,validated,CSV2GEO,United States,street
a24f647adb384d61,"Pirate\'s Beach, Galveston Island",Texas,USA,29.20346,-94.93886,0.81,0.455,validated,CSV2GEO,United States,street
2fbb41d98f7ac679,"Pirates Beach, Galveston",Texas,USA,29.20542,-94.94018,1.0,0.707,validated,CSV2GEO,United States,city
2112086bf11a33c1,"Point Comfort, Calhoun County",Texas,USA,28.68269,-96.55296,1.0,1.027,validated,CSV2GEO,United States,city
0637cfb0f4992728,Port Aransas,Texas,USA,27.83659,-97.06913,1.0,,country_mismatch,CSV2GEO,United States,city
52e07a8b88bdbd50,"Port Bolivar, Galveston County",Texas,USA,29.37774,-94.76601,1.0,1.163,validated,CSV2GEO,United States,city
7997b8ff81cce404,"Port Lavaca, Calhoun County",Texas,USA,28.61596,-96.62357,1.0,2.033,validated,CSV2GEO,United States,city
be8d899fd90101f2,"Rockport, Aransas County",Texas,USA,28.02727,-97.05484,1.0,1.347,validated,CSV2GEO,United States,city
c80c4932703dd289,"South Jetty, Galveston",Texas,USA,29.29563,-94.80801,0.58,,low_relevance,CSV2GEO,United States,city
166687b1e55502f0,"Sunday Beach, Matagorda Island",Texas,USA,28.69123,-95.96755,0.45,,low_relevance,CSV2GEO,United States,city
540d63134f8c25ed,Surfside Beach,Texas,USA,28.95216,-95.28807,1.0,,country_mismatch,CSV2GEO,United States,city
e1c2ccb2024549b7,"Surfside Beach, Brazoria County",Texas,USA,28.95216,-95.28807,1.0,,country_mismatch,CSV2GEO,United States,city
3b52d84d35c25922,"Texas City, Galveston",Texas,USA,29.39299,-94.92508,1.0,3.139,validated,CSV2GEO,United States,city
51e24f0b50523932,"West Bay, 19 miles from Galveston",Texas,USA,29.3849,-94.89373,0.59,,low_relevance,CSV2GEO,United States,rooftop
689671a1631311e5,"West Beach, Galveston",Texas,USA,29.20066,-94.94175,1.0,0.344,validated,CSV2GEO,United States,street
c3a539329ba57dd2,Buck Island,US Virgin Islands,USA,44.57228,-68.79025,0.81,1.147,validated,CSV2GEO,United States,street
692f303f8aa9301d,"St. Croix, Cane Bay",US Virgin Islands,USA,45.03393,-92.45261,0.31,,low_relevance,CSV2GEO,United States,region
3d14c0054eb6709f,"St. John, Genti Bay",US Virgin Islands,USA,18.322426,-64.7481,1.0,0.412,validated,CSV2GEO,U.S. Virgin Islands,
97a605a23a36f799,"St. Thomas, Magens Bay",US Virgin Islands,USA,44.57832,-68.80026,0.53,,low_relevance,CSV2GEO,United States,street
a28cc0adf8775b13,Water Island,US Virgin Islands,USA,48.16362,-122.57563,0.31,,low_relevance,CSV2GEO,United States,region
f0cf11263fe0016f,150 miles off Cape Henry,Virginia,USA,36.71195,-79.91443,0.75,,too_far_inland,CSV2GEO,United States,street-interpolated
419e0a4565a07a1d,"200 miles off Hampton Roads, Virginia",Virginia,USA,36.81185,-76.19492,0.72,,low_relevance,CSV2GEO,United States,street
4e355324b538b850,"At sea, several hundred miles south east of Cape Henry",Virginia,USA,39.93937,-90.21534,0.46,,low_relevance,CSV2GEO,United States,rooftop
0d203aff7bcd1506,"Coral Gardens Reef, 6 miles SSE of Chicoteague Inlet",Virginia,USA,37.94231,-75.34737,0.58,,low_relevance,CSV2GEO,United States,street
daed647a77d50cc7,False Cape,Virginia,USA,36.62101,-75.89995,0.97,,country_mismatch,CSV2GEO,United States,poi
d8d9d36a4fcabf6e,Hog Island,Virginia,USA,44.94344,-73.11335,0.99,62.133,too_far_inland,CSV2GEO,United States,street
dc4563b57d26b9d9,"Sandbridge Beach, Princess Anne County",Virginia,USA,36.73251,-75.9398,0.85,1.074,validated,CSV2GEO,United States,poi
a843beeb1e26ed30,Sandridge Beach,Virginia,USA,36.74624,-75.94445,0.99,0.949,validated,CSV2GEO,United States,city
77962fdc06518d97,"Virginia Aquarium & Marine Science Center, Virginia Beach",Virginia,USA,36.82109,-75.98357,1.0,1.69,validated,CSV2GEO,United States,poi
22fdbcdb98e42392,Virginia Beach,Virginia,USA,36.75531,-76.05968,1.0,9.912,validated,CSV2GEO,United States,city
ebf0686548ae1a10,"Wreck of the Navy Barge, 22 miles SE of Rudee",Virginia,USA,37.431573,-78.656894,1.0,122.418,too_far_inland,CSV2GEO,United States,
4c88ce2cf52bcf10,Wilkes Islet Lagoon (Pacific Ocean north of the Marshall Islands),Wake Island,USA,19.279619,166.649935,1.0,,country_mismatch,CSV2GEO,,
a4228ffbdd9f023e,"Pacific Beach, Grays Harbor County",Washington,USA,47.20886,-124.20177,1.0,0.337,validated,CSV2GEO,United States,city
dd672f889ca967ad,"South Beach, Westport",Washington,USA,43.38363,-87.8712,0.86,,too_far_inland,CSV2GEO,United States,street
64a238d44a474d82,Atchin Island off Malakula,Malampa Province,VANUATU,-15.942223,167.342493,1.0,,country_mismatch,CSV2GEO,Vanuatu,
60a0d8430731f4b6,"Atchin Island, off Malakula",Malampa Province,VANUATU,-16.303182,167.516079,1.0,11.486,validated,CSV2GEO,Vanuatu,
b67b9557e0a8122e,Island of Paam\'a,Malampa Province,VANUATU,-16.303182,167.516079,1.0,11.486,validated,CSV2GEO,Vanuatu,
28bb0efc4be64ff5,Malakula (Malakula Island),Malampa Province,VANUATU,-16.303182,167.516079,1.0,11.486,validated,CSV2GEO,Vanuatu,
d38901fdc488356e,"Off the beach opposite Atchin Island, Malakula",Malampa Province,VANUATU,-16.303182,167.516079,1.0,11.486,validated,CSV2GEO,Vanuatu,
acb60d7f5dfc7e1e,"Port Sandwich Bay, Lamap",Malampa Province,VANUATU,-16.437328,167.785615,1.0,,country_mismatch,CSV2GEO,Vanuatu,
703d92276c0a579c,"Port Sandwich, Malakula",Malampa Province,VANUATU,-16.437328,167.785615,1.0,,country_mismatch,CSV2GEO,Vanuatu,
97b30ab067a14e1f,"Ranon, Ambryn",Malampa Province,VANUATU,-16.247784,168.156443,1.0,8.243,validated,CSV2GEO,Vanuatu,
a0af28297af33fd1,Vao Island,Malampa Province,VANUATU,-15.896951,167.308031,1.0,,country_mismatch,CSV2GEO,Vanuatu,
9e636f68445a9e27,Lelepa Island,Shefa Province,VANUATU,-17.600976,168.210586,1.0,,country_mismatch,CSV2GEO,Vanuatu,
84c2f09863767083,Aniwa Island,Tafea Province,VANUATU,-19.253461,169.599672,1.0,,country_mismatch,CSV2GEO,Vanuatu,
b75ffe757b3312f7,Punta Caracas,,VENEZUELA,10.50777,-66.90851,0.92,11.284,validated,CSV2GEO,Venezuela,poi
628e8a7161bb5637,"Playa Colorada Beach, Mochima National Park",Anzoategui,VENEZUELA,10.2421,-64.58975,0.32,,low_relevance,CSV2GEO,Venezuela,city
ad41a5fe5b3df691,"Santa Cruz Beach, Mochima National Park",Anzoategui,VENEZUELA,8.89047,-63.4665,0.44,,low_relevance,CSV2GEO,Venezuela,city
67b2103e90bee0f9,"El Falito, near Puerto Cabello",Carabobo,VENEZUELA,10.48153,-68.12076,0.85,0.692,validated,CSV2GEO,Venezuela,city
7a41514a3ca4509e,"El Yaqu, Isla de Margarita",Nueva Esparta,VENEZUELA,10.89944,-63.96857,0.93,0.775,validated,CSV2GEO,Venezuela,poi
6f8111885ac2bf92,Margarita Island,Nueva Esparta,VENEZUELA,11.0301,-63.86482,0.44,,low_relevance,CSV2GEO,Venezuela,region
982799989a07779b,Saigon,,VIETNAM,21.03448,105.9137,0.83,75.699,too_far_inland,CSV2GEO,Việt Nam,city
c36c37619d043292,Telegraph Bay,Aden,YEMEN,-20.00347,148.19304,0.81,,country_mismatch,CSV2GEO,Australia,street
03c1b1e2612f40c6,Ras-Alkalb,Muhafazat Hadramawt,YEMEN,,,,,missing_or_invalid_coordinate,CSV2GEO,?,
eea6759cc7f3c5ec,Between Cuba & Costa Rica,Caribbean Sea,Cuba,21.521757,-77.781167,1.0,30.58,too_far_inland,CSV2GEO,Cuba,
dc59cd17e3df6009,Île Saint-Paul,French Southern Territories,French Southern and Antarctic Lands,-38.720198,77.518946,1.0,0.831,validated,CSV2GEO,French Southern and Antarctic Lands,
e61746058a9cf868,Cape Levêque,Western Australia,AUSTRALIA,-32.49387,115.74447,0.85,0.891,validated,CSV2GEO,Australia,street
ebfa6d8dc4687394,Ilhéus,Bahia,BRAZIL,-14.78783,-39.04758,1.0,0.931,validated,CSV2GEO,Brasil,city
9a7b6abfc7f87dcd,Estaleirinho beach,Balneário Camboriú,BRAZIL,-27.04876,-48.58808,1.0,0.177,validated,CSV2GEO,Brasil,poi
8c2c1a8e0a75296a,"Praia de São Marcus, Sáo Luiz",Maranhão,BRAZIL,-2.48869,-44.28727,0.94,0.942,validated,CSV2GEO,Brasil,poi
ce1b95e8d280d621,"Praia do Olho D\'Água, São Luis",Maranhão,BRAZIL,-2.47847,-44.22488,1.0,0.844,validated,CSV2GEO,Brasil,poi
3777290caaf89ca8,Itamaracá,Pernambuco,BRAZIL,-8.01749,-34.87066,1.0,3.348,validated,CSV2GEO,Brasil,street
2953121989ae0336,Escalerio Beach Balneário Camboriú,Santa Catarina State,BRAZIL,-27.04876,-48.58808,0.83,0.177,validated,CSV2GEO,Brasil,poi
20d039a5492bd852,São Vicente,Barlavento Islands,CAPE VERDE,16.828007,-24.975418,1.0,3.311,validated,CSV2GEO,Cabo Verde,
1896fb6fe956cae9,Off Cartagena,,COLUMBIA,-38.07328,145.37353,0.75,,country_mismatch,CSV2GEO,Australia,street
b521d619bb1905fd,"Makuaka Caño, Taganga",Magdalena Department,COLUMBIA,11.26848,-74.189576,1.0,1.963,validated,CSV2GEO,Colombia,
f28389f32187dbf8,Albuquerque Cay,San Andrés archipelago,COLUMBIA,35.084386,-106.650422,1.0,,country_mismatch,CSV2GEO,United States,
eb8729b27877326d,Parismina,Limón Province,COSTA RICA,10.19577,-83.64657,0.64,,low_relevance,CSV2GEO,Costa Rica,city
62f43ba87865d9b9,"Su?uraj, Hvar Island","Split-Dalmatia Count,",CROATIA,43.17045,16.44684,0.41,,low_relevance,CSV2GEO,Hrvatska,city
77462549beb33f5c,Playa Jackson,Samaná Province,DOMINICAN REPUBLIC,19.20424,-69.33194,0.69,,low_relevance,CSV2GEO,República Dominicana,poi
41a1afb21814a291,Barandúa Beach,Santa Elena,ECUADOR,-2.22917,-80.86135,0.78,3.039,validated,CSV2GEO,Ecuador,poi
1bfa5c61824f4dbb,Daedalus Reef,Red Sea,EGYPT,24.95,35.833333,1.0,,country_mismatch,CSV2GEO,,
c342d0060f2b8c6e,"1 km off the mouth of Marsa Bereika, north of Ras Mohammed","South Sinai, Gulf of Aqaba",EGYPT / ISRAEL,28.970977,33.617577,1.0,,unknown_country_boundary,CSV2GEO,Egypt,
7c7e41c0020ce2b3,Ahé Atoll,Tuamotus,FRENCH POLYNESIA,-14.481499,-146.306408,1.0,,country_mismatch,CSV2GEO,French Polynesia,
30b98487cf28b6c8,Kérkira,Corfu Island,GREECE,39.38556,20.11257,0.94,,country_mismatch,CSV2GEO,Ελλάδα,poi
78cefa2c8a09722c,Vicinity of Abadan,Shatt-al-Arab River,IRAN / IRAQ,30.366641,48.275471,1.0,,unknown_country_boundary,CSV2GEO,Iran,
02a189e57a76e5ff,"Coal wharf, Port Royal",,JAMAICA,17.93861,-76.84043,0.5,,low_relevance,CSV2GEO,Jamaica,city
9419fb57d4955a21,"East Beach, Kingsston",,JAMAICA,17.97019,-76.75691,0.72,,low_relevance,CSV2GEO,Jamaica,street
edc265651a550513,"Boca de la Leña, La Unión",Guerrero,MEXICO,26.56434,-99.22363,1.0,,too_far_inland,CSV2GEO,México,city
3614de490defe285,Mazatlán,Sinaloa,MEXICO,23.2,-106.42175,1.0,0.986,validated,CSV2GEO,México,city
17fcc7ef455daa35,"Sánchez Magallanes, Cárdenas",Tabasco,MEXICO,17.97539,-92.95056,1.0,44.565,too_far_inland,CSV2GEO,México,street
5bbd221ce8348316,"Côte-Blanche, Nouméa",,NEW CALEDONIA,-22.309861,166.457909,1.0,,country_mismatch,CSV2GEO,New Caledonia,
da228c96c15c97c5,Île de Sable,,NEW CALEDONIA,-38.10579,147.13317,0.5,,low_relevance,CSV2GEO,Australia,city
02597a030f34c6fc,"Bay of Bweedro, Ouvéa",Loyalty Islands,NEW CALEDONIA,-20.6544,166.535303,1.0,,country_mismatch,CSV2GEO,New Caledonia,
87feac8b2a3bf7ad,Maré,Loyalty Islands,NEW CALEDONIA,-21.493099,167.996704,1.0,4.588,validated,CSV2GEO,New Caledonia,
53e22ce11a4b4278,Hienghène,North Province,NEW CALEDONIA,-20.688098,164.943528,1.0,0.662,validated,CSV2GEO,New Caledonia,
6be4b49c69d55bec,Ile Yandé (between Poum and Bélep),North Province,NEW CALEDONIA,-19.75,163.666667,1.0,1.389,validated,CSV2GEO,New Caledonia,
6ace429bfd89e35b,"Lindéralique, Hienghène",North Province,NEW CALEDONIA,-20.681637,164.974649,1.0,,country_mismatch,CSV2GEO,New Caledonia,
949b57e36e4b852a,Poindimié,North Province,NEW CALEDONIA,-20.937088,165.336811,1.0,0.602,validated,CSV2GEO,New Caledonia,
0ce65cc695091d06,Dumbéa,South Province,NEW CALEDONIA,-22.156043,166.44474,1.0,2.237,validated,CSV2GEO,New Caledonia,
3c3790646c92c6a6,Île de Casey,South Province,NEW CALEDONIA,-21.748201,166.178374,1.0,16.306,validated,CSV2GEO,New Caledonia,
dbbc32ec830375b7,Sjøstrand,Oslo Fjord,NORWAY,59.90927,10.74876,0.56,,low_relevance,CSV2GEO,Norge,street
7e330eeda406fcec,22º08\'S : 178º06\'W,Near the Fiji Islands,PACIFIC OCEAN,-17.713371,178.065032,1.0,,unknown_country_boundary,CSV2GEO,Fiji,
aa7f2b9b403773c9,"Jarque, just south of Pi?as Bay",,PANAMA,,,,,missing_or_invalid_coordinate,CSV2GEO,?,
4fb9292616e8785f,Playa La Cabaña,Bocas,PANAMA,9.35378,-82.25476,0.44,,low_relevance,CSV2GEO,Panamá,city
eb563b17c2b380e6,Cristobal,Colón Province,PANAMA,9.35058,-79.90264,0.64,,low_relevance,CSV2GEO,Panamá,city
764d13f047d72243,Jukuataia Village,"10ºS, 142ºE",PAPUA NEW GUINEA,-38.13344,145.29499,0.6,,low_relevance,CSV2GEO,Australia,city
1e6174c790557345,"P\' tit Paris, Saint-Pierre",Conservatória District,REUNION,,,,,missing_or_invalid_coordinate,CSV2GEO,?,
dc892c8a1fa8480f,Roche-aux-Oiseaux,L\' Etang Salé-les-Bains,REUNION,-21.271873,55.353065,1.0,0.162,validated,CSV2GEO,Réunion,
dc34527ecd233337,"Ravine des Sables, Saint Leu",L\'Etang-Salé,REUNION,-21.235922,55.306688,1.0,,country_mismatch,CSV2GEO,Réunion,
5c79ce0ce7b02fcc,Port de la Marine,Saint-Benoit,REUNION,-21.033524,55.713013,1.0,2.865,validated,CSV2GEO,Réunion,
564568520ce2bee7,Spot de la gare,Saint-Benoît,REUNION,-21.03909,55.70982,1.0,3.239,validated,CSV2GEO,Réunion,
0b9bf270e2d2a17b,Embouchure de l\'étang du Gol,Saint-Louis,REUNION,-21.289218,55.388456,1.0,,country_mismatch,CSV2GEO,Réunion,
24b705468828aa73,Embouchure de l\'étang de Saint Paul,Saint-Paul,REUNION,-20.988108,55.285324,1.0,1.349,validated,CSV2GEO,Réunion,
dac718aa623f9691,Le cimetière marin,Saint-Paul,REUNION,-21.014809,55.26028,1.0,2.869,validated,CSV2GEO,Réunion,
ff84897a2f0de265,Basse Vallée,Saint-Philippe,REUNION,-21.351944,55.7,1.0,1.797,validated,CSV2GEO,Réunion,
28f9b32fc80b45da,Isle de Gorée,"Near Dakar, Cap Vert Peninsula",SENEGAL,14.66718,-17.39852,0.42,,low_relevance,CSV2GEO,Sénégal,city
8fee4cbf047e1780,"North of Guadalcanal, Solomon Islands while enroute to Vanuatu",,SOLOMON ISLANDS / VANUATU,-9.577328,160.145581,1.0,,unknown_country_boundary,CSV2GEO,Solomon Islands,
afb58ddfa23de4cf,"36º17\'N, 126º31\'E",South Chungcheong Province,SOUTH KOREA,36.474211,126.781951,1.0,14.726,validated,CSV2GEO,South Korea,
8dd632218e06ee65,Tarifa,Cádiz,SPAIN,36.01514,-5.60312,1.0,0.696,validated,CSV2GEO,España,city
bd1bc80036ecb4c6,"Sardina del Norte, Gáldar",Grand Canary Island,SPAIN,28.15347,-15.69198,0.87,0.796,validated,CSV2GEO,España,poi
0e8f5db112885329,Ceuta,Málaga,SPAIN,36.71301,-4.45449,1.0,1.771,validated,CSV2GEO,España,street
abbfd0ec86ac0afd,Southern part,Red Sea,SUDAN?,-19.30812,146.84459,0.72,,low_relevance,CSV2GEO,Australia,street
9893b3badddd9abc,"Bakurköy, Istanbul",,TURKEY,41.06201,28.98877,0.76,2.394,validated,CSV2GEO,Türkiye,city
2972518dfdbae548,"?nciralti Beach, ?zmir",Anatolia,TURKEY,38.39489,27.05731,0.75,1.512,validated,CSV2GEO,Türkiye,poi
e98f08074f1bcc1f,"Montaña de Oro State Park, San Luis Obispo County",California,USA,35.25646,-120.66971,0.88,9.685,validated,CSV2GEO,United States,poi
68a099040bb3e17c,"Anna Maria Island, Manatee County",Florida,USA,27.50407,-82.71449,1.0,0.087,validated,CSV2GEO,United States,poi
b74a69c10b6011d0,"Florida Keys 25ºN, 82ºW",Florida,USA,25.10136,-80.43561,0.69,,low_relevance,CSV2GEO,United States,street-interpolated
fa2ab772832a7d36,"Fort Myers Beach, Lee County",Florida,USA,26.44879,-81.94312,1.0,,country_mismatch,CSV2GEO,United States,city
fd54a7fcdfac3598,Gulf Island National Seashore Park,Florida,USA,30.36403,-87.13078,0.89,,country_mismatch,CSV2GEO,United States,poi
ae5dfb689bf58219,"Juan Ponce de León Landing, Melbourne Beach",Florida,USA,28.0112,-80.53027,1.0,0.289,validated,CSV2GEO,United States,poi
06ca899b87e52789,"Lovers Key State Park, Bonita Springs",Florida,USA,26.39165,-81.86888,1.0,,country_mismatch,CSV2GEO,United States,poi
3c88a63e3250aeb7,½ mile offshore & 9 miles north of Fort Pierce,Florida,USA,27.44904,-80.32678,0.4,,low_relevance,CSV2GEO,United States,city
5e580708f919ccaf,"Maalaea, South Maui",Hawaii,USA,20.79532,-156.51164,0.77,0.344,validated,CSV2GEO,United States,city
03ecd0610eee711c,Grand Lake,Louisiana,USA,30.05142,-93.27925,1.0,30.515,too_far_inland,CSV2GEO,United States,city
7cd9b52ae6d8126f,"Croatan Beach, Virginia Beach",Virginia,USA,36.87771,-75.98236,1.0,0.241,validated,CSV2GEO,United States,poi
72967e157ef4bb48,Nha Trang,Khánh Hòa Province,VIETNAM,12.24935,109.18911,0.99,1.183,validated,CSV2GEO,Việt Nam,poi
4e0f8e250fc9885f,Coff’s Harbor,New South Wales,AUSTRALIA,-30.2963,153.11413,0.99,2.597,validated,CSV2GEO,Australia,city
19debbf61da6051c,George’s River at Kentucky,New South Wales,AUSTRALIA,-30.75777,151.4514,0.6,,low_relevance,CSV2GEO,Australia,city
7b66efbfd320a28e,"Grey’s Point, Port Hacking",New South Wales,AUSTRALIA,-34.02824,151.10608,0.71,,low_relevance,CSV2GEO,Australia,street
f0b496e2c32b2ffc,"Lambeth Street Wharf, George’s River",New South Wales,AUSTRALIA,-33.9683,150.99734,0.81,10.376,validated,CSV2GEO,Australia,poi
df66113b1d630461,"Mark’s Point, Swan Bay",New South Wales,AUSTRALIA,-33.05659,151.65204,0.77,1.802,validated,CSV2GEO,Australia,city
17a3bf3a849732d4,"Oatley Bay near Como, George’s River",New South Wales,AUSTRALIA,-34.00113,151.08695,0.69,,low_relevance,CSV2GEO,Australia,intersection
0469b97c4832bfc1,"Riecks Point, Campbell’s Beach",New South Wales,AUSTRALIA,-33.88907,151.27646,0.68,,low_relevance,CSV2GEO,Australia,intersection
1e1bbbbc357b2c75,"St. George’s River at Moorebank, near Milperra Bridge",New South Wales,AUSTRALIA,-35.07089,150.18231,0.38,,low_relevance,CSV2GEO,Australia,city
43e6816fc3f4cafb,Between Smith’s Rock & Moreton Island,Queensland,AUSTRALIA,-27.16353,153.37765,0.57,,low_relevance,CSV2GEO,Australia,city
ebe302f3c8525c47,"Black’s Beach, 9 miles north of Mackay",Queensland,AUSTRALIA,-27.05321,153.14934,0.61,,low_relevance,CSV2GEO,Australia,rooftop
5dae7850e878548f,"Cid Harbor, Whitsundays",Queensland,AUSTRALIA,-20.34619,148.95245,0.7,,low_relevance,CSV2GEO,Australia,city
3b3306fa6cecf45e,"College’s Crossing, 54 miles above mouth of the Brisbane River",Queensland,AUSTRALIA,-27.61673,152.75926,0.45,,low_relevance,CSV2GEO,Australia,rooftop
962846dce16eb96c,"King’s Beach, Caloundra",Queensland,AUSTRALIA,-26.80079,153.14211,0.69,,low_relevance,CSV2GEO,Australia,city
0ec236da77f81de6,"Lambert’s Beach, Mackay",Queensland,AUSTRALIA,-21.07114,149.22886,1.0,,country_mismatch,CSV2GEO,Australia,poi
c76c67dae9d5adc1,North West Island,Queensland,AUSTRALIA,-24.85793,152.47857,0.97,1.474,validated,CSV2GEO,Australia,street
94c30cdcb7feb8db,"Scott’s Point, Redcliffe Peninsula",Queensland,AUSTRALIA,-27.22572,153.08756,0.65,,low_relevance,CSV2GEO,Australia,poi
4504114783c92864,"Wiseman’s Beach, Peake Bay",South Australia,AUSTRALIA,-35.36316,139.95087,0.54,,low_relevance,CSV2GEO,Australia,city
cd111b9a3a63c872,Left break at the ‘Hot Spot’ at Sheringa Beach,Western Australia,AUSTRALIA,-31.95266,115.85742,0.3,,low_relevance,CSV2GEO,Australia,region
545175ee87ab80fa,"Quinn’s Rocks, south of Yanchep",Western Australia,AUSTRALIA,-31.66473,115.70502,0.66,,low_relevance,CSV2GEO,Australia,city
a432d939b96325ae,Woodman’s Point,Western Australia,AUSTRALIA,-37.56002,143.9151,0.81,73.786,too_far_inland,CSV2GEO,Australia,rooftop
ad00e44e8b821c28,10 miles west of Walker’s Cay,Abaco Islands,BAHAMAS,26.355503,-77.148516,1.0,6.993,validated,CSV2GEO,The Bahamas,
75748aa34f49db50,"Sha’ab Mahmud, Ras Mohamed Park",Sinai Peninsula,EGYPT,29.5,34.0,1.0,74.355,too_far_inland,CSV2GEO,Egypt,
871cb51c4c8c6fd4,In Los Angeles – Honolulu yacht race,,PACIFIC OCEAN,34.054908,-118.242643,1.0,,unknown_country_boundary,CSV2GEO,United States,
153452d4c6a2c0e4,Fisherman’s Island near Port Moresby,Central Province,PAPUA NEW GUINEA,-9.479004,147.149416,1.0,0.588,validated,CSV2GEO,Papua New Guinea,
2d68940f3cb0f92b,"Hadrian’s (Haidana?) Island, near Port Moresby",Central Province,PAPUA NEW GUINEA,-9.479004,147.149416,1.0,0.588,validated,CSV2GEO,Papua New Guinea,
5881e9d54255c66d,Nofoali’i,Upolu Island,SAMOA,-9.23048,142.22033,0.42,,low_relevance,CSV2GEO,Australia,city
c9dbe8a8f47c4534,"Trench’s Beach, Guadalcanal Island",Guadalcanal Province,SOLOMON ISLANDS,-9.577328,160.145581,1.0,16.161,validated,CSV2GEO,Solomon Islands,
04e70444cbcb694e,Fuller’s Bay,Eastern Cape Province,SOUTH AFRICA,-33.04961,27.85334,0.72,,low_relevance,CSV2GEO,South Africa,city
fdc3ba4ab3dc489a,"Paradise Beach, Jeffrey’s Bay",Eastern Cape Province,SOUTH AFRICA,-34.08799,24.89901,0.81,0.132,validated,CSV2GEO,South Africa,city
6aa4db057cdbd279,St. George’s Strand,Eastern Cape Province,SOUTH AFRICA,-33.82388,25.65537,0.76,,country_mismatch,CSV2GEO,South Africa,city
41f2576d057d861e,"St. George’s Strand, Port Elizabeth",Eastern Cape Province,SOUTH AFRICA,-33.82388,25.65537,0.83,,country_mismatch,CSV2GEO,South Africa,city
286a979ff9500ca2,Anstey’s,KwaZulu-Natal,SOUTH AFRICA,-29.9221,31.01926,0.95,1.302,validated,CSV2GEO,South Africa,street
bed6f443be20f96a,"Catfish Rock, between Salt Rock & Shaka’s Rock",KwaZulu-Natal,SOUTH AFRICA,-29.51903,31.22827,0.54,,low_relevance,CSV2GEO,South Africa,street
f8f54a22e7f32c00,"Granny’s Pool, Winkelspruit",KwaZulu-Natal,SOUTH AFRICA,-30.09553,30.85588,0.66,,low_relevance,CSV2GEO,South Africa,city
394294e76cd1c33b,"Vetch’s Pier, Durban",KwaZulu-Natal,SOUTH AFRICA,-29.86949,31.04999,0.86,,country_mismatch,CSV2GEO,South Africa,poi
0df497ff093d830d,"5 km from Gordon’s Bay, False Bay",Western Cape Province,SOUTH AFRICA,-34.16238,18.86629,0.57,,low_relevance,CSV2GEO,South Africa,rooftop
a01dee3048abaa42,Miller’s Point,Western Cape Province,SOUTH AFRICA,-34.23068,18.47235,0.74,,low_relevance,CSV2GEO,South Africa,street
b1519e5c6e13eb15,Simon’s Bay,Western Cape Province,SOUTH AFRICA,-33.87669,22.36084,0.66,,low_relevance,CSV2GEO,South Africa,city
8756bf057c752a0c,"Simon’s Town, False Bay",Western Cape Province,SOUTH AFRICA,-34.15549,18.43232,0.77,0.752,validated,CSV2GEO,South Africa,poi
c78a60fb49705339,Playa d’en Bossa,Ibiza Island,SPAIN,38.89589,1.41246,0.92,0.605,validated,CSV2GEO,Espanya,poi
751bcb45cca9375d,Tu’anuku,Vava\'u,TONGA,-25.68205,152.87498,0.33,,low_relevance,CSV2GEO,Australia,city
ffb4c70aec714245,Between Ofu & Fafini Islands,Vava’u,TONGA,-18.622756,-173.990298,1.0,2.135,validated,CSV2GEO,Tonga,
713eb7c31d96f637,Near Tapana Island,Vava’u,TONGA,-18.715186,-173.990959,1.0,,country_mismatch,CSV2GEO,Tonga,
b9645508807ae11a,Ye?ilköy,,TURKEY,40.96186,28.81745,0.99,0.008,validated,CSV2GEO,Türkiye,city
ea199aec671d5a8b,"Sewell’s Point, near Palm Beach",Florida,USA,27.18601,-80.19326,0.81,,country_mismatch,CSV2GEO,United States,street
7d79070dbe4ef9d8,"Bellows Beach near Wailea Point, O’ahu",Hawaii,USA,21.31431,-158.00833,0.32,,low_relevance,CSV2GEO,United States,city
cc51fd3150a11607,"Goats Island (Moku’auia Island), Malaekahana State Recreation Area",Hawaii,USA,21.665833,-157.925556,1.0,,country_mismatch,CSV2GEO,United States,
22194ddceae6e7bb,"Kama‘ole Beach Park, Maui",Hawaii,USA,20.7202,-156.44712,0.94,0.273,validated,CSV2GEO,United States,poi
022d5af33eb0b74f,Ka’anapali Shores,Hawaii,USA,20.94776,-156.68999,0.99,,country_mismatch,CSV2GEO,United States,street
4afb2f6fd97b930e,"Ka’eleki’I Point, Maui",Hawaii,USA,20.8463,-156.31949,0.65,,low_relevance,CSV2GEO,United States,street
c382f7d62566a97c,"Maha‘ulepu Beach, Kauai",Hawaii,USA,21.89259,-159.41093,0.96,0.192,validated,CSV2GEO,United States,poi
88740cf935444b87,"Nanakuli, Oah’u",Hawaii,USA,21.38753,-158.15199,0.78,0.051,validated,CSV2GEO,United States,city
a14c41a4653cf61e,"Shipwreck’s Beach, Keoneloa Bay",Hawaii,USA,21.87627,-159.44246,0.77,0.604,validated,CSV2GEO,United States,poi
0803b0cd8e94b552,"Bald Head Island, Brunswick County",North Carolina,USA,33.85931,-77.98644,1.0,0.402,validated,CSV2GEO,United States,city
45adc0dd1f1a0155,"Brown’s Inlet on New River, Onslow Beach",North Carolina,USA,34.44437,-77.51525,0.62,,low_relevance,CSV2GEO,United States,street
1d4dea4bb06050b1,"Pawley’s Island, Georgetown County",South Carolina,USA,33.43864,-79.12754,1.0,0.971,validated,CSV2GEO,United States,city
2ec2fe3ee95f163c,"Pawley’s Island, north of Charleston",South Carolina,USA,32.85162,-80.00474,0.82,5.703,validated,CSV2GEO,United States,poi
2060df06055dcf2f,Nu’ulua,Upolu Island,WESTERN SAMOA,-18.73605,146.57985,0.47,,low_relevance,CSV2GEO,Australia,city
ef029e01cbcb3642,Crowdy Bay,NSW,AUSTRALIA,-31.80562,152.72169,0.99,1.838,validated,CSV2GEO,Australia,street
0bd6cdc70e5b1f32,Crowdy Baay,New South Wales,AUSTRALIA,-31.80562,152.72169,0.96,1.838,validated,CSV2GEO,Australia,street
f0ace1df71807716,Groote Eylandt,Northern Territory,AUSTRALIA,-12.37904,130.88695,0.77,2.64,validated,CSV2GEO,Australia,street
82fc261ffffb63b8,Fraser Island,Queensland,AUSTRALIA,-25.40981,153.04234,1.0,1.307,validated,CSV2GEO,Australia,city
2d9b37c63182617b,"Gays Corner, Bulimba Reach of Brisbane River",Queensland,AUSTRALIA,-27.45453,153.05676,0.63,,low_relevance,CSV2GEO,Australia,street
bcac0b851b86be68,"Gayï¿½s Corner, Bulimba Reach of Brisbane River",Queensland,AUSTRALIA,-27.45453,153.05676,0.6,,low_relevance,CSV2GEO,Australia,street
bbd9b3bacbd2ce59,"Woorim Beach, Bribie Island",Queensland,AUSTRALIA,-27.06833,153.20361,0.85,0.538,validated,CSV2GEO,Australia,city
eaf14f5880ed8bd0,Yorkeys Knob Beach near Cairns,Queensland,AUSTRALIA,-16.80614,145.72429,0.86,0.077,validated,CSV2GEO,Australia,poi
c4e3546bea741503,Yorkeyï¿½s Knob Beach near Cairns,Queensland,AUSTRALIA,-16.80614,145.72429,0.81,0.077,validated,CSV2GEO,Australia,poi
6ae28f6461e2e20d,Port Noarlunga,South Australia,AUSTRALIA,-35.14641,138.4791,1.0,1.599,validated,CSV2GEO,Australia,city
85269c22f6ca77cf,Ocean Grove Beach,Victoria,AUSTRALIA,-38.26761,144.52199,0.78,2.607,validated,CSV2GEO,Australia,city
653393814a323d71,Cable Beach,Western Australia,AUSTRALIA,-17.91211,122.21107,1.0,0.352,validated,CSV2GEO,Australia,street
328e3c759393eb11,Bimini Bay,,BAHAMAS,25.74901,-79.28118,0.67,,low_relevance,CSV2GEO,Bahamas,city
eabb748d9ce68207,Tiger Beach,Grand Bahama Island,BAHAMAS,26.64797,-78.37621,0.41,,low_relevance,CSV2GEO,Bahamas,region
2924d2ba97b5bd0c,"Praia da Marcela, Sï¿½o Marcos Bay",Maranhï¿½o,BRAZIL,,,,,missing_or_invalid_coordinate,CSV2GEO,?,
271f5cda15869eff,"Piedade Beach, Jaboatï¿½o dos Guararapes City",Pernambuco,BRAZIL,-8.17592,-34.91751,0.74,,low_relevance,CSV2GEO,Brasil,city
21476ff8e6e414db,Moš?eni?ka Draga,Primorje-Gorski Kotar County,CROATIA,45.24086,14.25015,0.62,,low_relevance,CSV2GEO,Hrvatska,city
1bc9b5f70ca2ff5e,Sahl Hasheesh,"Hurghada, Red Sea Governorate",EGYPT,27.25982,33.80578,0.68,,low_relevance,CSV2GEO,مصر,poi
e3a663b966fe280b,Red Sea,North of Marsa Alam,EGYPT,30.86312,28.93621,0.57,,low_relevance,CSV2GEO,مصر,poi
2c58f51ef579a577,Guadalupe Island,,MEXICO,20.78838,-103.47709,0.98,206.63,too_far_inland,CSV2GEO,México,
100745f7fca1c239,"Playa Quieta, Ixtapa",Guerrero,MEXICO,16.83227,-99.79745,0.81,5.252,validated,CSV2GEO,México,street
3374b6808800505d,Oreti Beach,Southland,NEW ZEALAND,-46.43247,168.2656,1.0,,country_mismatch,CSV2GEO,New Zealand,city
1a87eec471b218c3,Ravine Mula,dÉtang-Salé,REUNION,,,,,missing_or_invalid_coordinate,CSV2GEO,?,
a8cda7ee67f8917a,Ravine Mula,dï¿½ï¿½tang-Salï¿½,REUNION,,,,,missing_or_invalid_coordinate,CSV2GEO,?,
4d90d8f8fe3bd284,Jeffreys Bay,Eastern Cape Province,SOUTH AFRICA,-34.04723,24.92057,0.71,,low_relevance,CSV2GEO,South Africa,city
15a17691a546a4c4,Jeffreyï¿½s Bay,Eastern Cape Province,SOUTH AFRICA,-34.04723,24.92057,0.64,,low_relevance,CSV2GEO,South Africa,city
c86b0bf83894b9bc,Kidds Beach,Eastern Cape Province,SOUTH AFRICA,-33.14909,27.6931,0.7,,low_relevance,CSV2GEO,South Africa,street
54e0442b1f134840,Kiddï¿½s Beach,Eastern Cape Province,SOUTH AFRICA,-33.14943,27.69521,0.64,,low_relevance,CSV2GEO,South Africa,city
b51f01ee9b704011,Kings Beach,Eastern Cape Province,SOUTH AFRICA,-33.14943,27.69521,0.63,,low_relevance,CSV2GEO,South Africa,city
f09cf07509cddf8f,Kingï¿½s Beach,Eastern Cape Province,SOUTH AFRICA,-32.29684,26.419389,1.0,146.122,too_far_inland,CSV2GEO,South Africa,
23c3d73d074c6b10,Gordons Bay,Western Cape Province,SOUTH AFRICA,-34.15735,18.8681,0.7,,low_relevance,CSV2GEO,South Africa,city
5dcbdab6b898133e,Gordonï¿½s Bay,Western Cape Province,SOUTH AFRICA,-34.15735,18.8681,0.62,,low_relevance,CSV2GEO,South Africa,city
8f177bb74e5b2021,Santa Barbara Channel,California,USA,34.41757,-119.64697,0.99,0.196,validated,CSV2GEO,United States,street
9a4aab7ee1d4564b,"Bathtub Beach, Martin County",Florida,USA,27.17798,-80.1584,1.0,,country_mismatch,CSV2GEO,United States,poi
665b6a2f3cf593b0,Canaveral National Seashore,Florida,USA,28.92768,-80.82422,1.0,0.037,validated,CSV2GEO,United States,poi
3225e95cf9ae95a1,"Near Patrick AFB, Brevard County",Florida,USA,28.25182,-80.60354,0.88,0.746,validated,CSV2GEO,United States,city
63d92f1914351c9a,"Barbers Point, O\'ahu",Hawaii,USA,21.32057,-158.0686,0.78,2.375,validated,CSV2GEO,United States,city
49df216de809b704,"Barberï¿½s Point, O\'ahu",Hawaii,USA,21.32057,-158.0686,0.68,,low_relevance,CSV2GEO,United States,city
c1e811ef6b3a6178,"Haleiwa, Oahu",Hawaii,USA,21.58997,-158.10285,0.76,1.708,validated,CSV2GEO,United States,city
4afdb410ca2bafcb,Kaiwi Channel,Hawaii,USA,21.30078,-157.86449,0.72,,low_relevance,CSV2GEO,United States,street
276a23cba88572ba,"Jones Beach, Nassau County",New York,USA,40.59488,-73.50864,0.99,0.531,validated,CSV2GEO,United States,poi
e4ca1aa69fead32e,"Smith Point Beach, Suffolk County",New York,USA,40.73441,-72.86112,0.99,0.316,validated,CSV2GEO,United States,poi
82c15a969b4670e9,Kralievica,,Croatia,45.274111,14.568854,1.0,,country_mismatch,CSV2GEO,Croatia,
57e3fcd0fd949859,"North of Guadalcanal, Solomon Islands while enroute to Vanuatu",,Solomon Islands,-9.577328,160.145581,1.0,16.161,validated,CSV2GEO,Solomon Islands,
022d49221a47c4d9,ï¿½le Saint-Paul,French Southern Territories,French Southern and Antarctic Lands,-49.280366,69.348557,1.0,4.6,validated,CSV2GEO,French Southern and Antarctic Lands,
1c01be597547acf7,Southern part,Red Sea,Australia,-19.30812,146.84459,0.72,,low_relevance,CSV2GEO,Australia,street
79ef347557b943dd,Vicinity of Abadan,Shatt-al-Arab River,Iran,30.366641,48.275471,1.0,37.883,too_far_inland,CSV2GEO,Iran,
b98fb8d186852e28,"1 km off the mouth of Marsa Bereika, north of Ras Mohammed","South Sinai, Gulf of Aqaba",Egypt,28.970977,33.617577,1.0,42.869,too_far_inland,CSV2GEO,Egypt,
048a50c73aeeb1a9,Chubut Province,Patagonia,ARGENTINA,-45.86611,-67.50393,0.65,,low_relevance,CSV2GEO,Argentina,poi
93a523939ee1762a,Angels Beach East Ballina,NSW,AUSTRALIA,-28.8445,153.59847,1.0,0.952,validated,CSV2GEO,Australia,poi
7c4d7e9ed4e73e55,Avalon Beach,NSW,AUSTRALIA,-33.63583,151.32799,1.0,0.501,validated,CSV2GEO,Australia,city
570f395ee4767624,Cabarita Beach,NSW,AUSTRALIA,-28.33722,153.57381,1.0,1.297,validated,CSV2GEO,Australia,city
7fc0dd366b64ce32,Dee Why,NSW,AUSTRALIA,-33.75363,151.28535,1.0,2.943,validated,CSV2GEO,Australia,city
ff37823b62552d75,Gunyah beach Bundeena Port Hacking,NSW,AUSTRALIA,-34.06684,151.12145,0.42,,low_relevance,CSV2GEO,Australia,city
814b842f165f8e68,Little Avalon Beach,NSW,AUSTRALIA,-33.60481,151.33449,0.92,,country_mismatch,CSV2GEO,Australia,poi
a9d3f85eec6a761e,Long Reef Sydney,NSW,AUSTRALIA,-34.04114,150.82348,0.99,25.24,too_far_inland,CSV2GEO,Australia,street
df1c1a5a67dc1b72,Nielsen Park Vaucluse Sydney Harbour,NSW,AUSTRALIA,-33.85305,151.26743,0.8,,country_mismatch,CSV2GEO,Australia,poi
a7027ecf38c17ffa,Norries Headland Cabarita Beach,NSW,AUSTRALIA,-28.33607,153.57397,0.95,1.303,validated,CSV2GEO,Australia,poi
7dddafde2950fabf,"North Shore Beach, Port Macquarie",NSW,AUSTRALIA,-31.4033,152.90381,0.97,1.289,validated,CSV2GEO,Australia,street
31916c3c5fa26019,North Steyne,NSW,AUSTRALIA,-33.79156,151.287,1.0,1.919,validated,CSV2GEO,Australia,street
0102d1a9b2621ce9,Off Port Stephens near Newcastle,NSW,AUSTRALIA,-32.92868,151.64743,0.65,,low_relevance,CSV2GEO,Australia,street
692684c2e3873185,Point Plomber North of Port Macquarie,NSW,AUSTRALIA,-31.42981,152.90811,0.46,,low_relevance,CSV2GEO,Australia,city
df3bc0a0cf44c79d,Tathra Beach,NSW,AUSTRALIA,-36.72898,149.98725,0.99,,country_mismatch,CSV2GEO,Australia,street
ed7aebad8d6fd290,26 nautical miles out to sea off Lake Macquarie,New South Wales,AUSTRALIA,-33.07655,151.59061,0.5,,low_relevance,CSV2GEO,Australia,city
7ee4d2c46feebee4,"7 Mile Beach, Gerroa",New South Wales,AUSTRALIA,-34.77009,150.81036,1.0,2.319,validated,CSV2GEO,Australia,poi
1d4902dfca0635d3,Avoca,New South Wales,AUSTRALIA,-34.57501,150.47735,1.0,29.808,too_far_inland,CSV2GEO,Australia,city
3a7f24096f02e3ce,Belongil Bay,New South Wales,AUSTRALIA,-28.63143,153.58742,0.88,1.486,validated,CSV2GEO,Australia,street
6e4eb2a9cb2a635e,"Buchan Point, Sydney",New South Wales,AUSTRALIA,-33.85553,150.90266,0.97,24.754,validated,CSV2GEO,Australia,street
bbad451be3241c70,Cabarita Beach,New South Wales,AUSTRALIA,-28.33722,153.57381,1.0,1.297,validated,CSV2GEO,Australia,city
0b86add314974639,Coffs Harbour,New South Wales,AUSTRALIA,-30.2963,153.11413,1.0,2.597,validated,CSV2GEO,Australia,city
6f3452377a9d510a,Coffs Harbor,New South Wales,AUSTRALIA,-30.2963,153.11413,0.96,2.597,validated,CSV2GEO,Australia,city
0ef0f5f61cdd3555,Coffï¿½s Harbor,New South Wales,AUSTRALIA,-30.2963,153.11413,0.85,2.597,validated,CSV2GEO,Australia,city
9af35784593636d7,"Elizabeth Bay, Sydney Harbor",New South Wales,AUSTRALIA,-33.89151,151.20712,0.76,4.58,validated,CSV2GEO,Australia,street
92ffa1bca4ddffa2,Forster,New South Wales,AUSTRALIA,-32.18498,152.51624,1.0,0.811,validated,CSV2GEO,Australia,city
bbf11df5cb4c4d9b,Georges River,New South Wales,AUSTRALIA,-33.8966,151.1032,0.96,10.397,validated,CSV2GEO,Australia,street
a1e1ed6d2e3c9a92,Georges River at Kentucky,New South Wales,AUSTRALIA,-30.75777,151.4514,0.58,,low_relevance,CSV2GEO,Australia,city
e69292946fa6fbe1,Georgeï¿½s River at Kentucky,New South Wales,AUSTRALIA,-30.75777,151.4514,0.55,,low_relevance,CSV2GEO,Australia,city
cc0cc4e3ccf98a43,"Greys Point, Port Hacking",New South Wales,AUSTRALIA,-34.06684,151.12145,0.69,,low_relevance,CSV2GEO,Australia,city
c30f12e3b5933d84,"Greyï¿½s Point, Port Hacking",New South Wales,AUSTRALIA,-34.06684,151.12145,0.65,,low_relevance,CSV2GEO,Australia,city
30ea821ee7faee6b,"Hyams Beach, Jervis Bay",New South Wales,AUSTRALIA,-35.09592,150.6924,1.0,0.82,validated,CSV2GEO,Australia,poi
ca4e89893d7f8fb6,Killick Creek near Crescent Head,New South Wales,AUSTRALIA,-31.16358,152.93168,0.76,4.668,validated,CSV2GEO,Australia,street
7a69155a750b3ce2,"Lambeth Street Wharf, Georges River",New South Wales,AUSTRALIA,-33.9683,150.99734,0.77,10.376,validated,CSV2GEO,Australia,poi
e0dce9b33d764cba,"Lambeth Street Wharf, Georgeï¿½s River",New South Wales,AUSTRALIA,-34.98214,149.38698,0.4,,low_relevance,CSV2GEO,Australia,city
9dd292f649132771,"Lighthouse Beach, Port Macquarie",New South Wales,AUSTRALIA,-31.47829,152.92629,1.0,0.877,validated,CSV2GEO,Australia,poi
e085764fd0ceb5be,"Marks Point, Swan Bay",New South Wales,AUSTRALIA,-29.06735,153.30098,0.64,,low_relevance,CSV2GEO,Australia,city
b45e5f663effe3d3,"Markï¿½s Point, Swan Bay",New South Wales,AUSTRALIA,-33.05632,151.64725,0.79,2.241,validated,CSV2GEO,Australia,street
547f6159fbffc8bd,Nambucca,New South Wales,AUSTRALIA,-30.49955,153.013,0.99,2.696,validated,CSV2GEO,Australia,street
1988c0dd445f873a,"Oatley Bay near Como, Georges River",New South Wales,AUSTRALIA,-33.97927,151.07824,0.56,,low_relevance,CSV2GEO,Australia,street
b54b591737e3a579,"Oatley Bay near Como, Georgeï¿½s River",New South Wales,AUSTRALIA,-33.97927,151.07824,0.53,,low_relevance,CSV2GEO,Australia,street
1471ef44d1473325,Off North Bondi,New South Wales,AUSTRALIA,-33.88471,151.27612,0.88,1.063,validated,CSV2GEO,Australia,city
a52f091bd9fe2113,Old Bar,New South Wales,AUSTRALIA,-31.96889,152.5841,1.0,0.856,validated,CSV2GEO,Australia,city
853e4da3be23fdc1,"Riecks Point, Campbells Beach",New South Wales,AUSTRALIA,-33.88907,151.27646,0.67,,low_relevance,CSV2GEO,Australia,intersection
944e87305c11a5a7,"Riecks Point, Campbellï¿½s Beach",New South Wales,AUSTRALIA,-30.237919,153.152176,1.0,,country_mismatch,CSV2GEO,Australia,
7e4961a0a6cbd1cb,Salt Beach near Kingscliff,New South Wales,AUSTRALIA,-30.16898,153.18532,0.78,0.573,validated,CSV2GEO,Australia,poi
c3972388c75fa9d5,Samurai Beach,New South Wales,AUSTRALIA,-32.76438,152.13396,0.99,0.865,validated,CSV2GEO,Australia,street
b35b75b68957657f,Shellharbour,New South Wales,AUSTRALIA,-34.57575,150.86418,1.0,,country_mismatch,CSV2GEO,Australia,city
e17ca68424ecb9ad,"Shelly Beach, Ballina",New South Wales,AUSTRALIA,-28.86169,153.5942,0.99,1.199,validated,CSV2GEO,Australia,street
dc4b15a89bd4d536,"Shelly Beach, Port Macquarie",New South Wales,AUSTRALIA,-31.45074,152.92987,1.0,0.728,validated,CSV2GEO,Australia,poi
95d0fd75f0eb9685,South Steyne,New South Wales,AUSTRALIA,-33.79854,151.28896,1.0,1.679,validated,CSV2GEO,Australia,street
4f5fd51497dca6e8,"St. Georges River at Moorebank, near Milperra Bridge",New South Wales,AUSTRALIA,-35.07089,150.18231,0.37,,low_relevance,CSV2GEO,Australia,city
e6b0bf80b2327ce2,"St. Georgeï¿½s River at Moorebank, near Milperra Bridge",New South Wales,AUSTRALIA,-33.929175,150.978973,1.0,14.184,validated,CSV2GEO,Australia,
57fca6f8603a65d4,Suffolk Park,New South Wales,AUSTRALIA,-28.68879,153.60789,1.0,1.061,validated,CSV2GEO,Australia,city
b2f28b5569bde1f6,Terrigal Beach,New South Wales,AUSTRALIA,-33.74746,150.88574,0.97,34.671,too_far_inland,CSV2GEO,Australia,street
547348c455f872c0,Tomaree,New South Wales,AUSTRALIA,-32.72355,152.14238,0.99,0.565,validated,CSV2GEO,Australia,street
431e4560d4d7c885,"Town Beach, Port Macquarie",New South Wales,AUSTRALIA,-31.4296,152.91924,1.0,0.447,validated,CSV2GEO,Australia,poi
767796c0bc068206,Turncurry Beach,New South Wales,AUSTRALIA,-32.17507,152.49945,0.78,1.452,validated,CSV2GEO,Australia,city
78742df03c85cb29,Urunga area,New South Wales,AUSTRALIA,-30.49726,153.01477,0.83,2.583,validated,CSV2GEO,Australia,city
a76bc74b95b14d3f,Wamberal Beach,New South Wales,AUSTRALIA,-33.41816,151.44301,0.81,1.219,validated,CSV2GEO,Australia,city
b883f9f415e4b83b,Warriewood,New South Wales,AUSTRALIA,-33.68577,151.2911,1.0,1.851,validated,CSV2GEO,Australia,city
f0d13fa6f5b75a66,Wilsons Headland,New South Wales,AUSTRALIA,-29.82158,153.2922,0.95,0.181,validated,CSV2GEO,Australia,street
f2b22645bb682b95,Windang Beach,New South Wales,AUSTRALIA,-34.53253,150.86859,0.8,0.642,validated,CSV2GEO,Australia,city
1012182d183bf98d,Killick Creek near Crescent Head,New South ales,AUSTRALIA,-31.16358,152.93168,0.75,4.668,validated,CSV2GEO,Australia,street
9f29ea68fcb50405,"Nightcliff Jetty, Darwin",Northern Territory,AUSTRALIA,-12.38772,130.84619,1.0,,country_mismatch,CSV2GEO,Australia,poi
6c8edb9c574af2c3,Off Nhulunbuy,Northern Territory,AUSTRALIA,-12.18705,136.77881,0.9,1.351,validated,CSV2GEO,Australia,city
c23127e560790c98,1770,Queensland,AUSTRALIA,-24.15689,151.88691,1.0,,country_mismatch,CSV2GEO,Australia,city
a0b4565f9ad8da5f,Bargara,Queensland,AUSTRALIA,-24.81922,152.45622,1.0,1.879,validated,CSV2GEO,Australia,city
4c5af84c53206d98,Bargara Beach,Queensland,AUSTRALIA,-24.84925,152.39067,0.97,9.249,validated,CSV2GEO,Australia,street
642fa23c6abb865c,Between Smiths Rock & Moreton Island,Queensland,AUSTRALIA,-27.16353,153.37765,0.56,,low_relevance,CSV2GEO,Australia,city
0578bd3079fa493b,Between Smithï¿½s Rock & Moreton Island,Queensland,AUSTRALIA,-27.16353,153.37765,0.53,,low_relevance,CSV2GEO,Australia,city
8ed7fdc14b6567df,"Blacks Beach, 9 miles north of Mackay",Queensland,AUSTRALIA,-21.05501,149.19216,0.67,,low_relevance,CSV2GEO,Australia,rooftop
d963f75b47036eaa,"Blackï¿½s Beach, 9 miles north of Mackay",Queensland,AUSTRALIA,-21.03556,149.18379,0.51,,low_relevance,CSV2GEO,Australia,rooftop
265e17db9f4bfc66,Britomart Reef,Queensland,AUSTRALIA,-19.19888,146.6672,0.96,1.377,validated,CSV2GEO,Australia,street
71bf469430209a00,Bullcock Beach,Queensland,AUSTRALIA,-26.80509,153.13216,0.93,1.933,validated,CSV2GEO,Australia,poi
879ed4202cc47716,Cairns,Queensland,AUSTRALIA,-16.91887,145.77312,1.0,,country_mismatch,CSV2GEO,Australia,city
2af8e68c9da30cbd,Clack Island,Queensland,AUSTRALIA,-27.61489,153.35678,0.9,,country_mismatch,CSV2GEO,Australia,city
6728be821be67e6f,"Colleges Crossing, 54 miles above mouth of the Brisbane River",Queensland,AUSTRALIA,-27.35753,153.07131,0.44,,low_relevance,CSV2GEO,Australia,rooftop
1ba39b3c773378f0,"Collegeï¿½s Crossing, 54 miles above mouth of the Brisbane River",Queensland,AUSTRALIA,-27.47776,153.03518,0.38,,low_relevance,CSV2GEO,Australia,rooftop
8450050da9e4d9ac,Cook Esplanade Thursday Island,Queensland,AUSTRALIA,-10.57754,142.20719,1.0,,country_mismatch,CSV2GEO,Australia,street
a91a596d84a5a0d0,Curtis Island Near Gladstone QLD central coast,Queensland,AUSTRALIA,-23.86051,151.25187,0.59,,low_relevance,CSV2GEO,Australia,street
d32931e8ae14ced3,"Elliot Head, near Bundaberg.",Queensland,AUSTRALIA,-24.88155,152.47623,0.83,2.139,validated,CSV2GEO,Australia,poi
8f1dbcc62ce97b7c,"Greenmount Beach, Coolangatta",Queensland,AUSTRALIA,-28.16658,153.54458,1.0,,country_mismatch,CSV2GEO,Australia,poi
2081471a0b0a2a79,"Hinchinbrook Channel, Queensland",Queensland,AUSTRALIA,-33.91098,150.86494,0.31,,low_relevance,CSV2GEO,Australia,city
fe1408619e26e7af,"Hook Island, Whitsundays",Queensland,AUSTRALIA,-20.34619,148.95245,0.68,,low_relevance,CSV2GEO,Australia,city
55162e22f41d3b0a,Humpy Island Great Keppel Island,Queensland,AUSTRALIA,-18.73605,146.57985,0.47,,low_relevance,CSV2GEO,Australia,city
8108f797f2c6fb18,"Kings Beach, Caloundra",Queensland,AUSTRALIA,-26.80079,153.14211,0.67,,low_relevance,CSV2GEO,Australia,city
a87c65d674546560,"Kingï¿½s Beach, Caloundra",Queensland,AUSTRALIA,-26.79968,153.14544,0.67,,low_relevance,CSV2GEO,Australia,street
455ae483342012e4,Lady Elliott Island,Queensland,AUSTRALIA,-19.07898,146.471,0.97,,country_mismatch,CSV2GEO,Australia,street
a42548ae510f37ec,Lady Musgrave Island,Queensland,AUSTRALIA,-19.25416,146.70639,0.97,6.91,validated,CSV2GEO,Australia,street
3454f97457201c50,"Lamberts Beach, Mackay",Queensland,AUSTRALIA,-21.06957,149.22469,0.77,,country_mismatch,CSV2GEO,Australia,street
947c4a0b3332f050,"Lambertï¿½s Beach, Mackay",Queensland,AUSTRALIA,-21.07114,149.22886,0.88,,country_mismatch,CSV2GEO,Australia,poi
992cfaec0af44f4d,Line Reef,Queensland,AUSTRALIA,-26.18929,152.65894,0.78,43.018,too_far_inland,CSV2GEO,Australia,street
6f1c5c6ddc2412bc,Lucinda,Queensland,AUSTRALIA,-18.54955,146.29209,1.0,3.403,validated,CSV2GEO,Australia,city
8a68a7e72fa6fdf6,Magra Islet,Queensland,AUSTRALIA,-27.70692,153.22272,0.75,10.799,validated,CSV2GEO,Australia,street
5c19753353920dd3,Maroochydore Beach,Queensland,AUSTRALIA,-26.65145,153.08944,0.99,2.11,validated,CSV2GEO,Australia,street
df8e140b386767f9,Moffat Beach,Queensland,AUSTRALIA,-26.79221,153.13789,1.0,1.543,validated,CSV2GEO,Australia,city
2f13f5dbc04776e3,Mooloolaba Beach,Queensland,AUSTRALIA,-26.67871,153.11931,0.99,0.416,validated,CSV2GEO,Australia,street
2dc9797f4c8c9ce7,North Stradbroke Island,Queensland,AUSTRALIA,-27.50058,153.40978,1.0,0.917,validated,CSV2GEO,Australia,city
d4fa0884fdf48793,"Off Airlie Beach, Whitsundays",Queensland,AUSTRALIA,-20.26907,148.71929,0.6,,low_relevance,CSV2GEO,Australia,city
eeb6710b253e35d3,"Pelican Waters, Caloundra",Queensland,AUSTRALIA,-26.80664,153.11513,0.95,3.516,validated,CSV2GEO,Australia,street
1bd8a8cafd3e4c75,Redcliffe,Queensland,AUSTRALIA,-27.22217,153.10701,1.0,0.82,validated,CSV2GEO,Australia,city
1073052c9344c1ac,"Scotts Point, Redcliffe Peninsula",Queensland,AUSTRALIA,-27.22572,153.08756,0.64,,low_relevance,CSV2GEO,Australia,poi
55105290a35d9573,"Scottï¿½s Point, Redcliffe Peninsula",Queensland,AUSTRALIA,-27.22572,153.08756,0.6,,low_relevance,CSV2GEO,Australia,poi
16c912624a5788f3,"Seaforth River, near MacKay",Queensland,AUSTRALIA,-20.921,148.93097,0.55,,low_relevance,CSV2GEO,Australia,city
a75e290b35d6776c,Southport,Queensland,AUSTRALIA,-27.96507,153.41528,1.0,,country_mismatch,CSV2GEO,Australia,city
8ceff29037c56061,Sudbury Island,Queensland,AUSTRALIA,-9.41185,142.53756,0.78,,country_mismatch,CSV2GEO,Australia,city
feccd6347504538b,Swain Reef,Queensland,AUSTRALIA,-19.2564,146.70471,0.79,7.12,validated,CSV2GEO,Australia,street
72e6ba6e0883f481,The Wrecks walking track Moreton Island,Queensland,AUSTRALIA,-27.18947,153.368,0.8,0.18,validated,CSV2GEO,Australia,poi
e79a1e316dfb9915,Waterford West,Queensland,AUSTRALIA,-27.68969,153.12513,1.0,19.097,validated,CSV2GEO,Australia,city
351517123f86693e,Whitsunday Islands,Queensland,AUSTRALIA,-20.34619,148.95245,0.78,,country_mismatch,CSV2GEO,Australia,city
ff38307e1c5f1eb1,Yandaran Beach,Queensland,AUSTRALIA,-24.72941,152.10129,0.78,12.764,validated,CSV2GEO,Australia,city
dc481ef98fe50179,Yarrabah,Queensland,AUSTRALIA,-16.90716,145.86536,1.0,0.38,validated,CSV2GEO,Australia,city
0598edba1c25a943,Beachport,South Australia,AUSTRALIA,-37.47677,140.05157,1.0,1.195,validated,CSV2GEO,Australia,city
3f37035269096218,Cape Jaffa Limestone Coast,South Australia,AUSTRALIA,-36.95256,139.71764,0.99,1.918,validated,CSV2GEO,Australia,street
8ae5f6d4511f1802,D’Estrees Bay near Kangaroo Island,South Australia,AUSTRALIA,-35.92537,137.60258,0.85,0.902,validated,CSV2GEO,Australia,poi
3fe096a4f5fe400f,Elliston,South Australia,AUSTRALIA,-33.64657,134.89442,1.0,1.173,validated,CSV2GEO,Australia,city
84cad282f9395b93,Ethel Beach,South Australia,AUSTRALIA,-35.51382,138.77512,0.79,2.484,validated,CSV2GEO,Australia,street
dd2f3bc5b3450fd0,Gleneg,South Australia,AUSTRALIA,-34.97828,138.52,0.99,1.294,validated,CSV2GEO,Australia,city
ba809a33a77f34c0,Granites Beach near Westall Streaky Bay,South Australia,AUSTRALIA,-32.88141,134.08467,0.76,,country_mismatch,CSV2GEO,Australia,poi
80bd1e354327837c,Laura Bay,South Australia,AUSTRALIA,-32.22088,133.83337,1.0,2.786,validated,CSV2GEO,Australia,city
0e131d7eb15e421a,Middleton Beach Fleurieu Peninsula Adelaide,South Australia,AUSTRALIA,-34.90437,138.50703,0.65,,low_relevance,CSV2GEO,Australia,street
1c64616f078d3a4d,Port MacDonnell,South Australia,AUSTRALIA,-38.04274,140.69981,1.0,2.893,validated,CSV2GEO,Australia,city
15b65221db9ad022,Seacliff,South Australia,AUSTRALIA,-35.03166,138.5208,1.0,0.686,validated,CSV2GEO,Australia,city
041acececc7328cc,Seacliff beach Adelaide,South Australia,AUSTRALIA,-35.03166,138.5208,0.86,0.686,validated,CSV2GEO,Australia,city
838b164aa7068c50,"Walkers Beach, Elliston",South Australia,AUSTRALIA,-33.64657,134.89442,0.65,,low_relevance,CSV2GEO,Australia,city
3aaf1401f5958e00,West beach Glenelg,South Australia,AUSTRALIA,-34.97828,138.52,0.7,,low_relevance,CSV2GEO,Australia,city
43d27f9dfa6823ff,"Wisemans Beach, Peake Bay",South Australia,AUSTRALIA,-35.36316,139.95087,0.53,,low_relevance,CSV2GEO,Australia,city
316003c64b457cf2,"Wisemanï¿½s Beach, Peake Bay",South Australia,AUSTRALIA,-35.36316,139.95087,0.5,,low_relevance,CSV2GEO,Australia,city
f55ad7f67400cd77,Barren Joey Island,Tasmania,AUSTRALIA,-40.42177,148.0448,0.77,1.152,validated,CSV2GEO,Australia,city
9edac92b7c1e2b7b,Cooee Beach west of Burnie,Tasmania,AUSTRALIA,-41.07173,145.89705,0.6,,low_relevance,CSV2GEO,Australia,street
7889651754093f30,Maatsuyker Island,Tasmania,AUSTRALIA,-43.65244,146.27566,0.85,,country_mismatch,CSV2GEO,Australia,street
a00dec02b07e99df,Nettley Bay,Tasmania,AUSTRALIA,-40.9339,144.63632,0.99,1.222,validated,CSV2GEO,Australia,street
9a76053540127194,Off Stanley,Tasmania,AUSTRALIA,-40.76072,145.28968,0.83,0.14,validated,CSV2GEO,Australia,city
2d54b5ae31664052,Tenth Island,Tasmania,AUSTRALIA,-40.9968,147.09121,0.84,0.034,validated,CSV2GEO,Australia,street
976a64dbd882ae76,13th Beach,Victoria,AUSTRALIA,-38.14025,145.12362,0.99,,country_mismatch,CSV2GEO,Australia,rooftop
70cf825b1899dccc,Elwood,Victoria,AUSTRALIA,-37.88239,144.98426,1.0,1.351,validated,CSV2GEO,Australia,city
b313c01e0f40bf95,"Nun\'s Beach, Portland",Victoria,AUSTRALIA,-38.34188,141.60778,1.0,0.961,validated,CSV2GEO,Australia,poi
6a59e73eb874f17c,Nuns Beach near Portland,Victoria,AUSTRALIA,-38.34188,141.60778,0.86,0.961,validated,CSV2GEO,Australia,poi
82fc6b8d3a9d06c4,Ship\'s Graveyard off Point Lonsdale,Victoria,AUSTRALIA,-38.2778,144.6155,0.55,,low_relevance,CSV2GEO,Australia,city
de2dd6bad40731b6,"Southside Beach, near Geelong",Victoria,AUSTRALIA,-38.131,144.35487,0.61,,low_relevance,CSV2GEO,Australia,street
24af60ddc9f0d106,Duke of Orleans Bay,WA,AUSTRALIA,-33.83436,122.53625,0.67,,low_relevance,CSV2GEO,Australia,street
da4c69215b08a170,Sandtrax Port Beach North Fremantle Perth,WA,AUSTRALIA,-32.03685,115.75132,0.79,1.994,validated,CSV2GEO,Australia,poi
9b9266afe9dda206,Goode Beach,Westerm Australia,AUSTRALIA,-35.0875,117.93754,0.96,0.467,validated,CSV2GEO,Australia,city
0a19b305abffd067,Peak Island,Westerm Australia,AUSTRALIA,-31.76404,115.76108,0.81,3.86,validated,CSV2GEO,Australia,street
21b2c15c1d8bbca5,14 Mile Beach Coral Bay (Gascoyne Region),Western Australia,AUSTRALIA,-23.14346,113.77288,0.49,,low_relevance,CSV2GEO,Australia,city
eda5d7057c331288,"Alexander Bay, Esperance",Western Australia,AUSTRALIA,-33.83059,121.91652,0.92,0.672,validated,CSV2GEO,Australia,street
77126abeb743069a,"Avalon Point, Manurah",Western Australia,AUSTRALIA,-32.59398,115.63748,0.99,0.707,validated,CSV2GEO,Australia,poi
627157bad77351aa,"Beds, Wylie Bay",Western Australia,AUSTRALIA,-33.83049,121.96164,0.86,,country_mismatch,CSV2GEO,Australia,street
9d9f4bbffd0096a4,Blackwall Reach,Western Australia,AUSTRALIA,-41.29876,146.96941,0.6,,low_relevance,CSV2GEO,Australia,city
f91a877defc3b0ee,Blasck Wall Reach Swan River Perth,Western Australia,AUSTRALIA,-32.00513,115.76429,0.64,,low_relevance,CSV2GEO,Australia,street
acfa2a5332ae20fd,Bunker Bay Beach,Western Australia,AUSTRALIA,-33.54404,115.03087,0.97,1.25,validated,CSV2GEO,Australia,street
bf84f211653ffbdc,"Burns Beach, Perth",Western Australia,AUSTRALIA,-31.72815,115.7292,1.0,1.751,validated,CSV2GEO,Australia,city
982284334f8dc7ce,Cape Levï¿½que,Western Australia,AUSTRALIA,-33.62855,115.11459,0.69,,low_relevance,CSV2GEO,Australia,street
bab2a2787b245e40,Cheynes beach,Western Australia,AUSTRALIA,-34.80972,118.25713,0.82,11.245,validated,CSV2GEO,Australia,city
6de1f251ea94e610,"Cull Island, Esperance",Western Australia,AUSTRALIA,-33.82704,121.90899,0.97,1.335,validated,CSV2GEO,Australia,street
a9b4b2c6059be985,Delta Island,Western Australia,AUSTRALIA,-31.76404,115.76108,0.81,3.86,validated,CSV2GEO,Australia,street
04e27711bb0576b7,Denmark,Western Australia,AUSTRALIA,-34.96004,117.35465,1.0,6.518,validated,CSV2GEO,Australia,city
885ccbe300f5df62,Esperance,Western Australia,AUSTRALIA,-33.86217,121.88734,1.0,0.027,validated,CSV2GEO,Australia,city
1c1fd902255b5326,Five Fingers Reef,Western Australia,AUSTRALIA,-31.95266,115.85742,0.52,,low_relevance,CSV2GEO,Australia,region
381c0e30aee6471b,Freemantle,Western Australia,AUSTRALIA,-32.04732,115.75351,0.96,2.322,validated,CSV2GEO,Australia,city
a23d222019f99bd2,Gnarabup Beach,Western Australia,AUSTRALIA,-33.9926,114.99381,0.83,1.872,validated,CSV2GEO,Australia,city
1cc9d6f2d73561f9,Greenough River Mouth Beach Cape Burney 12km south of Geraldton,Western Australia,AUSTRALIA,-28.85971,114.64814,0.5,,low_relevance,CSV2GEO,Australia,rooftop
8021096262287cec,"Guillotines surf break, Shire of Augusta Margaret River",Western Australia,AUSTRALIA,-33.95313,115.07343,0.46,,low_relevance,CSV2GEO,Australia,city
92a9043b3e6376c2,Gum Tree Bay,Western Australia,AUSTRALIA,-31.91554,116.04169,0.88,28.194,too_far_inland,CSV2GEO,Australia,street
3bd1f60c3753f17a,"Honeycombs, 250 km south of Perth",Western Australia,AUSTRALIA,-32.06466,115.75273,0.67,,low_relevance,CSV2GEO,Australia,rooftop
cf9e37ece152d630,Horseshoe Reef Rottnest Island,Western Australia,AUSTRALIA,-31.99889,115.53209,0.7,,low_relevance,CSV2GEO,Australia,city
109043318efea79f,Karratha,Western Australia,AUSTRALIA,-20.73562,116.8442,1.0,2.854,validated,CSV2GEO,Australia,city
4c8f5c6f22e3fdf9,Kelp Beds Beach (Kelpies),Western Australia,AUSTRALIA,-31.95266,115.85742,0.44,,low_relevance,CSV2GEO,Australia,region
0d9fe7d75a0a78e7,"Kurrajong Campground, Exnouth",Western Australia,AUSTRALIA,-31.95266,115.85742,0.38,,low_relevance,CSV2GEO,Australia,region
8420b70e1f10c9bc,Left break at the Hot Spot at Sheringa Beach,Western Australia,AUSTRALIA,,,,,missing_or_invalid_coordinate,CSV2GEO,?,
24ec2b5f3e65689c,Left break at the ï¿½Hot Spotï¿½ at Sheringa Beach,Western Australia,AUSTRALIA,-33.891765,135.188937,1.0,0.049,validated,CSV2GEO,Australia,
3b20ae5f523ac642,"Leighton Beach, south of North Cottesloe",Western Australia,AUSTRALIA,-32.00745,115.7541,0.6,,low_relevance,CSV2GEO,Australia,street
bccbdccb81d42b68,Lighthouse bombie surf spot Exemouth,Western Australia,AUSTRALIA,-21.92899,114.12347,0.48,,low_relevance,CSV2GEO,Australia,city
cfe5831a14038931,"Little Beach Reef, Bremer Bay",Western Australia,AUSTRALIA,-34.39561,119.38229,0.63,,low_relevance,CSV2GEO,Australia,city
55a96e02f735e70c,Lucy\'s Beach,Western Australia,AUSTRALIA,-32.07741,115.75339,0.85,1.927,validated,CSV2GEO,Australia,street
f1236dda4e35e477,"Melaleuca Beach, Cowaramup Bay",Western Australia,AUSTRALIA,-33.85094,115.10286,0.6,,low_relevance,CSV2GEO,Australia,city
4889869b50a34057,Near Coral Bay,Western Australia,AUSTRALIA,-23.14346,113.77288,0.86,2.041,validated,CSV2GEO,Australia,city
015fb6cc1a387250,North Cottesloe,Western Australia,AUSTRALIA,-31.98199,115.76038,0.95,2.204,validated,CSV2GEO,Australia,street
1f1ea4ccea36fe1c,North Lancelin,Western Australia,AUSTRALIA,-31.02151,115.33214,0.83,0.361,validated,CSV2GEO,Australia,city
d15f7eb1adff90d9,Ocean Reef North Perth,Western Australia,AUSTRALIA,-31.7506,115.73293,0.86,1.57,validated,CSV2GEO,Australia,city
c9590d4c922abb49,Oyster Stacks near Exmouth12h15,Western Australia,AUSTRALIA,,,,,missing_or_invalid_coordinate,CSV2GEO,,
1b41cebbe9f0b190,"Port Beach, North Freemantle",Western Australia,AUSTRALIA,,,,,missing_or_invalid_coordinate,CSV2GEO,,
e2a1221c3afa4a28,Prevelly Beach Magaret River,Western Australia,AUSTRALIA,,,,,missing_or_invalid_coordinate,CSV2GEO,,
e2f8ec1bfdb935f0,"Pyramids Beach, Mandurah",Western Australia,AUSTRALIA,,,,,missing_or_invalid_coordinate,CSV2GEO,,
12ade050a3c5f255,"Quinns Rocks, south of Yanchep",Western Australia,AUSTRALIA,,,,,missing_or_invalid_coordinate,CSV2GEO,,
061682a3b4eecf87,"Quinnï¿½s Rocks, south of Yanchep",Western Australia,AUSTRALIA,,,,,missing_or_invalid_coordinate,CSV2GEO,,
e0b8b9ddac57b129,Quondong Beach,Western Australia,AUSTRALIA,,,,,missing_or_invalid_coordinate,CSV2GEO,,
791e8ba7ad3317c0,"Royal Perth Yacht Club, Swan River",Western Australia,AUSTRALIA,,,,,missing_or_invalid_coordinate,CSV2GEO,,
5e0bd16dc3a094a6,"Sandlnd Island, Jurian Bay",Western Australia,AUSTRALIA,,,,,missing_or_invalid_coordinate,CSV2GEO,,
df12d85a89b5671f,Shipwreck Cove,Western Australia,AUSTRALIA,,,,,missing_or_invalid_coordinate,CSV2GEO,,
0eff1fa3456f732c,Swan River Bicton,Western Australia,AUSTRALIA,,,,,missing_or_invalid_coordinate,CSV2GEO,,
ba6b3775ee1bc7ee,"Tantabitti Beach, Nigaloo",Western Australia,AUSTRALIA,,,,,missing_or_invalid_coordinate,CSV2GEO,,
aff7d8e5d9e18666,"Toms Surf break, Hamersley Pool",Western Australia,AUSTRALIA,,,,,missing_or_invalid_coordinate,CSV2GEO,,
0ca4816feb4a3ab4,Trigg beach Sterling,Western Australia,AUSTRALIA,,,,,missing_or_invalid_coordinate,CSV2GEO,,
8dc5c1d8df157860,Two Rocks near Three Mile Reef,Western Australia,AUSTRALIA,,,,,missing_or_invalid_coordinate,CSV2GEO,,
e98da1b48976d927,Varanus Island,Western Australia,AUSTRALIA,,,,,missing_or_invalid_coordinate,CSV2GEO,,
63ef109adc15bba2,Whalers Beach,Western Australia,AUSTRALIA,,,,,missing_or_invalid_coordinate,CSV2GEO,,
7270c81977ba6970,Woodmans Point,Western Australia,AUSTRALIA,,,,,missing_or_invalid_coordinate,CSV2GEO,,
5339a8c6ec6dfad1,Woodmanï¿½s Point,Western Australia,AUSTRALIA,,,,,missing_or_invalid_coordinate,CSV2GEO,,
b6abe78259fb1b70,Yallingup Lagoon,Western Australia,AUSTRALIA,,,,,missing_or_invalid_coordinate,CSV2GEO,,
1c6bc60049ad75f4,"Yallingup, Busselton",Western Australia,AUSTRALIA,,,,,missing_or_invalid_coordinate,CSV2GEO,,
1bc4c3560794620e,Green Cay,,BAHAMAS,,,,,missing_or_invalid_coordinate,CSV2GEO,,
6f2d5afc59c9b675,Wells Cay,,BAHAMAS,,,,,missing_or_invalid_coordinate,CSV2GEO,,
38460ab536e669d8,10 miles west of Walkers Cay,Abaco Islands,BAHAMAS,,,,,missing_or_invalid_coordinate,CSV2GEO,,
7df670e110ca4e1b,10 miles west of Walkerï¿½s Cay,Abaco Islands,BAHAMAS,,,,,missing_or_invalid_coordinate,CSV2GEO,,
b0bf261540319676,Carter\'s Cay,Abaco Islands,BAHAMAS,,,,,missing_or_invalid_coordinate,CSV2GEO,,
3d3e9c3cee4aee37,"Coco Bay, Green Turtle Cay",Abaco Islands,BAHAMAS,,,,,missing_or_invalid_coordinate,CSV2GEO,,
aeebe37b5e5ab529,Great Guana Cay,Abaco Islands,BAHAMAS,,,,,missing_or_invalid_coordinate,CSV2GEO,,
01ccc1f52054c1ec,NoName Cay,Abaco Islands,BAHAMAS,,,,,missing_or_invalid_coordinate,CSV2GEO,,
621ab6e9d7c97d06,Treasure Cay,Abaco Islands,BAHAMAS,,,,,missing_or_invalid_coordinate,CSV2GEO,,
130d9c4b647d3b25,Fresh Creek,Andros Island,BAHAMAS,,,,,missing_or_invalid_coordinate,CSV2GEO,,
ef7eb486de8fac5b,North of Grand Bahama near Freeport,Atlantic Ocean near Big Grand Cay,BAHAMAS,,,,,missing_or_invalid_coordinate,CSV2GEO,,
d752a1a7b974f006,Tongue of the Ocean,Bimini Islands,BAHAMAS,,,,,missing_or_invalid_coordinate,CSV2GEO,,
b50030c20931d4b9,Flying Fish Marina,Clarence Town Long Isand,BAHAMAS,,,,,missing_or_invalid_coordinate,CSV2GEO,,
65748b233e0b4222,Compass Cay,Exumas,BAHAMAS,,,,,missing_or_invalid_coordinate,CSV2GEO,,
df26c04e2b50da1a,"Pig Beach, Pig Island",Exumas,BAHAMAS,,,,,missing_or_invalid_coordinate,CSV2GEO,,
5dbba2129aa0ad23,Shark Junction,Freeport,BAHAMAS,,,,,missing_or_invalid_coordinate,CSV2GEO,,
283a9beeb532033f,East End Point,Grand Bahama Island,BAHAMAS,,,,,missing_or_invalid_coordinate,CSV2GEO,,
e979e375736b3855,Sandy Cay,Grand Bahama Island,BAHAMAS,,,,,missing_or_invalid_coordinate,CSV2GEO,,
4dd88bb2da3b5766,Spanish Cay,Great Abaco Islands,BAHAMAS,,,,,missing_or_invalid_coordinate,CSV2GEO,,
a7fa8349c8c5f2dd,Rose Island,Lucayan Archipelago,BAHAMAS,,,,,missing_or_invalid_coordinate,CSV2GEO,,
040ca7eb86b2825d,Athol Island,Lucayan Lucayan Archipelago,BAHAMAS,,,,,missing_or_invalid_coordinate,CSV2GEO,,
436d668f80a00304,Sandals Resort,New Providence Isoad,BAHAMAS,,,,,missing_or_invalid_coordinate,CSV2GEO,,
d017cf47bb746ddf,"Saunders Beach, Nassau",New Providence Isoad,BAHAMAS,,,,,missing_or_invalid_coordinate,CSV2GEO,,
e34248dce7cb3b46,Paradise Island Resort,Paradise Island,BAHAMAS,,,,,missing_or_invalid_coordinate,CSV2GEO,,
aa0dd107b9c51f87,Compass Cay,The Exuma Cays,BAHAMAS,,,,,missing_or_invalid_coordinate,CSV2GEO,,
99ba851fef078d39,Great Exuma,The Exuma Cays,BAHAMAS,,,,,missing_or_invalid_coordinate,CSV2GEO,,
25c864dc043eaed1,Staniel Cay,The Exuma Cays,BAHAMAS,,,,,missing_or_invalid_coordinate,CSV2GEO,,
71a7873b8021d43b,Off San Pedro,Ambergris Cay,BELIZE,,,,,missing_or_invalid_coordinate,CSV2GEO,,
28cc822500164432,"San Pedro, Ambergris Caye",Belize District,BELIZE,,,,,missing_or_invalid_coordinate,CSV2GEO,,
9823c8d15a101f7e,Central America,Gulf of Honduras,BELIZE,,,,,missing_or_invalid_coordinate,CSV2GEO,,
719535539435f8f6,Ilhï¿½us,Bahia,BRAZIL,,,,,missing_or_invalid_coordinate,CSV2GEO,,
34e17eaecb4e050e,Estaleirinho beach,Balneï¿½rio Camboriï¿½,BRAZIL,,,,,missing_or_invalid_coordinate,CSV2GEO,,
3251f79317c2f916,Cacimba do Padre,Fernando de Noronha,BRAZIL,,,,,missing_or_invalid_coordinate,CSV2GEO,,
d8630d617b34649b,Praia de Porto,Fernando de Noronha,BRAZIL,,,,,missing_or_invalid_coordinate,CSV2GEO,,
7536957352d77e82,Olho d\'Água,Maranhão,BRAZIL,,,,,missing_or_invalid_coordinate,CSV2GEO,,
bf1d3a70e60052e8,"Praia de Sï¿½o Marcus, Sï¿½o Luiz",Maranhï¿½o,BRAZIL,,,,,missing_or_invalid_coordinate,CSV2GEO,,
b22d5eb9c2a76689,"Praia do Olho D\'ï¿½gua, Sï¿½o Luis",Maranhï¿½o,BRAZIL,,,,,missing_or_invalid_coordinate,CSV2GEO,,
be853ada9d3896c3,Cacimba do Padre Beach,Pernambuco,BRAZIL,,,,,missing_or_invalid_coordinate,CSV2GEO,,
620a55f38c66db40,Itamaracï¿½,Pernambuco,BRAZIL,,,,,missing_or_invalid_coordinate,CSV2GEO,,
f4f74d46b57a9d46,Praia de Milagres,Pernambuco,BRAZIL,,,,,missing_or_invalid_coordinate,CSV2GEO,,
1f6915d8037e429e,"Praia del Chifre, Olinda",Pernambuco,BRAZIL,,,,,missing_or_invalid_coordinate,CSV2GEO,,
a8f3a393c2e5bdc4,Del Chifre Beach in Olinda,Recife,BRAZIL,,,,,missing_or_invalid_coordinate,CSV2GEO,,
a3073a8133572ec9,Escalerio Beach Balneï¿½rio Camboriï¿½,Santa Catarina State,BRAZIL,,,,,missing_or_invalid_coordinate,CSV2GEO,,
955c6e8dfbcc1559,Boqueirão Beach,São Paulo.,BRAZIL,,,,,missing_or_invalid_coordinate,CSV2GEO,,
3f1f3aeac09368c5,Ubatuba Beach,São Paulo.,BRAZIL,,,,,missing_or_invalid_coordinate,CSV2GEO,,
43cc9df815c89f24,"Tofino, Vancouver",British Colombia,CANADA,,,,,missing_or_invalid_coordinate,CSV2GEO,,
3cdc013a199502d3,Cape Breton Island,Nova Scotia,CANADA,,,,,missing_or_invalid_coordinate,CSV2GEO,,
b222abc8415ff5a7,Los Mollinas,Fuerteventura,CANARY ISLANDS,,,,,missing_or_invalid_coordinate,CSV2GEO,,
c0eb2cdb99d79c63,Sï¿½o Vicente,Barlavento Islands,CAPE VERDE,,,,,missing_or_invalid_coordinate,CSV2GEO,,
fe3af35853667b50,Stingray City Bar,Grand Cayman,CAYMAN ISLANDS,,,,,missing_or_invalid_coordinate,CSV2GEO,,
bb36e9d4023d1fcf,Caribbean Sea,Little Cayman Island,CAYMAN ISLANDS,,,,,missing_or_invalid_coordinate,CSV2GEO,,
d2181f8c6d56e415,Shopping mall aquarium in Guiyang City,Guizhou Province,CHINA,,,,,missing_or_invalid_coordinate,CSV2GEO,,
abd30b19f8acb0fd,"Laohutan Ocean Park Aquarium, Dalian City",Liaoning Province,CHINA,,,,,missing_or_invalid_coordinate,CSV2GEO,,
79f202c41b2a5b82,Nirvana,San Andrés Island,COLOMBIA,,,,,missing_or_invalid_coordinate,CSV2GEO,,
d2524623c25e2577,Catagena Province,"Bolivar, del Isolate",COLUMBIA,,,,,missing_or_invalid_coordinate,CSV2GEO,,
b80ced883ebea744,La Piscinita,Isla De San Andres,COLUMBIA,,,,,missing_or_invalid_coordinate,CSV2GEO,,
f4382d73962a1a48,"Makuaka Caï¿½o, Taganga",Magdalena Department,COLUMBIA,,,,,missing_or_invalid_coordinate,CSV2GEO,,
c0b59ed7dae9bc2a,Albuquerque Cay,San Andrï¿½s archipelago,COLUMBIA,,,,,missing_or_invalid_coordinate,CSV2GEO,,
ae8302a2ab0f7287,Cocos Islands,,COSTA RICA,,,,,missing_or_invalid_coordinate,CSV2GEO,,
e55f8c52c6c28202,Playa Del Coco,Guanacoste,COSTA RICA,,,,,missing_or_invalid_coordinate,CSV2GEO,,
80264d6680a1639f,Parismina,Limï¿½n Province,COSTA RICA,,,,,missing_or_invalid_coordinate,CSV2GEO,,
bbc9a3b4346ca2a5,Buccari Bay,,CROATIA,,,,,missing_or_invalid_coordinate,CSV2GEO,,
3efd9ebd1e41553d,Ika,Istria,CROATIA,,,,,missing_or_invalid_coordinate,CSV2GEO,,
c044ea2fa268c7a6,Mo?eni?ka Draga,Primorje-Gorski Kotar County,CROATIA,,,,,missing_or_invalid_coordinate,CSV2GEO,,
4728980402e7c998,Moï¿½?eni?ka Draga,Primorje-Gorski Kotar County,CROATIA,,,,,missing_or_invalid_coordinate,CSV2GEO,,
e301431d292f8c80,Mošćenička Draga,Primorje-Gorski Kotar County,CROATIA,,,,,missing_or_invalid_coordinate,CSV2GEO,,
94f0ee0f63601846,"Sućuraj, Hvar Island","Split-Dalmatia Count,",CROATIA,,,,,missing_or_invalid_coordinate,CSV2GEO,,
e4be785e3038ab31,Playa Majana,Artemisa,CUBA,,,,,missing_or_invalid_coordinate,CSV2GEO,,
0b36563aac8841f3,20 miles from Havana,Caribbean Sea,CUBA,,,,,missing_or_invalid_coordinate,CSV2GEO,,
40fed1507125e57d,Guardalavaca Beach,Holquin,CUBA,,,,,missing_or_invalid_coordinate,CSV2GEO,,
0b73607353b9b557,Puerto Escondido,Mayabeque,CUBA,,,,,missing_or_invalid_coordinate,CSV2GEO,,
7f020f18651fa661,Playa Jackson,Samanï¿½ Province,DOMINICAN REPUBLIC,,,,,missing_or_invalid_coordinate,CSV2GEO,,
9126d81db57c60d9,Mosquera Islet,Galapagos Islands,ECUADOR,,,,,missing_or_invalid_coordinate,CSV2GEO,,
134cea4a075f5e57,Barandï¿½a Beach,Santa Elena,ECUADOR,,,,,missing_or_invalid_coordinate,CSV2GEO,,
47ecb646a64daa82,Brothers Island,,EGYPT,,,,,missing_or_invalid_coordinate,CSV2GEO,,
6232ad376a99604c,Brothers\' Island,,EGYPT,,,,,missing_or_invalid_coordinate,CSV2GEO,,
fbae2930dbfc9276,Sidi Abdel Rahmen,,EGYPT,,,,,missing_or_invalid_coordinate,CSV2GEO,,
3d01d852fc5d817d,Daedalus Reefï¿½,Red Sea,EGYPT,,,,,missing_or_invalid_coordinate,CSV2GEO,,
c90a8c343bdf3442,"Dream Beach, Hurguda",Red Sea Protectorate,EGYPT,,,,,missing_or_invalid_coordinate,CSV2GEO,,
6b7ff5837217218a,Marsa Alam,Red Sea Protectorate,EGYPT,,,,,missing_or_invalid_coordinate,CSV2GEO,,
ca2101dd6f09b263,"Shaab Mahmud, Ras Mohamed Park",Sinai Peninsula,EGYPT,,,,,missing_or_invalid_coordinate,CSV2GEO,,
a4bcfafcffc9609d,"Shaï¿½ab Mahmud, Ras Mohamed Park",Sinai Peninsula,EGYPT,,,,,missing_or_invalid_coordinate,CSV2GEO,,
839f6eeaf57ad4a2,Dahab,South Sinai,EGYPT,,,,,missing_or_invalid_coordinate,CSV2GEO,,
4b6e7037a5b632b5,Marsa Alam,South Sinai,EGYPT,,,,,missing_or_invalid_coordinate,CSV2GEO,,
2a2e2a05c784bc1d,"Shark Reef, Ras Muhammed",South Sinai,EGYPT,,,,,missing_or_invalid_coordinate,CSV2GEO,,
635c8ab8b9eba5f8,Sharm-el-Sheikh,South Sinai Peninsula,EGYPT,,,,,missing_or_invalid_coordinate,CSV2GEO,,
65802068825a6e17,Fury Shoal,Southern Red Sea,EGYPT,,,,,missing_or_invalid_coordinate,CSV2GEO,,
eb6a8d3f04565c92,Port Said,Suez Canal,EGYPT,,,,,missing_or_invalid_coordinate,CSV2GEO,,
75866f2742e1d57e,Penzance,Cornwall,ENGLAND,,,,,missing_or_invalid_coordinate,CSV2GEO,,
f80412b2edf83b18,Littlehampton,West Sussex,ENGLAND,,,,,missing_or_invalid_coordinate,CSV2GEO,,
114940842236d6ef,Beqa,,FIJI,,,,,missing_or_invalid_coordinate,CSV2GEO,,
da5b460b720124af,reef 40km east Vanua Levu,,FIJI,,,,,missing_or_invalid_coordinate,CSV2GEO,,
a3ddc03eab40ef94,Ura Estate,Taveuni Island,FIJI,,,,,missing_or_invalid_coordinate,CSV2GEO,,
ccc3efc7ca32e092,Cakau Levu,Vanua Levu,FIJI,,,,,missing_or_invalid_coordinate,CSV2GEO,,
a1341dce01b73ab4,Dawara,Vanua Levu,FIJI,,,,,missing_or_invalid_coordinate,CSV2GEO,,
0c2ff639760dbabf,"Tawake, Cakaudrove",Vanua Levu,FIJI,,,,,missing_or_invalid_coordinate,CSV2GEO,,
a70a4b7eed568c0d,Makemo atoll,,FRENCH POLYNESIA,,,,,missing_or_invalid_coordinate,CSV2GEO,,
0bb799fbb4e272b0,To\'opua,Bora Bora,FRENCH POLYNESIA,,,,,missing_or_invalid_coordinate,CSV2GEO,,
921e9b1e27467b0c,Mangareva Atoll,Gambier Islands,FRENCH POLYNESIA,,,,,missing_or_invalid_coordinate,CSV2GEO,,
ecef1b8d9f2522b0,Ua Huka,Marquesas,FRENCH POLYNESIA,,,,,missing_or_invalid_coordinate,CSV2GEO,,
cc37bffebae6a657,Ua Pou,Marquesas,FRENCH POLYNESIA,,,,,missing_or_invalid_coordinate,CSV2GEO,,
f3e67291c3e9ba08,Hakahau Bay,Marquesas Islands,FRENCH POLYNESIA,,,,,missing_or_invalid_coordinate,CSV2GEO,,
f90a4458787e1726,Afareitu Lagoonarium.,Moorea,FRENCH POLYNESIA,,,,,missing_or_invalid_coordinate,CSV2GEO,,
d1721043165edf4a,Opunohu Bay,Moorea,FRENCH POLYNESIA,,,,,missing_or_invalid_coordinate,CSV2GEO,,
44862f402dd3ddde,Taiohae Bay,Nuku Hiva,FRENCH POLYNESIA,,,,,missing_or_invalid_coordinate,CSV2GEO,,
07eae3ff5f41b898,"Matavai Bay, Arue",Tahiti,FRENCH POLYNESIA,,,,,missing_or_invalid_coordinate,CSV2GEO,,
2d9a9756220bfe0d,"Pointe des pêcheurs, Punaahuia",Tahiti,FRENCH POLYNESIA,,,,,missing_or_invalid_coordinate,CSV2GEO,,
70bf8e16e7eb1247,Rangiroa,Tahiti,FRENCH POLYNESIA,,,,,missing_or_invalid_coordinate,CSV2GEO,,
dd65a231fe152f14,Tautira,Tahiti,FRENCH POLYNESIA,,,,,missing_or_invalid_coordinate,CSV2GEO,,
680eec2cbf0b97a2,Vallée Blanche,Tahiti,FRENCH POLYNESIA,,,,,missing_or_invalid_coordinate,CSV2GEO,,
0b02c69b3ef2b234,Tikehau,Tuamotu Islands,FRENCH POLYNESIA,,,,,missing_or_invalid_coordinate,CSV2GEO,,
b59813f532112e4e,Ahï¿½ Atoll,Tuamotus,FRENCH POLYNESIA,,,,,missing_or_invalid_coordinate,CSV2GEO,,
756ac9895bf2325e,Kï¿½rkira,Corfu Island,GREECE,,,,,missing_or_invalid_coordinate,CSV2GEO,,
77c576a9c4f582d9,Achang Reef,Merizo,GUAM,,,,,missing_or_invalid_coordinate,CSV2GEO,,
65554908e24507b8,Aux Cayes (now Les Cayes),Tiburon Peninsula,HAITI,,,,,missing_or_invalid_coordinate,CSV2GEO,,
aee3e4b483a711a7,Sand Piles Waiehu Beach Park,Maui,HAWAII,,,,,missing_or_invalid_coordinate,CSV2GEO,,
a7f1f5e31ee02758,Atlantida,Tela,HONDURAS,,,,,missing_or_invalid_coordinate,CSV2GEO,,
fedb1eb5a980e87b,Puerto Castillo,Trujillo Colon,HONDURAS,,,,,missing_or_invalid_coordinate,CSV2GEO,,
293b85e142f300c9,"Vaitarna River, Palghar District",Maharashtra,INDIA,,,,,missing_or_invalid_coordinate,CSV2GEO,,
80dbb15465bdb2a4,300 nm from shore,West of Ceylon (Sri Lanka),INDIAN OCEAN,,,,,missing_or_invalid_coordinate,CSV2GEO,,
b27982c1349830d3,Pulau Reong Island,Timor Leste,INDONESIA,,,,,missing_or_invalid_coordinate,CSV2GEO,,
e05acdcab8362e31,Haifa,,ISRAEL,,,,,missing_or_invalid_coordinate,CSV2GEO,,
d25945cdc45948f7,Olga Beach near Hadera Stream,Hadera,ISRAEL,,,,,missing_or_invalid_coordinate,CSV2GEO,,
31fa0ba45bb42d68,Torino di Sangro,"Chieti, Province",ITALY,,,,,missing_or_invalid_coordinate,CSV2GEO,,
b298511e92b010ba,Cervara,Genoa Province,ITALY,,,,,missing_or_invalid_coordinate,CSV2GEO,,
ce152f9aa06dc980,Acqua alta research platform,Golfo de Venezia,ITALY,,,,,missing_or_invalid_coordinate,CSV2GEO,,
08e96772a1396ffc,Borgeo Verezzi,Liguria,ITALY,,,,,missing_or_invalid_coordinate,CSV2GEO,,
b9984124223bedab,12 miles off Senigallia (Adriatic Sea),Marches region,ITALY,,,,,missing_or_invalid_coordinate,CSV2GEO,,
c58d61b49039512f,Elba Island,Tuscany,ITALY,,,,,missing_or_invalid_coordinate,CSV2GEO,,
1bbfc675a7bd95d1,"Coal wharf, Port Royal",Kingston Parish,JAMAICA,,,,,missing_or_invalid_coordinate,CSV2GEO,,
06bcbf3187fd5a1d,"East Beach, Kingston",Kingston Parish,JAMAICA,,,,,missing_or_invalid_coordinate,CSV2GEO,,
7b69ff76bba7e79f,Falmouth,Montego Bay,JAMAICA,,,,,missing_or_invalid_coordinate,CSV2GEO,,
4e3318b66ba6cab0,Rose Hall beach,Montego Bay,JAMAICA,,,,,missing_or_invalid_coordinate,CSV2GEO,,
01754b5900cba4d2,James Bond Beach,St. Marys Parish,JAMAICA,,,,,missing_or_invalid_coordinate,CSV2GEO,,
b9f6852b0cf44515,"Little Bay, Little London",Westmoreland Parish,JAMAICA,,,,,missing_or_invalid_coordinate,CSV2GEO,,
f2127483e369e651,Nago,Okinawa,JAPAN,,,,,missing_or_invalid_coordinate,CSV2GEO,,
5c736f7825de40ea,Indian Ocean,Maahvah Laamu Atoll,MALDIVE ISLANDS,,,,,missing_or_invalid_coordinate,CSV2GEO,,
39ae1db70b647548,Unspecified,Nunu Atoll,MALDIVE ISLANDS,,,,,missing_or_invalid_coordinate,CSV2GEO,,
1332f32c5d164bcb,"Maafilaafushi Island, Lhaviyani Atoll",,MALDIVES,,,,,missing_or_invalid_coordinate,CSV2GEO,,
ce955ded06875fef,Kooddoo,Gaafu Alif Atoll,MALDIVES,,,,,missing_or_invalid_coordinate,CSV2GEO,,
5f2c9dbf6a89c853,Maafushi,Kaafu,MALDIVES,,,,,missing_or_invalid_coordinate,CSV2GEO,,
ed12c51100b05526,Haa Dhaalu atoll,Kulhudhuffushi City,MALDIVES,,,,,missing_or_invalid_coordinate,CSV2GEO,,
e53abba54a0cfd1a,Faadoo Island,Raa Atoll,MALDIVES,,,,,missing_or_invalid_coordinate,CSV2GEO,,
a19d9ac9de1b97d4,Lagoon along Sand Island,Eniwetok Atoll,MARSHALL ISLANDS,,,,,missing_or_invalid_coordinate,CSV2GEO,,
bfb0995f4ad833f9,Magdalena Bay,Baja,MEXICO,,,,,missing_or_invalid_coordinate,CSV2GEO,,
b0264761edb3e944,"Boca de la Leï¿½a, La Uniï¿½n",Guerrero,MEXICO,,,,,missing_or_invalid_coordinate,CSV2GEO,,
cfa34ba130dafa1e,Off Barra Vieja,Guerrero,MEXICO,,,,,missing_or_invalid_coordinate,CSV2GEO,,
8545c109770bb769,Troncones,Guerrero,MEXICO,,,,,missing_or_invalid_coordinate,CSV2GEO,,
7e47549b8e904daa,Tobari Bay,Gulf of California,MEXICO,,,,,missing_or_invalid_coordinate,CSV2GEO,,
ceb73260e3580819,San Patricio Melaque,Jalisco,MEXICO,,,,,missing_or_invalid_coordinate,CSV2GEO,,
242cb2512bfa34c6,Cabo Catoche,Quinta Roo,MEXICO,,,,,missing_or_invalid_coordinate,CSV2GEO,,
38bcfb3fd0f0a9cc,Banco Chinchorro Biosphere Reserve,Quintana Roo,MEXICO,,,,,missing_or_invalid_coordinate,CSV2GEO,,
894407a13f0e8486,Cancún,Quintana Roo,MEXICO,,,,,missing_or_invalid_coordinate,CSV2GEO,,
10313c9f47a70bc9,Mahahual,Quintana Roo,MEXICO,,,,,missing_or_invalid_coordinate,CSV2GEO,,
44edccfda5e8319c,Chac Mool Beach Cancun,Quntana Roo,MEXICO,,,,,missing_or_invalid_coordinate,CSV2GEO,,
7f93a45b4927486c,Mazatlï¿½n,Sinaloa,MEXICO,,,,,missing_or_invalid_coordinate,CSV2GEO,,
ef4c5c0c774bbcaf,Southeast of Puerto Peñasco,Sonora,MEXICO,,,,,missing_or_invalid_coordinate,CSV2GEO,,
eee4a0f38f6fc784,"Tojahui Beach, Yavaros",Sonora,MEXICO,,,,,missing_or_invalid_coordinate,CSV2GEO,,
99f7e07b7aa21392,Yavaros,Sonora,MEXICO,,,,,missing_or_invalid_coordinate,CSV2GEO,,
6fe8992d38f141e2,"Sï¿½nchez Magallanes, Cï¿½rdenas",Tabasco,MEXICO,,,,,missing_or_invalid_coordinate,CSV2GEO,,
6a53d418f66e2bba,"Playa Baghdad, Matamoros",Tamaulipas,MEXICO,,,,,missing_or_invalid_coordinate,CSV2GEO,,
1c1ec230b9934644,West of Dakhla,Southern Morocco,MOROCCO,,,,,missing_or_invalid_coordinate,CSV2GEO,,
1898b3f3ab04bd91,?,?,MOZAMBIQUE,,,,,missing_or_invalid_coordinate,CSV2GEO,,
76cd92b233a1e622,Chicuque Beac Maxixe City,Inhambane Province,MOZAMBIQUE,,,,,missing_or_invalid_coordinate,CSV2GEO,,
5bb5148a1c1bfdd0,Vilankulo Bay,Inhambane Province,MOZAMBIQUE,,,,,missing_or_invalid_coordinate,CSV2GEO,,
8c82e0cbef3e1c4a,Prainha,Inhambe Province,MOZAMBIQUE,,,,,missing_or_invalid_coordinate,CSV2GEO,,
3306b5c5b0ff3a7a,Vilanculous District,Inhambe Province,MOZAMBIQUE,,,,,missing_or_invalid_coordinate,CSV2GEO,,
0f73bb3421992d60,Ponto do Ouro,Maputo Province,MOZAMBIQUE,,,,,missing_or_invalid_coordinate,CSV2GEO,,
238cae95dd374b0e,Beira,Sofala Province,MOZAMBIQUE,,,,,missing_or_invalid_coordinate,CSV2GEO,,
79003327b71fbae8,Castle Beach,,NEVIS,,,,,missing_or_invalid_coordinate,CSV2GEO,,
930f2fb2dfa86b99,Calana,,NEW CALEDONIA,,,,,missing_or_invalid_coordinate,CSV2GEO,,
a8c1c01d47001ca4,"Cï¿½te-Blanche, Noumï¿½a",,NEW CALEDONIA,,,,,missing_or_invalid_coordinate,CSV2GEO,,
dfbc104b01acb9d2,I\'îot Maître,,NEW CALEDONIA,,,,,missing_or_invalid_coordinate,CSV2GEO,,
86b2e34b9b4aa48b,ï¿½le de Sable,,NEW CALEDONIA,,,,,missing_or_invalid_coordinate,CSV2GEO,,
9ce03d987c5b5fe2,Cook Reef,Bélep Islands,NEW CALEDONIA,,,,,missing_or_invalid_coordinate,CSV2GEO,,
00962b4520c4164a,Islet of Kendek near Koumac,Grande Terre,NEW CALEDONIA,,,,,missing_or_invalid_coordinate,CSV2GEO,,
3b145dc2d4c765bc,Between Bourail and Moindou,Kélé,NEW CALEDONIA,,,,,missing_or_invalid_coordinate,CSV2GEO,,
01e8f2ac8a98d807,"Bay of Bweedro, Ouvï¿½a",Loyalty Islands,NEW CALEDONIA,,,,,missing_or_invalid_coordinate,CSV2GEO,,
89f99c5fb00b348f,Marï¿½,Loyalty Islands,NEW CALEDONIA,,,,,missing_or_invalid_coordinate,CSV2GEO,,
e867840ad614a5e4,Ouvï¿½a,Loyalty Islands,NEW CALEDONIA,,,,,missing_or_invalid_coordinate,CSV2GEO,,
f2906af9e10ae891,Hienghï¿½ne,North Province,NEW CALEDONIA,,,,,missing_or_invalid_coordinate,CSV2GEO,,
0a66bf907eaca93d,Ile Yandï¿½ (between Poum and Bï¿½lep),North Province,NEW CALEDONIA,,,,,missing_or_invalid_coordinate,CSV2GEO,,
c4e1efd931e6c5ed,"Lindï¿½ralique, Hienghï¿½ne",North Province,NEW CALEDONIA,,,,,missing_or_invalid_coordinate,CSV2GEO,,
2f2af59f6e9d44db,Poindimiï¿½,North Province,NEW CALEDONIA,,,,,missing_or_invalid_coordinate,CSV2GEO,,
0250f27a15d322ea,Anse Vata near Point Magnin,Noumea,NEW CALEDONIA,,,,,missing_or_invalid_coordinate,CSV2GEO,,
1555704f6ec5158c,Port South Marina,Noumea,NEW CALEDONIA,,,,,missing_or_invalid_coordinate,CSV2GEO,,
d407b30aa03a4184,CHS Beach,Nouville,NEW CALEDONIA,,,,,missing_or_invalid_coordinate,CSV2GEO,,
0996e3c42df96f7c,Twagne,Poum,NEW CALEDONIA,,,,,missing_or_invalid_coordinate,CSV2GEO,,
97931a91ba2f2084,"Chateau Royal Beach, Noumea",South Province,NEW CALEDONIA,,,,,missing_or_invalid_coordinate,CSV2GEO,,
229ee70b93ed1656,"Château-Royal Beach, Noumea",South Province,NEW CALEDONIA,,,,,missing_or_invalid_coordinate,CSV2GEO,,
5af06f33bbc87f3d,Dumbï¿½a,South Province,NEW CALEDONIA,,,,,missing_or_invalid_coordinate,CSV2GEO,,
eec3de54b9025d8a,"Plateau de Ricaudy, Nouméa",South Province,NEW CALEDONIA,,,,,missing_or_invalid_coordinate,CSV2GEO,,
87c0b72233b3f97c,St. Vincent Bay,South Province,NEW CALEDONIA,,,,,missing_or_invalid_coordinate,CSV2GEO,,
2894432b650bf943,ï¿½le de Casey,South Province,NEW CALEDONIA,,,,,missing_or_invalid_coordinate,CSV2GEO,,
e92a441a0c3091c6,Chatham Islands,Bay of Waitangi,NEW ZEALAND,,,,,missing_or_invalid_coordinate,CSV2GEO,,
088a24385d0e4dda,Pitt Island or Chatham Island,Chatham Islands,NEW ZEALAND,,,,,missing_or_invalid_coordinate,CSV2GEO,,
7bfe36313739af6e,Baylys Beach,North Island,NEW ZEALAND,,,,,missing_or_invalid_coordinate,CSV2GEO,,
45b996dbb358e78a,Cape Pallister,North Island,NEW ZEALAND,,,,,missing_or_invalid_coordinate,CSV2GEO,,
c4d0d35371ee117c,Matauri Bay,North Island,NEW ZEALAND,,,,,missing_or_invalid_coordinate,CSV2GEO,,
a77b5658a706612b,Pauanui Beach,North Island,NEW ZEALAND,,,,,missing_or_invalid_coordinate,CSV2GEO,,
b0f8cf7530195dbe,"Stanmore Bay, Auckland",North Island,NEW ZEALAND,,,,,missing_or_invalid_coordinate,CSV2GEO,,
f44e09f7ae5c8616,Ti Point,North Island,NEW ZEALAND,,,,,missing_or_invalid_coordinate,CSV2GEO,,
af984bbe1f130a9d,"Waihī Beach, Bay of Plenty",North Island,NEW ZEALAND,,,,,missing_or_invalid_coordinate,CSV2GEO,,
a2e9f136d34be507,Whangarei,North Island,NEW ZEALAND,,,,,missing_or_invalid_coordinate,CSV2GEO,,
781af1296feae59a,"Whiritoa, Eastern Cormandel",North Island,NEW ZEALAND,,,,,missing_or_invalid_coordinate,CSV2GEO,,
9eafd2de14f000ac,White Island,North Island,NEW ZEALAND,,,,,missing_or_invalid_coordinate,CSV2GEO,,
73d43a6b2777a500,90 Mile Beach,Northlands,NEW ZEALAND,,,,,missing_or_invalid_coordinate,CSV2GEO,,
091ee41f559582ea,Cobden,South Island,NEW ZEALAND,,,,,missing_or_invalid_coordinate,CSV2GEO,,
1160e6238171417b,"Friendly Bay, Oamaru",South Island,NEW ZEALAND,,,,,missing_or_invalid_coordinate,CSV2GEO,,
4bd37e71e3cbc237,Marfells Beach,South Island,NEW ZEALAND,,,,,missing_or_invalid_coordinate,CSV2GEO,,
c7bc4d2b96734fe0,Pororari River,South Island,NEW ZEALAND,,,,,missing_or_invalid_coordinate,CSV2GEO,,
c73bbe025eaa9558,Riverton,South Island,NEW ZEALAND,,,,,missing_or_invalid_coordinate,CSV2GEO,,
ae0e014eea724563,"Aircraft went down on 6, 12",,NORTH PACIFIC OCEAN,,,,,missing_or_invalid_coordinate,CSV2GEO,,
9a20a2282522b94a,Sjï¿½strand,Oslo Fjord,NORWAY,,,,,missing_or_invalid_coordinate,CSV2GEO,,
a2387a865b506cb1,In Los Angeles  Honolulu yacht race,,PACIFIC OCEAN,,,,,missing_or_invalid_coordinate,CSV2GEO,,
42f360929d8a6166,In Los Angeles ï¿½ Honolulu yacht race,,PACIFIC OCEAN,,,,,missing_or_invalid_coordinate,CSV2GEO,,
e43b96299ff14e91,22ï¿½08\'S : 178ï¿½06\'W,Near the Fiji Islands,PACIFIC OCEAN,,,,,missing_or_invalid_coordinate,CSV2GEO,,
24ce617e1485705a,"Jarque, just south of Piňas Bay",,PANAMA,,,,,missing_or_invalid_coordinate,CSV2GEO,,
20537d33f17713ca,Playa La Cabaï¿½a,Bocas,PANAMA,,,,,missing_or_invalid_coordinate,CSV2GEO,,
0a1d3b7acce97921,Cristobal,Colï¿½n Province,PANAMA,,,,,missing_or_invalid_coordinate,CSV2GEO,,
7b099197c755c60d,Jukuataia Village,"10ï¿½S, 142ï¿½E",PAPUA NEW GUINEA,,,,,missing_or_invalid_coordinate,CSV2GEO,,
e69d189da926a7bd,Fishermans Island near Port Moresby,Central Province,PAPUA NEW GUINEA,,,,,missing_or_invalid_coordinate,CSV2GEO,,
ce707d04e431df28,Fishermanï¿½s Island near Port Moresby,Central Province,PAPUA NEW GUINEA,,,,,missing_or_invalid_coordinate,CSV2GEO,,
d073bb4bfb01064c,"Hadrians (Haidana?) Island, near Port Moresby",Central Province,PAPUA NEW GUINEA,,,,,missing_or_invalid_coordinate,CSV2GEO,,
ad7dd2f258d5f1de,"Hadrianï¿½s (Haidana?) Island, near Port Moresby",Central Province,PAPUA NEW GUINEA,,,,,missing_or_invalid_coordinate,CSV2GEO,,
640ff5fc73355ac8,Ragelapara reef,Central Province,PAPUA NEW GUINEA,,,,,missing_or_invalid_coordinate,CSV2GEO,,
e8cb588530081682,Between Nago and Makau,New Ireland,PAPUA NEW GUINEA,,,,,missing_or_invalid_coordinate,CSV2GEO,,
039be6dc4842cc71,Verde Island,Batangas Resort,PHILIPPINES,,,,,missing_or_invalid_coordinate,CSV2GEO,,
5332defe2ec959d8,"Pangasinan, Ilocos Norte",Bolinao,PHILIPPINES,,,,,missing_or_invalid_coordinate,CSV2GEO,,
67eb21c68d5698f3,"Sao Jorge, Madeira Island",Madeira Islands,PORTUGAL,,,,,missing_or_invalid_coordinate,CSV2GEO,,
e9298c5f2d5731e6,9 nm off Vila do Conde,Norte,PORTUGAL,,,,,missing_or_invalid_coordinate,CSV2GEO,,
bee927565028ced7,Carolina Beach,Carolina,PUERTO RICO,,,,,missing_or_invalid_coordinate,CSV2GEO,,
918baab5ecd22a6d,"P\' tit Paris, Saint-Pierre",Conservatï¿½ria District,REUNION,,,,,missing_or_invalid_coordinate,CSV2GEO,,
73ffc0ead17aa526,Roche-aux-Oiseaux,L\' Etang Salï¿½-les-Bains,REUNION,,,,,missing_or_invalid_coordinate,CSV2GEO,,
9f04574e5d42ce08,"Ravine des Sables, Saint Leu",L\'Etang-Salï¿½,REUNION,,,,,missing_or_invalid_coordinate,CSV2GEO,,
6625ceb1f4e0bd82,Port de laï¿½Marine,Saint-Benoit,REUNION,,,,,missing_or_invalid_coordinate,CSV2GEO,,
c02e832b105c2676,Spot de la gare,Saint-Benoï¿½t,REUNION,,,,,missing_or_invalid_coordinate,CSV2GEO,,
e6f6cfd55f9ec117,Embouchure de l\'ï¿½tang du Gol,Saint-Louis,REUNION,,,,,missing_or_invalid_coordinate,CSV2GEO,,
f47d5560cefc0feb,Embouchure de l\'ï¿½tang de Saint Paul,Saint-Paul,REUNION,,,,,missing_or_invalid_coordinate,CSV2GEO,,
51ae1207382e31dd,Le cimetiï¿½re marin,Saint-Paul,REUNION,,,,,missing_or_invalid_coordinate,CSV2GEO,,
c7b38f0e3ef3f70b,Basse Vallï¿½e,Saint-Philippe,REUNION,,,,,missing_or_invalid_coordinate,CSV2GEO,,
86503a1ad05f9226,Saint Leu,,REUNION ISLAND,,,,,missing_or_invalid_coordinate,CSV2GEO,,
2d6d69d232b718ab,Sainte-Rose at the mouth of Riviere de l\'Est,,REUNION ISLAND,,,,,missing_or_invalid_coordinate,CSV2GEO,,
98dea6f2fa7da9d7,L’Hermitage Lagoon,Saint-Gilles,REUNION ISLAND,,,,,missing_or_invalid_coordinate,CSV2GEO,,
eff648d5d8bc681d,Aga Reef Resort Lalomanu,,SAMOA,,,,,missing_or_invalid_coordinate,CSV2GEO,,
4c5c5351ad03ae0c,Lano,Savai\'i island,SAMOA,,,,,missing_or_invalid_coordinate,CSV2GEO,,
3d0336b9370767ea,Nofoalii,Upolu Island,SAMOA,,,,,missing_or_invalid_coordinate,CSV2GEO,,
964a4f4cf524aa2b,Nofoaliï¿½i,Upolu Island,SAMOA,,,,,missing_or_invalid_coordinate,CSV2GEO,,
684f591dea8066f2,Off Duba,Tabuk Province,SAUDI ARABIA,,,,,missing_or_invalid_coordinate,CSV2GEO,,
d6ccfd7e2fcf8025,Isle de Gorï¿½e,"Near Dakar, Cap Vert Peninsula",SENEGAL,,,,,missing_or_invalid_coordinate,CSV2GEO,,
1ca3ee0f853fdf01,Off North Island,Inner Islands,SEYCHELLES,,,,,missing_or_invalid_coordinate,CSV2GEO,,
0bd550433460b7e0,Amitié Beach,Praslin,SEYCHELLES,,,,,missing_or_invalid_coordinate,CSV2GEO,,
41374d79f28fde2a,"Trenchs Beach, Guadalcanal Island",Guadalcanal Province,SOLOMON ISLANDS,,,,,missing_or_invalid_coordinate,CSV2GEO,,
eaf1576099c7dde5,"Trenchï¿½s Beach, Guadalcanal Island",Guadalcanal Province,SOLOMON ISLANDS,,,,,missing_or_invalid_coordinate,CSV2GEO,,
fea9e157b6bc6388,Mngcibe Beach,Easten Cape Province,SOUTH AFRICA,,,,,missing_or_invalid_coordinate,CSV2GEO,,
805958f35b822aa7,"Supertubes, Jeffreys Bay",Easten Cape Province,SOUTH AFRICA,,,,,missing_or_invalid_coordinate,CSV2GEO,,
a02aaa0a392ab694,30 nm off Port Elizabeth,Eastern Cape Province,SOUTH AFRICA,,,,,missing_or_invalid_coordinate,CSV2GEO,,
446a1b7e41e46885,Chinta East,Eastern Cape Province,SOUTH AFRICA,,,,,missing_or_invalid_coordinate,CSV2GEO,,
15f4df6d6f22884c,Chintsa,Eastern Cape Province,SOUTH AFRICA,,,,,missing_or_invalid_coordinate,CSV2GEO,,
00299210f1a4a88a,Fullers Bay,Eastern Cape Province,SOUTH AFRICA,,,,,missing_or_invalid_coordinate,CSV2GEO,,
5706ca11e6788fce,Fullerï¿½s Bay,Eastern Cape Province,SOUTH AFRICA,,,,,missing_or_invalid_coordinate,CSV2GEO,,
9da67e9c284d3f02,Papiesfontein,Eastern Cape Province,SOUTH AFRICA,,,,,missing_or_invalid_coordinate,CSV2GEO,,
1509e50e89826893,"Paradise Beach, Jeffreys Bay",Eastern Cape Province,SOUTH AFRICA,,,,,missing_or_invalid_coordinate,CSV2GEO,,
55dcfed4ce7b28f2,"Paradise Beach, Jeffreyï¿½s Bay",Eastern Cape Province,SOUTH AFRICA,,,,,missing_or_invalid_coordinate,CSV2GEO,,
39a257853b7d143e,St. Georges Strand,Eastern Cape Province,SOUTH AFRICA,,,,,missing_or_invalid_coordinate,CSV2GEO,,
29aaebd2ae733a37,"St. Georges Strand, Port Elizabeth",Eastern Cape Province,SOUTH AFRICA,,,,,missing_or_invalid_coordinate,CSV2GEO,,
16177e0d59e3afe6,St. Georgeï¿½s Strand,Eastern Cape Province,SOUTH AFRICA,,,,,missing_or_invalid_coordinate,CSV2GEO,,
0cdb9099a524d0c4,"St. Georgeï¿½s Strand, Port Elizabeth",Eastern Cape Province,SOUTH AFRICA,,,,,missing_or_invalid_coordinate,CSV2GEO,,
c1766fa95c62b0af,Protea Banks,KNZ,SOUTH AFRICA,,,,,missing_or_invalid_coordinate,CSV2GEO,,
b7c8138d4fe9ea1d,LaLucia,KZN,SOUTH AFRICA,,,,,missing_or_invalid_coordinate,CSV2GEO,,
461df6ba25667f1a,Ansteys,KwaZulu-Natal,SOUTH AFRICA,,,,,missing_or_invalid_coordinate,CSV2GEO,,
bc336af808d7e503,Ansteyï¿½s,KwaZulu-Natal,SOUTH AFRICA,,,,,missing_or_invalid_coordinate,CSV2GEO,,
7d42bc2ba3c14a47,"Catfish Rock, between Salt Rock & Shakas Rock",KwaZulu-Natal,SOUTH AFRICA,,,,,missing_or_invalid_coordinate,CSV2GEO,,
b512b1806a63b044,"Catfish Rock, between Salt Rock & Shakaï¿½s Rock",KwaZulu-Natal,SOUTH AFRICA,,,,,missing_or_invalid_coordinate,CSV2GEO,,
380fe942d1978289,"Grannys Pool, Winkelspruit",KwaZulu-Natal,SOUTH AFRICA,,,,,missing_or_invalid_coordinate,CSV2GEO,,
9e206fcb6f9772d4,"Grannyï¿½s Pool, Winkelspruit",KwaZulu-Natal,SOUTH AFRICA,,,,,missing_or_invalid_coordinate,CSV2GEO,,
cca029dad29d8d57,King Reef off Park Rynie,KwaZulu-Natal,SOUTH AFRICA,,,,,missing_or_invalid_coordinate,CSV2GEO,,
15900c436045a117,Mdloti,KwaZulu-Natal,SOUTH AFRICA,,,,,missing_or_invalid_coordinate,CSV2GEO,,
fdd5fb5470a4c29b,Mfazazana Hibberdene,KwaZulu-Natal,SOUTH AFRICA,,,,,missing_or_invalid_coordinate,CSV2GEO,,
3b9124d35488882c,"Off Beachbums, Tongaat",KwaZulu-Natal,SOUTH AFRICA,,,,,missing_or_invalid_coordinate,CSV2GEO,,
b0bff81a60f81a21,Tinley Manor,KwaZulu-Natal,SOUTH AFRICA,,,,,missing_or_invalid_coordinate,CSV2GEO,,
001baf86750ea30b,"Vetchs Pier, Durban",KwaZulu-Natal,SOUTH AFRICA,,,,,missing_or_invalid_coordinate,CSV2GEO,,
bc3144ff4a26def6,"Vetchï¿½s Pier, Durban",KwaZulu-Natal,SOUTH AFRICA,,,,,missing_or_invalid_coordinate,CSV2GEO,,
0b767a0367cdaf56,"5 km from Gordons Bay, False Bay",Western Cape Province,SOUTH AFRICA,,,,,missing_or_invalid_coordinate,CSV2GEO,,
3d253914743d703d,"5 km from Gordonï¿½s Bay, False Bay",Western Cape Province,SOUTH AFRICA,,,,,missing_or_invalid_coordinate,CSV2GEO,,
1646f3f5d1b754c7,"Central Beach, Plettenberg Bay",Western Cape Province,SOUTH AFRICA,,,,,missing_or_invalid_coordinate,CSV2GEO,,
5a0b2a94e36364de,Hawston,Western Cape Province,SOUTH AFRICA,,,,,missing_or_invalid_coordinate,CSV2GEO,,
7fa0ddab425b4ef2,Millers Point,Western Cape Province,SOUTH AFRICA,,,,,missing_or_invalid_coordinate,CSV2GEO,,
66c2dd216ab3076b,Millerï¿½s Point,Western Cape Province,SOUTH AFRICA,,,,,missing_or_invalid_coordinate,CSV2GEO,,
839b01a4ba6d94ba,Platbank,Western Cape Province,SOUTH AFRICA,,,,,missing_or_invalid_coordinate,CSV2GEO,,
0348231df627c530,Reef on seaward side of Geyser Island,Western Cape Province,SOUTH AFRICA,,,,,missing_or_invalid_coordinate,CSV2GEO,,
892a4adea45cef21,"Sanctuary Beach, Plettenberg Bay",Western Cape Province,SOUTH AFRICA,,,,,missing_or_invalid_coordinate,CSV2GEO,,
3b455d969530a15b,Simons Bay,Western Cape Province,SOUTH AFRICA,,,,,missing_or_invalid_coordinate,CSV2GEO,,
c8108991ef0efa22,"Simons Town, False Bay",Western Cape Province,SOUTH AFRICA,,,,,missing_or_invalid_coordinate,CSV2GEO,,
19dca1856c336704,Simonï¿½s Bay,Western Cape Province,SOUTH AFRICA,,,,,missing_or_invalid_coordinate,CSV2GEO,,
58c6c60bccae2931,"Simonï¿½s Town, False Bay",Western Cape Province,SOUTH AFRICA,,,,,missing_or_invalid_coordinate,CSV2GEO,,
d9c8200fcc90dd08,"36ï¿½17\'N, 126ï¿½31\'E",South Chungcheong Province,SOUTH KOREA,,,,,missing_or_invalid_coordinate,CSV2GEO,,
3b2e002e1aa4fa40,San Juan Beach,Alicante,SPAIN,,,,,missing_or_invalid_coordinate,CSV2GEO,,
e184836e530dee78,"Famara Beach, Lanzarote",Canary Islands,SPAIN,,,,,missing_or_invalid_coordinate,CSV2GEO,,
7ad92a8dfc0169b9,Tarifa,Cï¿½diz,SPAIN,,,,,missing_or_invalid_coordinate,CSV2GEO,,
49e20c1a2957c1d4,"Sardina del Norte, Gï¿½ldar",Grand Canary Island,SPAIN,,,,,missing_or_invalid_coordinate,CSV2GEO,,
ababfe1645c4876f,Playa den Bossa,Ibiza Island,SPAIN,,,,,missing_or_invalid_coordinate,CSV2GEO,,
fcd2540bcdc59a1e,Playa dï¿½en Bossa,Ibiza Island,SPAIN,,,,,missing_or_invalid_coordinate,CSV2GEO,,
6023ceb8f6d2f3f3,Playa de Palma beach,Majorca,SPAIN,,,,,missing_or_invalid_coordinate,CSV2GEO,,
12294225adbe6aa8,Ceuta,Mï¿½laga,SPAIN,,,,,missing_or_invalid_coordinate,CSV2GEO,,
ff71f731a93f7e2c,Rabdells Beach,Valencia,SPAIN,,,,,missing_or_invalid_coordinate,CSV2GEO,,
1bf869dc3c325b54,Pasikudha,Eastern Province,SRI LANKA,,,,,missing_or_invalid_coordinate,CSV2GEO,,
e2729cf9531f5ed7,Booby Island,The Narrows,ST KITTS / NEVIS,,,,,missing_or_invalid_coordinate,CSV2GEO,,
a3145068e44042be,Orient Beach,,ST MARTIN,,,,,missing_or_invalid_coordinate,CSV2GEO,,
0984f54ae0fad776,Kung Krabaenbay Royal Département Study Center,Chanthaburi Province,THAILAND,,,,,missing_or_invalid_coordinate,CSV2GEO,,
4386c99db28357e2,Chebilang pier,"Muang district of Satun province,",THAILAND,,,,,missing_or_invalid_coordinate,CSV2GEO,,
51c4226d69fee893,Khao Lak Beach,Phang Nga Province,THAILAND,,,,,missing_or_invalid_coordinate,CSV2GEO,,
9b8bbc6061bd0f8c,Nang Thong Beach,Phang Nga Province,THAILAND,,,,,missing_or_invalid_coordinate,CSV2GEO,,
8958b5ef2e67a39a,Kamala Beach,Phuket,THAILAND,,,,,missing_or_invalid_coordinate,CSV2GEO,,
7d7ecccf6fbe4497,Turtle beach,Graet Courland Bay,TOBAGO,,,,,missing_or_invalid_coordinate,CSV2GEO,,
4becfa426c6b22a6,Tuanuku,Vava\'u,TONGA,,,,,missing_or_invalid_coordinate,CSV2GEO,,
d85c013c47eac2bb,Tuï¿½anuku,Vava\'u,TONGA,,,,,missing_or_invalid_coordinate,CSV2GEO,,
d4039fa4c129f593,Between Ofu & Fafini Islands,Vavau,TONGA,,,,,missing_or_invalid_coordinate,CSV2GEO,,
771190d3a3c34223,Near Tapana Island,Vavau,TONGA,,,,,missing_or_invalid_coordinate,CSV2GEO,,
46e334b02b705cb5,Neiafu,Vavau,TONGA,,,,,missing_or_invalid_coordinate,CSV2GEO,,
17f959671f88927f,Between Ofu & Fafini Islands,Vavaï¿½u,TONGA,,,,,missing_or_invalid_coordinate,CSV2GEO,,
4578ade7e9890356,Near Tapana Island,Vavaï¿½u,TONGA,,,,,missing_or_invalid_coordinate,CSV2GEO,,
0995bb572dd60a3f,"Off Radix Village, Mayoro County",Trinidad,TRINIDAD & TOBAGO,,,,,missing_or_invalid_coordinate,CSV2GEO,,
b2a0d3ca9b33135b,"Bakurkïy, Istanbul",,TURKEY,,,,,missing_or_invalid_coordinate,CSV2GEO,,
2f0035cfa00810f3,Istanbul,,TURKEY,,,,,missing_or_invalid_coordinate,CSV2GEO,,
94bc21c8d16565e6,Ye?ilkï¿½y,,TURKEY,,,,,missing_or_invalid_coordinate,CSV2GEO,,
930f6c11b0527920,Yeşilköy,,TURKEY,,,,,missing_or_invalid_coordinate,CSV2GEO,,
ef7ab786842b7b2d,"İnciralti Beach, İzmir",Anatolia,TURKEY,,,,,missing_or_invalid_coordinate,CSV2GEO,,
71d521ef4501295b,Thompson Cove Beach,Near five Cays settlement West Caicos,TURKS AND CAICOS,,,,,missing_or_invalid_coordinate,CSV2GEO,,
02dc6fa28dcd65a0,Grace Bay Beach,Providenciales Island,TURKS AND CAICOS,,,,,missing_or_invalid_coordinate,CSV2GEO,,
bd73224e237191cf,Leward reef,Providenciales Island,TURKS AND CAICOS,,,,,missing_or_invalid_coordinate,CSV2GEO,,
a04a9e6c5a4df4e5,Khor Fakkan,Umm al Qaywayan Province,UNITED ARAB EMIRATES (UAE),,,,,missing_or_invalid_coordinate,CSV2GEO,,
c0c3c39d7e2e6c44,Atherfield,Isle of Wight,UNITED KINGDOM,,,,,missing_or_invalid_coordinate,CSV2GEO,,
1fc5d3781cd0292b,Dorsch Beach,Fredricksted Island St Croix,US VIRGIN ISLANDS,,,,,missing_or_invalid_coordinate,CSV2GEO,,
d5e67074201ec8af,1200 miles east of New Jersey,,USA,,,,,missing_or_invalid_coordinate,CSV2GEO,,
280c9b72b1e2b8e0,Southern USA,,USA,,,,,missing_or_invalid_coordinate,CSV2GEO,,
ba89cd41f400197d,"Orange Beach, Baldwin County",Alabama,USA,,,,,missing_or_invalid_coordinate,CSV2GEO,,
95b27552b46e9c0c,Spanish Cay,Bahamas,USA,,,,,missing_or_invalid_coordinate,CSV2GEO,,
d52736fe4949a99b,"Beacons Beach, San Diego County",California,USA,,,,,missing_or_invalid_coordinate,CSV2GEO,,
55d7227c8320dcd3,Big River Beach Mendocino County,California,USA,,,,,missing_or_invalid_coordinate,CSV2GEO,,
fdbc6b5fa9373f69,"Broad Beach, Malibu",California,USA,,,,,missing_or_invalid_coordinate,CSV2GEO,,
9585ab2264fe95bb,"Cambria, San Luis Obispo County",California,USA,,,,,missing_or_invalid_coordinate,CSV2GEO,,
6874b16150d47a66,"Capitola Beach, Santa Cruz County",California,USA,,,,,missing_or_invalid_coordinate,CSV2GEO,,
2afe68b8f2309d8c,"Carmel, Monterey County",California,USA,,,,,missing_or_invalid_coordinate,CSV2GEO,,
54a8bcf072d2b224,Catalina Channel,California,USA,,,,,missing_or_invalid_coordinate,CSV2GEO,,
a1e5c02d7e37eda7,"Catalina Island, Orange County",California,USA,,,,,missing_or_invalid_coordinate,CSV2GEO,,
dcafb0ace6b87691,Centerville Beach,California,USA,,,,,missing_or_invalid_coordinate,CSV2GEO,,
3fcf04b75929649e,"Coronado, San Diego County",California,USA,,,,,missing_or_invalid_coordinate,CSV2GEO,,
1a80fb445d69bb82,Del Mar Beach San Diego,California,USA,,,,,missing_or_invalid_coordinate,CSV2GEO,,
e5d1deb717a64aed,"Del Mar Beach, San Diego County",California,USA,,,,,missing_or_invalid_coordinate,CSV2GEO,,
61bef0edcbc26099,"Dog Beach, Huntington Beach",California,USA,,,,,missing_or_invalid_coordinate,CSV2GEO,,
715c774b441ec972,"Gray Whale Beach Cove State Beach, San Mateo County",California,USA,,,,,missing_or_invalid_coordinate,CSV2GEO,,
3885e23df5c86391,Humboldt County,California,USA,,,,,missing_or_invalid_coordinate,CSV2GEO,,
884a4041c1020a69,"Linda Mar, Pacific State Beach",California,USA,,,,,missing_or_invalid_coordinate,CSV2GEO,,
325268e9bff04350,Lovers Point Pacific Grove,California,USA,,,,,missing_or_invalid_coordinate,CSV2GEO,,
8fc1b87388fbe71d,"Lovers Point, Pacific Grove",California,USA,,,,,missing_or_invalid_coordinate,CSV2GEO,,
b869a58cf5b6f348,"Manresa State Beach, Santa Cruz County",California,USA,,,,,missing_or_invalid_coordinate,CSV2GEO,,
556fda4cf9896395,Mendocino County,California,USA,,,,,missing_or_invalid_coordinate,CSV2GEO,,
ae24e9888bc96fc2,Montara State Beach,California,USA,,,,,missing_or_invalid_coordinate,CSV2GEO,,
6d4ff0df68002bd1,"Montaï¿½a de Oro State Park, San Luis Obispo County",California,USA,,,,,missing_or_invalid_coordinate,CSV2GEO,,
6bb68427c7336959,"Moonlight Beach, San Diego County",California,USA,,,,,missing_or_invalid_coordinate,CSV2GEO,,
a7da24b48c824988,"Otter Point, Pacific Grove",California,USA,,,,,missing_or_invalid_coordinate,CSV2GEO,,
56faff5d4ec89c02,"Pacifica, San Mateo County",California,USA,,,,,missing_or_invalid_coordinate,CSV2GEO,,
2452aa1ae47bbd44,"Pebble Beach, San Mateo County",California,USA,,,,,missing_or_invalid_coordinate,CSV2GEO,,
f7261602cf954fa0,"San Miguel Islandl, Santa Barbara County",California,USA,,,,,missing_or_invalid_coordinate,CSV2GEO,,
1f98ee383ed87745,"Sand Dollar Beach, Santa Cruz County",California,USA,,,,,missing_or_invalid_coordinate,CSV2GEO,,
53e74e8e2ab64e4e,"Sandspit Beach, Montaña de Oro State Park",California,USA,,,,,missing_or_invalid_coordinate,CSV2GEO,,
e4e44e5123092324,Santa Barbara,California,USA,,,,,missing_or_invalid_coordinate,CSV2GEO,,
6a19ebd4a5dcd5fd,"Santa Rosa Island, Ventura County",California,USA,,,,,missing_or_invalid_coordinate,CSV2GEO,,
7cd2c29971ad0707,"Ship Rock near Catalina, Los Angeles County",California,USA,,,,,missing_or_invalid_coordinate,CSV2GEO,,
1d51eb797b4d81d3,"Summerland, Santa Barbara County",California,USA,,,,,missing_or_invalid_coordinate,CSV2GEO,,
f9825387ab38903e,"Sunset Beach, Orange County",California,USA,,,,,missing_or_invalid_coordinate,CSV2GEO,,
2d44dd326eb053c8,"Tourmaline Surf Park, San Diego County",California,USA,,,,,missing_or_invalid_coordinate,CSV2GEO,,
b1abd38040a0d32c,"Trinidad Beach, Huboldt County",California,USA,,,,,missing_or_invalid_coordinate,CSV2GEO,,
1d4193b7d3a93190,"Wildcat Beach, Marin County",California,USA,,,,,missing_or_invalid_coordinate,CSV2GEO,,
70aaab1256766139,Grand Cayman,Cayman Islands,USA,,,,,missing_or_invalid_coordinate,CSV2GEO,,
8e6f39bc6ad614f1,"3 days out of Old Saybrook, Connecticut",Connecticut,USA,,,,,missing_or_invalid_coordinate,CSV2GEO,,
9bdfe3f8c7b1f33c,Fenwick Island,Delaware,USA,,,,,missing_or_invalid_coordinate,CSV2GEO,,
5c487cd07a1ea6a8,"Herring Point, Sussex County",Delaware,USA,,,,,missing_or_invalid_coordinate,CSV2GEO,,
1664bf255d93000d,New Smyrna Beach,Floria,USA,,,,,missing_or_invalid_coordinate,CSV2GEO,,
aff77ad3dfee938f,100 miles offshore,Florida,USA,,,,,missing_or_invalid_coordinate,CSV2GEO,,
7432a45d1e014764,150 miles southeast of Cape Kennedy,Florida,USA,,,,,missing_or_invalid_coordinate,CSV2GEO,,
7e546fa56e9edb76,"46 miles off Mayport, Duval County",Florida,USA,,,,,missing_or_invalid_coordinate,CSV2GEO,,
974eac54ea3f2e90,5 miles south of Palm Beach,Florida,USA,,,,,missing_or_invalid_coordinate,CSV2GEO,,
7c3ae2d9a8b7c974,70 miles off Pensacola,Florida,USA,,,,,missing_or_invalid_coordinate,CSV2GEO,,
cfef61cf09b5bd68,"Alligator Reef off Islamorada, Monroe County",Florida,USA,,,,,missing_or_invalid_coordinate,CSV2GEO,,
9eaa4afe9dab3737,"Bathtub Reef Beach, Martin County",Florida,USA,,,,,missing_or_invalid_coordinate,CSV2GEO,,
50e2df81227729f9,"Bethel Shoals, Indian River County",Florida,USA,,,,,missing_or_invalid_coordinate,CSV2GEO,,
dc971ba323ba0b19,"Block Houe Beach, Brevard County",Florida,USA,,,,,missing_or_invalid_coordinate,CSV2GEO,,
898e7bcd3e9c51b6,"Blue Fish Channel, Key West",Florida,USA,,,,,missing_or_invalid_coordinate,CSV2GEO,,
bc83a7d2dfe03a64,Boca Grande,Florida,USA,,,,,missing_or_invalid_coordinate,CSV2GEO,,
890118636a532002,Brevard County Orlando,Florida,USA,,,,,missing_or_invalid_coordinate,CSV2GEO,,
44bc4d430de925a0,Cayo Costa Boca Grande,Florida,USA,,,,,missing_or_invalid_coordinate,CSV2GEO,,
42d62a23fe70e5de,"Content Keys, Monroe County",Florida,USA,,,,,missing_or_invalid_coordinate,CSV2GEO,,
f4dcaf7ab7f38855,"Corners Beach, Jupiter",Florida,USA,,,,,missing_or_invalid_coordinate,CSV2GEO,,
88db438be32f1fb5,"Crescent Beach, St Johns County",Florida,USA,,,,,missing_or_invalid_coordinate,CSV2GEO,,
e0e8a8fa803ede6d,"Davis Reef, Islamorada",Florida,USA,,,,,missing_or_invalid_coordinate,CSV2GEO,,
0944da334a1b796b,Everglades National Park Flamingo Lodge Highway West Miami-Dade (Monroe County),Florida,USA,,,,,missing_or_invalid_coordinate,CSV2GEO,,
32214d2aac788fc7,"Flagship Drive, Summerland Key",Florida,USA,,,,,missing_or_invalid_coordinate,CSV2GEO,,
1c2762eb18d8f3bc,"Flamingo Marina, Homestead",Florida,USA,,,,,missing_or_invalid_coordinate,CSV2GEO,,
cc956475e9780939,"Florida Keys 25ï¿½N, 82ï¿½W",Florida,USA,,,,,missing_or_invalid_coordinate,CSV2GEO,,
98c8f1f1357cd5a1,"Fort Pierce State Park, St. Lucie County",Florida,USA,,,,,missing_or_invalid_coordinate,CSV2GEO,,
8484d83dc44a0e62,"Grayton Beach State Park, Walton County",Florida,USA,,,,,missing_or_invalid_coordinate,CSV2GEO,,
9da28a6248411b82,"Haulover Inlet, Miami-Dade County",Florida,USA,,,,,missing_or_invalid_coordinate,CSV2GEO,,
7b24fc11385df54a,"Higkand Beach, Palm Beach County",Florida,USA,26.43147,-80.06345,0.97,0.202,validated,CSV2GEO,United States,city
00cc23b851f5b062,Hobe Sound,Florida,USA,27.06003,-80.13501,1.0,1.953,validated,CSV2GEO,United States,city
745146853019e05f,"Homestead, Miami-Dade County",Florida,USA,25.47651,-80.46553,1.0,12.183,validated,CSV2GEO,United States,city
5d26ae1502dd5a97,Horseshoe reef Key Largo,Florida,USA,25.17322,-80.37344,0.68,,low_relevance,CSV2GEO,United States,street
61dffd8531b7ca91,"Huguenot Park, Jacksonville",Florida,USA,30.29428,-81.62424,1.0,22.046,validated,CSV2GEO,United States,poi
febbdb528501746a,Indian River County,Florida,USA,27.69437,-80.60608,1.0,18.923,validated,CSV2GEO,United States,region
22c8a5922f0843ac,"Juan Ponce de Leï¿½n Landing, Melbourne Beach",Florida,USA,28.0112,-80.53027,0.9,0.289,validated,CSV2GEO,United States,poi
cafd35f44855d971,Jupiter Inlet off Jupiter Beach Palm Beach County,Florida,USA,26.96506,-80.08454,0.83,0.983,validated,CSV2GEO,United States,street
76d895612cd23d8c,"Jupiter Island, Martin County",Florida,USA,27.06576,-80.11806,1.0,0.166,validated,CSV2GEO,United States,city
425f0925044ceb96,Keaton Beach,Florida,USA,29.83098,-83.59439,1.0,0.362,validated,CSV2GEO,United States,city
739b5727ba18f3e7,"Key Biscayne, Miami",Florida,USA,25.68985,-80.16384,0.93,0.597,validated,CSV2GEO,United States,city
08c99d5db2882bcc,"Key Biscayne, Miami-Dade County",Florida,USA,25.68985,-80.16384,1.0,0.597,validated,CSV2GEO,United States,city
f5b876e4cffca1d6,"Looe Key, Monroe County",Florida,USA,24.5504,-81.79732,0.85,0.636,validated,CSV2GEO,United States,poi
247e51429e1032a6,Near Key Largo,Florida,USA,25.16636,-80.37834,0.79,1.628,validated,CSV2GEO,United States,city
c6a697467a5b5662,"Near US Air Force Base at Elgin, Okaloosa County",Florida,USA,30.48459,-86.50708,0.78,1.662,validated,CSV2GEO,United States,street
dce355570d05ef37,"Near the Bahia Honda Bridge, Monroe County",Florida,USA,25.17268,-80.37633,0.8,1.259,validated,CSV2GEO,United States,street
d0c84f62c1eb4506,New Smyrna Beach Beach Access 14 Volusia County,Florida,USA,29.03941,-80.9039,0.72,,low_relevance,CSV2GEO,United States,street-interpolated
2c8defe880a428e7,"Off Boca Grande, Lee County",Florida,USA,26.74875,-82.26002,0.9,0.152,validated,CSV2GEO,United States,city
78dea2cf8b7bddd9,Off Boca Raton. Palm Beach County,Florida,USA,26.35049,-80.08837,0.91,1.491,validated,CSV2GEO,United States,city
b3c617eb80bd0c40,"Off Crystal River, Citrus County",Florida,USA,28.90031,-82.59311,0.91,4.189,validated,CSV2GEO,United States,city
226e3eb6e951a462,"Off Gasparilla Island, Charlotte County",Florida,USA,26.86082,-82.24329,0.9,4.078,validated,CSV2GEO,United States,street
527c2fecf246973f,Off Key Biscayne,Florida,USA,25.68985,-80.16384,0.86,0.597,validated,CSV2GEO,United States,city
48b9f009e25fafcf,Off Tampa Bay,Florida,USA,27.94653,-82.45927,0.67,,low_relevance,CSV2GEO,United States,city
048263e1b58a8d3e,Ormond Beach,Florida,USA,29.28558,-81.05555,1.0,2.073,validated,CSV2GEO,United States,city
719ae746de90a82b,"Outer Mole, Fort Zachrry Tatlor Historic Park",Florida,USA,27.93673,-82.47683,0.39,,low_relevance,CSV2GEO,United States,city
1be21f42f4af6df6,Ponce de Leon Inlet Volusia County,Florida,USA,29.07924,-80.92764,1.0,0.905,validated,CSV2GEO,United States,poi
0a4c1e2cb1eefd6e,"Redington Beach, Pinellas County",Florida,USA,27.81471,-82.818,1.0,0.106,validated,CSV2GEO,United States,city
b31f142b2d551dcc,Rosemary Beach Walton County,Florida,USA,30.2799,-86.0158,1.0,,country_mismatch,CSV2GEO,United States,city
f4cb5fbe2f6269c1,"Sawyer Key, Monroe County",Florida,USA,24.56005,-81.80025,0.99,,country_mismatch,CSV2GEO,United States,street
cdcc534980f3b5db,"Sewells Point, near Palm Beach",Florida,USA,27.18601,-80.19326,0.79,,country_mismatch,CSV2GEO,United States,street
d3977557286d56fb,"Sewellï¿½s Point, near Palm Beach",Florida,USA,26.64754,-80.46544,0.46,,low_relevance,CSV2GEO,United States,region
48ce81e43822cbce,"Soldier Key, Miami-Dade County",Florida,USA,25.44787,-80.4809,0.69,,low_relevance,CSV2GEO,United States,city
41400496d06fbf16,"Sombero Key Light, Monroe County",Florida,USA,24.5504,-81.79732,0.65,,low_relevance,CSV2GEO,United States,poi
6ce491ea8e50896f,"St. Augustine Beach, Anastasia Island",Florida,USA,29.88436,-81.28984,0.97,0.973,validated,CSV2GEO,United States,street
089eba7b876cbc80,Tampa Bay,Florida,USA,27.94653,-82.45927,0.8,1.92,validated,CSV2GEO,United States,city
219377cb44f4861a,"Vaughn Beach, Flagler County",Florida,USA,26.65267,-80.88555,0.53,,low_relevance,CSV2GEO,United States,city
2b0a00e80010411a,"Virginia Key, Monroe County",Florida,USA,24.55635,-81.78865,0.99,0.057,validated,CSV2GEO,United States,intersection
ca1b3eeff278d425,"Walton Beach Psrk, St. Lucie County",Florida,USA,27.37738,-80.47196,0.57,,low_relevance,CSV2GEO,United States,region
47b047f29ff085e8,Water Sound Beach Walton County,Florida,USA,30.29392,-86.03195,0.98,0.335,validated,CSV2GEO,United States,street
1d4154a759298b14,"Whale Harbor, Islamorada",Florida,USA,24.93731,-80.61223,1.0,,country_mismatch,CSV2GEO,United States,poi
02e17d7723b68cd2,ï¿½ mile offshore & 9 miles north of Fort Pierce,Florida,USA,27.44904,-80.32678,0.38,,low_relevance,CSV2GEO,United States,city
fcd2e61de62a333b,St George Island,"Franklin County, Florida",USA,29.72881,-84.88796,0.97,,country_mismatch,CSV2GEO,United States,street
6c37da218e5e0f85,Jamaica Beach,Galveston,USA,29.18296,-94.97283,1.0,0.445,validated,CSV2GEO,United States,city
2b2fe762fa8885a9,"Wilmington River, Chatham County",Georgia,USA,32.0286,-80.9644,0.99,6.304,validated,CSV2GEO,United States,street
8402f8fdd4481388,"Île de Saint Simon, Glynn County",Georgia,USA,31.14013,-81.39467,0.82,,country_mismatch,CSV2GEO,United States,poi
2dd88520e7304352,Talofofo Bay,Guam,USA,13.32,144.796667,1.0,,country_mismatch,CSV2GEO,Guam,
437bc5c35eeeb295,Anaeho\'imalu Bay,Hawaii,USA,19.59852,-155.51855,0.3,,low_relevance,CSV2GEO,United States,region
f8288d94f7fecb9f,Anaehoomalu Bay,Hawaii,USA,19.59852,-155.51855,0.3,,low_relevance,CSV2GEO,United States,region
9104a7305537bb53,"Anaehoomalu Bay Waikoloa, Hawaii County",Hawaii,USA,19.91663,-155.88475,1.0,0.843,validated,CSV2GEO,United States,poi
1b7ac9d8ac27eec6,"Anaehoomalu Bay, Hawaii",Hawaii,USA,19.91663,-155.88475,1.0,0.843,validated,CSV2GEO,United States,poi
f7b21fbcc15feea1,"Baby Beach, Maui",Hawaii,USA,20.88087,-156.68451,1.0,,country_mismatch,CSV2GEO,United States,poi
86b270ccea8d32ff,"Banyans, Kailua-Kona",Hawaii,USA,19.6077,-155.97638,0.97,0.574,validated,CSV2GEO,United States,poi
7f02c7d9ae8445b3,"Bellows Beach near Wailea Point, Oahu",Hawaii,USA,21.31431,-158.00833,0.32,,low_relevance,CSV2GEO,United States,city
43452cdf150bb5f8,"Bellows Beach near Wailea Point, Oï¿½ahu",Hawaii,USA,21.383333,-157.708889,1.0,,country_mismatch,CSV2GEO,United States,
46de1e3ca8e5b9fd,"Browns, Oahu",Hawaii,USA,20.87793,-156.4682,0.69,,low_relevance,CSV2GEO,United States,street
40f94e1307dccce9,"Charley Young Beach, Maui",Hawaii,USA,20.72497,-156.44928,1.0,0.107,validated,CSV2GEO,United States,poi
b42961c3d2db6f90,"Cove Park, Kihei",Hawaii,USA,20.72749,-156.4498,1.0,0.112,validated,CSV2GEO,United States,poi
701aafec1f74de81,"Davidsons Beach, Kauai",Hawaii,USA,43.33934,-77.77439,0.52,,low_relevance,CSV2GEO,United States,city
78da1e4d339c7537,Goat Island (Moku\'auia) La\'ie Bay,Hawaii,USA,21.64821,-157.9229,0.32,,low_relevance,CSV2GEO,United States,city
962ff188c16abb71,"Goats Island (Mokuauia Island), Malaekahana State Recreation Area",Hawaii,USA,,,,,missing_or_invalid_coordinate,CSV2GEO,?,
16ad8697bd6e3425,"Goats Island (Mokuï¿½auia Island), Malaekahana State Recreation Area",Hawaii,USA,19.898682,-155.665857,1.0,19.69,validated,CSV2GEO,United States,
483b12deef77382c,"Habush, Oahu",Hawaii,USA,19.59852,-155.51855,0.38,,low_relevance,CSV2GEO,United States,region
d6c701a6e1efe3c7,"Honokowai Point, Maui",Hawaii,USA,20.95125,-156.68715,0.79,0.17,validated,CSV2GEO,United States,city
e06113ec4adec6dd,Honolua Bay,Hawaii,USA,21.01248,-156.63952,0.81,0.616,validated,CSV2GEO,United States,city
1d2412e887dfa0f4,"Kamaole Beach Park, Maui",Hawaii,USA,20.7202,-156.44712,0.94,0.273,validated,CSV2GEO,United States,poi
52332495921d9446,"Kamaï¿½ole Beach Park, Maui",Hawaii,USA,20.68162,-156.44273,0.69,,low_relevance,CSV2GEO,United States,poi
fc649159bc52c5f4,"Kanaha Beach Park, Maui",Hawaii,USA,20.89919,-156.44044,1.0,2.056,validated,CSV2GEO,United States,poi
dca8ffdfd8ebe62f,Kaanapali Shores,Hawaii,USA,20.94776,-156.68999,0.95,,country_mismatch,CSV2GEO,United States,street
306a8ffd7da4387f,"KaelekiI Point, Maui",Hawaii,USA,20.85884,-156.56412,0.4,,low_relevance,CSV2GEO,United States,region
bfb95dfa8ad9a60d,Kaï¿½anapali Shores,Hawaii,USA,21.57039,-158.09174,0.46,,low_relevance,CSV2GEO,United States,city
b1276d58bef27209,"Kaï¿½elekiï¿½I Point, Maui",Hawaii,USA,20.85884,-156.56412,0.34,,low_relevance,CSV2GEO,United States,region
9b5ec3ac1672d97d,"Keawakapu Point, Kehei",Hawaii,USA,20.70293,-156.4435,0.76,0.437,validated,CSV2GEO,United States,city
e322605526c2f4b9,"Kewalos, Oahu",Hawaii,USA,21.3057,-157.83763,0.76,2.614,validated,CSV2GEO,United States,street
8778ba33977c2075,"Kihei, South Maui",Hawaii,USA,20.73012,-156.45022,0.97,0.183,validated,CSV2GEO,United States,poi
8b5c8f7f9360a83b,"Kualoa, Oahu",Hawaii,USA,20.91705,-156.49412,0.75,0.374,validated,CSV2GEO,United States,street
79ca08f6757a23d0,Kukio Bay,Hawaii,USA,19.8171,-155.9986,0.79,,country_mismatch,CSV2GEO,United States,city
c2bc0d86fff14a52,Laysan,Hawaii,USA,38.5429,-121.56188,0.99,44.998,too_far_inland,CSV2GEO,United States,
be7cbd5b95ed176a,"Lower Paia Beach Park, Maui",Hawaii,USA,20.93406,-156.35597,0.9,0.473,validated,CSV2GEO,United States,poi
072145ecd4655a82,"Mahaulepu Beach, Kauai",Hawaii,USA,21.89259,-159.41093,0.96,0.192,validated,CSV2GEO,United States,poi
42dbd70e31c8fccc,"Mahaï¿½ulepu Beach, Kauai",Hawaii,USA,21.89259,-159.41093,0.88,0.192,validated,CSV2GEO,United States,poi
02226e63907732c5,Makaha,Hawaii,USA,21.46118,-158.20555,1.0,0.19,validated,CSV2GEO,United States,city
e0c99833e9a12ee8,"Makaha Beach, Oahu",Hawaii,USA,21.46118,-158.20555,0.57,,low_relevance,CSV2GEO,United States,city
9e4ea305ed71da2a,"Marine Corps Base, Oahu",Hawaii,USA,21.439817,-157.755231,1.0,0.883,validated,CSV2GEO,United States,
f8bf628e51ed69af,Molokai Channel,Hawaii,USA,20.87899,-156.47386,0.72,,low_relevance,CSV2GEO,United States,street
8157ee4fecaa630f,"Nanakuli, Oahu",Hawaii,USA,21.38753,-158.15199,0.74,,low_relevance,CSV2GEO,United States,city
53a3c86b89606ccc,"Nanakuli, Oahï¿½u",Hawaii,USA,21.38753,-158.15199,0.67,,low_relevance,CSV2GEO,United States,city
19337cd05a4df5f2,"Napoopoo Park in Kealakekua Bay, The Big Island",Hawaii,USA,19.47492,-155.91945,0.53,,low_relevance,CSV2GEO,United States,city
e179ec69e35c5e2b,"North Koahala, Big Island",Hawaii,USA,20.237697,-155.79866,1.0,2.005,validated,CSV2GEO,United States,
563d425e59b685b5,Off Haleiwa Boat Harbour Oahu,Hawaii,USA,21.58997,-158.10285,0.42,,low_relevance,CSV2GEO,United States,city
56da4d8d64091428,"Old Man\'s, Waikiki",Hawaii,USA,21.27946,-157.82617,0.65,,low_relevance,CSV2GEO,United States,city
7c152000f162e566,"Paia, Maui",Hawaii,USA,20.90305,-156.37177,1.0,2.417,validated,CSV2GEO,United States,city
0baf687efe8d1550,Pine Trees Hanalei Bay Kaui,Hawaii,USA,22.20232,-159.5042,0.9,0.68,validated,CSV2GEO,United States,poi
20318a400cff860a,"Pounders Beach, Oahu",Hawaii,USA,21.31431,-158.00833,0.43,,low_relevance,CSV2GEO,United States,city
80d36c374d7701e0,Puako,Hawaii,USA,19.9746,-155.82722,1.0,0.868,validated,CSV2GEO,United States,city
b8ec2592879f1969,"Pua’ena Point, Haleiwa",Hawaii,USA,21.59435,-158.10649,0.97,1.169,validated,CSV2GEO,United States,poi
0dda4b107012d065,"Rainbows, Oahu",Hawaii,USA,21.3169,-157.81103,0.94,4.835,validated,CSV2GEO,United States,intersection
a08f73698e242345,"Shipwrecks Beach, Keoneloa Bay",Hawaii,USA,21.87627,-159.44246,0.73,,low_relevance,CSV2GEO,United States,poi
158ab36a4d962054,"Shipwreckï¿½s Beach, Keoneloa Bay",Hawaii,USA,21.87627,-159.44246,0.66,,low_relevance,CSV2GEO,United States,poi
400aa8f5d7d56595,"Wai\'anae, O\'ahu",Hawaii,USA,21.44991,-158.19113,0.76,0.186,validated,CSV2GEO,United States,city
43ed51a548ea2ba2,Waikiki,Hawaii,USA,21.27946,-157.82617,1.0,0.527,validated,CSV2GEO,United States,city
6c29335c9f8cef14,"Waikiki, O\'ahu",Hawaii,USA,21.27946,-157.82617,0.76,0.527,validated,CSV2GEO,United States,city
3b974ea8f4134e00,Waikoloa area,Hawaii,USA,19.92901,-155.78693,0.78,7.242,validated,CSV2GEO,United States,city
4702e97c62795624,"Waiokapua Bay, Kaui",Hawaii,USA,22.00847,-159.77674,0.99,0.071,validated,CSV2GEO,United States,poi
eede2cf4451af943,Hawaii West Coast Big Island,"USA""","Ka\'alu\alu Beach""",1.0,,,,missing_or_invalid_coordinate,CSV2GEO,,1
cc705aac0d59b4cc,Wantagh,Long Island NY,USA,40.67393,-73.50636,1.0,3.304,validated,CSV2GEO,United States,poi
5a55a0b25908cbb1,Morro Strand San Luis Obispo,Los Angeles,USA,35.37945,-120.85778,0.71,,low_relevance,CSV2GEO,United States,poi
67aad4016dc8d709,120 miles southeast of New Orleans,Louisiana,USA,29.92159,-90.12843,0.68,,low_relevance,CSV2GEO,United States,street-interpolated
91747112a352d0f8,25 mikes from Empire,Louisiana,USA,29.38727,-89.59729,0.58,,low_relevance,CSV2GEO,United States,city
b249b49ade5e40c8,25 miles off Empire,Louisiana,USA,29.38727,-89.59729,0.6,,low_relevance,CSV2GEO,United States,city
0a029c7a01edb886,"Grand Isle, Jefferson Parish",Louisiana,USA,29.23352,-89.99792,1.0,,country_mismatch,CSV2GEO,United States,city
1826fc8f943b4c2a,Pontchartrain Beach,Louisiana,USA,30.0308,-90.06029,1.0,0.845,validated,CSV2GEO,United States,city
4de7f316db80b76c,off Grand Isle,Louisiana,USA,29.23352,-89.99792,0.86,,country_mismatch,CSV2GEO,United States,city
d3e49fa41c8ee3a7,"off Grand Lake, Cameron Parish",Louisiana,USA,30.05142,-93.27925,0.91,30.515,too_far_inland,CSV2GEO,United States,city
709c4cc03d1d8543,"Bailey Island, Cumberland County",Maine,USA,43.72738,-69.99647,1.0,,country_mismatch,CSV2GEO,United States,city
1b2c063d8d9d1b42,"Ocean City, Worcester County",Maryland,USA,38.33532,-75.0842,1.0,,country_mismatch,CSV2GEO,United States,city
c94e947cd1820f50,"Rhode River, Chesapeake Bay",Maryland,USA,39.51172,-75.87659,0.74,,low_relevance,CSV2GEO,United States,street
f4e1b4ff89a66e4c,Hoicks Hollow Nantucket Beach,Massachusetts,USA,41.28769,-69.97329,0.87,0.582,validated,CSV2GEO,United States,city
34a62b7fce792bac,"Longnook Beach, Truro",Massachusetts,USA,42.01303,-70.04977,0.97,1.569,validated,CSV2GEO,United States,street
caeefa25c73b61e9,"Newcomb Hollow Beach, Wellfleet",Massachusetts,USA,41.96324,-69.99664,1.0,0.565,validated,CSV2GEO,United States,poi
2628d0c3e860ff81,Ukumehama,Maui,USA,20.79519,-156.58246,0.88,0.008,validated,CSV2GEO,United States,poi
191421b1550a77c5,Wailea,Maui,USA,20.68667,-156.43925,1.0,0.68,validated,CSV2GEO,United States,city
fc6c2aae91513318,"Barnegat Light, Ocean County",New Jersey,USA,39.75698,-74.1098,1.0,,country_mismatch,CSV2GEO,United States,city
ff87119ebe0f93c2,Off shore,New Jersey,USA,39.37628,-74.60831,0.99,6.517,validated,CSV2GEO,United States,street
d79e1a8c8eba35eb,"Ship Bottom, Ocean County",New Jersey,USA,39.64471,-74.17978,1.0,0.736,validated,CSV2GEO,United States,city
f30051edadff3e32,"Stone Harbor, Cape May County",New Jersey,USA,39.05373,-74.75823,1.0,0.662,validated,CSV2GEO,United States,city
1c290f4274d9ee58,"Surf City, Long Beach Island",New Jersey,USA,39.65015,-74.17535,0.97,0.771,validated,CSV2GEO,United States,street
c154eb865803f8fd,Tutle Back Zoo,New Jersey,USA,40.8527,-74.10813,0.67,,low_relevance,CSV2GEO,United States,street
60ed3bffd3addf99,"Atlantique Beach, Fire Island",New York,USA,40.64054,-73.17356,0.99,0.177,validated,CSV2GEO,United States,poi
e071e69e0e46bba6,"Beach 3, Robert Moses State Park",New York,USA,40.62398,-73.26443,0.82,0.066,validated,CSV2GEO,United States,street
65e0de5c4c873f1e,"Cherry Grove, Suffolk County",New York,USA,40.65913,-73.08894,0.99,,country_mismatch,CSV2GEO,United States,city
3a4bc8319993e8b3,"Fire Island Pines, Suffolk County",New York,USA,40.66529,-73.0687,0.99,0.002,validated,CSV2GEO,United States,city
9a4fcd84dbad6ab5,"Kismet Beach, Long Island",New York,USA,40.75072,-73.94103,0.61,,low_relevance,CSV2GEO,United States,city
fbc34ee8c3bed128,"Kismet Beach, Suffolk County",New York,USA,40.63432,-73.20382,0.84,0.187,validated,CSV2GEO,United States,city
45ec4e1957a74b43,"Ocean Beach, Long Island",New York,USA,40.5837,-73.9668,0.9,1.308,validated,CSV2GEO,United States,street
b2e3eafd0a32767b,"Quogue Village Beach, Suffolk County",New York,USA,40.81689,-72.60917,0.97,1.72,validated,CSV2GEO,United States,street
13c8975e9096d012,"Sailors Haven, Fire Island",New York,USA,40.64733,-73.14654,0.59,,low_relevance,CSV2GEO,United States,city
bd9a61514c8ad038,"Seaview Beach, Suffolk County",New York,USA,40.64674,-73.1469,0.99,0.236,validated,CSV2GEO,United States,poi
c5721c68e5402d95,"Smith Point, Long Island",New York,USA,40.84195,-72.89355,0.99,7.99,validated,CSV2GEO,United States,street
3a232ba816da33c1,"Topsail Beach, Pender County",Noirth Carolina,USA,34.36709,-77.62802,0.97,,country_mismatch,CSV2GEO,United States,city
8046aa48b4297775,"Browns Inlet on New River, Onslow Beach",North Carolina,USA,34.44437,-77.51525,0.61,,low_relevance,CSV2GEO,United States,street
ee656299eb14ffe4,"Brownï¿½s Inlet on New River, Onslow Beach",North Carolina,USA,34.44437,-77.51525,0.58,,low_relevance,CSV2GEO,United States,street
82c2e99e6697f57f,Carolina Beach,North Carolina,USA,34.03313,-77.89438,1.0,0.441,validated,CSV2GEO,United States,city
db5480c240effef6,"Fort Macon State Beach, Carteret County",North Carolina,USA,34.69969,-76.76017,0.96,,country_mismatch,CSV2GEO,United States,street
61e7bb07122c6271,"Neuse River, Craven County",North Carolina,USA,35.09906,-77.01873,0.99,,country_mismatch,CSV2GEO,United States,street
890daa53c1a6b991,"Off Cape Hatteras, Dare County",North Carolina,USA,35.21939,-75.69045,0.82,0.329,validated,CSV2GEO,United States,city
792bc5cb69a1a2b9,Outer Banks,North Carolina,USA,34.92837,-78.88629,0.99,117.27,too_far_inland,CSV2GEO,United States,street
33bbc59057f5b6d3,Sunset Beach,North Carolina,USA,33.89213,-78.50423,1.0,0.637,validated,CSV2GEO,United States,city
00b6c05b9e778b9c,"Surf City, Pender County",North Carolina,USA,34.42807,-77.54413,1.0,,country_mismatch,CSV2GEO,United States,city
fc29f14d6652935f,Wrightsville Beach,North Carolina,USA,34.20829,-77.79599,1.0,,country_mismatch,CSV2GEO,United States,city
bd7f75b1ff9f4056,Catalina Island,Off California,USA,38.5429,-121.56188,0.89,44.998,too_far_inland,CSV2GEO,United States,street
7f16bfc518547af6,"Seaside Cove, Clatsop County",Oregon,USA,45.99312,-123.92303,0.87,0.404,validated,CSV2GEO,United States,city
8827a2b26dbc80ad,Hatillo Beach,Puerto Rico,USA,27.7765,-82.43105,0.68,,low_relevance,CSV2GEO,United States,street
387318a7394e083f,"Moonstone Beach, South Kingstown",Rhode Island,USA,41.38656,-71.57473,1.0,1.61,validated,CSV2GEO,United States,poi
263ed9da8b8cca9d,Pago Pago Harbor,Samoa,USA,-14.273487,-170.684012,1.0,1.742,validated,CSV2GEO,American Samoa,
18171ff0cef9cdd5,Salmon Creek,Sonoma County California,USA,38.35067,-123.06119,1.0,0.692,validated,CSV2GEO,United States,city
a91b7889ce2a9bbd,Beach Marker 24 Hilton Head Island,South Carolina,USA,32.14273,-80.75047,0.93,,country_mismatch,CSV2GEO,United States,street-interpolated
c2e0cdfe6600d17e,Coligny Beach Hilton Head Island,South Carolina,USA,32.144,-80.7513,0.97,,country_mismatch,CSV2GEO,United States,street
ead3f918c9ab587f,"Pawleys Island, Georgetown County",South Carolina,USA,33.43864,-79.12754,0.98,0.971,validated,CSV2GEO,United States,city
24894c232f205420,"Pawleys Island, north of Charleston",South Carolina,USA,32.83763,-79.94123,0.52,,low_relevance,CSV2GEO,United States,region
c6aa857fdb252977,"Pawleyï¿½s Island, Georgetown County",South Carolina,USA,33.43398,-79.33235,0.64,,low_relevance,CSV2GEO,United States,region
32788f40a3ca6120,"Pawleyï¿½s Island, north of Charleston",South Carolina,USA,32.87734,-80.0086,0.6,,low_relevance,CSV2GEO,United States,city
445feb4653a31bb5,"Sea Pines Beach, Hilton Head Island",South Carolina,USA,32.13558,-80.77461,1.0,0.3,validated,CSV2GEO,United States,poi
7f2539b64719efd4,Wrightsville Beach,South Carolina,USA,34.20829,-77.79599,0.83,,country_mismatch,CSV2GEO,United States,city
a063c7577809d6ad,Y-73\' Ledge reef Chareston Coast,South Carolina,USA,32.77955,-79.92729,0.72,,low_relevance,CSV2GEO,United States,street-interpolated
c294b7a59d9aab02,"Crystal Beach, Galveston County",Texas,USA,29.45656,-94.64164,1.0,,country_mismatch,CSV2GEO,United States,city
6e8dee9874dc5d98,Galveston Bay,Texas,USA,29.29563,-94.80801,0.82,1.478,validated,CSV2GEO,United States,city
cb4e2446e2dec36d,"Galveston Island, Galveston County",Texas,USA,29.26168,-94.87063,0.99,2.065,validated,CSV2GEO,United States,street
2409eaec04ae714f,Matagorda Beach Matagorda,Texas,USA,28.60491,-95.95992,1.0,,country_mismatch,CSV2GEO,United States,poi
df06e95fd1460591,Sea Quest Aquarium Layton Davis County,Utah,USA,41.07812,-111.97711,0.78,,too_far_inland,CSV2GEO,United States,poi
3539de19fb8b6b56,"Candle Reef, St. Croix",Virgin Islands,USA,17.761359,-64.65188,1.0,0.501,validated,CSV2GEO,U.S. Virgin Islands,
732b9147abcc04b0,Espiitu Santo Island,South Santo,VANUATU,-15.527176,166.872096,1.0,7.591,validated,CSV2GEO,Vanuatu,
74fd51dd46c8e12e,Nha Trang,Khï¿½nh Hï¿½a Province,VIETNAM,12.240994,109.196397,1.0,1.17,validated,CSV2GEO,Vietnam,
8510f05822ef276c,Nuulua,Upolu Island,WESTERN SAMOA,-18.73605,146.57985,0.44,,low_relevance,CSV2GEO,Australia,city
e0f86dfff0dcc44a,Nuï¿½ulua,Upolu Island,WESTERN SAMOA,-13.913408,-171.734942,1.0,7.693,validated,CSV2GEO,Samoa,
